IPID,PI,PMID,DOI,PROJECT
134085,"David F Stroncek, MD",37939262.0,10.1182/bloodadvances.2023011470,CL002120-17
134085,"David F Stroncek, MD",37394115.0,10.1016/j.jtct.2023.06.019,CL002120-17
134085,"David F Stroncek, MD",38374090.0,10.1186/s12967-024-04966-6,CL002120-17
134107,"Anna Frances Lau, PhD",36688643.0,10.1128/jcm.01498-22,CL060092-11
134107,"Anna Frances Lau, PhD",36912659.0,10.1128/jcm.01712-22,CL060092-11
134107,"Anna Frances Lau, PhD",38864632.0,10.1128/jcm.01638-23,CL060092-11
134107,"Anna Frances Lau, PhD",36853008.0,10.1128/jcm.01353-22,CL060092-11
134124,"Zenaide Maria Quezado, MD",37336294.0,10.1016/j.taap.2023.116606,CL090054-08
134124,"Zenaide Maria Quezado, MD",37951090.0,10.1016/j.bcmd.2023.102800,CL090054-08
134139,"Willy Albrecht Flegel, MD",38634344.0,10.1111/trf.17830,CL002128-05
134139,"Willy Albrecht Flegel, MD",39162344.0,10.1111/bjh.19705,CL002128-05
134139,"Willy Albrecht Flegel, MD",36853056.0,10.1128/msphere.00673-22,CL002128-05
134139,"Willy Albrecht Flegel, MD",37792462.0,10.1111/trf.17543,CL002128-05
134139,"Willy Albrecht Flegel, MD",38566573.0,10.1111/trf.17811,CL002128-05
134139,"Willy Albrecht Flegel, MD",38059274.0,10.1002/art.42768,CL002128-05
134164,"Thomas Campbell Bulea, PhD",39000996.0,10.3390/s24134217,CL090099-03
134155,"Amir  Seyedmousavi, PhD",38953355.0,10.1128/mbio.00144-24,CL090088-03
134155,"Amir  Seyedmousavi, PhD",37564740.0,10.1093/ofid/ofad410,CL090088-03
134073,"Valeria  de Giorgi, PhD",38566573.0,10.1111/trf.17811,CL002110-24
134086,"Adrian Marcelo Zelazny, PhD",38899875.0,10.1128/mra.00062-24,CL080012-17
134086,"Adrian Marcelo Zelazny, PhD",38190702.0,10.1164/rccm.202303-0401OC,CL080012-17
134165,Lena Jumin Lee,38516258.0,10.3389/fpsyt.2024.1295097,CL090100-02
134103,"Raul Cipriano Braylan, MD",37477595.0,10.1182/bloodadvances.2023010456,CL060085-12
134080,"Frances T Sheehan, BS, MS, PhD",37984294.0,,CL060062-21
134080,"Frances T Sheehan, BS, MS, PhD",37984294.0,10.1016/j.jbiomech.2023.111855,CL060062-21
134080,"Frances T Sheehan, BS, MS, PhD",37383565.0,10.1177/23259671231155894,CL060062-21
134080,"Frances T Sheehan, BS, MS, PhD",37383565.0,10.1016/j.patcog.2023.109529,CL060062-21
134094,"Leighton  Chan, MD",35666575.0,10.1097/HTR.0000000000000790,CL060079-15
134084,"David F Stroncek, MD",37939262.0,10.1182/bloodadvances.2023011470,CL002119-17
134084,"David F Stroncek, MD",36620075.0,10.1016/j.omtm.2022.12.004,CL002119-17
134084,"David F Stroncek, MD",37394115.0,10.1016/j.jtct.2023.06.019,CL002119-17
134084,"David F Stroncek, MD",36935289.0,10.1016/j.jcyt.2023.02.010,CL002119-17
134084,"David F Stroncek, MD",38374090.0,10.1186/s12967-024-04966-6,CL002119-17
134099,"Willy Albrecht Flegel, MD",38817044.0,10.1111/trf.17869,CL002123-14
134074,"Sergio D Rosenzweig, PhD",37277074.0,10.1016/j.jaci.2023.05.017,CL010304-26
134074,"Sergio D Rosenzweig, PhD",36932076.0,10.1038/s41467-023-36941-y,CL010304-26
134074,"Sergio D Rosenzweig, PhD",36662884.0,10.1126/sciimmunol.ade7953,CL010304-26
134074,"Sergio D Rosenzweig, PhD",37349293.0,10.1038/s41467-023-39272-0,CL010304-26
134074,"Sergio D Rosenzweig, PhD",36884218.0,10.1084/jem.20221755,CL010304-26
134126,"Michael A Solomon, MD",39084187.0,10.1016/j.cellimm.2024.104860,CL009029-07
134060,"Joseph A Frank, MS, MD",38218683.0,10.1016/j.ultrasmedbio.2023.12.009,CL040014-16
134091,"Bradford J Wood, MD",38128256.0,10.1016/j.ejrad.2023.111259,CL040015-16
134091,"Bradford J Wood, MD",38262813.0,10.1016/j.acra.2024.01.009,CL040015-16
134091,"Bradford J Wood, MD",37858505.0,10.1016/j.acra.2023.09.030,CL040015-16
134091,"Bradford J Wood, MD",37788501.0,10.1093/infdis/jiad158,CL040015-16
134091,"Bradford J Wood, MD",38184304.0,10.1136/jitc-2023-008079,CL040015-16
134091,"Bradford J Wood, MD",38599280.0,10.1016/j.jvir.2024.02.026,CL040015-16
134091,"Bradford J Wood, MD",38978563.0,10.21203/rs.3.rs-4555123/v1,CL040015-16
134091,"Bradford J Wood, MD",39227382.0,10.1038/s41598-024-70992-5,CL040015-16
134091,"Bradford J Wood, MD",38858467.0,10.1038/s41598-024-64189-z,CL040015-16
134091,"Bradford J Wood, MD",39022660.0,10.1002/bco2.373,CL040015-16
134091,"Bradford J Wood, MD",38468864.0,10.1016/j.euros.2024.02.012,CL040015-16
134091,"Bradford J Wood, MD",38651785.0,10.1097/RLU.0000000000005220,CL040015-16
134091,"Bradford J Wood, MD",37775447.0,10.1016/j.acra.2023.09.002,CL040015-16
134091,"Bradford J Wood, MD",37811666.0,10.1002/jmri.29031,CL040015-16
134091,"Bradford J Wood, MD",38958754.0,10.1007/s00261-024-04468-5,CL040015-16
134091,"Bradford J Wood, MD",38713024.0,10.1148/radiol.230750,CL040015-16
134091,"Bradford J Wood, MD",38712741.0,10.18632/oncotarget.28583,CL040015-16
134091,"Bradford J Wood, MD",38075027.0,10.3390/opt4020025,CL040015-16
134091,"Bradford J Wood, MD",37954494.0,10.2147/JHC.S426442,CL040015-16
134091,"Bradford J Wood, MD",38205877.0,10.1002/cam4.6912,CL040015-16
134091,"Bradford J Wood, MD",37221466.0,10.1186/s12879-023-08299-5,CL040015-16
134091,"Bradford J Wood, MD",38670874.0,10.1016/j.acra.2024.04.011,CL040015-16
134091,"Bradford J Wood, MD",37717420.0,10.1016/j.ejrad.2023.111095,CL040015-16
137173,"Katherine Anne Maki, MS, PhD, AGPCNP-BC",38514150.0,10.1136/bmjopen-2023-079823,CL090110-01
134054,"Scott Yung Ho Kim, MD, PhD",39042847.0,10.1212/WNL.0000000000209681,CL010541-08
134076,"Robert L Danner, MD",38747144.0,10.1161/CIRCOUTCOMES.124.010957,CL008060-22
134076,"Robert L Danner, MD",39101496.0,10.1161/JAHA.123.034027,CL008060-22
134076,"Robert L Danner, MD",39101510.0,10.1161/JAHA.123.034026,CL008060-22
134068,"Robert L Danner, MD",38791441.0,10.3390/ijms25105403,CL000188-27
134068,"Robert L Danner, MD",37039367.0,10.1152/ajplung.00171.2022,CL000188-27
134144,Nicole Marie Farmer,38337747.0,10.3390/nu16030463,CL000910-04
134168,"Thomas Campbell Bulea, PhD",38976710.0,10.1371/journal.pone.0304087,CL090103-02
134069,"Joseph A Kovacs, MD",38380929.0,10.1128/mbio.03185-23,CL000192-27
134069,"Joseph A Kovacs, MD",38535207.0,10.3390/jof10030198,CL000192-27
134069,"Joseph A Kovacs, MD",38786710.0,10.3390/jof10050355,CL000192-27
134087,"Adrian Marcelo Zelazny, PhD",38903073.0,10.1101/2024.05.08.593223,CL080013-17
134087,"Adrian Marcelo Zelazny, PhD",37840858.0,10.1097/EE9.0000000000000266,CL080013-17
134087,"Adrian Marcelo Zelazny, PhD",37221835.0,10.1080/21505594.2023.2215602,CL080013-17
134150,"Diane Louise Damiano, PhD",38633751.0,10.3389/fnhum.2024.1346050,CL090081-03
134150,"Diane Louise Damiano, PhD",37644730.0,10.1177/15459683231195044,CL090081-03
134119,"Sameer Shakeel Kadri, MBBS",38935374.0,10.1001/jamanetworkopen.2024.18923,CL090046-08
134119,"Sameer Shakeel Kadri, MBBS",37034120.0,10.1093/jacamr/dlad041,CL090046-08
134119,"Sameer Shakeel Kadri, MBBS",38679036.0,10.1016/S1473-3099(24)00149-X,CL090046-08
134092,"Henry  Masur, MD",37352497.0,10.1097/QAD.0000000000003629,CL009010-15
134162,"Thomas  Eggerman, MD",37725486.0,10.1165/rcmb.2023-0127OC,CL090096-03
134162,"Thomas  Eggerman, MD",37566016.0,10.3390/cells12151937,CL090096-03
134162,"Thomas  Eggerman, MD",37698922.0,10.1172/jci.insight.172893,CL090096-03
134162,"Thomas  Eggerman, MD",37511618.0,10.3390/ijms241411860,CL090096-03
134058,"Daniel S Chertow, MD",37474251.0,10.1093/infdis/jiad279,CL009024-08
134123,"Zenaide Maria Quezado, MD",37336294.0,10.1016/j.taap.2023.116606,CL090053-08
134123,"Zenaide Maria Quezado, MD",37951090.0,10.1016/j.bcmd.2023.102800,CL090053-08
134114,"Gwenyth R Wallen, RN, PhD",38514150.0,10.1136/bmjopen-2023-079823,CL001198-09
134114,"Gwenyth R Wallen, RN, PhD",38982564.0,10.1111/acer.15346,CL001198-09
134158,"Deborah Phyllis Merke, MS, MD",37157918.0,10.1002/mgg3.2195,CL090091-03
134158,"Deborah Phyllis Merke, MS, MD",38064910.0,10.1016/j.psychres.2023.115623,CL090091-03
134158,"Deborah Phyllis Merke, MS, MD",37643900.0,10.1210/clinem/dgad514,CL090091-03
134158,"Deborah Phyllis Merke, MS, MD",38706369.0,10.1210/clinem/dgae309,CL090091-03
134158,"Deborah Phyllis Merke, MS, MD",38405151.0,10.3389/fendo.2024.1348130,CL090091-03
134158,"Deborah Phyllis Merke, MS, MD",38473790.0,10.3390/ijms25052543,CL090091-03
134158,"Deborah Phyllis Merke, MS, MD",36833192.0,10.3390/genes14020265,CL090091-03
137333,"Christine  Grady, BS, MSN, PhD",38516178.0,10.1016/j.gimo.2023.100838,CL090111-01
137333,"Christine  Grady, BS, MSN, PhD",37155651.0,10.1080/15265161.2023.2180109,CL090111-01
137333,"Christine  Grady, BS, MSN, PhD",37921867.0,10.1080/23294515.2023.2262992,CL090111-01
134135,"Dima Ali Hammoud, MD",37068595.0,10.1016/j.antiviral.2023.105605,CL010358-05
134078,"Ronald M Summers, MD, PhD",38900043.0,10.1148/ryai.230601,CL040003-22
134078,"Ronald M Summers, MD, PhD",38925254.0,10.1016/j.bone.2024.117176,CL040003-22
134077,"Ronald M Summers, MD, PhD",39371589.0,10.1117/12.3008793,CL040004-22
134077,"Ronald M Summers, MD, PhD",38213827.0,10.1117/1.JMI.10.6.061101,CL040004-22
134077,"Ronald M Summers, MD, PhD",37829549.0,10.1007/978-3-031-43904-9_64,CL040004-22
134077,"Ronald M Summers, MD, PhD",38850624.0,10.1016/j.media.2024.103224,CL040004-22
134077,"Ronald M Summers, MD, PhD",38900043.0,10.1148/ryai.230601,CL040004-22
134077,"Ronald M Summers, MD, PhD",38758290.0,10.1007/s11548-024-03167-2,CL040004-22
134077,"Ronald M Summers, MD, PhD",39043988.0,10.1038/s41746-024-01185-7,CL040004-22
134077,"Ronald M Summers, MD, PhD",38984986.0,10.1148/ryai.240225,CL040004-22
134077,"Ronald M Summers, MD, PhD",38233598.0,10.1007/s11548-023-03051-5,CL040004-22
134077,"Ronald M Summers, MD, PhD",37326816.0,10.1007/s11548-023-02954-7,CL040004-22
134077,"Ronald M Summers, MD, PhD",38740719.0,10.1007/s11548-024-03165-4,CL040004-22
134077,"Ronald M Summers, MD, PhD",39379241.0,10.1016/j.acra.2024.09.050,CL040004-22
134077,"Ronald M Summers, MD, PhD",38447381.0,10.1016/j.compmedimag.2024.102363,CL040004-22
134077,"Ronald M Summers, MD, PhD",39053035.0,10.1016/j.compmedimag.2024.102419,CL040004-22
134077,"Ronald M Summers, MD, PhD",38231038.0,10.1148/ryai.230560,CL040004-22
134077,"Ronald M Summers, MD, PhD",38501075.0,10.1007/978-3-031-43904-9_19,CL040004-22
134077,"Ronald M Summers, MD, PhD",38271870.0,10.1016/j.compmedimag.2024.102335,CL040004-22
134137,"Bradford J Wood, MD",38128256.0,10.1016/j.ejrad.2023.111259,CL090072-05
134137,"Bradford J Wood, MD",38262813.0,10.1016/j.acra.2024.01.009,CL090072-05
134137,"Bradford J Wood, MD",37858505.0,10.1016/j.acra.2023.09.030,CL090072-05
134137,"Bradford J Wood, MD",37788501.0,10.1093/infdis/jiad158,CL090072-05
134137,"Bradford J Wood, MD",39022660.0,10.1002/bco2.373,CL090072-05
134137,"Bradford J Wood, MD",38787397.0,10.1007/s00259-024-06760-4,CL090072-05
134137,"Bradford J Wood, MD",37811666.0,10.1002/jmri.29031,CL090072-05
134137,"Bradford J Wood, MD",38958754.0,10.1007/s00261-024-04468-5,CL090072-05
134137,"Bradford J Wood, MD",38713024.0,10.1148/radiol.230750,CL090072-05
134137,"Bradford J Wood, MD",37717420.0,10.1016/j.ejrad.2023.111095,CL090072-05
134083,"Irina  Maric, MD",38635793.0,10.1182/blood.2023023347,CL080005-19
134083,"Irina  Maric, MD",39037378.0,10.18632/oncotarget.28614,CL080005-19
134083,"Irina  Maric, MD",37166923.0,10.1182/blood.2022019281,CL080005-19
134138,"Bradford J Wood, MD",38075027.0,10.3390/opt4020025,CL090073-05
134157,"Deborah Phyllis Merke, MS, MD",38934378.0,10.1530/EC-24-0150,CL090090-03
134118,"Sameer Shakeel Kadri, MBBS",37639273.0,10.1001/jamanetworkopen.2023.29441,CL090045-08
134118,"Sameer Shakeel Kadri, MBBS",37449298.0,10.1093/ofid/ofad286,CL090045-08
134118,"Sameer Shakeel Kadri, MBBS",37436751.0,10.1001/jamanetworkopen.2023.23035,CL090045-08
134118,"Sameer Shakeel Kadri, MBBS",38517234.0,10.1097/CCM.0000000000006263,CL090045-08
134118,"Sameer Shakeel Kadri, MBBS",37531612.0,10.1093/cid/ciad450,CL090045-08
134118,"Sameer Shakeel Kadri, MBBS",38358739.0,10.1001/jamanetworkopen.2023.56174,CL090045-08
134118,"Sameer Shakeel Kadri, MBBS",38094088.0,10.1097/CCE.0000000000001021,CL090045-08
134067,"Joseph A Kovacs, MD",38478734.0,10.1093/infdis/jiae133,CL000146-31
134120,"Daniel S Chertow, MD",37652048.0,10.1093/infdis/jiad374,CL090047-08
134095,"Katherine Rainsford Calvo, MD",37458302.0,10.1093/ajcp/aqad075,CL090025-15
134095,"Katherine Rainsford Calvo, MD",37477595.0,10.1182/bloodadvances.2023010456,CL090025-15
134095,"Katherine Rainsford Calvo, MD",37084382.0,10.1182/blood.2022018774,CL090025-15
134095,"Katherine Rainsford Calvo, MD",37738626.0,10.1182/blood.2023019746,CL090025-15
134095,"Katherine Rainsford Calvo, MD",36932076.0,10.1038/s41467-023-36941-y,CL090025-15
134095,"Katherine Rainsford Calvo, MD",38306657.0,10.1182/blood.2023022329,CL090025-15
134095,"Katherine Rainsford Calvo, MD",37561579.0,10.1172/JCI164918,CL090025-15
134095,"Katherine Rainsford Calvo, MD",37897136.0,10.1002/pbc.30741,CL090025-15
134095,"Katherine Rainsford Calvo, MD",38961223.0,10.1038/s41591-024-03092-6,CL090025-15
134095,"Katherine Rainsford Calvo, MD",37595058.0,10.1182/bloodadvances.2023010458,CL090025-15
134095,"Katherine Rainsford Calvo, MD",37586319.0,10.1016/j.xcrm.2023.101160,CL090025-15
134105,"Andrew J Mannes, MD",38261410.0,10.1172/jci.insight.176147,CL090035-11
134105,"Andrew J Mannes, MD",38691673.0,10.1097/j.pain.0000000000003242,CL090035-11
134098,"David S Wendler, PhD",38226965.0,10.1080/15265161.2023.2296402,CL010536-15
134098,"David S Wendler, PhD",37409220.0,10.12688/wellcomeopenres.18003.2,CL010536-15
134098,"Christine  Grady, BS, MSN, PhD",38226965.0,10.1080/15265161.2023.2296402,CL010536-15
134098,"Christine  Grady, BS, MSN, PhD",37409220.0,10.12688/wellcomeopenres.18003.2,CL010536-15
134134,"Daniel S Chertow, MD",38981485.0,10.1016/j.xcrm.2024.101642,CL090070-05
134134,"Daniel S Chertow, MD",36963628.0,10.1016/j.ajpath.2023.02.016,CL090070-05
134130,"Steven  Solomon, PhD",39101496.0,10.1161/JAHA.123.034027,CL090065-05
134130,"Steven  Solomon, PhD",39101510.0,10.1161/JAHA.123.034026,CL090065-05
134130,"Charles  Natanson, MD",39101496.0,10.1161/JAHA.123.034027,CL090065-05
134130,"Charles  Natanson, MD",39101510.0,10.1161/JAHA.123.034026,CL090065-05
134057,"Dima Ali Hammoud, MD",38787397.0,10.1007/s00259-024-06760-4,CL090055-07
134057,"Dima Ali Hammoud, MD",37175182.0,10.3390/molecules28093773,CL090055-07
134064,"Bradford J Wood, MD",38128256.0,10.1016/j.ejrad.2023.111259,CL040011-17
134064,"Bradford J Wood, MD",38599280.0,10.1016/j.jvir.2024.02.026,CL040011-17
134064,"Bradford J Wood, MD",36875636.0,10.1117/1.JMI.10.2.025001,CL040011-17
134052,"Christine  Grady, BS, MSN, PhD",37417919.0,10.1080/23294515.2023.2224588,CL010523-10
134122,"Zenaide Maria Quezado, MD",37336294.0,10.1016/j.taap.2023.116606,CL090052-08
134122,"Zenaide Maria Quezado, MD",37951090.0,10.1016/j.bcmd.2023.102800,CL090052-08
134097,"Irina  Maric, MD",38155568.0,10.1016/j.ymthe.2023.12.018,CL090027-15
134109,"Scott Yung Ho Kim, MD, PhD",38910003.0,10.1136/bmjopen-2024-087736,CL010539-10
134109,"Scott Yung Ho Kim, MD, PhD",37487185.0,10.1080/23294515.2023.2232796,CL010539-10
134129,"Anthony F Suffredini, MD",37623682.0,10.3390/jimaging9080150,CL090062-05
134129,"Anthony F Suffredini, MD",36598976.0,10.1126/sciadv.ade8272,CL090062-05
134081,"Joseph A Kovacs, MD",37213420.0,10.1093/ofid/ofad208,CL008075-20
134081,"Joseph A Kovacs, MD",38226493.0,10.1093/infdis/jiae009,CL008075-20
134160,"Deborah Phyllis Merke, MS, MD",38828955.0,10.1056/NEJMoa2404656,CL090093-03
134125,"Michael A Solomon, MD",38190931.0,10.1016/j.ahj.2023.12.018,CL009027-07
134125,"Michael A Solomon, MD",37640029.0,10.1093/ehjacc/zuad095,CL009027-07
134125,"Michael A Solomon, MD",38387758.0,10.1016/j.cardfail.2024.01.012,CL009027-07
134090,"Valeria  de Giorgi, PhD",36619973.0,10.1016/j.isci.2022.105801,CL002121-16
134101,"Andrew J Mannes, MD",38261410.0,10.1007/978-3-031-50977-3_48.,CL090033-12
134101,"Andrew J Mannes, MD",38261410.0,10.1007/978-3-031-50977-3_42.,CL090033-12
134101,"Andrew J Mannes, MD",38261410.0,10.1007/978-3-031-50977-3_52.,CL090033-12
134101,"Andrew J Mannes, MD",38261410.0,10.1007/978-3-031-39558-1_18.,CL090033-12
134101,"Andrew J Mannes, MD",38261410.0,10.1172/jci.insight.176147,CL090033-12
134156,"Amir  Seyedmousavi, PhD",37882528.0,10.1128/jcm.00873-23,CL090089-03
134156,"Amir  Seyedmousavi, PhD",38369987.0,10.1016/j.mmcr.2024.100629,CL090089-03
134156,"Amir  Seyedmousavi, PhD",37564740.0,10.1093/ofid/ofad410,CL090089-03
134082,"Irina  Maric, MD",38666394.0,10.1002/cyto.b.22174,CL080004-19
134082,"Irina  Maric, MD",37285821.0,10.1159/000528046,CL080004-19
134082,"Irina  Maric, MD",36652685.0,10.1182/bloodadvances.2022009061,CL080004-19
134082,"Irina  Maric, MD",37951310.0,10.1016/j.jaci.2023.11.002,CL080004-19
134186,"Menghang  Xia, PhD",38261809.0,10.1016/j.apsb.2023.10.017,TR000038-10
134186,"Menghang  Xia, PhD",39005353.0,10.1101/2024.06.27.601062,TR000038-10
134186,"Menghang  Xia, PhD",38776814.0,10.1016/j.jhazmat.2024.134642,TR000038-10
134186,"Menghang  Xia, PhD",38863121.0,10.1002/biot.202300659,TR000038-10
134186,"Menghang  Xia, PhD",38482198.0,10.3389/ftox.2024.1321857,TR000038-10
137455,Carlos A Tristan,37704594.0,10.1038/s41467-023-41407-2,TR000477-01
134244,"Marc  Ferrer, PhD",37315744.0,10.1016/j.tiv.2023.105630,TR000397-05
134202,"Alexey Vladimirovich Zakharov, PhD",38051215.0,10.1158/2326-6066.CIR-22-1023,TR000192-10
134202,"Ganesha  Rai Bantukallu, PhD",38051215.0,10.1158/2326-6066.CIR-22-1023,TR000192-10
134202,"Anton  Simeonov, PhD",38051215.0,10.1158/2326-6066.CIR-22-1023,TR000192-10
134261,"Elizabeth Ann Ottinger, PhD",38376604.0,10.1007/s00401-024-02693-2,TR000427-05
134261,"Gregory James Tawa, PhD",38376604.0,10.1007/s00401-024-02693-2,TR000427-05
134214,Carlos A Tristan,39005353.0,10.1101/2024.06.27.601062,TR000244-10
134188,"Ken  Cheng, PhD",38600242.0,10.1038/s44318-024-00093-6,TR000041-10
134188,"Ken  Cheng, PhD",38241710.0,10.1158/0008-5472.CAN-23-1908,TR000041-10
134198,"Craig Joseph Thomas, PhD",38906156.0,10.1016/j.ccell.2024.05.026,TR000047-10
134198,"Craig Joseph Thomas, PhD",38701792.0,10.1016/j.ccell.2024.04.007,TR000047-10
134198,"Craig Joseph Thomas, PhD",38899693.0,10.1056/NEJMoa2401532,TR000047-10
134298,"James  Inglese, PhD",37875111.0,10.1016/j.chembiol.2023.09.014,TR000471-02
134295,"Marc  Ferrer, PhD",38330185.0,10.1093/biolre/ioae026,TR000468-02
134187,"David Lee Gerhold, PhD",38280460.0,10.1016/j.slasd.2024.01.004,TR000039-10
134299,"Craig Joseph Thomas, PhD",37172199.0,10.1182/blood.2022018718,TR000472-02
134299,"Craig Joseph Thomas, PhD",39054770.0,10.1002/cpt.3391,TR000472-02
134205,"Juan  Marugan, PhD",38656874.0,10.1016/j.celrep.2024.114144,TR000203-10
134205,"Juan  Marugan, PhD",37358955.0,10.3389/fnagi.2023.1180987,TR000203-10
134205,"Juan  Marugan, PhD",38001860.0,10.3390/antiox12112007,TR000203-10
134205,"Mark James Henderson, PhD",38656874.0,10.1016/j.celrep.2024.114144,TR000203-10
134205,"Mark James Henderson, PhD",37358955.0,10.3389/fnagi.2023.1180987,TR000203-10
134205,"Mark James Henderson, PhD",38001860.0,10.3390/antiox12112007,TR000203-10
134271,"Elizabeth Ann Ottinger, PhD",38823574.0,10.1016/j.jim.2024.113698,TR000441-03
134260,"Elizabeth Ann Ottinger, PhD",37587458.0,10.1186/s12864-023-09561-5,TR000426-05
134184,"Ruili  Huang, PhD",38261809.0,10.1016/j.apsb.2023.10.017,TR000040-10
134184,"Ruili  Huang, PhD",38271343.0,10.1371/journal.pone.0289518,TR000040-10
134184,"Ruili  Huang, PhD",39251042.0,10.1016/j.taap.2024.117098,TR000040-10
134184,"Ruili  Huang, PhD",38776814.0,10.1016/j.jhazmat.2024.134642,TR000040-10
134184,"Ruili  Huang, PhD",38809710.0,10.1073/pnas.2403796121,TR000040-10
134184,"Ruili  Huang, PhD",38280460.0,10.1016/j.slasd.2024.01.004,TR000040-10
134184,"Ruili  Huang, PhD",38482198.0,10.3389/ftox.2024.1321857,TR000040-10
134184,"Ruili  Huang, PhD",37558718.0,10.1038/s41467-023-40537-x,TR000040-10
134195,"Christopher A LeClair, PhD",37737090.0,10.1021/acschembio.3c00293,TR000037-10
134195,"Christopher A LeClair, PhD",38154120.0,10.1021/jacs.3c11499,TR000037-10
134195,"Christopher A LeClair, PhD",38776814.0,10.1016/j.jhazmat.2024.134642,TR000037-10
134195,"Christopher A LeClair, PhD",37875111.0,10.1016/j.chembiol.2023.09.014,TR000037-10
134195,"Christopher A LeClair, PhD",38482198.0,10.3389/ftox.2024.1321857,TR000037-10
134195,"Christopher A LeClair, PhD",37558718.0,10.1038/s41467-023-40537-x,TR000037-10
134182,"Elizabeth Ann Ottinger, PhD",37610273.0,10.1002/cpz1.866,TR000018-10
134182,"Elizabeth Ann Ottinger, PhD",37937963.0,10.1021/acs.jmedchem.3c00490,TR000018-10
134182,"Elizabeth Ann Ottinger, PhD",37890331.0,10.1016/j.scr.2023.103231,TR000018-10
134182,"Elizabeth Ann Ottinger, PhD",37862312.0,10.1371/journal.pone.0292926,TR000018-10
134182,"Elizabeth Ann Ottinger, PhD",39315277.0,10.21203/rs.3.rs-4765282/v1,TR000018-10
134182,"Elizabeth Ann Ottinger, PhD",39223664.0,10.1186/s12967-024-05551-7,TR000018-10
134182,"Elizabeth Ann Ottinger, PhD",37723160.0,10.1038/s41467-023-41453-w,TR000018-10
134182,"Wei  Zheng, MB, PhD",37610273.0,10.1002/cpz1.866,TR000018-10
134182,"Wei  Zheng, MB, PhD",37937963.0,10.1021/acs.jmedchem.3c00490,TR000018-10
134182,"Wei  Zheng, MB, PhD",37890331.0,10.1016/j.scr.2023.103231,TR000018-10
134182,"Wei  Zheng, MB, PhD",37862312.0,10.1371/journal.pone.0292926,TR000018-10
134182,"Wei  Zheng, MB, PhD",39315277.0,10.21203/rs.3.rs-4765282/v1,TR000018-10
134182,"Wei  Zheng, MB, PhD",39223664.0,10.1186/s12967-024-05551-7,TR000018-10
134182,"Wei  Zheng, MB, PhD",37723160.0,10.1038/s41467-023-41453-w,TR000018-10
134252,"Ewy Audrey Roselyne Mathé, PhD",38203516.0,10.3390/ijms25010346,TR000410-05
134252,"Ewy Audrey Roselyne Mathé, PhD",37734204.0,10.1016/j.ebiom.2023.104791,TR000410-05
134252,"Ewy Audrey Roselyne Mathé, PhD",37025303.0,10.1097/CCE.0000000000000893,TR000410-05
134252,"Ewy Audrey Roselyne Mathé, PhD",36845315.0,10.1017/cts.2022.482,TR000410-05
134252,"Ewy Audrey Roselyne Mathé, PhD",39005353.0,10.1101/2024.06.27.601062,TR000410-05
134252,"Ewy Audrey Roselyne Mathé, PhD",37451260.0,10.1016/j.stemcr.2023.06.007,TR000410-05
134252,"Ewy Audrey Roselyne Mathé, PhD",36855134.0,10.1186/s12967-023-04011-y,TR000410-05
134252,"Ewy Audrey Roselyne Mathé, PhD",38271343.0,10.1371/journal.pone.0289518,TR000410-05
134252,"Ewy Audrey Roselyne Mathé, PhD",37591946.0,10.1038/s42003-023-05208-z,TR000410-05
134252,"Ewy Audrey Roselyne Mathé, PhD",37749605.0,10.1186/s13023-023-02876-2,TR000410-05
134252,"Ewy Audrey Roselyne Mathé, PhD",37759342.0,10.1093/jamia/ocad186,TR000410-05
134252,"Ewy Audrey Roselyne Mathé, PhD",37374908.0,10.3390/microorganisms11061405,TR000410-05
134252,"Ewy Audrey Roselyne Mathé, PhD",38280460.0,10.1016/j.slasd.2024.01.004,TR000410-05
134252,"Ewy Audrey Roselyne Mathé, PhD",37207367.0,10.1093/cid/ciad294,TR000410-05
134193,"James  Inglese, PhD",38727192.0,10.1021/acs.jcim.3c02015,TR000053-10
134236,"Xin  Xu, PhD",38108064.0,10.3389/fphar.2023.1291246,TR000369-07
134236,"Xin  Xu, PhD",37890204.0,10.1016/j.biopha.2023.115178,TR000369-07
134236,"Xin  Xu, PhD",38421044.0,10.1210/clinem/dgae114,TR000369-07
134236,"Xin  Xu, PhD",37573009.0,10.1016/j.slasd.2023.08.002,TR000369-07
134236,"Xin  Xu, PhD",37200814.0,10.1021/acsptsci.2c00194,TR000369-07
134196,"Samuel Gamal Michael, BS",37828466.0,10.1186/s12859-023-05486-8,TR000242-10
134196,"Samuel Gamal Michael, BS",39144561.0,10.1021/acsptsci.4c00256,TR000242-10
134196,"Samuel Gamal Michael, BS",37449063.0,10.1039/d3sc01970e,TR000242-10
134196,"Samuel Gamal Michael, BS",37540718.0,10.1371/journal.pone.0289707,TR000242-10
134196,"Samuel Gamal Michael, BS",38318198.0,10.1016/j.csbj.2023.12.045,TR000242-10
134196,"Samuel Gamal Michael, BS",38249841.0,10.1002/lrh2.10404,TR000242-10
134196,"Samuel Gamal Michael, BS",37627061.0,10.3390/cancers15164034,TR000242-10
134227,"Sarine W Markossian, PhD",37669225.0,10.1093/infdis/jiad334,TR000340-08
134227,"Sarine W Markossian, PhD",39005353.0,10.1101/2024.06.27.601062,TR000340-08
134211,"Ewy Audrey Roselyne Mathé, PhD",38948230.0,10.7717/peerj.17470,TR000057-10
134279,"Juan  Marugan, PhD",38046670.0,10.3389/fcell.2023.1285372,TR000449-03
134279,"Mark James Henderson, PhD",38046670.0,10.3389/fcell.2023.1285372,TR000449-03
134180,"Ewy Audrey Roselyne Mathé, PhD",37900350.0,10.1017/cts.2023.619,TR000276-08
134308,"Lauren Yvette Atlas, PhD",37293681.0,10.1007/s42761-023-00181-6,AT000035-07
134308,"Lauren Yvette Atlas, PhD",38271138.0,,AT000035-07
134308,"Lauren Yvette Atlas, PhD",38271138.0,10.2196/50150,AT000035-07
134304,"Yarimar  Carrasquillo, PhD",38267952.0,10.1186/s12950-023-00373-8,AT000029-11
134304,"Yarimar  Carrasquillo, PhD",37542159.0,10.1038/s41386-023-01673-6,AT000029-11
134304,"Yarimar  Carrasquillo, PhD",38331576.0,10.1523/ENEURO.0416-23.2024,AT000029-11
134304,"Yarimar  Carrasquillo, PhD",39178115.0,10.1016/j.celrep.2024.114669,AT000029-11
134309,"Lauren Yvette Atlas, PhD",37293681.0,10.1007/s42761-023-00181-6,AT000036-07
134305,"Lauren Yvette Atlas, PhD",37390595.0,10.1016/j.cortex.2023.04.017,AT000030-10
134303,"Alexander Theodore Chesler, PhD",37616369.0,10.1126/science.adg0144,AT000028-11
134303,"Alexander Theodore Chesler, PhD",37541196.0,10.1016/j.cell.2023.07.006,AT000028-11
134303,"Alexander Theodore Chesler, PhD",36634173.0,10.1126/science.add3598,AT000028-11
134911,"Nitin  Roper, MD",38347726.0,10.1080/10985549.2024.2307574,BC011989-05
138348,"Anish  Thomas, MD",38954785.0,10.1200/JCO.23.02233,BC012174-01
138348,"Anish  Thomas, MD",37279797.0,10.1093/oncolo/oyad164,BC012174-01
138348,"Anish  Thomas, MD",38555285.0,10.1038/s41467-024-47215-6,BC012174-01
138348,"Anish  Thomas, MD",37140427.0,10.1158/0008-5472.CAN-22-2996,BC012174-01
138348,"Anish  Thomas, MD",38706610.0,10.3389/fonc.2024.1386190,BC012174-01
134375,"Ruth  Nussinov, PhD",36580595.0,10.1073/pnas.2214423119,BC010442-23
134375,"Ruth  Nussinov, PhD",36726377.0,10.3389/fmolb.2023.1111574,BC010442-23
134375,"Ruth  Nussinov, PhD",36759615.0,10.1038/s41467-023-36184-x,BC010442-23
134375,"Ruth  Nussinov, PhD",37433832.0,10.1038/s42003-023-05067-8,BC010442-23
134375,"Ruth  Nussinov, PhD",37935253.0,10.1016/j.jmb.2023.168354,BC010442-23
134375,"Ruth  Nussinov, PhD",36369657.0,10.1002/pro.4504,BC010442-23
134375,"Ruth  Nussinov, PhD",38239681.0,10.1039/d3sc04690g,BC010442-23
134375,"Ruth  Nussinov, PhD",38085330.0,10.1007/s00018-023-05052-8,BC010442-23
134375,"Ruth  Nussinov, PhD",38830868.0,10.1038/s41467-024-48364-4,BC010442-23
134375,"Ruth  Nussinov, PhD",37946677.0,10.1002/advs.202303367,BC010442-23
134375,"Ruth  Nussinov, PhD",37978802.0,10.1016/j.bpj.2023.11.018,BC010442-23
134375,"Ruth  Nussinov, PhD",38591710.0,10.1002/pro.4982,BC010442-23
134375,"Ruth  Nussinov, PhD",36814845.0,10.1016/j.crmeth.2022.100382,BC010442-23
134375,"Ruth  Nussinov, PhD",37925498.0,10.1038/s41525-023-00377-6,BC010442-23
134375,"Ruth  Nussinov, PhD",36808143.0,10.1038/s42003-023-04519-5,BC010442-23
134375,"Ruth  Nussinov, PhD",36573259.0,10.1002/cac2.12395,BC010442-23
134375,"Ruth  Nussinov, PhD",38703777.0,10.1016/j.str.2024.04.012,BC010442-23
135055,"Sharon Ann Savage, MD",38031352.0,10.1111/cup.14565,CP004410-48
135055,"Sharon Ann Savage, MD",37944913.0,10.1111/cup.14556,CP004410-48
135055,"Maria Teresa Pia Landi, PhD",38031352.0,10.1111/cup.14565,CP004410-48
135055,"Maria Teresa Pia Landi, PhD",37944913.0,10.1111/cup.14556,CP004410-48
135055,"Alisa  Goldstein, PhD",38031352.0,10.1111/cup.14565,CP004410-48
135055,"Alisa  Goldstein, PhD",37944913.0,10.1111/cup.14556,CP004410-48
135055,"Xiaohong Rose Yang, PhD",38031352.0,10.1111/cup.14565,CP004410-48
135055,"Xiaohong Rose Yang, PhD",37944913.0,10.1111/cup.14556,CP004410-48
135055,"Douglas Russell Stewart, BA, MD",38031352.0,10.1111/cup.14565,CP004410-48
135055,"Douglas Russell Stewart, BA, MD",37944913.0,10.1111/cup.14556,CP004410-48
135055,"Lisa  Mirabello, PhD",38031352.0,10.1111/cup.14565,CP004410-48
135055,"Lisa  Mirabello, PhD",37944913.0,10.1111/cup.14556,CP004410-48
135161,"William D Figg, PharmD",37162497.0,10.1093/oncolo/oyad099,SC006537-31
135161,"William D Figg, PharmD",37967247.0,10.1210/clinem/dgad669,SC006537-31
135161,"William D Figg, PharmD",37858437.0,10.1016/j.euo.2023.09.010,SC006537-31
135161,"William D Figg, PharmD",38883739.0,10.21203/rs.3.rs-4406606/v1,SC006537-31
135161,"William D Figg, PharmD",37134294.0,10.1093/oncolo/oyad058,SC006537-31
135161,"William D Figg, PharmD",38899693.0,10.1056/NEJMoa2401532,SC006537-31
135161,"William D Figg, PharmD",36754451.0,10.1136/jitc-2022-005640,SC006537-31
135161,"William D Figg, PharmD",37526549.0,10.1093/neuonc/noad141,SC006537-31
135161,"William D Figg, PharmD",37682953.0,10.1371/journal.pone.0291068,SC006537-31
135161,"William D Figg, PharmD",38363979.0,10.1093/neuonc/noae025,SC006537-31
135161,"William D Figg, PharmD",38706610.0,10.3389/fonc.2024.1386190,SC006537-31
135161,"William D Figg, PharmD",37353483.0,10.1038/s41467-023-39374-9,SC006537-31
135161,"William D Figg, PharmD",37627061.0,10.3390/cancers15164034,SC006537-31
134513,"Xin Wei  Wang, PhD",37870291.0,10.1097/HEP.0000000000000637,BC010877-17
135150,"Zhi Ming  Zheng, MD, PhD",38976733.0,10.1073/pnas.2310421121,SC010357-25
135150,"Zhi Ming  Zheng, MD, PhD",37427791.0,10.1093/nar/gkad585,SC010357-25
135150,"Zhi Ming  Zheng, MD, PhD",37193066.0,10.1016/j.cellin.2023.100089,SC010357-25
135150,"Zhi Ming  Zheng, MD, PhD",38624210.0,10.1128/mbio.00729-24,SC010357-25
135150,"Zhi Ming  Zheng, MD, PhD",37876533.0,10.1016/j.omtn.2023.102042,SC010357-25
134895,"Christine Antoinette Kettenhofen, PhD",38191484.0,10.1038/s41467-023-44611-2,BC011956-05
134621,"Frederic Glenn Barr, MD, PhD",38523484.0,10.1097/PAP.0000000000000433,BC011384-14
134621,"Frederic Glenn Barr, MD, PhD",38964503.0,10.1016/j.modpat.2024.100557,BC011384-14
134621,"Frederic Glenn Barr, MD, PhD",38500181.0,10.1186/s40478-024-01746-7,BC011384-14
134621,"Frederic Glenn Barr, MD, PhD",38814655.0,10.1182/blood.2024024095,BC011384-14
134621,"Frederic Glenn Barr, MD, PhD",38954785.0,10.1200/JCO.23.02233,BC011384-14
134621,"Frederic Glenn Barr, MD, PhD",37632791.0,10.1093/jnci/djad178,BC011384-14
134621,"Frederic Glenn Barr, MD, PhD",38513273.0,10.1093/ajcp/aqae023,BC011384-14
134621,"Frederic Glenn Barr, MD, PhD",38625612.0,10.1007/s00330-024-10652-4,BC011384-14
134621,"Frederic Glenn Barr, MD, PhD",38953355.0,10.1128/mbio.00144-24,BC011384-14
134621,"Frederic Glenn Barr, MD, PhD",38016985.0,10.1038/s41598-023-47983-z,BC011384-14
134621,"Frederic Glenn Barr, MD, PhD",38026572.0,10.17879/freeneuropathology-2023-5156,BC011384-14
134621,"Frederic Glenn Barr, MD, PhD",37925632.0,10.1016/j.xpro.2023.102695,BC011384-14
134621,"Frederic Glenn Barr, MD, PhD",38610926.0,10.3390/cancers16071248,BC011384-14
134621,"Frederic Glenn Barr, MD, PhD",38791950.0,10.3390/cancers16101871,BC011384-14
135006,Lisa Danielle Boxer,37871205.0,10.1073/pnas.2310344120,BC012110-03
134579,"Giorgio  Trinchieri, MD",37624046.0,10.4049/jimmunol.2200854,BC011153-16
134579,"Giorgio  Trinchieri, MD",37859621.0,10.15252/emmm.202318367,BC011153-16
134579,"Giorgio  Trinchieri, MD",37609485.0,10.3389/fnut.2023.1147602,BC011153-16
134579,"Giorgio  Trinchieri, MD",38570533.0,10.1038/s41389-024-00513-6,BC011153-16
134579,"Giorgio  Trinchieri, MD",38383456.0,10.1038/s41467-024-45107-3,BC011153-16
134365,"Suresh V Ambudkar, PhD",38513324.0,10.1016/j.bioorg.2024.107283,BC010030-29
134365,"Suresh V Ambudkar, PhD",37840856.0,10.20517/cdr.2023.29,BC010030-29
134365,"Suresh V Ambudkar, PhD",38145744.0,10.1016/j.jbc.2023.105594,BC010030-29
134365,"Suresh V Ambudkar, PhD",38230272.0,10.1021/acsptsci.3c00217,BC010030-29
134365,"Suresh V Ambudkar, PhD",37797431.0,10.1016/j.drup.2023.101009,BC010030-29
134365,"Suresh V Ambudkar, PhD",37444569.0,10.3390/cancers15133459,BC010030-29
134365,"Suresh V Ambudkar, PhD",38491505.0,10.1186/s12987-024-00529-5,BC010030-29
134365,"Suresh V Ambudkar, PhD",37111745.0,10.3390/pharmaceutics15041259,BC010030-29
134365,"Suresh V Ambudkar, PhD",37048130.0,10.3390/cells12071056,BC010030-29
134365,"Suresh V Ambudkar, PhD",38791198.0,10.3390/ijms25105160,BC010030-29
134365,"Suresh V Ambudkar, PhD",37762275.0,10.3390/ijms241813972,BC010030-29
134365,"Suresh V Ambudkar, PhD",38004460.0,10.3390/ph16111595,BC010030-29
134769,"Zhengping  Zhuang, PhD, MD",38509366.0,10.1038/s41586-024-07202-9,BC011773-08
134769,"Zhengping  Zhuang, PhD, MD",38596017.0,10.1016/j.heliyon.2024.e28895,BC011773-08
134769,"Zhengping  Zhuang, PhD, MD",38455403.0,10.62347/NDII9862,BC011773-08
134769,"Zhengping  Zhuang, PhD, MD",38298111.0,10.1002/advs.202308280,BC011773-08
134769,"Zhengping  Zhuang, PhD, MD",38778816.0,10.1080/2162402X.2024.2356942,BC011773-08
135017,"Marta  Penas-Prado, MD",38709657.0,10.1093/neuonc/noae047,BC012134-02
135017,"Marta  Penas-Prado, MD",38427131.0,10.1007/s11060-024-04613-6,BC012134-02
138337,"Amiran  Dzutsev, PhD",39089931.0,10.1016/j.trecan.2024.07.007,BC012162-01
134877,"Suleyman Cenk Sahinalp, PhD",37316351.0,10.1101/gr.277608.122,BC011987-05
134877,"Suleyman Cenk Sahinalp, PhD",37469403.0,10.3389/fonc.2023.1199741,BC011987-05
134385,"Barbara K Felber, PhD",37207227.0,10.3389/fimmu.2023.1188018,BC010350-25
134642,"James N Kochenderfer, MD",37592106.0,10.1038/s41591-023-02496-0,BC011439-13
134642,"James N Kochenderfer, MD",38155568.0,10.1016/j.ymthe.2023.12.018,BC011439-13
134727,"Maxwell P Lee, PhD",39043666.0,10.1038/s41467-024-50189-0,BC011703-09
134727,"Maxwell P Lee, PhD",37491298.0,10.1186/s13578-023-01088-2,BC011703-09
134727,"Maxwell P Lee, PhD",36796505.0,10.1016/j.biocel.2023.106390,BC011703-09
134727,"Maxwell P Lee, PhD",38722825.0,10.1371/journal.pgen.1011236,BC011703-09
134727,"Maxwell P Lee, PhD",36799863.0,10.1158/0008-5472.CAN-22-2525,BC011703-09
134727,"Maxwell P Lee, PhD",36973439.0,10.1038/s43018-023-00524-z,BC011703-09
134727,"Maxwell P Lee, PhD",38149583.0,10.1089/thy.2023.0341,BC011703-09
134727,"Maxwell P Lee, PhD",38997291.0,10.1038/s41467-024-50262-8,BC011703-09
134413,"William D Figg, PharmD",37648321.0,10.21873/anticanres.16590,BC010627-21
134377,"Di S Xia, BS, MS, PhD",38145744.0,10.1016/j.jbc.2023.105594,BC010319-26
134377,"Di S Xia, BS, MS, PhD",37821516.0,10.1038/s41467-023-41806-5,BC010319-26
134377,"Di S Xia, BS, MS, PhD",38821922.0,10.1038/s41467-024-49029-y,BC010319-26
134584,"Ying  Zhang, PhD",39029450.0,10.1016/j.chembiol.2024.06.005,BC011168-16
134728,"Natasha  Caplen, PhD",38657228.0,10.1158/1535-7163.MCT-23-0641,BC011704-09
134728,"Natasha  Caplen, PhD",38588446.0,10.1158/1541-7786.MCR-23-1090,BC011704-09
134728,"Natasha  Caplen, PhD",38506112.0,10.1080/10985549.2024.2315425,BC011704-09
134421,"Peter L Choyke, MD",37622756.0,10.1002/pros.24610,BC010655-20
134421,"Peter L Choyke, MD",38128256.0,10.1016/j.ejrad.2023.111259,BC010655-20
134421,"Peter L Choyke, MD",38262813.0,10.1016/j.acra.2024.01.009,BC010655-20
134421,"Peter L Choyke, MD",37858505.0,10.1016/j.acra.2023.09.030,BC010655-20
134421,"Peter L Choyke, MD",37858437.0,10.1016/j.euo.2023.09.010,BC010655-20
134421,"Peter L Choyke, MD",38468864.0,10.1016/j.euros.2024.02.012,BC010655-20
134421,"Peter L Choyke, MD",38651785.0,10.1097/RLU.0000000000005220,BC010655-20
134421,"Peter L Choyke, MD",37775447.0,10.1016/j.acra.2023.09.002,BC010655-20
134421,"Peter L Choyke, MD",38423786.0,10.2967/jnumed.123.267048,BC010655-20
134421,"Peter L Choyke, MD",36875636.0,10.1117/1.JMI.10.2.025001,BC010655-20
134421,"Peter L Choyke, MD",38587770.0,10.1007/s10278-024-01104-y,BC010655-20
134421,"Peter L Choyke, MD",37811666.0,10.1002/jmri.29031,BC010655-20
134421,"Peter L Choyke, MD",38713024.0,10.1148/radiol.230750,BC010655-20
134421,"Peter L Choyke, MD",38712741.0,10.18632/oncotarget.28583,BC010655-20
134421,"Peter L Choyke, MD",38489582.0,10.1200/JCO.23.02727,BC010655-20
134421,"Peter L Choyke, MD",37370903.0,10.3390/diagnostics13122008,BC010655-20
134421,"Peter L Choyke, MD",37892059.0,10.3390/diagnostics13203238,BC010655-20
134421,"Peter L Choyke, MD",37343766.0,10.1016/j.modpat.2023.100241,BC010655-20
134421,"Peter L Choyke, MD",38670874.0,10.1016/j.acra.2024.04.011,BC010655-20
134421,"Peter L Choyke, MD",37717420.0,10.1016/j.ejrad.2023.111095,BC010655-20
134421,"Peter L Choyke, MD",37129493.0,10.1148/radiol.221309,BC010655-20
138346,"Stephanie Anne Harmon, PhD",38760413.0,10.1038/s41698-024-00599-6,BC012163-01
138346,"Stephanie Anne Harmon, PhD",37343766.0,10.1016/j.modpat.2023.100241,BC012163-01
138346,"Stephanie Anne Harmon, PhD",38953042.0,10.1016/j.jpi.2024.100381,BC012163-01
135100,"Eric Andrew Engels, MD",38822730.0,10.1002/ijc.35037,CP010211-15
135100,"Alisa  Goldstein, PhD",38822730.0,10.1002/ijc.35037,CP010211-15
135072,"Sam  Mbulaiteye, MD",38009642.0,10.1002/ajh.27149,CP010176-24
135072,"Sam  Mbulaiteye, MD",38940866.0,10.1007/s11306-024-02130-1,CP010176-24
135072,"Sam  Mbulaiteye, MD",38057307.0,10.1038/s41467-023-43881-0,CP010176-24
135072,"Charles  Rabkin, MD",38009642.0,10.1002/ajh.27149,CP010176-24
135072,"Charles  Rabkin, MD",38940866.0,10.1007/s11306-024-02130-1,CP010176-24
135072,"Charles  Rabkin, MD",38057307.0,10.1038/s41467-023-43881-0,CP010176-24
134845,"Terri Sue Armstrong, PhD",37781088.0,10.1093/noajnl/vdad108,BC011893-06
134580,"Giorgio  Trinchieri, MD",38513665.0,10.1016/j.immuni.2024.02.020,BC011152-16
134543,"Leonard  Neckers, PhD",38316354.0,10.1016/j.cstres.2024.01.003,BC011032-17
134543,"Leonard  Neckers, PhD",37091547.0,10.1093/pnasnexus/pgad115,BC011032-17
134543,"Leonard  Neckers, PhD",37540432.0,10.1007/978-1-0716-3342-7_11,BC011032-17
134543,"Leonard  Neckers, PhD",36602710.0,10.1007/s12192-022-01318-5,BC011032-17
134809,"Yousuke  Takahama, PhD",38574841.0,,BC011806-07
134809,"Yousuke  Takahama, PhD",38574841.0,10.1016/j.yrtph.2024.105614,BC011806-07
134809,"Yousuke  Takahama, PhD",37664721.0,10.1016/j.heliyon.2023.e19215,BC011806-07
134809,"Yousuke  Takahama, PhD",37045811.0,10.1038/s41467-023-37589-4,BC011806-07
134809,"Yousuke  Takahama, PhD",38466627.0,10.7554/eLife.92552,BC011806-07
134809,"Yousuke  Takahama, PhD",38581680.0,10.1016/j.celrep.2024.114072,BC011806-07
134849,"Peng  Jiang, PhD",38832027.0,10.1016/j.isci.2024.109926,BC011889-06
134776,"Mark Richard Gilbert, MD",36513065.0,10.1016/j.medj.2022.11.001,BC011784-08
134776,"Mark Richard Gilbert, MD",38292240.0,10.1093/noajnl/vdad164,BC011784-08
134776,"Mark Richard Gilbert, MD",38709657.0,10.1093/neuonc/noae047,BC011784-08
134776,"Mark Richard Gilbert, MD",38455403.0,10.62347/NDII9862,BC011784-08
134650,"Ferenc  Livak, MD",38115586.0,10.1089/thy.2023.0521,BC011428-13
134650,"Ferenc  Livak, MD",37380974.0,10.1186/s12974-023-02827-5,BC011428-13
134650,"Ferenc  Livak, MD",39025450.0,10.1016/j.jbc.2024.107581,BC011428-13
134698,"Stephen M Hewitt, MD, PhD",37484839.0,10.3389/fmed.2023.1187420,BC011638-10
134698,"Stephen M Hewitt, MD, PhD",38897168.0,10.1016/j.xcrm.2024.101610,BC011638-10
134698,"Stephen M Hewitt, MD, PhD",36264172.0,10.1089/bio.2022.0090,BC011638-10
134698,"Stephen M Hewitt, MD, PhD",37725716.0,10.1097/HEP.0000000000000600,BC011638-10
134698,"Stephen M Hewitt, MD, PhD",37513779.0,10.3390/pathogens12070932,BC011638-10
134698,"Stephen M Hewitt, MD, PhD",38912586.0,10.1172/jci.insight.165356,BC011638-10
134698,"Stephen M Hewitt, MD, PhD",38398178.0,10.3390/cancers16040788,BC011638-10
134698,"Stephen M Hewitt, MD, PhD",38918394.0,10.1038/s41597-024-03467-x,BC011638-10
134698,"Stephen M Hewitt, MD, PhD",38709562.0,10.1681/ASN.0000000000000370,BC011638-10
134374,"Thomas A Misteli, PhD",38724854.0,10.1007/s00418-024-02289-7,BC010309-26
134374,"Thomas A Misteli, PhD",38351384.0,10.1038/s41588-024-01666-1,BC010309-26
134374,"Thomas A Misteli, PhD",38717453.0,10.1091/mbc.E24-02-0082,BC010309-26
134374,"Thomas A Misteli, PhD",38903099.0,10.1101/2024.06.08.597999,BC010309-26
134997,"Mikhail A Kolmogorov, PhD",38307027.0,10.1016/j.ajhg.2024.01.002,BC012108-03
134441,"Mary  Carrington, MS, PhD",36877848.0,10.1073/pnas.2218960120,BC010792-18
134441,"Mary  Carrington, MS, PhD",37737643.0,10.4049/jimmunol.2300232,BC010792-18
134441,"Mary  Carrington, MS, PhD",38318504.0,10.3389/fimmu.2023.1265469,BC010792-18
134441,"Mary  Carrington, MS, PhD",38307027.0,10.1016/j.ajhg.2024.01.002,BC010792-18
134441,"Mary  Carrington, MS, PhD",38733995.0,10.1016/j.str.2024.04.015,BC010792-18
134441,"Mary  Carrington, MS, PhD",37689790.0,10.1038/s41598-023-41690-5,BC010792-18
134771,"Alex  Compton, PhD",38291024.0,,BC011779-08
134771,"Alex  Compton, PhD",38291024.0,10.1038/s41467-024-45075-8,BC011779-08
135145,"William G Stetler-Stevenson, MD, PhD",37804930.0,10.1016/j.matbio.2023.09.002,SC009179-36
134558,"Yamini Praful Dalal, PhD",37728600.0,10.7554/eLife.86709,BC011207-16
134331,"Michael Marc Gottesman, MD",37840856.0,10.20517/cdr.2023.29,BC005598-35
134331,"Michael Marc Gottesman, MD",38145744.0,10.1016/j.jbc.2023.105594,BC005598-35
134331,"Michael Marc Gottesman, MD",38987356.0,10.1038/s41598-024-66244-1,BC005598-35
135063,"Lisa  Mirabello, PhD",37777824.0,10.1016/j.xhgg.2023.100242,CP010142-26
135063,"Lisa  Mirabello, PhD",38063144.0,10.1016/j.gim.2023.101042,CP010142-26
135063,"Lisa  Mirabello, PhD",38819344.0,10.1016/j.gim.2024.101142,CP010142-26
135063,"Lisa  Mirabello, PhD",39070603.0,10.1016/j.gimo.2024.101846,CP010142-26
135063,"Lisa  Mirabello, PhD",39036705.0,10.1016/j.bneo.2024.100013,CP010142-26
135063,"Sharon Ann Savage, MD",37777824.0,10.1016/j.xhgg.2023.100242,CP010142-26
135063,"Sharon Ann Savage, MD",38063144.0,10.1016/j.gim.2023.101042,CP010142-26
135063,"Sharon Ann Savage, MD",38819344.0,10.1016/j.gim.2024.101142,CP010142-26
135063,"Sharon Ann Savage, MD",39070603.0,10.1016/j.gimo.2024.101846,CP010142-26
135063,"Sharon Ann Savage, MD",39036705.0,10.1016/j.bneo.2024.100013,CP010142-26
135063,"Sonja  Berndt, PhD, PharmD",37777824.0,10.1016/j.xhgg.2023.100242,CP010142-26
135063,"Sonja  Berndt, PhD, PharmD",38063144.0,10.1016/j.gim.2023.101042,CP010142-26
135063,"Sonja  Berndt, PhD, PharmD",38819344.0,10.1016/j.gim.2024.101142,CP010142-26
135063,"Sonja  Berndt, PhD, PharmD",39070603.0,10.1016/j.gimo.2024.101846,CP010142-26
135063,"Sonja  Berndt, PhD, PharmD",39036705.0,10.1016/j.bneo.2024.100013,CP010142-26
135063,"Douglas Russell Stewart, BA, MD",37777824.0,10.1016/j.xhgg.2023.100242,CP010142-26
135063,"Douglas Russell Stewart, BA, MD",38063144.0,10.1016/j.gim.2023.101042,CP010142-26
135063,"Douglas Russell Stewart, BA, MD",38819344.0,10.1016/j.gim.2024.101142,CP010142-26
135063,"Douglas Russell Stewart, BA, MD",39070603.0,10.1016/j.gimo.2024.101846,CP010142-26
135063,"Douglas Russell Stewart, BA, MD",39036705.0,10.1016/j.bneo.2024.100013,CP010142-26
135063,"Shahinaz M Gadalla, PhD",37777824.0,10.1016/j.xhgg.2023.100242,CP010142-26
135063,"Shahinaz M Gadalla, PhD",38063144.0,10.1016/j.gim.2023.101042,CP010142-26
135063,"Shahinaz M Gadalla, PhD",38819344.0,10.1016/j.gim.2024.101142,CP010142-26
135063,"Shahinaz M Gadalla, PhD",39070603.0,10.1016/j.gimo.2024.101846,CP010142-26
135063,"Shahinaz M Gadalla, PhD",39036705.0,10.1016/j.bneo.2024.100013,CP010142-26
134316,"Allan M Weissman, MD",37331598.0,10.1016/j.jbc.2023.104937,BC009392-32
134316,"Allan M Weissman, MD",37838170.0,10.1016/j.jbc.2023.105346,BC009392-32
134797,"Frank I-Kai Lin, MD",37886645.0,10.3389/fendo.2023.1275813,BC011827-07
134797,"Frank I-Kai Lin, MD",38601063.0,10.1210/jcemcr/luae049,BC011827-07
134476,"James Halpern Doroshow, MD",37672694.0,10.1056/NEJMoa2303383,BC011078-17
134476,"James Halpern Doroshow, MD",38483557.0,10.1007/s00280-024-04651-x,BC011078-17
134476,"James Halpern Doroshow, MD",37531248.0,10.1158/1078-0432.CCR-23-0917,BC011078-17
134476,"James Halpern Doroshow, MD",38641411.0,10.1158/1535-7163.MCT-23-0471,BC011078-17
134476,"James Halpern Doroshow, MD",38010394.0,10.1007/s00280-023-04600-0,BC011078-17
134349,"John  Schiller, PhD",39004526.0,10.1016/j.vaccine.2024.07.001,BC009052-35
134349,"John  Schiller, PhD",37770440.0,10.1038/s41541-023-00743-6,BC009052-35
134349,"John  Schiller, PhD",38383518.0,10.1038/s41467-024-45807-w,BC009052-35
134349,"John  Schiller, PhD",38851816.0,10.1038/s41541-024-00896-y,BC009052-35
134326,"Kenneth H Kraemer, MD",37954081.0,10.3389/fonc.2023.1282823,BC004517-48
134961,"Michael Christopher Kelly, PhD",37980571.0,10.1016/j.celrep.2023.113446,BC012123-03
134961,"Michael Christopher Kelly, PhD",38020927.0,10.3389/fcell.2023.1250215,BC012123-03
134961,"Michael Christopher Kelly, PhD",37494434.0,10.1126/sciadv.adg9845,BC012123-03
134961,"Michael Christopher Kelly, PhD",37967174.0,10.1126/sciadv.adg8126,BC012123-03
134961,"Michael Christopher Kelly, PhD",39025963.0,10.1038/s41590-024-01910-0,BC012123-03
134961,"Michael Christopher Kelly, PhD",38466627.0,10.7554/eLife.92552,BC012123-03
134961,"Michael Christopher Kelly, PhD",38428410.0,10.1016/j.ccell.2024.02.001,BC012123-03
134961,"Michael Christopher Kelly, PhD",38280378.0,10.1016/j.xcrm.2024.101394,BC012123-03
134961,"Michael Christopher Kelly, PhD",38959321.0,10.1126/sciadv.adj7402,BC012123-03
134961,"Michael Christopher Kelly, PhD",38912579.0,10.1172/jci.insight.175800,BC012123-03
134961,"Michael Christopher Kelly, PhD",39043633.0,10.1038/s41467-024-50251-x,BC012123-03
134961,"Michael Christopher Kelly, PhD",38581680.0,10.1016/j.celrep.2024.114072,BC012123-03
134961,"Michael Christopher Kelly, PhD",38039963.0,10.1016/j.ccell.2023.11.005,BC012123-03
135156,"Peter D Aplan, MD",37800623.0,10.3892/ijo.2023.5576,SC010378-24
134684,"Martin John Schnermann, PhD",38019654.0,10.1016/j.celrep.2023.113503,BC011564-11
134684,"Martin John Schnermann, PhD",38490105.0,10.1016/j.ebiom.2024.105050,BC011564-11
134684,"Martin John Schnermann, PhD",38915782.0,10.1080/2162402X.2024.2370544,BC011564-11
134684,"Martin John Schnermann, PhD",37736195.0,10.1021/acsmedchemlett.3c00213,BC011564-11
134886,Daniel  Crooks,37561409.0,10.1093/hmg/ddad131,BC011932-05
134886,Daniel  Crooks,38328795.0,10.1093/narcan/zcae004,BC011932-05
134886,Daniel  Crooks,39038244.0,10.1200/PO.24.00188,BC011932-05
134990,"Lichun  Ma, PhD",37980571.0,10.1016/j.celrep.2023.113446,BC012083-03
134990,"Lichun  Ma, PhD",37770128.0,10.1136/gutjnl-2023-330024,BC012083-03
134990,"Lichun  Ma, PhD",38280378.0,10.1016/j.xcrm.2024.101394,BC012083-03
134990,"Lichun  Ma, PhD",37595566.0,10.1016/j.cell.2023.07.026,BC012083-03
134990,"Lichun  Ma, PhD",38074919.0,10.1136/egastro-2023-100020,BC012083-03
134763,"Chengkai  Dai, PhD",37917578.0,10.1016/j.xpro.2023.102692,BC011767-08
134854,"ChunZhang  Yang, PhD",37018064.0,10.1158/1078-0432.CCR-22-3651,BC011876-06
134854,"ChunZhang  Yang, PhD",38134889.0,10.1093/neuonc/noad252,BC011876-06
134854,"ChunZhang  Yang, PhD",36648507.0,10.1158/1078-0432.CCR-22-3179,BC011876-06
134353,"Howard A Young, PhD",37153622.0,10.3389/fimmu.2023.1021824,BC009283-40
134353,"Howard A Young, PhD",38698852.0,10.3389/fimmu.2024.1368572,BC009283-40
134353,"Howard A Young, PhD",37963022.0,10.1016/j.xpro.2023.102710,BC009283-40
134813,"Anish  Thomas, MD",38451783.0,10.1158/2767-9764.CRC-24-0085,BC011793-07
134813,"Anish  Thomas, MD",37279797.0,10.1093/oncolo/oyad164,BC011793-07
134813,"Anish  Thomas, MD",37597186.0,10.1016/j.celrep.2023.113016,BC011793-07
134813,"Anish  Thomas, MD",38598634.0,10.1126/sciadv.adk2082,BC011793-07
134813,"Anish  Thomas, MD",38458201.0,10.1016/j.molcel.2024.02.010,BC011793-07
134813,"Anish  Thomas, MD",37491889.0,10.15252/emmm.202217313,BC011793-07
134813,"Anish  Thomas, MD",37824137.0,10.1001/jamaoncol.2023.4025,BC011793-07
134336,"Xin Wei  Wang, PhD",38118412.0,10.1016/j.xcrm.2023.101328,BC005793-30
135125,"David D Roberts, PhD, MD",38495618.0,,SC009174-36
135125,"David D Roberts, PhD, MD",38495618.0,10.3389/fcell.2024.1356421,SC009174-36
134450,"Giorgio  Trinchieri, MD",37651197.0,10.1172/JCI167951,BC010793-18
134450,"Giorgio  Trinchieri, MD",37624046.0,10.4049/jimmunol.2200854,BC010793-18
134450,"Giorgio  Trinchieri, MD",38570533.0,10.1038/s41389-024-00513-6,BC010793-18
134958,"Limin  Wang, PhD",37980571.0,10.1016/j.celrep.2023.113446,BC012048-04
134958,"Limin  Wang, PhD",38118412.0,10.1016/j.xcrm.2023.101328,BC012048-04
134958,"Limin  Wang, PhD",37725716.0,10.1097/HEP.0000000000000600,BC012048-04
134958,"Limin  Wang, PhD",38280378.0,10.1016/j.xcrm.2024.101394,BC012048-04
134958,"Limin  Wang, PhD",38315396.0,10.1007/978-1-0716-3694-7_12,BC012048-04
134660,"Jing  Huang, PhD",38557493.0,10.1172/JCI166731,BC011504-12
134384,"Alexander  Wlodawer, PhD",38666764.0,10.1002/prot.26693,BC010348-25
134384,"Alexander  Wlodawer, PhD",38304146.0,10.1016/j.crstbi.2024.100128,BC010348-25
134384,"Alexander  Wlodawer, PhD",38179474.0,10.3389/fpls.2023.1297956,BC010348-25
134384,"Alexander  Wlodawer, PhD",38501449.0,10.1002/pro.4920,BC010348-25
134426,"David Erwin Kleiner, PhD, MD",38798323.0,10.1101/2024.05.13.593942,BC010685-20
134426,"David Erwin Kleiner, PhD, MD",38967598.0,10.1097/HC9.0000000000000478,BC010685-20
134426,"David Erwin Kleiner, PhD, MD",38757950.0,10.1210/clinem/dgae335,BC010685-20
134426,"David Erwin Kleiner, PhD, MD",38184304.0,10.1136/jitc-2023-008079,BC010685-20
134426,"David Erwin Kleiner, PhD, MD",38897168.0,10.1016/j.xcrm.2024.101610,BC010685-20
134426,"David Erwin Kleiner, PhD, MD",38954150.0,10.1007/s10875-024-01760-3,BC010685-20
134426,"David Erwin Kleiner, PhD, MD",38314748.0,10.14309/ajg.0000000000002702,BC010685-20
134426,"David Erwin Kleiner, PhD, MD",37583647.0,10.26502/acbr.50170323,BC010685-20
134426,"David Erwin Kleiner, PhD, MD",38762169.0,10.1016/j.jhep.2024.05.008,BC010685-20
134426,"David Erwin Kleiner, PhD, MD",35578388.0,10.1111/hiv.13322,BC010685-20
134426,"David Erwin Kleiner, PhD, MD",38304571.0,10.1159/000536117,BC010685-20
134426,"David Erwin Kleiner, PhD, MD",38682079.0,10.14309/crj.0000000000001336,BC010685-20
134426,"David Erwin Kleiner, PhD, MD",38527764.0,10.1136/ard-2023-224842,BC010685-20
134426,"David Erwin Kleiner, PhD, MD",38718138.0,10.1002/mds.29820,BC010685-20
134426,"David Erwin Kleiner, PhD, MD",38088382.0,10.14309/ctg.0000000000000666,BC010685-20
134426,"David Erwin Kleiner, PhD, MD",38895230.0,10.1101/2024.05.31.596861,BC010685-20
134426,"David Erwin Kleiner, PhD, MD",35770681.0,10.1002/hep.32634,BC010685-20
134426,"David Erwin Kleiner, PhD, MD",38626448.0,10.1097/AOG.0000000000005585,BC010685-20
134426,"David Erwin Kleiner, PhD, MD",38205877.0,10.1002/cam4.6912,BC010685-20
134426,"David Erwin Kleiner, PhD, MD",38810185.0,10.1056/NEJMoa2312665,BC010685-20
134426,"David Erwin Kleiner, PhD, MD",38416280.0,10.1007/s10620-023-08251-2,BC010685-20
134426,"David Erwin Kleiner, PhD, MD",38196575.0,10.21203/rs.3.rs-3601404/v1,BC010685-20
134426,"David Erwin Kleiner, PhD, MD",37595566.0,10.1016/j.cell.2023.07.026,BC010685-20
134426,"David Erwin Kleiner, PhD, MD",37676726.0,10.1172/jci.insight.166540,BC010685-20
134924,"Steven  Pavletic, MD, MS",37267435.0,10.1182/bloodadvances.2023010098,BC012017-05
134981,"Abdul Rouf Banday, PhD",38954785.0,10.1200/JCO.23.02233,BC012091-03
134345,"Ira H Pastan, MD",36968141.0,10.1158/2767-9764.CRC-22-0306,BC008753-42
134494,"Robert Mark Simpson, DVM, PhD",37944134.0,10.1210/endocr/bqad161,BC010931-17
134494,"Robert Mark Simpson, DVM, PhD",37356729.0,10.1016/j.antiviral.2023.105658,BC010931-17
134494,"Robert Mark Simpson, DVM, PhD",37883246.0,10.1080/22221751.2023.2276338,BC010931-17
134494,"Robert Mark Simpson, DVM, PhD",37780722.0,10.3389/fneur.2023.1172419,BC010931-17
134494,"Robert Mark Simpson, DVM, PhD",37358271.0,10.3791/64271,BC010931-17
134494,"Robert Mark Simpson, DVM, PhD",37595566.0,10.1016/j.cell.2023.07.026,BC010931-17
134494,"Robert Mark Simpson, DVM, PhD",37482186.0,10.1016/j.molmet.2023.101781,BC010931-17
134371,"Ruth  Nussinov, PhD",36726377.0,10.3389/fmolb.2023.1111574,BC010440-23
134371,"Ruth  Nussinov, PhD",36759615.0,10.1038/s41467-023-36184-x,BC010440-23
134371,"Ruth  Nussinov, PhD",37433832.0,10.1038/s42003-023-05067-8,BC010440-23
134371,"Ruth  Nussinov, PhD",37935253.0,10.1016/j.jmb.2023.168354,BC010440-23
134371,"Ruth  Nussinov, PhD",36369657.0,10.1002/pro.4504,BC010440-23
134371,"Ruth  Nussinov, PhD",38239681.0,10.1039/d3sc04690g,BC010440-23
134371,"Ruth  Nussinov, PhD",38085330.0,10.1007/s00018-023-05052-8,BC010440-23
134371,"Ruth  Nussinov, PhD",38830868.0,10.1038/s41467-024-48364-4,BC010440-23
134371,"Ruth  Nussinov, PhD",37946677.0,10.1002/advs.202303367,BC010440-23
134371,"Ruth  Nussinov, PhD",37978802.0,10.1016/j.bpj.2023.11.018,BC010440-23
134371,"Ruth  Nussinov, PhD",38591710.0,10.1002/pro.4982,BC010440-23
134371,"Ruth  Nussinov, PhD",36814845.0,10.1016/j.crmeth.2022.100382,BC010440-23
134371,"Ruth  Nussinov, PhD",37925498.0,10.1038/s41525-023-00377-6,BC010440-23
134371,"Ruth  Nussinov, PhD",36808143.0,10.1038/s42003-023-04519-5,BC010440-23
134371,"Ruth  Nussinov, PhD",36815703.0,10.1021/acs.jctc.2c01171,BC010440-23
134371,"Ruth  Nussinov, PhD",38703777.0,10.1016/j.str.2024.04.012,BC010440-23
134948,"Roberto  Weigert, MSc, PhD",38964316.0,10.1016/j.crmeth.2024.100802,BC012030-04
134989,"Yuichi  Machida, PhD",38453899.0,10.1038/s41467-024-46207-w,BC012086-03
134368,"Daniel  McVicar, PhD",37940068.0,10.1016/j.canlet.2023.216468,BC010300-27
134368,"Daniel  McVicar, PhD",37607904.0,10.1038/s41467-023-40738-4,BC010300-27
134368,"Daniel  McVicar, PhD",38912586.0,10.1172/jci.insight.165356,BC010300-27
134964,"Drew Wyatt Pratt, MD",38500181.0,10.1186/s40478-024-01746-7,BC012117-03
134964,"Drew Wyatt Pratt, MD",38447592.0,10.1093/jnen/nlae018,BC012117-03
134964,"Drew Wyatt Pratt, MD",38589034.0,10.1101/gad.351350.123,BC012117-03
134919,"Travis Hileman Stracker, PhD",38049566.0,10.1038/s41594-023-01159-5,BC012010-05
134919,"Travis Hileman Stracker, PhD",38498025.0,10.1182/blood.2023022079,BC012010-05
134919,"Travis Hileman Stracker, PhD",38868186.0,10.1016/j.isci.2024.109984,BC012010-05
135064,"Sharon Ann Savage, MD",37883719.0,10.1200/PO.23.00189,CP010144-26
135064,"Sharon Ann Savage, MD",37714395.0,10.1016/j.cgh.2023.08.028,CP010144-26
135064,"Sharon Ann Savage, MD",38508719.0,10.1136/thorax-2023-221024,CP010144-26
135064,"Sharon Ann Savage, MD",38224480.0,10.2196/46693,CP010144-26
135064,"Sharon Ann Savage, MD",38642305.0,10.1007/s10865-024-00489-z,CP010144-26
135064,"Maria Teresa Pia Landi, PhD",37883719.0,10.1200/PO.23.00189,CP010144-26
135064,"Maria Teresa Pia Landi, PhD",37714395.0,10.1016/j.cgh.2023.08.028,CP010144-26
135064,"Maria Teresa Pia Landi, PhD",38508719.0,10.1136/thorax-2023-221024,CP010144-26
135064,"Maria Teresa Pia Landi, PhD",38224480.0,10.2196/46693,CP010144-26
135064,"Maria Teresa Pia Landi, PhD",38642305.0,10.1007/s10865-024-00489-z,CP010144-26
135064,"Alisa  Goldstein, PhD",37883719.0,10.1200/PO.23.00189,CP010144-26
135064,"Alisa  Goldstein, PhD",37714395.0,10.1016/j.cgh.2023.08.028,CP010144-26
135064,"Alisa  Goldstein, PhD",38508719.0,10.1136/thorax-2023-221024,CP010144-26
135064,"Alisa  Goldstein, PhD",38224480.0,10.2196/46693,CP010144-26
135064,"Alisa  Goldstein, PhD",38642305.0,10.1007/s10865-024-00489-z,CP010144-26
135064,"Mark H Greene, MD",37883719.0,10.1200/PO.23.00189,CP010144-26
135064,"Mark H Greene, MD",37714395.0,10.1016/j.cgh.2023.08.028,CP010144-26
135064,"Mark H Greene, MD",38508719.0,10.1136/thorax-2023-221024,CP010144-26
135064,"Mark H Greene, MD",38224480.0,10.2196/46693,CP010144-26
135064,"Mark H Greene, MD",38642305.0,10.1007/s10865-024-00489-z,CP010144-26
135064,"Eric Andrew Engels, MD",37883719.0,10.1200/PO.23.00189,CP010144-26
135064,"Eric Andrew Engels, MD",37714395.0,10.1016/j.cgh.2023.08.028,CP010144-26
135064,"Eric Andrew Engels, MD",38508719.0,10.1136/thorax-2023-221024,CP010144-26
135064,"Eric Andrew Engels, MD",38224480.0,10.2196/46693,CP010144-26
135064,"Eric Andrew Engels, MD",38642305.0,10.1007/s10865-024-00489-z,CP010144-26
135064,"Katherine Ann McGlynn, PhD",37883719.0,10.1200/PO.23.00189,CP010144-26
135064,"Katherine Ann McGlynn, PhD",37714395.0,10.1016/j.cgh.2023.08.028,CP010144-26
135064,"Katherine Ann McGlynn, PhD",38508719.0,10.1136/thorax-2023-221024,CP010144-26
135064,"Katherine Ann McGlynn, PhD",38224480.0,10.2196/46693,CP010144-26
135064,"Katherine Ann McGlynn, PhD",38642305.0,10.1007/s10865-024-00489-z,CP010144-26
135064,"Philip Samuel Rosenberg, PhD",37883719.0,10.1200/PO.23.00189,CP010144-26
135064,"Philip Samuel Rosenberg, PhD",37714395.0,10.1016/j.cgh.2023.08.028,CP010144-26
135064,"Philip Samuel Rosenberg, PhD",38508719.0,10.1136/thorax-2023-221024,CP010144-26
135064,"Philip Samuel Rosenberg, PhD",38224480.0,10.2196/46693,CP010144-26
135064,"Philip Samuel Rosenberg, PhD",38642305.0,10.1007/s10865-024-00489-z,CP010144-26
135064,"Ruth  Pfeiffer, PhD",37883719.0,10.1200/PO.23.00189,CP010144-26
135064,"Ruth  Pfeiffer, PhD",37714395.0,10.1016/j.cgh.2023.08.028,CP010144-26
135064,"Ruth  Pfeiffer, PhD",38508719.0,10.1136/thorax-2023-221024,CP010144-26
135064,"Ruth  Pfeiffer, PhD",38224480.0,10.2196/46693,CP010144-26
135064,"Ruth  Pfeiffer, PhD",38642305.0,10.1007/s10865-024-00489-z,CP010144-26
135064,"Sam  Mbulaiteye, MD",37883719.0,10.1200/PO.23.00189,CP010144-26
135064,"Sam  Mbulaiteye, MD",37714395.0,10.1016/j.cgh.2023.08.028,CP010144-26
135064,"Sam  Mbulaiteye, MD",38508719.0,10.1136/thorax-2023-221024,CP010144-26
135064,"Sam  Mbulaiteye, MD",38224480.0,10.2196/46693,CP010144-26
135064,"Sam  Mbulaiteye, MD",38642305.0,10.1007/s10865-024-00489-z,CP010144-26
135064,"Douglas Russell Stewart, BA, MD",37883719.0,10.1200/PO.23.00189,CP010144-26
135064,"Douglas Russell Stewart, BA, MD",37714395.0,10.1016/j.cgh.2023.08.028,CP010144-26
135064,"Douglas Russell Stewart, BA, MD",38508719.0,10.1136/thorax-2023-221024,CP010144-26
135064,"Douglas Russell Stewart, BA, MD",38224480.0,10.2196/46693,CP010144-26
135064,"Douglas Russell Stewart, BA, MD",38642305.0,10.1007/s10865-024-00489-z,CP010144-26
135064,"Jill Elizabeth Koshiol, PhD",37883719.0,10.1200/PO.23.00189,CP010144-26
135064,"Jill Elizabeth Koshiol, PhD",37714395.0,10.1016/j.cgh.2023.08.028,CP010144-26
135064,"Jill Elizabeth Koshiol, PhD",38508719.0,10.1136/thorax-2023-221024,CP010144-26
135064,"Jill Elizabeth Koshiol, PhD",38224480.0,10.2196/46693,CP010144-26
135064,"Jill Elizabeth Koshiol, PhD",38642305.0,10.1007/s10865-024-00489-z,CP010144-26
135064,"Shahinaz M Gadalla, PhD",37883719.0,10.1200/PO.23.00189,CP010144-26
135064,"Shahinaz M Gadalla, PhD",37714395.0,10.1016/j.cgh.2023.08.028,CP010144-26
135064,"Shahinaz M Gadalla, PhD",38508719.0,10.1136/thorax-2023-221024,CP010144-26
135064,"Shahinaz M Gadalla, PhD",38224480.0,10.2196/46693,CP010144-26
135064,"Shahinaz M Gadalla, PhD",38642305.0,10.1007/s10865-024-00489-z,CP010144-26
135064,"Nicolas Albert Hermann Wentzensen, PhD, MD",37883719.0,10.1200/PO.23.00189,CP010144-26
135064,"Nicolas Albert Hermann Wentzensen, PhD, MD",37714395.0,10.1016/j.cgh.2023.08.028,CP010144-26
135064,"Nicolas Albert Hermann Wentzensen, PhD, MD",38508719.0,10.1136/thorax-2023-221024,CP010144-26
135064,"Nicolas Albert Hermann Wentzensen, PhD, MD",38224480.0,10.2196/46693,CP010144-26
135064,"Nicolas Albert Hermann Wentzensen, PhD, MD",38642305.0,10.1007/s10865-024-00489-z,CP010144-26
135064,"Maria Constanza Camargo, PhD",37883719.0,10.1200/PO.23.00189,CP010144-26
135064,"Maria Constanza Camargo, PhD",37714395.0,10.1016/j.cgh.2023.08.028,CP010144-26
135064,"Maria Constanza Camargo, PhD",38508719.0,10.1136/thorax-2023-221024,CP010144-26
135064,"Maria Constanza Camargo, PhD",38224480.0,10.2196/46693,CP010144-26
135064,"Maria Constanza Camargo, PhD",38642305.0,10.1007/s10865-024-00489-z,CP010144-26
135064,"Lisa James McReynolds, MD, PhD",37883719.0,10.1200/PO.23.00189,CP010144-26
135064,"Lisa James McReynolds, MD, PhD",37714395.0,10.1016/j.cgh.2023.08.028,CP010144-26
135064,"Lisa James McReynolds, MD, PhD",38508719.0,10.1136/thorax-2023-221024,CP010144-26
135064,"Lisa James McReynolds, MD, PhD",38224480.0,10.2196/46693,CP010144-26
135064,"Lisa James McReynolds, MD, PhD",38642305.0,10.1007/s10865-024-00489-z,CP010144-26
135064,"Payal Premchand Khincha, MBBS",37883719.0,10.1200/PO.23.00189,CP010144-26
135064,"Payal Premchand Khincha, MBBS",37714395.0,10.1016/j.cgh.2023.08.028,CP010144-26
135064,"Payal Premchand Khincha, MBBS",38508719.0,10.1136/thorax-2023-221024,CP010144-26
135064,"Payal Premchand Khincha, MBBS",38224480.0,10.2196/46693,CP010144-26
135064,"Payal Premchand Khincha, MBBS",38642305.0,10.1007/s10865-024-00489-z,CP010144-26
134742,"Gregoire Yves Altan-Bonnet, PhD",37796477.0,10.1084/jem.20231242,BC011726-09
134742,"Gregoire Yves Altan-Bonnet, PhD",37945821.0,10.1038/s41590-023-01663-2,BC011726-09
134742,"Gregoire Yves Altan-Bonnet, PhD",37500886.0,10.1038/s41590-023-01572-4,BC011726-09
134742,"Gregoire Yves Altan-Bonnet, PhD",38298420.0,10.1016/j.omtm.2023.101171,BC011726-09
134742,"Gregoire Yves Altan-Bonnet, PhD",39074471.0,10.1093/intbio/zyae014,BC011726-09
134798,"Anupama  Khare, PhD",39040146.0,10.1101/2024.07.02.601769,BC011819-07
135136,"Jay Arthur Berzofsky, MD, PhD",37624046.0,,SC004020-47
135136,"Jay Arthur Berzofsky, MD, PhD",37624046.0,10.4049/jimmunol.2200854,SC004020-47
135136,"Jay Arthur Berzofsky, MD, PhD",38127463.0,10.1172/JCI165281,SC004020-47
134817,"Barry R O'Keefe, PhD",37843072.0,10.1021/acs.jnatprod.3c00394,BC011854-07
134817,"Barry R O'Keefe, PhD",36853940.0,10.1073/pnas.2214561120,BC011854-07
134592,"Naris  Nilubol, MD",37450696.0,10.1097/SLA.0000000000005999,BC011286-15
135087,"Demetrius  Albanes, MD",38013591.0,10.1093/jnci/djad210,CP010197-18
135087,"Demetrius  Albanes, MD",38387085.0,10.1158/1055-9965.EPI-23-0983,CP010197-18
135087,"Demetrius  Albanes, MD",38451742.0,10.1249/MSS.0000000000003417,CP010197-18
135087,"Demetrius  Albanes, MD",38066693.0,10.1093/sleep/zsad312,CP010197-18
135087,"Demetrius  Albanes, MD",38768076.0,10.1249/MSS.0000000000003478,CP010197-18
135087,"Rachael Zoe Stolzenberg-Solomon, PhD",38013591.0,10.1093/jnci/djad210,CP010197-18
135087,"Rachael Zoe Stolzenberg-Solomon, PhD",38387085.0,10.1158/1055-9965.EPI-23-0983,CP010197-18
135087,"Rachael Zoe Stolzenberg-Solomon, PhD",38451742.0,10.1249/MSS.0000000000003417,CP010197-18
135087,"Rachael Zoe Stolzenberg-Solomon, PhD",38066693.0,10.1093/sleep/zsad312,CP010197-18
135087,"Rachael Zoe Stolzenberg-Solomon, PhD",38768076.0,10.1249/MSS.0000000000003478,CP010197-18
135087,"Steven  Moore, PhD",38013591.0,10.1093/jnci/djad210,CP010197-18
135087,"Steven  Moore, PhD",38387085.0,10.1158/1055-9965.EPI-23-0983,CP010197-18
135087,"Steven  Moore, PhD",38451742.0,10.1249/MSS.0000000000003417,CP010197-18
135087,"Steven  Moore, PhD",38066693.0,10.1093/sleep/zsad312,CP010197-18
135087,"Steven  Moore, PhD",38768076.0,10.1249/MSS.0000000000003478,CP010197-18
135087,"Charles E Matthews, PhD",38013591.0,10.1093/jnci/djad210,CP010197-18
135087,"Charles E Matthews, PhD",38387085.0,10.1158/1055-9965.EPI-23-0983,CP010197-18
135087,"Charles E Matthews, PhD",38451742.0,10.1249/MSS.0000000000003417,CP010197-18
135087,"Charles E Matthews, PhD",38066693.0,10.1093/sleep/zsad312,CP010197-18
135087,"Charles E Matthews, PhD",38768076.0,10.1249/MSS.0000000000003478,CP010197-18
134505,"Louis  Staudt, MD, PhD",38701792.0,10.1016/j.ccell.2024.04.007,BC011007-17
134505,"Louis  Staudt, MD, PhD",38215749.0,10.1016/j.ccell.2023.12.019,BC011007-17
134505,"Louis  Staudt, MD, PhD",37495782.0,10.1038/d41586-023-02213-4,BC011007-17
134598,"Shyam K Sharan, PhD",37783689.0,10.1038/s41467-023-41801-w,BC011311-15
134598,"Shyam K Sharan, PhD",38271119.0,10.1172/JCI173718,BC011311-15
134691,"Romina Silvana Goldszmid, PhD",38662827.0,,BC011670-10
134691,"Romina Silvana Goldszmid, PhD",38662827.0,10.1126/science.adh7954,BC011670-10
134702,"Mark Richard Gilbert, MD",38427131.0,10.1007/s11060-024-04613-6,BC011643-10
134702,"Mark Richard Gilbert, MD",37774317.0,10.1200/JCO.23.01059,BC011643-10
134443,"Jennifer Ann Kanakry, MD",37088379.0,10.1016/j.jaip.2023.04.005,BC010843-18
134443,"Jennifer Ann Kanakry, MD",38320737.0,10.1016/j.clim.2024.109922,BC010843-18
134724,"Amy Kathleen Leblanc, DVM",38376604.0,10.1007/s00401-024-02693-2,BC011696-09
134766,"Ramiro  Iglesias-Bartolome, PhD",38103827.0,10.1016/j.jid.2023.12.002,BC011763-08
134651,Hiroaki  Mitsuya,38977798.0,10.1038/s41598-024-66505-z,BC011486-12
134656,William Curtis Reinhold,38411275.0,10.1002/mc.23705,BC011509-12
134656,William Curtis Reinhold,37343696.0,10.1016/j.mcpro.2023.100602,BC011509-12
134656,William Curtis Reinhold,38868205.0,10.1016/j.isci.2024.109781,BC011509-12
134320,"Bradley D St Croix, PhD",38019654.0,10.1016/j.celrep.2023.113503,BC010578-21
134493,"David  Schrump, MD",37608989.0,10.1016/j.jtcvs.2022.09.028,BC011115-17
134493,"David  Schrump, MD",36378541.0,10.1158/1541-7786.MCR-22-0594,BC011115-17
134493,"David  Schrump, MD",38770717.0,10.1093/bib/bbae237,BC011115-17
134493,"David  Schrump, MD",37974213.0,10.1186/s13046-023-02889-6,BC011115-17
134690,"Yun Xing M Wang, PhD",36854751.0,10.1038/s41467-023-36838-w,BC011535-11
134690,"Yun Xing M Wang, PhD",36759615.0,10.1038/s41467-023-36184-x,BC011535-11
134690,"Yun Xing M Wang, PhD",37924862.0,10.1016/j.jmb.2023.168340,BC011535-11
134690,"Yun Xing M Wang, PhD",37433832.0,10.1038/s42003-023-05067-8,BC011535-11
134690,"Yun Xing M Wang, PhD",37253356.0,10.1016/j.str.2023.05.003,BC011535-11
134690,"Yun Xing M Wang, PhD",37968328.0,10.1038/s41467-023-43232-z,BC011535-11
134690,"Yun Xing M Wang, PhD",36820301.0,10.1016/j.crstbi.2023.100095,BC011535-11
134690,"Yun Xing M Wang, PhD",37673863.0,10.1038/s41467-023-41155-3,BC011535-11
135081,"Christian Cormac Abnet, PhD, MPH",37781157.0,10.1016/j.eclinm.2023.102229,CP000185-20
135081,"Christian Cormac Abnet, PhD, MPH",38129791.0,10.1186/s12888-023-05436-x,CP000185-20
135081,"Christian Cormac Abnet, PhD, MPH",37878492.0,10.1080/1354750X.2023.2276030,CP000185-20
135081,"Christian Cormac Abnet, PhD, MPH",37673066.0,10.1016/j.ajhg.2023.08.007,CP000185-20
135081,"Christian Cormac Abnet, PhD, MPH",37856326.0,10.1093/jnci/djad218,CP000185-20
135081,"Christian Cormac Abnet, PhD, MPH",38445358.0,10.1097/CM9.0000000000002982,CP000185-20
135081,"Christian Cormac Abnet, PhD, MPH",38268471.0,10.1093/jnci/djae012,CP000185-20
135081,"Christian Cormac Abnet, PhD, MPH",38180357.0,10.1158/1055-9965.EPI-23-0773,CP000185-20
135081,"Christian Cormac Abnet, PhD, MPH",37944090.0,10.1200/GO.23.00173,CP000185-20
135081,"Christian Cormac Abnet, PhD, MPH",38194606.0,10.1002/ijc.34829,CP000185-20
135081,"Christian Cormac Abnet, PhD, MPH",38783714.0,10.1093/ntr/ntae123,CP000185-20
135081,"Christian Cormac Abnet, PhD, MPH",39100747.0,10.1016/j.ajpc.2024.100700,CP000185-20
135081,"Christian Cormac Abnet, PhD, MPH",38310404.0,10.34172/aim.2023.74,CP000185-20
135081,"Christian Cormac Abnet, PhD, MPH",37840576.0,10.1016/j.lana.2023.100608,CP000185-20
135081,"Christian Cormac Abnet, PhD, MPH",38405263.0,10.1016/j.stlm.2024.100145,CP000185-20
135081,"Christian Cormac Abnet, PhD, MPH",37710248.0,10.1186/s12889-023-16629-0,CP000185-20
135081,"Christian Cormac Abnet, PhD, MPH",38218793.0,10.1186/s12885-024-11850-5,CP000185-20
135081,"Christian Cormac Abnet, PhD, MPH",38337629.0,10.3390/nu16030344,CP000185-20
135081,"Sanford Martin Dawsey, MD",37781157.0,10.1016/j.eclinm.2023.102229,CP000185-20
135081,"Sanford Martin Dawsey, MD",38129791.0,10.1186/s12888-023-05436-x,CP000185-20
135081,"Sanford Martin Dawsey, MD",37878492.0,10.1080/1354750X.2023.2276030,CP000185-20
135081,"Sanford Martin Dawsey, MD",37673066.0,10.1016/j.ajhg.2023.08.007,CP000185-20
135081,"Sanford Martin Dawsey, MD",37856326.0,10.1093/jnci/djad218,CP000185-20
135081,"Sanford Martin Dawsey, MD",38445358.0,10.1097/CM9.0000000000002982,CP000185-20
135081,"Sanford Martin Dawsey, MD",38268471.0,10.1093/jnci/djae012,CP000185-20
135081,"Sanford Martin Dawsey, MD",38180357.0,10.1158/1055-9965.EPI-23-0773,CP000185-20
135081,"Sanford Martin Dawsey, MD",37944090.0,10.1200/GO.23.00173,CP000185-20
135081,"Sanford Martin Dawsey, MD",38194606.0,10.1002/ijc.34829,CP000185-20
135081,"Sanford Martin Dawsey, MD",38783714.0,10.1093/ntr/ntae123,CP000185-20
135081,"Sanford Martin Dawsey, MD",39100747.0,10.1016/j.ajpc.2024.100700,CP000185-20
135081,"Sanford Martin Dawsey, MD",38310404.0,10.34172/aim.2023.74,CP000185-20
135081,"Sanford Martin Dawsey, MD",37840576.0,10.1016/j.lana.2023.100608,CP000185-20
135081,"Sanford Martin Dawsey, MD",38405263.0,10.1016/j.stlm.2024.100145,CP000185-20
135081,"Sanford Martin Dawsey, MD",37710248.0,10.1186/s12889-023-16629-0,CP000185-20
135081,"Sanford Martin Dawsey, MD",38218793.0,10.1186/s12885-024-11850-5,CP000185-20
135081,"Sanford Martin Dawsey, MD",38337629.0,10.3390/nu16030344,CP000185-20
135081,"Neal David Freedman, MPH",37781157.0,10.1016/j.eclinm.2023.102229,CP000185-20
135081,"Neal David Freedman, MPH",38129791.0,10.1186/s12888-023-05436-x,CP000185-20
135081,"Neal David Freedman, MPH",37878492.0,10.1080/1354750X.2023.2276030,CP000185-20
135081,"Neal David Freedman, MPH",37673066.0,10.1016/j.ajhg.2023.08.007,CP000185-20
135081,"Neal David Freedman, MPH",37856326.0,10.1093/jnci/djad218,CP000185-20
135081,"Neal David Freedman, MPH",38445358.0,10.1097/CM9.0000000000002982,CP000185-20
135081,"Neal David Freedman, MPH",38268471.0,10.1093/jnci/djae012,CP000185-20
135081,"Neal David Freedman, MPH",38180357.0,10.1158/1055-9965.EPI-23-0773,CP000185-20
135081,"Neal David Freedman, MPH",37944090.0,10.1200/GO.23.00173,CP000185-20
135081,"Neal David Freedman, MPH",38194606.0,10.1002/ijc.34829,CP000185-20
135081,"Neal David Freedman, MPH",38783714.0,10.1093/ntr/ntae123,CP000185-20
135081,"Neal David Freedman, MPH",39100747.0,10.1016/j.ajpc.2024.100700,CP000185-20
135081,"Neal David Freedman, MPH",38310404.0,10.34172/aim.2023.74,CP000185-20
135081,"Neal David Freedman, MPH",37840576.0,10.1016/j.lana.2023.100608,CP000185-20
135081,"Neal David Freedman, MPH",38405263.0,10.1016/j.stlm.2024.100145,CP000185-20
135081,"Neal David Freedman, MPH",37710248.0,10.1186/s12889-023-16629-0,CP000185-20
135081,"Neal David Freedman, MPH",38218793.0,10.1186/s12885-024-11850-5,CP000185-20
135081,"Neal David Freedman, MPH",38337629.0,10.3390/nu16030344,CP000185-20
135081,"Anil Kumar Chaturvedi, PhD",37781157.0,10.1016/j.eclinm.2023.102229,CP000185-20
135081,"Anil Kumar Chaturvedi, PhD",38129791.0,10.1186/s12888-023-05436-x,CP000185-20
135081,"Anil Kumar Chaturvedi, PhD",37878492.0,10.1080/1354750X.2023.2276030,CP000185-20
135081,"Anil Kumar Chaturvedi, PhD",37673066.0,10.1016/j.ajhg.2023.08.007,CP000185-20
135081,"Anil Kumar Chaturvedi, PhD",37856326.0,10.1093/jnci/djad218,CP000185-20
135081,"Anil Kumar Chaturvedi, PhD",38445358.0,10.1097/CM9.0000000000002982,CP000185-20
135081,"Anil Kumar Chaturvedi, PhD",38268471.0,10.1093/jnci/djae012,CP000185-20
135081,"Anil Kumar Chaturvedi, PhD",38180357.0,10.1158/1055-9965.EPI-23-0773,CP000185-20
135081,"Anil Kumar Chaturvedi, PhD",37944090.0,10.1200/GO.23.00173,CP000185-20
135081,"Anil Kumar Chaturvedi, PhD",38194606.0,10.1002/ijc.34829,CP000185-20
135081,"Anil Kumar Chaturvedi, PhD",38783714.0,10.1093/ntr/ntae123,CP000185-20
135081,"Anil Kumar Chaturvedi, PhD",39100747.0,10.1016/j.ajpc.2024.100700,CP000185-20
135081,"Anil Kumar Chaturvedi, PhD",38310404.0,10.34172/aim.2023.74,CP000185-20
135081,"Anil Kumar Chaturvedi, PhD",37840576.0,10.1016/j.lana.2023.100608,CP000185-20
135081,"Anil Kumar Chaturvedi, PhD",38405263.0,10.1016/j.stlm.2024.100145,CP000185-20
135081,"Anil Kumar Chaturvedi, PhD",37710248.0,10.1186/s12889-023-16629-0,CP000185-20
135081,"Anil Kumar Chaturvedi, PhD",38218793.0,10.1186/s12885-024-11850-5,CP000185-20
135081,"Anil Kumar Chaturvedi, PhD",38337629.0,10.3390/nu16030344,CP000185-20
135081,"Meredith Sarah Shiels, PhD",37781157.0,10.1016/j.eclinm.2023.102229,CP000185-20
135081,"Meredith Sarah Shiels, PhD",38129791.0,10.1186/s12888-023-05436-x,CP000185-20
135081,"Meredith Sarah Shiels, PhD",37878492.0,10.1080/1354750X.2023.2276030,CP000185-20
135081,"Meredith Sarah Shiels, PhD",37673066.0,10.1016/j.ajhg.2023.08.007,CP000185-20
135081,"Meredith Sarah Shiels, PhD",37856326.0,10.1093/jnci/djad218,CP000185-20
135081,"Meredith Sarah Shiels, PhD",38445358.0,10.1097/CM9.0000000000002982,CP000185-20
135081,"Meredith Sarah Shiels, PhD",38268471.0,10.1093/jnci/djae012,CP000185-20
135081,"Meredith Sarah Shiels, PhD",38180357.0,10.1158/1055-9965.EPI-23-0773,CP000185-20
135081,"Meredith Sarah Shiels, PhD",37944090.0,10.1200/GO.23.00173,CP000185-20
135081,"Meredith Sarah Shiels, PhD",38194606.0,10.1002/ijc.34829,CP000185-20
135081,"Meredith Sarah Shiels, PhD",38783714.0,10.1093/ntr/ntae123,CP000185-20
135081,"Meredith Sarah Shiels, PhD",39100747.0,10.1016/j.ajpc.2024.100700,CP000185-20
135081,"Meredith Sarah Shiels, PhD",38310404.0,10.34172/aim.2023.74,CP000185-20
135081,"Meredith Sarah Shiels, PhD",37840576.0,10.1016/j.lana.2023.100608,CP000185-20
135081,"Meredith Sarah Shiels, PhD",38405263.0,10.1016/j.stlm.2024.100145,CP000185-20
135081,"Meredith Sarah Shiels, PhD",37710248.0,10.1186/s12889-023-16629-0,CP000185-20
135081,"Meredith Sarah Shiels, PhD",38218793.0,10.1186/s12885-024-11850-5,CP000185-20
135081,"Meredith Sarah Shiels, PhD",38337629.0,10.3390/nu16030344,CP000185-20
135081,"Emily Jean Vogtmann, PhD",37781157.0,10.1016/j.eclinm.2023.102229,CP000185-20
135081,"Emily Jean Vogtmann, PhD",38129791.0,10.1186/s12888-023-05436-x,CP000185-20
135081,"Emily Jean Vogtmann, PhD",37878492.0,10.1080/1354750X.2023.2276030,CP000185-20
135081,"Emily Jean Vogtmann, PhD",37673066.0,10.1016/j.ajhg.2023.08.007,CP000185-20
135081,"Emily Jean Vogtmann, PhD",37856326.0,10.1093/jnci/djad218,CP000185-20
135081,"Emily Jean Vogtmann, PhD",38445358.0,10.1097/CM9.0000000000002982,CP000185-20
135081,"Emily Jean Vogtmann, PhD",38268471.0,10.1093/jnci/djae012,CP000185-20
135081,"Emily Jean Vogtmann, PhD",38180357.0,10.1158/1055-9965.EPI-23-0773,CP000185-20
135081,"Emily Jean Vogtmann, PhD",37944090.0,10.1200/GO.23.00173,CP000185-20
135081,"Emily Jean Vogtmann, PhD",38194606.0,10.1002/ijc.34829,CP000185-20
135081,"Emily Jean Vogtmann, PhD",38783714.0,10.1093/ntr/ntae123,CP000185-20
135081,"Emily Jean Vogtmann, PhD",39100747.0,10.1016/j.ajpc.2024.100700,CP000185-20
135081,"Emily Jean Vogtmann, PhD",38310404.0,10.34172/aim.2023.74,CP000185-20
135081,"Emily Jean Vogtmann, PhD",37840576.0,10.1016/j.lana.2023.100608,CP000185-20
135081,"Emily Jean Vogtmann, PhD",38405263.0,10.1016/j.stlm.2024.100145,CP000185-20
135081,"Emily Jean Vogtmann, PhD",37710248.0,10.1186/s12889-023-16629-0,CP000185-20
135081,"Emily Jean Vogtmann, PhD",38218793.0,10.1186/s12885-024-11850-5,CP000185-20
135081,"Emily Jean Vogtmann, PhD",38337629.0,10.3390/nu16030344,CP000185-20
134683,Lin  Du,37843072.0,10.1021/acs.jnatprod.3c00394,BC011568-11
134589,"Lino  Tessarollo, PhD",37781088.0,10.1093/noajnl/vdad108,BC011265-15
134589,"Lino  Tessarollo, PhD",37980415.0,10.1038/s41419-023-06289-8,BC011265-15
134590,"Udo  Rudloff, MD, PhD",38758429.0,10.1007/s00418-024-02297-7,BC011267-15
134590,"Udo  Rudloff, MD, PhD",39212669.0,,BC011267-15
134590,"Udo  Rudloff, MD, PhD",39212669.0,10.1158/1535-7163.MCT-23-0790,BC011267-15
134754,"Steven  Pavletic, MD, MS",38113462.0,10.1182/bloodadvances.2023010362,BC011743-09
134754,"Steven  Pavletic, MD, MS",38669315.0,10.1182/bloodadvances.2023010973,BC011743-09
134754,"Steven  Pavletic, MD, MS",38259542.0,10.3389/fpsyg.2023.1243005,BC011743-09
134754,"Steven  Pavletic, MD, MS",38753616.0,10.1371/journal.pone.0298026,BC011743-09
134754,"Steven  Pavletic, MD, MS",38357212.0,10.1016/j.xjidi.2023.100246,BC011743-09
134754,"Steven  Pavletic, MD, MS",37584292.0,10.3324/haematol.2023.283646,BC011743-09
134793,"Natalie  Porat-Shliom, PhD",38418824.0,10.1038/s41467-024-45751-9,BC011828-07
134437,"Paul S Meltzer, MD, PhD",37569529.0,10.3390/ijms241512155,BC010759-19
134437,"Paul S Meltzer, MD, PhD",38868205.0,10.1016/j.isci.2024.109781,BC010759-19
135066,"Eric Andrew Engels, MD",37944040.0,10.1093/jnci/djad224,CP010150-25
135066,"Eric Andrew Engels, MD",38372706.0,10.1093/jncics/pkae011,CP010150-25
135066,"Eric Andrew Engels, MD",37776201.0,10.1002/cam4.6537,CP010150-25
135066,"Eric Andrew Engels, MD",38070489.0,10.1093/jnci/djad256,CP010150-25
135066,"Eric Andrew Engels, MD",38847607.0,10.1158/1055-9965.EPI-24-0121,CP010150-25
135066,"Eric Andrew Engels, MD",37701981.0,10.1093/jnci/djad187,CP010150-25
135066,"Eric Andrew Engels, MD",37856141.0,10.1001/jamaoncol.2023.4273,CP010150-25
135066,"Eric Andrew Engels, MD",37615573.0,10.1002/ijc.34671,CP010150-25
135066,"Thomas R O'Brien, BA, MPH, MD",37944040.0,10.1093/jnci/djad224,CP010150-25
135066,"Thomas R O'Brien, BA, MPH, MD",38372706.0,10.1093/jncics/pkae011,CP010150-25
135066,"Thomas R O'Brien, BA, MPH, MD",37776201.0,10.1002/cam4.6537,CP010150-25
135066,"Thomas R O'Brien, BA, MPH, MD",38070489.0,10.1093/jnci/djad256,CP010150-25
135066,"Thomas R O'Brien, BA, MPH, MD",38847607.0,10.1158/1055-9965.EPI-24-0121,CP010150-25
135066,"Thomas R O'Brien, BA, MPH, MD",37701981.0,10.1093/jnci/djad187,CP010150-25
135066,"Thomas R O'Brien, BA, MPH, MD",37856141.0,10.1001/jamaoncol.2023.4273,CP010150-25
135066,"Thomas R O'Brien, BA, MPH, MD",37615573.0,10.1002/ijc.34671,CP010150-25
135066,"Meredith Sarah Shiels, PhD",37944040.0,10.1093/jnci/djad224,CP010150-25
135066,"Meredith Sarah Shiels, PhD",38372706.0,10.1093/jncics/pkae011,CP010150-25
135066,"Meredith Sarah Shiels, PhD",37776201.0,10.1002/cam4.6537,CP010150-25
135066,"Meredith Sarah Shiels, PhD",38070489.0,10.1093/jnci/djad256,CP010150-25
135066,"Meredith Sarah Shiels, PhD",38847607.0,10.1158/1055-9965.EPI-24-0121,CP010150-25
135066,"Meredith Sarah Shiels, PhD",37701981.0,10.1093/jnci/djad187,CP010150-25
135066,"Meredith Sarah Shiels, PhD",37856141.0,10.1001/jamaoncol.2023.4273,CP010150-25
135066,"Meredith Sarah Shiels, PhD",37615573.0,10.1002/ijc.34671,CP010150-25
134030,"Sarah Simmons Jackson, PhD",38547426.0,10.1200/OP.23.00629,CP101239-01
134030,"Sarah Simmons Jackson, PhD",38473350.0,10.3390/cancers16050989,CP101239-01
134816,"Chuan  Wu, PhD",37436991.0,10.1126/sciadv.adf3924,BC011801-07
134816,"Chuan  Wu, PhD",38614090.0,10.1016/j.immuni.2024.03.018,BC011801-07
134667,"Stavroula  Mili, PhD",37506697.0,10.1016/j.molcel.2023.06.036,BC011501-12
134667,"Stavroula  Mili, PhD",38979199.0,10.1101/2024.06.26.600878,BC011501-12
134509,Hao-Wei  Wang,37394115.0,10.1016/j.jtct.2023.06.019,BC011093-17
134509,Hao-Wei  Wang,37295816.0,10.1136/jitc-2022-005898,BC011093-17
134509,Hao-Wei  Wang,38813719.0,10.3324/haematol.2023.284784,BC011093-17
134509,Hao-Wei  Wang,36632565.0,10.1080/2162402X.2022.2163784,BC011093-17
134378,"Xinhua  Ji, PhD",38572241.0,10.3389/fmicb.2024.1385775,BC010326-25
134360,"Stephen K Anderson, PhD",37711632.0,10.3389/fimmu.2023.1225025,BC010013-29
134360,"Stephen K Anderson, PhD",37645658.0,10.1016/j.crimmu.2023.100064,BC010013-29
134360,"Stephen K Anderson, PhD",37976160.0,10.1016/j.celrep.2023.113454,BC010013-29
134360,"Stephen K Anderson, PhD",37801092.0,10.1007/s00251-023-01321-9,BC010013-29
134400,"Vineet Narain KewalRamani, PhD",37355754.0,10.1038/s41467-023-39146-5,BC010487-22
135152,"Kevin A Camphausen, MD",38811596.0,10.1038/s41598-024-61240-x,SC010372-24
134979,"Andra Valentina Krauze, MD",39001264.0,10.3390/diagnostics14131374,BC012092-03
134910,"Suleyman Cenk Sahinalp, PhD",38901402.0,10.1016/j.cels.2024.05.008,BC011988-05
135056,"Mary Helen Ward, MS, PhD",38400646.0,10.1093/aje/kwae010,CP010125-29
135056,"Mary Helen Ward, MS, PhD",38145439.0,10.1007/s10552-023-01823-7,CP010125-29
135056,"Mary Helen Ward, MS, PhD",38908662.0,10.1016/j.envres.2024.119466,CP010125-29
135056,"Mary Helen Ward, MS, PhD",38795658.0,10.1016/j.envint.2024.108767,CP010125-29
135056,"Mary Helen Ward, MS, PhD",36808241.0,10.1001/jamanetworkopen.2023.0133,CP010125-29
135056,"Mary Helen Ward, MS, PhD",37856832.0,10.1164/rccm.202305-0902OC,CP010125-29
135056,"Mary Helen Ward, MS, PhD",38092046.0,10.1093/jnci/djad261,CP010125-29
135056,"Mary Helen Ward, MS, PhD",38197649.0,10.1289/EHP13777,CP010125-29
135056,"Mary Helen Ward, MS, PhD",38636274.0,10.1016/j.envint.2024.108637,CP010125-29
135056,"Mary Helen Ward, MS, PhD",37902275.0,10.1002/ijc.34776,CP010125-29
135056,"Mary Helen Ward, MS, PhD",38448681.0,10.1038/s41370-023-00631-0,CP010125-29
135056,"Mary Helen Ward, MS, PhD",37741007.0,10.1016/j.envint.2023.108197,CP010125-29
135056,"Mary Helen Ward, MS, PhD",38504322.0,10.1186/s12940-024-01068-0,CP010125-29
135056,"Mary Helen Ward, MS, PhD",38497801.0,10.1158/1055-9965.EPI-23-1413,CP010125-29
135056,"Mary Helen Ward, MS, PhD",38566558.0,10.1158/1055-9965.EPI-23-1237,CP010125-29
135056,"Mary Helen Ward, MS, PhD",38629587.0,10.1093/aje/kwae048,CP010125-29
135056,"Mary Helen Ward, MS, PhD",36834278.0,10.3390/ijerph20043582,CP010125-29
135056,"Nathaniel C Rothman, MD",38400646.0,10.1093/aje/kwae010,CP010125-29
135056,"Nathaniel C Rothman, MD",38145439.0,10.1007/s10552-023-01823-7,CP010125-29
135056,"Nathaniel C Rothman, MD",38908662.0,10.1016/j.envres.2024.119466,CP010125-29
135056,"Nathaniel C Rothman, MD",38795658.0,10.1016/j.envint.2024.108767,CP010125-29
135056,"Nathaniel C Rothman, MD",36808241.0,10.1001/jamanetworkopen.2023.0133,CP010125-29
135056,"Nathaniel C Rothman, MD",37856832.0,10.1164/rccm.202305-0902OC,CP010125-29
135056,"Nathaniel C Rothman, MD",38092046.0,10.1093/jnci/djad261,CP010125-29
135056,"Nathaniel C Rothman, MD",38197649.0,10.1289/EHP13777,CP010125-29
135056,"Nathaniel C Rothman, MD",38636274.0,10.1016/j.envint.2024.108637,CP010125-29
135056,"Nathaniel C Rothman, MD",37902275.0,10.1002/ijc.34776,CP010125-29
135056,"Nathaniel C Rothman, MD",38448681.0,10.1038/s41370-023-00631-0,CP010125-29
135056,"Nathaniel C Rothman, MD",37741007.0,10.1016/j.envint.2023.108197,CP010125-29
135056,"Nathaniel C Rothman, MD",38504322.0,10.1186/s12940-024-01068-0,CP010125-29
135056,"Nathaniel C Rothman, MD",38497801.0,10.1158/1055-9965.EPI-23-1413,CP010125-29
135056,"Nathaniel C Rothman, MD",38566558.0,10.1158/1055-9965.EPI-23-1237,CP010125-29
135056,"Nathaniel C Rothman, MD",38629587.0,10.1093/aje/kwae048,CP010125-29
135056,"Nathaniel C Rothman, MD",36834278.0,10.3390/ijerph20043582,CP010125-29
135056,"Debra  Silverman, ScD, PhD, ScM",38400646.0,10.1093/aje/kwae010,CP010125-29
135056,"Debra  Silverman, ScD, PhD, ScM",38145439.0,10.1007/s10552-023-01823-7,CP010125-29
135056,"Debra  Silverman, ScD, PhD, ScM",38908662.0,10.1016/j.envres.2024.119466,CP010125-29
135056,"Debra  Silverman, ScD, PhD, ScM",38795658.0,10.1016/j.envint.2024.108767,CP010125-29
135056,"Debra  Silverman, ScD, PhD, ScM",36808241.0,10.1001/jamanetworkopen.2023.0133,CP010125-29
135056,"Debra  Silverman, ScD, PhD, ScM",37856832.0,10.1164/rccm.202305-0902OC,CP010125-29
135056,"Debra  Silverman, ScD, PhD, ScM",38092046.0,10.1093/jnci/djad261,CP010125-29
135056,"Debra  Silverman, ScD, PhD, ScM",38197649.0,10.1289/EHP13777,CP010125-29
135056,"Debra  Silverman, ScD, PhD, ScM",38636274.0,10.1016/j.envint.2024.108637,CP010125-29
135056,"Debra  Silverman, ScD, PhD, ScM",37902275.0,10.1002/ijc.34776,CP010125-29
135056,"Debra  Silverman, ScD, PhD, ScM",38448681.0,10.1038/s41370-023-00631-0,CP010125-29
135056,"Debra  Silverman, ScD, PhD, ScM",37741007.0,10.1016/j.envint.2023.108197,CP010125-29
135056,"Debra  Silverman, ScD, PhD, ScM",38504322.0,10.1186/s12940-024-01068-0,CP010125-29
135056,"Debra  Silverman, ScD, PhD, ScM",38497801.0,10.1158/1055-9965.EPI-23-1413,CP010125-29
135056,"Debra  Silverman, ScD, PhD, ScM",38566558.0,10.1158/1055-9965.EPI-23-1237,CP010125-29
135056,"Debra  Silverman, ScD, PhD, ScM",38629587.0,10.1093/aje/kwae048,CP010125-29
135056,"Debra  Silverman, ScD, PhD, ScM",36834278.0,10.3390/ijerph20043582,CP010125-29
135056,"Sonja  Berndt, PhD, PharmD",38400646.0,10.1093/aje/kwae010,CP010125-29
135056,"Sonja  Berndt, PhD, PharmD",38145439.0,10.1007/s10552-023-01823-7,CP010125-29
135056,"Sonja  Berndt, PhD, PharmD",38908662.0,10.1016/j.envres.2024.119466,CP010125-29
135056,"Sonja  Berndt, PhD, PharmD",38795658.0,10.1016/j.envint.2024.108767,CP010125-29
135056,"Sonja  Berndt, PhD, PharmD",36808241.0,10.1001/jamanetworkopen.2023.0133,CP010125-29
135056,"Sonja  Berndt, PhD, PharmD",37856832.0,10.1164/rccm.202305-0902OC,CP010125-29
135056,"Sonja  Berndt, PhD, PharmD",38092046.0,10.1093/jnci/djad261,CP010125-29
135056,"Sonja  Berndt, PhD, PharmD",38197649.0,10.1289/EHP13777,CP010125-29
135056,"Sonja  Berndt, PhD, PharmD",38636274.0,10.1016/j.envint.2024.108637,CP010125-29
135056,"Sonja  Berndt, PhD, PharmD",37902275.0,10.1002/ijc.34776,CP010125-29
135056,"Sonja  Berndt, PhD, PharmD",38448681.0,10.1038/s41370-023-00631-0,CP010125-29
135056,"Sonja  Berndt, PhD, PharmD",37741007.0,10.1016/j.envint.2023.108197,CP010125-29
135056,"Sonja  Berndt, PhD, PharmD",38504322.0,10.1186/s12940-024-01068-0,CP010125-29
135056,"Sonja  Berndt, PhD, PharmD",38497801.0,10.1158/1055-9965.EPI-23-1413,CP010125-29
135056,"Sonja  Berndt, PhD, PharmD",38566558.0,10.1158/1055-9965.EPI-23-1237,CP010125-29
135056,"Sonja  Berndt, PhD, PharmD",38629587.0,10.1093/aje/kwae048,CP010125-29
135056,"Sonja  Berndt, PhD, PharmD",36834278.0,10.3390/ijerph20043582,CP010125-29
135056,"Mark  Purdue, PhD",38400646.0,10.1093/aje/kwae010,CP010125-29
135056,"Mark  Purdue, PhD",38145439.0,10.1007/s10552-023-01823-7,CP010125-29
135056,"Mark  Purdue, PhD",38908662.0,10.1016/j.envres.2024.119466,CP010125-29
135056,"Mark  Purdue, PhD",38795658.0,10.1016/j.envint.2024.108767,CP010125-29
135056,"Mark  Purdue, PhD",36808241.0,10.1001/jamanetworkopen.2023.0133,CP010125-29
135056,"Mark  Purdue, PhD",37856832.0,10.1164/rccm.202305-0902OC,CP010125-29
135056,"Mark  Purdue, PhD",38092046.0,10.1093/jnci/djad261,CP010125-29
135056,"Mark  Purdue, PhD",38197649.0,10.1289/EHP13777,CP010125-29
135056,"Mark  Purdue, PhD",38636274.0,10.1016/j.envint.2024.108637,CP010125-29
135056,"Mark  Purdue, PhD",37902275.0,10.1002/ijc.34776,CP010125-29
135056,"Mark  Purdue, PhD",38448681.0,10.1038/s41370-023-00631-0,CP010125-29
135056,"Mark  Purdue, PhD",37741007.0,10.1016/j.envint.2023.108197,CP010125-29
135056,"Mark  Purdue, PhD",38504322.0,10.1186/s12940-024-01068-0,CP010125-29
135056,"Mark  Purdue, PhD",38497801.0,10.1158/1055-9965.EPI-23-1413,CP010125-29
135056,"Mark  Purdue, PhD",38566558.0,10.1158/1055-9965.EPI-23-1237,CP010125-29
135056,"Mark  Purdue, PhD",38629587.0,10.1093/aje/kwae048,CP010125-29
135056,"Mark  Purdue, PhD",36834278.0,10.3390/ijerph20043582,CP010125-29
135056,"Stella  Koutros, PhD",38400646.0,10.1093/aje/kwae010,CP010125-29
135056,"Stella  Koutros, PhD",38145439.0,10.1007/s10552-023-01823-7,CP010125-29
135056,"Stella  Koutros, PhD",38908662.0,10.1016/j.envres.2024.119466,CP010125-29
135056,"Stella  Koutros, PhD",38795658.0,10.1016/j.envint.2024.108767,CP010125-29
135056,"Stella  Koutros, PhD",36808241.0,10.1001/jamanetworkopen.2023.0133,CP010125-29
135056,"Stella  Koutros, PhD",37856832.0,10.1164/rccm.202305-0902OC,CP010125-29
135056,"Stella  Koutros, PhD",38092046.0,10.1093/jnci/djad261,CP010125-29
135056,"Stella  Koutros, PhD",38197649.0,10.1289/EHP13777,CP010125-29
135056,"Stella  Koutros, PhD",38636274.0,10.1016/j.envint.2024.108637,CP010125-29
135056,"Stella  Koutros, PhD",37902275.0,10.1002/ijc.34776,CP010125-29
135056,"Stella  Koutros, PhD",38448681.0,10.1038/s41370-023-00631-0,CP010125-29
135056,"Stella  Koutros, PhD",37741007.0,10.1016/j.envint.2023.108197,CP010125-29
135056,"Stella  Koutros, PhD",38504322.0,10.1186/s12940-024-01068-0,CP010125-29
135056,"Stella  Koutros, PhD",38497801.0,10.1158/1055-9965.EPI-23-1413,CP010125-29
135056,"Stella  Koutros, PhD",38566558.0,10.1158/1055-9965.EPI-23-1237,CP010125-29
135056,"Stella  Koutros, PhD",38629587.0,10.1093/aje/kwae048,CP010125-29
135056,"Stella  Koutros, PhD",36834278.0,10.3390/ijerph20043582,CP010125-29
135056,"Jonathan Nicholas Hofmann, PhD",38400646.0,10.1093/aje/kwae010,CP010125-29
135056,"Jonathan Nicholas Hofmann, PhD",38145439.0,10.1007/s10552-023-01823-7,CP010125-29
135056,"Jonathan Nicholas Hofmann, PhD",38908662.0,10.1016/j.envres.2024.119466,CP010125-29
135056,"Jonathan Nicholas Hofmann, PhD",38795658.0,10.1016/j.envint.2024.108767,CP010125-29
135056,"Jonathan Nicholas Hofmann, PhD",36808241.0,10.1001/jamanetworkopen.2023.0133,CP010125-29
135056,"Jonathan Nicholas Hofmann, PhD",37856832.0,10.1164/rccm.202305-0902OC,CP010125-29
135056,"Jonathan Nicholas Hofmann, PhD",38092046.0,10.1093/jnci/djad261,CP010125-29
135056,"Jonathan Nicholas Hofmann, PhD",38197649.0,10.1289/EHP13777,CP010125-29
135056,"Jonathan Nicholas Hofmann, PhD",38636274.0,10.1016/j.envint.2024.108637,CP010125-29
135056,"Jonathan Nicholas Hofmann, PhD",37902275.0,10.1002/ijc.34776,CP010125-29
135056,"Jonathan Nicholas Hofmann, PhD",38448681.0,10.1038/s41370-023-00631-0,CP010125-29
135056,"Jonathan Nicholas Hofmann, PhD",37741007.0,10.1016/j.envint.2023.108197,CP010125-29
135056,"Jonathan Nicholas Hofmann, PhD",38504322.0,10.1186/s12940-024-01068-0,CP010125-29
135056,"Jonathan Nicholas Hofmann, PhD",38497801.0,10.1158/1055-9965.EPI-23-1413,CP010125-29
135056,"Jonathan Nicholas Hofmann, PhD",38566558.0,10.1158/1055-9965.EPI-23-1237,CP010125-29
135056,"Jonathan Nicholas Hofmann, PhD",38629587.0,10.1093/aje/kwae048,CP010125-29
135056,"Jonathan Nicholas Hofmann, PhD",36834278.0,10.3390/ijerph20043582,CP010125-29
135056,"Rena Rae Jones, PhD",38400646.0,10.1093/aje/kwae010,CP010125-29
135056,"Rena Rae Jones, PhD",38145439.0,10.1007/s10552-023-01823-7,CP010125-29
135056,"Rena Rae Jones, PhD",38908662.0,10.1016/j.envres.2024.119466,CP010125-29
135056,"Rena Rae Jones, PhD",38795658.0,10.1016/j.envint.2024.108767,CP010125-29
135056,"Rena Rae Jones, PhD",36808241.0,10.1001/jamanetworkopen.2023.0133,CP010125-29
135056,"Rena Rae Jones, PhD",37856832.0,10.1164/rccm.202305-0902OC,CP010125-29
135056,"Rena Rae Jones, PhD",38092046.0,10.1093/jnci/djad261,CP010125-29
135056,"Rena Rae Jones, PhD",38197649.0,10.1289/EHP13777,CP010125-29
135056,"Rena Rae Jones, PhD",38636274.0,10.1016/j.envint.2024.108637,CP010125-29
135056,"Rena Rae Jones, PhD",37902275.0,10.1002/ijc.34776,CP010125-29
135056,"Rena Rae Jones, PhD",38448681.0,10.1038/s41370-023-00631-0,CP010125-29
135056,"Rena Rae Jones, PhD",37741007.0,10.1016/j.envint.2023.108197,CP010125-29
135056,"Rena Rae Jones, PhD",38504322.0,10.1186/s12940-024-01068-0,CP010125-29
135056,"Rena Rae Jones, PhD",38497801.0,10.1158/1055-9965.EPI-23-1413,CP010125-29
135056,"Rena Rae Jones, PhD",38566558.0,10.1158/1055-9965.EPI-23-1237,CP010125-29
135056,"Rena Rae Jones, PhD",38629587.0,10.1093/aje/kwae048,CP010125-29
135056,"Rena Rae Jones, PhD",36834278.0,10.3390/ijerph20043582,CP010125-29
135056,"Alexander Paul Keil, PhD",38400646.0,10.1093/aje/kwae010,CP010125-29
135056,"Alexander Paul Keil, PhD",38145439.0,10.1007/s10552-023-01823-7,CP010125-29
135056,"Alexander Paul Keil, PhD",38908662.0,10.1016/j.envres.2024.119466,CP010125-29
135056,"Alexander Paul Keil, PhD",38795658.0,10.1016/j.envint.2024.108767,CP010125-29
135056,"Alexander Paul Keil, PhD",36808241.0,10.1001/jamanetworkopen.2023.0133,CP010125-29
135056,"Alexander Paul Keil, PhD",37856832.0,10.1164/rccm.202305-0902OC,CP010125-29
135056,"Alexander Paul Keil, PhD",38092046.0,10.1093/jnci/djad261,CP010125-29
135056,"Alexander Paul Keil, PhD",38197649.0,10.1289/EHP13777,CP010125-29
135056,"Alexander Paul Keil, PhD",38636274.0,10.1016/j.envint.2024.108637,CP010125-29
135056,"Alexander Paul Keil, PhD",37902275.0,10.1002/ijc.34776,CP010125-29
135056,"Alexander Paul Keil, PhD",38448681.0,10.1038/s41370-023-00631-0,CP010125-29
135056,"Alexander Paul Keil, PhD",37741007.0,10.1016/j.envint.2023.108197,CP010125-29
135056,"Alexander Paul Keil, PhD",38504322.0,10.1186/s12940-024-01068-0,CP010125-29
135056,"Alexander Paul Keil, PhD",38497801.0,10.1158/1055-9965.EPI-23-1413,CP010125-29
135056,"Alexander Paul Keil, PhD",38566558.0,10.1158/1055-9965.EPI-23-1237,CP010125-29
135056,"Alexander Paul Keil, PhD",38629587.0,10.1093/aje/kwae048,CP010125-29
135056,"Alexander Paul Keil, PhD",36834278.0,10.3390/ijerph20043582,CP010125-29
135051,"Jonathan Nicholas Hofmann, PhD",38180898.0,10.1093/jnci/djae001,CP010123-29
135051,"Jonathan Nicholas Hofmann, PhD",38254178.0,10.1186/s13058-024-01766-0,CP010123-29
135051,"Jonathan Nicholas Hofmann, PhD",38702190.0,10.1136/thorax-2023-220352,CP010123-29
135051,"Jonathan Nicholas Hofmann, PhD",38651675.0,10.1002/ijc.34929,CP010123-29
135051,"Jonathan Nicholas Hofmann, PhD",37721487.0,10.1158/1055-9965.EPI-23-0881,CP010123-29
135051,"Nathaniel C Rothman, MD",38180898.0,10.1093/jnci/djae001,CP010123-29
135051,"Nathaniel C Rothman, MD",38254178.0,10.1186/s13058-024-01766-0,CP010123-29
135051,"Nathaniel C Rothman, MD",38702190.0,10.1136/thorax-2023-220352,CP010123-29
135051,"Nathaniel C Rothman, MD",38651675.0,10.1002/ijc.34929,CP010123-29
135051,"Nathaniel C Rothman, MD",37721487.0,10.1158/1055-9965.EPI-23-0881,CP010123-29
135051,"Mary Helen Ward, MS, PhD",38180898.0,10.1093/jnci/djae001,CP010123-29
135051,"Mary Helen Ward, MS, PhD",38254178.0,10.1186/s13058-024-01766-0,CP010123-29
135051,"Mary Helen Ward, MS, PhD",38702190.0,10.1136/thorax-2023-220352,CP010123-29
135051,"Mary Helen Ward, MS, PhD",38651675.0,10.1002/ijc.34929,CP010123-29
135051,"Mary Helen Ward, MS, PhD",37721487.0,10.1158/1055-9965.EPI-23-0881,CP010123-29
135051,"Qing  Lan, PhD, MD",38180898.0,10.1093/jnci/djae001,CP010123-29
135051,"Qing  Lan, PhD, MD",38254178.0,10.1186/s13058-024-01766-0,CP010123-29
135051,"Qing  Lan, PhD, MD",38702190.0,10.1136/thorax-2023-220352,CP010123-29
135051,"Qing  Lan, PhD, MD",38651675.0,10.1002/ijc.34929,CP010123-29
135051,"Qing  Lan, PhD, MD",37721487.0,10.1158/1055-9965.EPI-23-0881,CP010123-29
135051,"Rena Rae Jones, PhD",38180898.0,10.1093/jnci/djae001,CP010123-29
135051,"Rena Rae Jones, PhD",38254178.0,10.1186/s13058-024-01766-0,CP010123-29
135051,"Rena Rae Jones, PhD",38702190.0,10.1136/thorax-2023-220352,CP010123-29
135051,"Rena Rae Jones, PhD",38651675.0,10.1002/ijc.34929,CP010123-29
135051,"Rena Rae Jones, PhD",37721487.0,10.1158/1055-9965.EPI-23-0881,CP010123-29
134414,"Douglas  Lowy, MD",38793767.0,10.3390/vaccines12050516,BC010579-21
134414,"Douglas  Lowy, MD",37264688.0,10.1080/21645515.2023.2215677,BC010579-21
134414,"Douglas  Lowy, MD",37191544.0,10.1128/spectrum.05353-22,BC010579-21
134414,"Douglas  Lowy, MD",38437560.0,10.1073/pnas.2400517121,BC010579-21
134414,"Douglas  Lowy, MD",38624210.0,10.1128/mbio.00729-24,BC010579-21
135014,"Stanley  Adoro, PhD",38226624.0,10.1172/JCI175448,BC012135-02
134583,"Li  Yang, PhD",36973439.0,10.1038/s43018-023-00524-z,BC011165-16
134583,"Li  Yang, PhD",38997291.0,10.1038/s41467-024-50262-8,BC011165-16
134632,"Vinay K Pathak, PhD",38657061.0,10.1126/sciadv.adn7033,BC011436-13
134787,"Jing  Wu, PhD, MD",38420614.0,10.1093/noajnl/vdae019,BC011840-07
134787,"Jing  Wu, PhD, MD",37706203.0,10.1093/noajnl/vdad102,BC011840-07
134787,"Jing  Wu, PhD, MD",36754634.0,10.1212/WNL.0000000000207082,BC011840-07
134985,"Peter F Johnson, PhD",37862381.0,10.1073/pnas.2219801120,BC012098-03
138360,"Nirali Niranjan Shah, MD",38961599.0,10.1002/pbc.31171,BC012187-01
138360,"Nirali Niranjan Shah, MD",36906275.0,10.1016/j.jtct.2023.03.006,BC012187-01
138360,"Nirali Niranjan Shah, MD",36989488.0,10.1182/blood.2022017414,BC012187-01
138360,"Nirali Niranjan Shah, MD",37295816.0,10.1136/jitc-2022-005898,BC012187-01
138360,"Nirali Niranjan Shah, MD",38701425.0,10.1182/bloodadvances.2024013243,BC012187-01
138360,"Nirali Niranjan Shah, MD",37389815.0,10.1182/bloodadvances.2023010708,BC012187-01
138360,"Nirali Niranjan Shah, MD",38813719.0,10.3324/haematol.2023.284784,BC012187-01
138360,"Nirali Niranjan Shah, MD",37897136.0,10.1002/pbc.30741,BC012187-01
138360,"Nirali Niranjan Shah, MD",37486616.0,10.1182/bloodadvances.2023009789,BC012187-01
138360,"Nirali Niranjan Shah, MD",38298420.0,10.1016/j.omtm.2023.101171,BC012187-01
138360,"Nirali Niranjan Shah, MD",38864817.0,10.4049/immunohorizons.2400008,BC012187-01
134587,"Kent W Hunter, PhD",38722825.0,10.1371/journal.pgen.1011236,BC011255-15
134785,"Shyam K Sharan, PhD",36952545.0,10.1371/journal.pone.0283590,BC011848-07
134785,"Shyam K Sharan, PhD",38159568.0,10.1016/j.devcel.2023.12.003,BC011848-07
135067,"Steven  Moore, PhD",38285606.0,10.1002/cncr.35219,CP010152-25
135067,"Steven  Moore, PhD",38554236.0,10.1007/s10654-024-01110-y,CP010152-25
135067,"Nathaniel C Rothman, MD",38285606.0,10.1002/cncr.35219,CP010152-25
135067,"Nathaniel C Rothman, MD",38554236.0,10.1007/s10654-024-01110-y,CP010152-25
135067,"Stephen J Chanock, MD",38285606.0,10.1002/cncr.35219,CP010152-25
135067,"Stephen J Chanock, MD",38554236.0,10.1007/s10654-024-01110-y,CP010152-25
135067,"Christian Cormac Abnet, PhD, MPH",38285606.0,10.1002/cncr.35219,CP010152-25
135067,"Christian Cormac Abnet, PhD, MPH",38554236.0,10.1007/s10654-024-01110-y,CP010152-25
135067,"Demetrius  Albanes, MD",38285606.0,10.1002/cncr.35219,CP010152-25
135067,"Demetrius  Albanes, MD",38554236.0,10.1007/s10654-024-01110-y,CP010152-25
135067,"Sonja  Berndt, PhD, PharmD",38285606.0,10.1002/cncr.35219,CP010152-25
135067,"Sonja  Berndt, PhD, PharmD",38554236.0,10.1007/s10654-024-01110-y,CP010152-25
135067,"Mark  Purdue, PhD",38285606.0,10.1002/cncr.35219,CP010152-25
135067,"Mark  Purdue, PhD",38554236.0,10.1007/s10654-024-01110-y,CP010152-25
135067,"Gretchen L Gierach, MPH, PhD",38285606.0,10.1002/cncr.35219,CP010152-25
135067,"Gretchen L Gierach, MPH, PhD",38554236.0,10.1007/s10654-024-01110-y,CP010152-25
135067,"Nicolas Albert Hermann Wentzensen, PhD, MD",38285606.0,10.1002/cncr.35219,CP010152-25
135067,"Nicolas Albert Hermann Wentzensen, PhD, MD",38554236.0,10.1007/s10654-024-01110-y,CP010152-25
135067,"Jonathan Nicholas Hofmann, PhD",38285606.0,10.1002/cncr.35219,CP010152-25
135067,"Jonathan Nicholas Hofmann, PhD",38554236.0,10.1007/s10654-024-01110-y,CP010152-25
134629,"David  Schrump, MD",37608989.0,10.1016/j.jtcvs.2022.09.028,BC011418-14
134629,"David  Schrump, MD",38770717.0,10.1093/bib/bbae237,BC011418-14
134629,"David  Schrump, MD",38990952.0,10.1073/pnas.2405231121,BC011418-14
134629,"David  Schrump, MD",37974213.0,10.1186/s13046-023-02889-6,BC011418-14
134629,"David  Schrump, MD",36870293.0,10.1016/j.labinv.2022.100014,BC011418-14
135050,"Nathaniel C Rothman, MD",37910104.0,10.1001/jamanetworkopen.2023.40704,CP010121-29
135050,"Nathaniel C Rothman, MD",38465801.0,10.1002/em.22588,CP010121-29
135050,"Montserrat  Garcia-Closas, MD, PhD",37910104.0,10.1001/jamanetworkopen.2023.40704,CP010121-29
135050,"Montserrat  Garcia-Closas, MD, PhD",38465801.0,10.1002/em.22588,CP010121-29
135050,"Debra  Silverman, ScD, PhD, ScM",37910104.0,10.1001/jamanetworkopen.2023.40704,CP010121-29
135050,"Debra  Silverman, ScD, PhD, ScM",38465801.0,10.1002/em.22588,CP010121-29
135050,"Qing  Lan, PhD, MD",37910104.0,10.1001/jamanetworkopen.2023.40704,CP010121-29
135050,"Qing  Lan, PhD, MD",38465801.0,10.1002/em.22588,CP010121-29
135050,"Laura Elizabeth Beane Freeman, PhD",37910104.0,10.1001/jamanetworkopen.2023.40704,CP010121-29
135050,"Laura Elizabeth Beane Freeman, PhD",38465801.0,10.1002/em.22588,CP010121-29
135050,"Mark  Purdue, PhD",37910104.0,10.1001/jamanetworkopen.2023.40704,CP010121-29
135050,"Mark  Purdue, PhD",38465801.0,10.1002/em.22588,CP010121-29
135050,"Stella  Koutros, PhD",37910104.0,10.1001/jamanetworkopen.2023.40704,CP010121-29
135050,"Stella  Koutros, PhD",38465801.0,10.1002/em.22588,CP010121-29
135050,"Jonathan Nicholas Hofmann, PhD",37910104.0,10.1001/jamanetworkopen.2023.40704,CP010121-29
135050,"Jonathan Nicholas Hofmann, PhD",38465801.0,10.1002/em.22588,CP010121-29
134962,"Nicholas Donald Klemen, MD",38814579.0,10.1001/jamaoncol.2024.1869,BC012121-03
134604,"Mariam Q Malik, PhD",37980571.0,10.1016/j.celrep.2023.113446,BC011331-15
134604,"Mariam Q Malik, PhD",37858159.0,10.1186/s13046-023-02820-z,BC011331-15
134604,"Mariam Q Malik, PhD",38553628.0,10.1038/s42003-024-06040-9,BC011331-15
134604,"Mariam Q Malik, PhD",38466627.0,10.7554/eLife.92552,BC011331-15
134604,"Mariam Q Malik, PhD",38151017.0,10.1016/j.molcel.2023.11.035,BC011331-15
134604,"Mariam Q Malik, PhD",38271119.0,10.1172/JCI173718,BC011331-15
134685,"Kandice Danielle Tanner, PhD",36894684.0,10.1038/s41592-023-01816-z,BC011559-11
134395,"Stefan  Ambs, PhD",35468990.0,10.1038/s41391-022-00546-1,BC010499-22
134395,"Stefan  Ambs, PhD",37468456.0,10.1038/s41467-023-39865-9,BC010499-22
134395,"Stefan  Ambs, PhD",38151903.0,10.1002/cam4.6828,BC010499-22
134395,"Stefan  Ambs, PhD",37945903.0,10.1038/s41588-023-01534-4,BC010499-22
135141,"Robert  Yarchoan, MD, PhD",37436982.0,10.1126/sciadv.adg2955,SC006737-33
134864,"Kenneth Dean Aldape, MD",38500181.0,10.1186/s40478-024-01746-7,BC011850-06
134864,"Kenneth Dean Aldape, MD",39014393.0,10.1186/s40478-024-01781-4,BC011850-06
134597,"Nadya I Tarasova, PhD",38402212.0,10.1038/s41467-024-45902-y,BC011306-15
134597,"Nadya I Tarasova, PhD",38998987.0,10.3390/molecules29133036,BC011306-15
134597,"Nadya I Tarasova, PhD",38753096.0,10.1007/s10822-024-00562-4,BC011306-15
134570,Jeffrey Alan Carrell,37963022.0,10.1016/j.xpro.2023.102710,BC011236-16
134570,Jeffrey Alan Carrell,37801092.0,10.1007/s00251-023-01321-9,BC011236-16
135057,"Gretchen L Gierach, MPH, PhD",37141817.0,10.1016/j.ygyno.2023.04.014,CP010126-29
135057,"Gretchen L Gierach, MPH, PhD",37884890.0,10.1186/s12885-023-11511-z,CP010126-29
135057,"Gretchen L Gierach, MPH, PhD",38772931.0,10.1007/s10552-024-01882-4,CP010126-29
135057,"Gretchen L Gierach, MPH, PhD",38741014.0,10.1038/s41588-024-01736-4,CP010126-29
135057,"Gretchen L Gierach, MPH, PhD",36827971.0,10.1016/j.ajhg.2023.02.003,CP010126-29
135057,"Gretchen L Gierach, MPH, PhD",38082317.0,10.1186/s13058-023-01737-x,CP010126-29
135057,"Gretchen L Gierach, MPH, PhD",36922547.0,10.1038/s41523-023-00511-8,CP010126-29
135057,"Gretchen L Gierach, MPH, PhD",37749244.0,10.1038/s41588-023-01501-z,CP010126-29
135057,"Maria Teresa Pia Landi, PhD",37141817.0,10.1016/j.ygyno.2023.04.014,CP010126-29
135057,"Maria Teresa Pia Landi, PhD",37884890.0,10.1186/s12885-023-11511-z,CP010126-29
135057,"Maria Teresa Pia Landi, PhD",38772931.0,10.1007/s10552-024-01882-4,CP010126-29
135057,"Maria Teresa Pia Landi, PhD",38741014.0,10.1038/s41588-024-01736-4,CP010126-29
135057,"Maria Teresa Pia Landi, PhD",36827971.0,10.1016/j.ajhg.2023.02.003,CP010126-29
135057,"Maria Teresa Pia Landi, PhD",38082317.0,10.1186/s13058-023-01737-x,CP010126-29
135057,"Maria Teresa Pia Landi, PhD",36922547.0,10.1038/s41523-023-00511-8,CP010126-29
135057,"Maria Teresa Pia Landi, PhD",37749244.0,10.1038/s41588-023-01501-z,CP010126-29
135057,"Katherine Ann McGlynn, PhD",37141817.0,10.1016/j.ygyno.2023.04.014,CP010126-29
135057,"Katherine Ann McGlynn, PhD",37884890.0,10.1186/s12885-023-11511-z,CP010126-29
135057,"Katherine Ann McGlynn, PhD",38772931.0,10.1007/s10552-024-01882-4,CP010126-29
135057,"Katherine Ann McGlynn, PhD",38741014.0,10.1038/s41588-024-01736-4,CP010126-29
135057,"Katherine Ann McGlynn, PhD",36827971.0,10.1016/j.ajhg.2023.02.003,CP010126-29
135057,"Katherine Ann McGlynn, PhD",38082317.0,10.1186/s13058-023-01737-x,CP010126-29
135057,"Katherine Ann McGlynn, PhD",36922547.0,10.1038/s41523-023-00511-8,CP010126-29
135057,"Katherine Ann McGlynn, PhD",37749244.0,10.1038/s41588-023-01501-z,CP010126-29
135057,"Christian Cormac Abnet, PhD, MPH",37141817.0,10.1016/j.ygyno.2023.04.014,CP010126-29
135057,"Christian Cormac Abnet, PhD, MPH",37884890.0,10.1186/s12885-023-11511-z,CP010126-29
135057,"Christian Cormac Abnet, PhD, MPH",38772931.0,10.1007/s10552-024-01882-4,CP010126-29
135057,"Christian Cormac Abnet, PhD, MPH",38741014.0,10.1038/s41588-024-01736-4,CP010126-29
135057,"Christian Cormac Abnet, PhD, MPH",36827971.0,10.1016/j.ajhg.2023.02.003,CP010126-29
135057,"Christian Cormac Abnet, PhD, MPH",38082317.0,10.1186/s13058-023-01737-x,CP010126-29
135057,"Christian Cormac Abnet, PhD, MPH",36922547.0,10.1038/s41523-023-00511-8,CP010126-29
135057,"Christian Cormac Abnet, PhD, MPH",37749244.0,10.1038/s41588-023-01501-z,CP010126-29
135057,"Xiaohong Rose Yang, PhD",37141817.0,10.1016/j.ygyno.2023.04.014,CP010126-29
135057,"Xiaohong Rose Yang, PhD",37884890.0,10.1186/s12885-023-11511-z,CP010126-29
135057,"Xiaohong Rose Yang, PhD",38772931.0,10.1007/s10552-024-01882-4,CP010126-29
135057,"Xiaohong Rose Yang, PhD",38741014.0,10.1038/s41588-024-01736-4,CP010126-29
135057,"Xiaohong Rose Yang, PhD",36827971.0,10.1016/j.ajhg.2023.02.003,CP010126-29
135057,"Xiaohong Rose Yang, PhD",38082317.0,10.1186/s13058-023-01737-x,CP010126-29
135057,"Xiaohong Rose Yang, PhD",36922547.0,10.1038/s41523-023-00511-8,CP010126-29
135057,"Xiaohong Rose Yang, PhD",37749244.0,10.1038/s41588-023-01501-z,CP010126-29
135057,"Aimee Rebecca Kreimer, PhD",37141817.0,10.1016/j.ygyno.2023.04.014,CP010126-29
135057,"Aimee Rebecca Kreimer, PhD",37884890.0,10.1186/s12885-023-11511-z,CP010126-29
135057,"Aimee Rebecca Kreimer, PhD",38772931.0,10.1007/s10552-024-01882-4,CP010126-29
135057,"Aimee Rebecca Kreimer, PhD",38741014.0,10.1038/s41588-024-01736-4,CP010126-29
135057,"Aimee Rebecca Kreimer, PhD",36827971.0,10.1016/j.ajhg.2023.02.003,CP010126-29
135057,"Aimee Rebecca Kreimer, PhD",38082317.0,10.1186/s13058-023-01737-x,CP010126-29
135057,"Aimee Rebecca Kreimer, PhD",36922547.0,10.1038/s41523-023-00511-8,CP010126-29
135057,"Aimee Rebecca Kreimer, PhD",37749244.0,10.1038/s41588-023-01501-z,CP010126-29
135057,"Jonine Danya Figueroa, PhD",37141817.0,10.1016/j.ygyno.2023.04.014,CP010126-29
135057,"Jonine Danya Figueroa, PhD",37884890.0,10.1186/s12885-023-11511-z,CP010126-29
135057,"Jonine Danya Figueroa, PhD",38772931.0,10.1007/s10552-024-01882-4,CP010126-29
135057,"Jonine Danya Figueroa, PhD",38741014.0,10.1038/s41588-024-01736-4,CP010126-29
135057,"Jonine Danya Figueroa, PhD",36827971.0,10.1016/j.ajhg.2023.02.003,CP010126-29
135057,"Jonine Danya Figueroa, PhD",38082317.0,10.1186/s13058-023-01737-x,CP010126-29
135057,"Jonine Danya Figueroa, PhD",36922547.0,10.1038/s41523-023-00511-8,CP010126-29
135057,"Jonine Danya Figueroa, PhD",37749244.0,10.1038/s41588-023-01501-z,CP010126-29
135057,"Nicolas Albert Hermann Wentzensen, PhD, MD",37141817.0,10.1016/j.ygyno.2023.04.014,CP010126-29
135057,"Nicolas Albert Hermann Wentzensen, PhD, MD",37884890.0,10.1186/s12885-023-11511-z,CP010126-29
135057,"Nicolas Albert Hermann Wentzensen, PhD, MD",38772931.0,10.1007/s10552-024-01882-4,CP010126-29
135057,"Nicolas Albert Hermann Wentzensen, PhD, MD",38741014.0,10.1038/s41588-024-01736-4,CP010126-29
135057,"Nicolas Albert Hermann Wentzensen, PhD, MD",36827971.0,10.1016/j.ajhg.2023.02.003,CP010126-29
135057,"Nicolas Albert Hermann Wentzensen, PhD, MD",38082317.0,10.1186/s13058-023-01737-x,CP010126-29
135057,"Nicolas Albert Hermann Wentzensen, PhD, MD",36922547.0,10.1038/s41523-023-00511-8,CP010126-29
135057,"Nicolas Albert Hermann Wentzensen, PhD, MD",37749244.0,10.1038/s41588-023-01501-z,CP010126-29
135057,"Megan A Clarke, PhD",37141817.0,10.1016/j.ygyno.2023.04.014,CP010126-29
135057,"Megan A Clarke, PhD",37884890.0,10.1186/s12885-023-11511-z,CP010126-29
135057,"Megan A Clarke, PhD",38772931.0,10.1007/s10552-024-01882-4,CP010126-29
135057,"Megan A Clarke, PhD",38741014.0,10.1038/s41588-024-01736-4,CP010126-29
135057,"Megan A Clarke, PhD",36827971.0,10.1016/j.ajhg.2023.02.003,CP010126-29
135057,"Megan A Clarke, PhD",38082317.0,10.1186/s13058-023-01737-x,CP010126-29
135057,"Megan A Clarke, PhD",36922547.0,10.1038/s41523-023-00511-8,CP010126-29
135057,"Megan A Clarke, PhD",37749244.0,10.1038/s41588-023-01501-z,CP010126-29
135057,"Erikka  Loftfield, PhD",37141817.0,10.1016/j.ygyno.2023.04.014,CP010126-29
135057,"Erikka  Loftfield, PhD",37884890.0,10.1186/s12885-023-11511-z,CP010126-29
135057,"Erikka  Loftfield, PhD",38772931.0,10.1007/s10552-024-01882-4,CP010126-29
135057,"Erikka  Loftfield, PhD",38741014.0,10.1038/s41588-024-01736-4,CP010126-29
135057,"Erikka  Loftfield, PhD",36827971.0,10.1016/j.ajhg.2023.02.003,CP010126-29
135057,"Erikka  Loftfield, PhD",38082317.0,10.1186/s13058-023-01737-x,CP010126-29
135057,"Erikka  Loftfield, PhD",36922547.0,10.1038/s41523-023-00511-8,CP010126-29
135057,"Erikka  Loftfield, PhD",37749244.0,10.1038/s41588-023-01501-z,CP010126-29
135057,"Mustapha  Abubakar, PhD",37141817.0,10.1016/j.ygyno.2023.04.014,CP010126-29
135057,"Mustapha  Abubakar, PhD",37884890.0,10.1186/s12885-023-11511-z,CP010126-29
135057,"Mustapha  Abubakar, PhD",38772931.0,10.1007/s10552-024-01882-4,CP010126-29
135057,"Mustapha  Abubakar, PhD",38741014.0,10.1038/s41588-024-01736-4,CP010126-29
135057,"Mustapha  Abubakar, PhD",36827971.0,10.1016/j.ajhg.2023.02.003,CP010126-29
135057,"Mustapha  Abubakar, PhD",38082317.0,10.1186/s13058-023-01737-x,CP010126-29
135057,"Mustapha  Abubakar, PhD",36922547.0,10.1038/s41523-023-00511-8,CP010126-29
135057,"Mustapha  Abubakar, PhD",37749244.0,10.1038/s41588-023-01501-z,CP010126-29
135057,"Peter Lawrence-Peter Kraft, PhD",37141817.0,10.1016/j.ygyno.2023.04.014,CP010126-29
135057,"Peter Lawrence-Peter Kraft, PhD",37884890.0,10.1186/s12885-023-11511-z,CP010126-29
135057,"Peter Lawrence-Peter Kraft, PhD",38772931.0,10.1007/s10552-024-01882-4,CP010126-29
135057,"Peter Lawrence-Peter Kraft, PhD",38741014.0,10.1038/s41588-024-01736-4,CP010126-29
135057,"Peter Lawrence-Peter Kraft, PhD",36827971.0,10.1016/j.ajhg.2023.02.003,CP010126-29
135057,"Peter Lawrence-Peter Kraft, PhD",38082317.0,10.1186/s13058-023-01737-x,CP010126-29
135057,"Peter Lawrence-Peter Kraft, PhD",36922547.0,10.1038/s41523-023-00511-8,CP010126-29
135057,"Peter Lawrence-Peter Kraft, PhD",37749244.0,10.1038/s41588-023-01501-z,CP010126-29
134652,"Curtis C Harris, MD",38837903.0,10.1158/1078-0432.CCR-24-0637,BC011492-12
134652,"Curtis C Harris, MD",38118412.0,10.1016/j.xcrm.2023.101328,BC011492-12
134652,"Curtis C Harris, MD",38296990.0,10.1038/s41598-023-48862-3,BC011492-12
134652,"Curtis C Harris, MD",37292314.0,10.1016/j.heliyon.2023.e16684,BC011492-12
134652,"Curtis C Harris, MD",37452065.0,10.1038/s41598-023-38307-2,BC011492-12
134652,"Curtis C Harris, MD",38761410.0,10.1002/ijc.35034,BC011492-12
134652,"Curtis C Harris, MD",38959321.0,10.1126/sciadv.adj7402,BC011492-12
134652,"Curtis C Harris, MD",38570533.0,10.1038/s41389-024-00513-6,BC011492-12
134822,"Naomi  Taylor, MD, PhD",38677292.0,10.1016/j.immuni.2024.04.001,BC011924-06
134822,"Naomi  Taylor, MD, PhD",37945821.0,10.1038/s41590-023-01663-2,BC011924-06
134822,"Naomi  Taylor, MD, PhD",36302175.0,10.1158/1078-0432.CCR-22-2168,BC011924-06
134761,"Jonathan Matthew Hernandez, MD",38451783.0,10.1158/2767-9764.CRC-24-0085,BC011759-08
134761,"Jonathan Matthew Hernandez, MD",37980571.0,10.1016/j.celrep.2023.113446,BC011759-08
134761,"Jonathan Matthew Hernandez, MD",37903316.0,10.1200/JCO.23.01238,BC011759-08
134761,"Jonathan Matthew Hernandez, MD",37707375.0,10.1158/1541-7786.MCR-23-0122,BC011759-08
134761,"Jonathan Matthew Hernandez, MD",38418824.0,10.1038/s41467-024-45751-9,BC011759-08
134761,"Jonathan Matthew Hernandez, MD",38428410.0,10.1016/j.ccell.2024.02.001,BC011759-08
134761,"Jonathan Matthew Hernandez, MD",38280378.0,10.1016/j.xcrm.2024.101394,BC011759-08
134761,"Jonathan Matthew Hernandez, MD",37925632.0,10.1016/j.xpro.2023.102695,BC011759-08
134459,"Victor  Zhurkin, PhD, DSc",38561804.0,10.1186/s13148-024-01656-4,BC010844-18
134459,"Victor  Zhurkin, PhD, DSc",38151817.0,10.1158/1535-7163.MCT-23-0144,BC010844-18
134328,"Gordon Lee Hager, PhD",38160317.0,10.1002/pro.4890,BC005450-41
134951,"Chuan  Wu, PhD",38744291.0,10.1016/j.immuni.2024.03.023,BC012034-04
134951,"Chuan  Wu, PhD",38353705.0,10.1084/jem.20221042,BC012034-04
134951,"Chuan  Wu, PhD",37354904.0,10.1016/j.immuni.2023.06.001,BC012034-04
134732,"Mioara  Larion, PhD",37552767.0,10.1126/scisignal.ade0385,BC011710-09
134732,"Mioara  Larion, PhD",38782915.0,10.1038/s41467-024-48756-6,BC011710-09
135059,"Lindsay Mcomber Morton, PhD",38351125.0,10.1038/s41433-024-02959-9,CP010131-29
135059,"Lindsay Mcomber Morton, PhD",37307512.0,10.1200/JCO.22.02320,CP010131-29
135059,"Lindsay Mcomber Morton, PhD",38685564.0,10.1002/ijc.34971,CP010131-29
135059,"Lindsay Mcomber Morton, PhD",36623247.0,10.1200/JCO.22.00408,CP010131-29
135059,"Lindsay Mcomber Morton, PhD",38454124.0,10.1038/s41591-024-02837-7,CP010131-29
135059,"Lindsay Mcomber Morton, PhD",38718185.0,10.1093/jncics/pkae036,CP010131-29
135059,"Lindsay Mcomber Morton, PhD",38432461.0,10.1016/j.jaad.2024.01.084,CP010131-29
135059,"Lindsay Mcomber Morton, PhD",38524920.0,10.1016/j.eclinm.2024.102549,CP010131-29
135059,"Lindsay Mcomber Morton, PhD",37457112.0,10.1016/j.eclinm.2023.102060,CP010131-29
135059,"Lindsay Mcomber Morton, PhD",37138341.0,10.1186/s13058-023-01647-y,CP010131-29
135059,"Lindsay Mcomber Morton, PhD",38077272.0,10.1016/j.phro.2023.100520,CP010131-29
135059,"Lindsay Mcomber Morton, PhD",38865710.0,10.1182/bloodadvances.2024012693,CP010131-29
135059,"Lindsay Mcomber Morton, PhD",38149602.0,10.1089/thy.2023.0449,CP010131-29
135059,"Lindsay Mcomber Morton, PhD",38867579.0,10.3324/haematol.2024.285281,CP010131-29
135059,"Lindsay Mcomber Morton, PhD",37981238.0,10.1016/j.jtct.2023.11.011,CP010131-29
135059,"Lindsay Mcomber Morton, PhD",38718210.0,10.1093/jnci/djae107,CP010131-29
135059,"Gretchen L Gierach, MPH, PhD",38351125.0,10.1038/s41433-024-02959-9,CP010131-29
135059,"Gretchen L Gierach, MPH, PhD",37307512.0,10.1200/JCO.22.02320,CP010131-29
135059,"Gretchen L Gierach, MPH, PhD",38685564.0,10.1002/ijc.34971,CP010131-29
135059,"Gretchen L Gierach, MPH, PhD",36623247.0,10.1200/JCO.22.00408,CP010131-29
135059,"Gretchen L Gierach, MPH, PhD",38454124.0,10.1038/s41591-024-02837-7,CP010131-29
135059,"Gretchen L Gierach, MPH, PhD",38718185.0,10.1093/jncics/pkae036,CP010131-29
135059,"Gretchen L Gierach, MPH, PhD",38432461.0,10.1016/j.jaad.2024.01.084,CP010131-29
135059,"Gretchen L Gierach, MPH, PhD",38524920.0,10.1016/j.eclinm.2024.102549,CP010131-29
135059,"Gretchen L Gierach, MPH, PhD",37457112.0,10.1016/j.eclinm.2023.102060,CP010131-29
135059,"Gretchen L Gierach, MPH, PhD",37138341.0,10.1186/s13058-023-01647-y,CP010131-29
135059,"Gretchen L Gierach, MPH, PhD",38077272.0,10.1016/j.phro.2023.100520,CP010131-29
135059,"Gretchen L Gierach, MPH, PhD",38865710.0,10.1182/bloodadvances.2024012693,CP010131-29
135059,"Gretchen L Gierach, MPH, PhD",38149602.0,10.1089/thy.2023.0449,CP010131-29
135059,"Gretchen L Gierach, MPH, PhD",38867579.0,10.3324/haematol.2024.285281,CP010131-29
135059,"Gretchen L Gierach, MPH, PhD",37981238.0,10.1016/j.jtct.2023.11.011,CP010131-29
135059,"Gretchen L Gierach, MPH, PhD",38718210.0,10.1093/jnci/djae107,CP010131-29
135059,"Cari Meinhold Kitahara, PhD",38351125.0,10.1038/s41433-024-02959-9,CP010131-29
135059,"Cari Meinhold Kitahara, PhD",37307512.0,10.1200/JCO.22.02320,CP010131-29
135059,"Cari Meinhold Kitahara, PhD",38685564.0,10.1002/ijc.34971,CP010131-29
135059,"Cari Meinhold Kitahara, PhD",36623247.0,10.1200/JCO.22.00408,CP010131-29
135059,"Cari Meinhold Kitahara, PhD",38454124.0,10.1038/s41591-024-02837-7,CP010131-29
135059,"Cari Meinhold Kitahara, PhD",38718185.0,10.1093/jncics/pkae036,CP010131-29
135059,"Cari Meinhold Kitahara, PhD",38432461.0,10.1016/j.jaad.2024.01.084,CP010131-29
135059,"Cari Meinhold Kitahara, PhD",38524920.0,10.1016/j.eclinm.2024.102549,CP010131-29
135059,"Cari Meinhold Kitahara, PhD",37457112.0,10.1016/j.eclinm.2023.102060,CP010131-29
135059,"Cari Meinhold Kitahara, PhD",37138341.0,10.1186/s13058-023-01647-y,CP010131-29
135059,"Cari Meinhold Kitahara, PhD",38077272.0,10.1016/j.phro.2023.100520,CP010131-29
135059,"Cari Meinhold Kitahara, PhD",38865710.0,10.1182/bloodadvances.2024012693,CP010131-29
135059,"Cari Meinhold Kitahara, PhD",38149602.0,10.1089/thy.2023.0449,CP010131-29
135059,"Cari Meinhold Kitahara, PhD",38867579.0,10.3324/haematol.2024.285281,CP010131-29
135059,"Cari Meinhold Kitahara, PhD",37981238.0,10.1016/j.jtct.2023.11.011,CP010131-29
135059,"Cari Meinhold Kitahara, PhD",38718210.0,10.1093/jnci/djae107,CP010131-29
135059,"Choonsik  Lee, PhD",38351125.0,10.1038/s41433-024-02959-9,CP010131-29
135059,"Choonsik  Lee, PhD",37307512.0,10.1200/JCO.22.02320,CP010131-29
135059,"Choonsik  Lee, PhD",38685564.0,10.1002/ijc.34971,CP010131-29
135059,"Choonsik  Lee, PhD",36623247.0,10.1200/JCO.22.00408,CP010131-29
135059,"Choonsik  Lee, PhD",38454124.0,10.1038/s41591-024-02837-7,CP010131-29
135059,"Choonsik  Lee, PhD",38718185.0,10.1093/jncics/pkae036,CP010131-29
135059,"Choonsik  Lee, PhD",38432461.0,10.1016/j.jaad.2024.01.084,CP010131-29
135059,"Choonsik  Lee, PhD",38524920.0,10.1016/j.eclinm.2024.102549,CP010131-29
135059,"Choonsik  Lee, PhD",37457112.0,10.1016/j.eclinm.2023.102060,CP010131-29
135059,"Choonsik  Lee, PhD",37138341.0,10.1186/s13058-023-01647-y,CP010131-29
135059,"Choonsik  Lee, PhD",38077272.0,10.1016/j.phro.2023.100520,CP010131-29
135059,"Choonsik  Lee, PhD",38865710.0,10.1182/bloodadvances.2024012693,CP010131-29
135059,"Choonsik  Lee, PhD",38149602.0,10.1089/thy.2023.0449,CP010131-29
135059,"Choonsik  Lee, PhD",38867579.0,10.3324/haematol.2024.285281,CP010131-29
135059,"Choonsik  Lee, PhD",37981238.0,10.1016/j.jtct.2023.11.011,CP010131-29
135059,"Choonsik  Lee, PhD",38718210.0,10.1093/jnci/djae107,CP010131-29
135059,"Mark Peter Little, DPhil",38351125.0,10.1038/s41433-024-02959-9,CP010131-29
135059,"Mark Peter Little, DPhil",37307512.0,10.1200/JCO.22.02320,CP010131-29
135059,"Mark Peter Little, DPhil",38685564.0,10.1002/ijc.34971,CP010131-29
135059,"Mark Peter Little, DPhil",36623247.0,10.1200/JCO.22.00408,CP010131-29
135059,"Mark Peter Little, DPhil",38454124.0,10.1038/s41591-024-02837-7,CP010131-29
135059,"Mark Peter Little, DPhil",38718185.0,10.1093/jncics/pkae036,CP010131-29
135059,"Mark Peter Little, DPhil",38432461.0,10.1016/j.jaad.2024.01.084,CP010131-29
135059,"Mark Peter Little, DPhil",38524920.0,10.1016/j.eclinm.2024.102549,CP010131-29
135059,"Mark Peter Little, DPhil",37457112.0,10.1016/j.eclinm.2023.102060,CP010131-29
135059,"Mark Peter Little, DPhil",37138341.0,10.1186/s13058-023-01647-y,CP010131-29
135059,"Mark Peter Little, DPhil",38077272.0,10.1016/j.phro.2023.100520,CP010131-29
135059,"Mark Peter Little, DPhil",38865710.0,10.1182/bloodadvances.2024012693,CP010131-29
135059,"Mark Peter Little, DPhil",38149602.0,10.1089/thy.2023.0449,CP010131-29
135059,"Mark Peter Little, DPhil",38867579.0,10.3324/haematol.2024.285281,CP010131-29
135059,"Mark Peter Little, DPhil",37981238.0,10.1016/j.jtct.2023.11.011,CP010131-29
135059,"Mark Peter Little, DPhil",38718210.0,10.1093/jnci/djae107,CP010131-29
135059,"Elizabeth  Cahoon, PhD",38351125.0,10.1038/s41433-024-02959-9,CP010131-29
135059,"Elizabeth  Cahoon, PhD",37307512.0,10.1200/JCO.22.02320,CP010131-29
135059,"Elizabeth  Cahoon, PhD",38685564.0,10.1002/ijc.34971,CP010131-29
135059,"Elizabeth  Cahoon, PhD",36623247.0,10.1200/JCO.22.00408,CP010131-29
135059,"Elizabeth  Cahoon, PhD",38454124.0,10.1038/s41591-024-02837-7,CP010131-29
135059,"Elizabeth  Cahoon, PhD",38718185.0,10.1093/jncics/pkae036,CP010131-29
135059,"Elizabeth  Cahoon, PhD",38432461.0,10.1016/j.jaad.2024.01.084,CP010131-29
135059,"Elizabeth  Cahoon, PhD",38524920.0,10.1016/j.eclinm.2024.102549,CP010131-29
135059,"Elizabeth  Cahoon, PhD",37457112.0,10.1016/j.eclinm.2023.102060,CP010131-29
135059,"Elizabeth  Cahoon, PhD",37138341.0,10.1186/s13058-023-01647-y,CP010131-29
135059,"Elizabeth  Cahoon, PhD",38077272.0,10.1016/j.phro.2023.100520,CP010131-29
135059,"Elizabeth  Cahoon, PhD",38865710.0,10.1182/bloodadvances.2024012693,CP010131-29
135059,"Elizabeth  Cahoon, PhD",38149602.0,10.1089/thy.2023.0449,CP010131-29
135059,"Elizabeth  Cahoon, PhD",38867579.0,10.3324/haematol.2024.285281,CP010131-29
135059,"Elizabeth  Cahoon, PhD",37981238.0,10.1016/j.jtct.2023.11.011,CP010131-29
135059,"Elizabeth  Cahoon, PhD",38718210.0,10.1093/jnci/djae107,CP010131-29
134790,"Adam G Sowalsky, PhD",37725435.0,10.1172/JCI162148,BC011838-07
134790,"Adam G Sowalsky, PhD",38563224.0,10.1093/stmcls/sxae025,BC011838-07
134790,"Adam G Sowalsky, PhD",38260576.0,10.1101/2024.01.10.575110,BC011838-07
134790,"Adam G Sowalsky, PhD",38708958.0,10.1002/pros.24718,BC011838-07
134415,"Marc C Nicklaus, PhD",37182134.0,10.3389/fonc.2023.1144153,BC010639-21
134415,"Marc C Nicklaus, PhD",38753096.0,10.1007/s10822-024-00562-4,BC010639-21
134490,"Steven Aaron Rosenberg, MD, PhD",37258038.0,10.1136/jitc-2022-006264,BC010985-17
134490,"Steven Aaron Rosenberg, MD, PhD",37368077.0,10.1007/s00262-023-03476-6,BC010985-17
134490,"Steven Aaron Rosenberg, MD, PhD",37045473.0,,BC010985-17
134490,"Steven Aaron Rosenberg, MD, PhD",37045473.0,10.1136/jitc-2022-006303,BC010985-17
134757,"Sandra Lynn Wolin, MD, PhD",37948524.0,10.1126/sciadv.adf7997,BC011757-08
135132,"David  Schrump, MD",37597186.0,10.1016/j.celrep.2023.113016,SC010093-28
135132,"David  Schrump, MD",36754859.0,10.1002/cjp2.310,SC010093-28
135132,"David  Schrump, MD",38759225.0,10.1001/jamadermatol.2024.1804,SC010093-28
134478,"Stewart  Durell, PhD",37797431.0,10.1016/j.drup.2023.101009,BC011075-17
135021,"Karlyne M Reilly, BS, PhD",37966258.0,,BC012152-02
135021,"Karlyne M Reilly, BS, PhD",37966258.0,10.1158/2767-9764.CRC-23-0247,BC012152-02
135021,"Karlyne M Reilly, BS, PhD",38700789.0,10.1007/s00432-024-05706-5,BC012152-02
135021,"Karlyne M Reilly, BS, PhD",37878787.0,10.1093/oncolo/oyad285,BC012152-02
135021,"Karlyne M Reilly, BS, PhD",37345354.0,10.1002/pbc.30495,BC012152-02
134722,"John Fickes Brognard, PhD",38016478.0,10.1016/j.chembiol.2023.10.023,BC011690-09
134814,"Hatice Efsun Arda, PhD",38717453.0,10.1091/mbc.E24-02-0082,BC011798-07
134814,"Hatice Efsun Arda, PhD",38151817.0,10.1158/1535-7163.MCT-23-0144,BC011798-07
134814,"Hatice Efsun Arda, PhD",38238687.0,10.1186/s12864-024-09964-y,BC011798-07
134556,"Sheueyann  Cheng, PhD",38115586.0,10.1089/thy.2023.0521,BC011191-16
134746,"Ji  Luo, PhD",37339170.0,10.1158/0008-5472.CAN-23-0592,BC011733-09
134746,"Ji  Luo, PhD",38743809.0,10.1126/scisignal.add5073,BC011733-09
134483,"Jeffrey  Gildersleeve, PhD",38692308.0,10.1016/j.jaci.2024.04.018,BC011055-17
134483,"Jeffrey  Gildersleeve, PhD",37781858.0,10.1002/anie.202309744,BC011055-17
134483,"Jeffrey  Gildersleeve, PhD",38658531.0,10.1038/s41467-024-47457-4,BC011055-17
134454,"Raffit  Hassan, MD",37146241.0,10.1002/eji.202250309,BC010816-18
134454,"Raffit  Hassan, MD",36754859.0,10.1002/cjp2.310,BC010816-18
134454,"Raffit  Hassan, MD",38227666.0,10.1073/pnas.2317283121,BC010816-18
134454,"Raffit  Hassan, MD",36968141.0,10.1158/2767-9764.CRC-22-0306,BC010816-18
135069,"Peter Lawrence-Peter Kraft, PhD",38730723.0,10.3390/cancers16091771,CP010167-24
135069,"Peter Lawrence-Peter Kraft, PhD",38563855.0,10.1007/s11060-024-04652-z,CP010167-24
135069,"Peter Lawrence-Peter Kraft, PhD",37619838.0,10.1016/j.wneu.2023.08.062,CP010167-24
135069,"Peter Lawrence-Peter Kraft, PhD",37287573.0,10.1093/noajnl/vdad020,CP010167-24
135069,"Maria Constanza Camargo, PhD",38730723.0,10.3390/cancers16091771,CP010167-24
135069,"Maria Constanza Camargo, PhD",38563855.0,10.1007/s11060-024-04652-z,CP010167-24
135069,"Maria Constanza Camargo, PhD",37619838.0,10.1016/j.wneu.2023.08.062,CP010167-24
135069,"Maria Constanza Camargo, PhD",37287573.0,10.1093/noajnl/vdad020,CP010167-24
135069,"Ji Yeon  Choi, PhD",38730723.0,10.3390/cancers16091771,CP010167-24
135069,"Ji Yeon  Choi, PhD",38563855.0,10.1007/s11060-024-04652-z,CP010167-24
135069,"Ji Yeon  Choi, PhD",37619838.0,10.1016/j.wneu.2023.08.062,CP010167-24
135069,"Ji Yeon  Choi, PhD",37287573.0,10.1093/noajnl/vdad020,CP010167-24
135069,"Jill Suzanne Barnholtz-Sloan, PhD",38730723.0,10.3390/cancers16091771,CP010167-24
135069,"Jill Suzanne Barnholtz-Sloan, PhD",38563855.0,10.1007/s11060-024-04652-z,CP010167-24
135069,"Jill Suzanne Barnholtz-Sloan, PhD",37619838.0,10.1016/j.wneu.2023.08.062,CP010167-24
135069,"Jill Suzanne Barnholtz-Sloan, PhD",37287573.0,10.1093/noajnl/vdad020,CP010167-24
134354,"Scott K Durum, PhD",37875111.0,10.1016/j.chembiol.2023.09.014,BC009287-40
134354,"Scott K Durum, PhD",38031763.0,10.3324/haematol.2023.283559,BC009287-40
134528,"William Marston  Linehan, MD",38020527.0,10.1016/j.euros.2023.08.010,BC011043-17
134528,"William Marston  Linehan, MD",36495949.0,10.1016/j.urology.2022.11.032,BC011043-17
134528,"William Marston  Linehan, MD",38865696.0,10.1097/JU.0000000000004099,BC011043-17
134528,"William Marston  Linehan, MD",37037679.0,10.1016/j.urolonc.2023.03.007,BC011043-17
134528,"William Marston  Linehan, MD",37384546.0,10.1148/rg.220196,BC011043-17
134528,"William Marston  Linehan, MD",36987696.0,10.15252/emmm.202216877,BC011043-17
134528,"William Marston  Linehan, MD",38328795.0,10.1093/narcan/zcae004,BC011043-17
134528,"William Marston  Linehan, MD",38767436.0,10.1097/RLI.0000000000001087,BC011043-17
134528,"William Marston  Linehan, MD",38913566.0,10.1097/UPJ.0000000000000599,BC011043-17
134528,"William Marston  Linehan, MD",38714380.0,10.1016/j.urolonc.2024.04.010,BC011043-17
134528,"William Marston  Linehan, MD",36935552.0,10.1210/clinem/dgad136,BC011043-17
134528,"William Marston  Linehan, MD",37182269.0,10.1016/j.ebiom.2023.104596,BC011043-17
134528,"William Marston  Linehan, MD",37452654.0,10.1002/1878-0261.13490,BC011043-17
134528,"William Marston  Linehan, MD",37453304.0,10.1016/j.clinimag.2023.06.025,BC011043-17
134528,"William Marston  Linehan, MD",37095531.0,10.1186/s13046-023-02667-4,BC011043-17
134528,"William Marston  Linehan, MD",38703764.0,10.1016/j.xcrm.2024.101547,BC011043-17
134528,"William Marston  Linehan, MD",37353242.0,10.1016/j.urology.2022.11.054,BC011043-17
134528,"William Marston  Linehan, MD",36513625.0,10.1002/ajmg.a.63049,BC011043-17
134528,"William Marston  Linehan, MD",37380769.0,,BC011043-17
134528,"William Marston  Linehan, MD",37380769.0,10.1038/s41586-023-06256-5,BC011043-17
134661,"John Walter Glod, MD, PhD",37398992.0,10.1158/1078-0432.CCR-23-0709,BC011516-12
134661,"John Walter Glod, MD, PhD",37672694.0,10.1056/NEJMoa2303383,BC011516-12
134661,"John Walter Glod, MD, PhD",38554725.0,10.1016/S0140-6736(24)00319-2,BC011516-12
134661,"John Walter Glod, MD, PhD",37526549.0,10.1093/neuonc/noad141,BC011516-12
134661,"John Walter Glod, MD, PhD",37682953.0,10.1371/journal.pone.0291068,BC011516-12
134663,"Jung-Min  Lee, MD",38555285.0,10.1038/s41467-024-47215-6,BC011525-12
134663,"Jung-Min  Lee, MD",38241710.0,10.1158/0008-5472.CAN-23-1908,BC011525-12
134663,"Jung-Min  Lee, MD",38759516.0,10.1016/j.ygyno.2024.05.002,BC011525-12
134965,"Ravi  Madan, MD",38754067.0,10.1200/JCO.24.00279,BC012118-03
134965,"Ravi  Madan, MD",38712741.0,10.18632/oncotarget.28583,BC012118-03
134965,"Ravi  Madan, MD",38489582.0,10.1200/JCO.23.02727,BC012118-03
135146,"Leonard  Neckers, PhD",38316354.0,10.1016/j.cstres.2024.01.003,SC010074-29
135146,"Leonard  Neckers, PhD",37262072.0,10.1158/2159-8290.CD-22-0982,SC010074-29
135146,"Leonard  Neckers, PhD",37616468.0,10.1158/1078-0432.CCR-23-0200,SC010074-29
135146,"Leonard  Neckers, PhD",37540432.0,10.1007/978-1-0716-3342-7_11,SC010074-29
138340,"Marielle Elizabeth Yohe, MD",37585199.0,10.1001/jamadermatol.2023.2621,BC012175-01
134774,"Kathleen  Kelly, PhD",37725435.0,10.1172/JCI162148,BC011782-08
134774,"Kathleen  Kelly, PhD",38563224.0,10.1093/stmcls/sxae025,BC011782-08
134774,"Kathleen  Kelly, PhD",37368077.0,10.1007/s00262-023-03476-6,BC011782-08
134532,"William Marston  Linehan, MD",38020527.0,10.1016/j.euros.2023.08.010,BC011038-17
134532,"William Marston  Linehan, MD",38865696.0,10.1097/JU.0000000000004099,BC011038-17
134532,"William Marston  Linehan, MD",37778955.0,10.1016/j.urolonc.2023.09.003,BC011038-17
134532,"William Marston  Linehan, MD",37384546.0,10.1148/rg.220196,BC011038-17
134532,"William Marston  Linehan, MD",37561409.0,10.1093/hmg/ddad131,BC011038-17
134532,"William Marston  Linehan, MD",36987696.0,10.15252/emmm.202216877,BC011038-17
134532,"William Marston  Linehan, MD",38393723.0,10.1158/1078-0432.CCR-23-2592,BC011038-17
134532,"William Marston  Linehan, MD",38328795.0,10.1093/narcan/zcae004,BC011038-17
134532,"William Marston  Linehan, MD",38767436.0,10.1097/RLI.0000000000001087,BC011038-17
134532,"William Marston  Linehan, MD",38913566.0,10.1097/UPJ.0000000000000599,BC011038-17
134532,"William Marston  Linehan, MD",38714380.0,10.1016/j.urolonc.2024.04.010,BC011038-17
134532,"William Marston  Linehan, MD",37452654.0,,BC011038-17
134532,"William Marston  Linehan, MD",37452654.0,10.1002/1878-0261.13490,BC011038-17
134532,"William Marston  Linehan, MD",37453304.0,10.1016/j.clinimag.2023.06.025,BC011038-17
134532,"William Marston  Linehan, MD",37095531.0,10.1186/s13046-023-02667-4,BC011038-17
134532,"William Marston  Linehan, MD",38937630.0,10.1038/s41585-024-00911-w,BC011038-17
134532,"William Marston  Linehan, MD",38703764.0,10.1016/j.xcrm.2024.101547,BC011038-17
134532,"William Marston  Linehan, MD",37353242.0,10.1016/j.urology.2022.11.054,BC011038-17
134532,"William Marston  Linehan, MD",38383255.0,10.1016/j.crad.2024.01.029,BC011038-17
134532,"William Marston  Linehan, MD",36513625.0,10.1002/ajmg.a.63049,BC011038-17
134532,"William Marston  Linehan, MD",38299714.0,,BC011038-17
134532,"William Marston  Linehan, MD",38299714.0,10.1002/jmri.29222,BC011038-17
134863,"Jonathan Matthew Hernandez, MD",35817563.0,10.1136/jmg-2022-108733,BC011861-06
135126,"David D Roberts, PhD, MD",38495618.0,,SC009172-36
135126,"David D Roberts, PhD, MD",38495618.0,10.3389/fcell.2024.1356421,SC009172-36
135126,"David D Roberts, PhD, MD",38939691.0,10.1002/jex2.79,SC009172-36
134914,"Ryan Matthew Young, PhD",38906156.0,10.1016/j.ccell.2024.05.026,BC011999-05
134914,"Ryan Matthew Young, PhD",38652812.0,10.1158/1078-0432.CCR-24-0210,BC011999-05
135120,"Eric Andrew Engels, MD",38713084.0,10.1093/jnci/djae096,CP101235-04
135120,"Eric Andrew Engels, MD",37632787.0,10.1093/jnci/djad176,CP101235-04
135120,"Eric Andrew Engels, MD",37890463.0,10.1097/QAD.0000000000003770,CP101235-04
135120,"Eric Andrew Engels, MD",38081198.0,10.1016/S2352-3018(23)00257-6,CP101235-04
135120,"Aimee Rebecca Kreimer, PhD",38713084.0,10.1093/jnci/djae096,CP101235-04
135120,"Aimee Rebecca Kreimer, PhD",37632787.0,10.1093/jnci/djad176,CP101235-04
135120,"Aimee Rebecca Kreimer, PhD",37890463.0,10.1097/QAD.0000000000003770,CP101235-04
135120,"Aimee Rebecca Kreimer, PhD",38081198.0,10.1016/S2352-3018(23)00257-6,CP101235-04
135120,"Meredith Sarah Shiels, PhD",38713084.0,10.1093/jnci/djae096,CP101235-04
135120,"Meredith Sarah Shiels, PhD",37632787.0,10.1093/jnci/djad176,CP101235-04
135120,"Meredith Sarah Shiels, PhD",37890463.0,10.1097/QAD.0000000000003770,CP101235-04
135120,"Meredith Sarah Shiels, PhD",38081198.0,10.1016/S2352-3018(23)00257-6,CP101235-04
135120,"Mitchell John Machiela, PhD",38713084.0,10.1093/jnci/djae096,CP101235-04
135120,"Mitchell John Machiela, PhD",37632787.0,10.1093/jnci/djad176,CP101235-04
135120,"Mitchell John Machiela, PhD",37890463.0,10.1097/QAD.0000000000003770,CP101235-04
135120,"Mitchell John Machiela, PhD",38081198.0,10.1016/S2352-3018(23)00257-6,CP101235-04
134391,"Ying  Zhang, PhD",39029450.0,10.1016/j.chembiol.2024.06.005,BC010419-25
134391,"Ying  Zhang, PhD",39083380.0,10.1016/j.celrep.2024.114565,BC010419-25
135004,"Susan Mary Lea, PhD",37390814.0,10.1016/j.str.2023.06.002,BC012069-03
134603,"Paul S Meltzer, MD, PhD",37591946.0,10.1038/s42003-023-05208-z,BC011328-15
134603,"Paul S Meltzer, MD, PhD",37569529.0,10.3390/ijms241512155,BC011328-15
135144,"David  Levens, PhD, MD",37851801.0,10.1126/sciadv.adi4565,SC009144-40
134423,"Peter L Choyke, MD",38275890.0,10.3390/cancers16020449,BC010657-20
134455,"Frank  Maldarelli, MD, PhD",37854696.0,10.1016/j.isci.2023.107986,BC010819-18
134815,"Freddy Enrique Escorcia, MD, PhD",38675440.0,10.3390/ph17040480,BC011800-07
134815,"Freddy Enrique Escorcia, MD, PhD",37736195.0,10.1021/acsmedchemlett.3c00213,BC011800-07
134815,"Freddy Enrique Escorcia, MD, PhD",37817415.0,10.1111/cas.15965,BC011800-07
134870,"Ramya Meenakshi Ramaswami, MD",38941593.0,10.1182/blood.2024024144,BC011954-05
134870,"Ramya Meenakshi Ramaswami, MD",37352498.0,10.1097/QAD.0000000000003627,BC011954-05
134870,"Ramya Meenakshi Ramaswami, MD",37740179.0,10.1186/s12967-023-04517-5,BC011954-05
134870,"Ramya Meenakshi Ramaswami, MD",38564482.0,10.1097/QAD.0000000000003897,BC011954-05
134894,"Laurie Tate Krug, PhD",38263330.0,10.1038/s44319-023-00051-z,BC011953-05
134894,"Laurie Tate Krug, PhD",38170993.0,10.1128/mbio.02998-23,BC011953-05
134894,"Laurie Tate Krug, PhD",39008527.0,10.1371/journal.ppat.1012338,BC011953-05
134894,"Laurie Tate Krug, PhD",37740179.0,10.1186/s12967-023-04517-5,BC011953-05
134894,"Laurie Tate Krug, PhD",37747202.0,10.1128/msphere.00278-23,BC011953-05
134834,Brice Alexander Pitt Wilson,37843072.0,10.1021/acs.jnatprod.3c00394,BC011904-06
134834,Brice Alexander Pitt Wilson,37368408.0,10.1021/acs.jnatprod.3c00393,BC011904-06
134909,"Sridhar Subrahmanyam Hannenhalli, PhD",38699227.0,10.1016/j.isci.2024.109752,BC011984-05
134909,"Sridhar Subrahmanyam Hannenhalli, PhD",36941605.0,10.1186/s12967-023-04053-2,BC011984-05
134734,"Mark Richard Gilbert, MD",38298111.0,10.1002/advs.202308280,BC011714-09
134340,"Terrence R Burke, PhD",38346249.0,10.1021/acsinfecdis.3c00525,BC007363-30
134611,"Tim Friedrich Greten, MD",37770128.0,10.1136/gutjnl-2023-330024,BC011345-15
134611,"Tim Friedrich Greten, MD",37624046.0,10.4049/jimmunol.2200854,BC011345-15
134611,"Tim Friedrich Greten, MD",38192537.0,10.1016/j.jhepr.2023.100959,BC011345-15
134611,"Tim Friedrich Greten, MD",37595566.0,10.1016/j.cell.2023.07.026,BC011345-15
134711,"Ashish Kumar Lal, PhD",38347726.0,10.1080/10985549.2024.2307574,BC011646-10
135143,"David Anderson Wink, PhD",36830680.0,10.3390/biom13020311,SC007281-31
134617,"Stewart  Durell, PhD",39002674.0,10.1016/j.jbc.2024.107561,BC011379-14
134419,"Stefan  Ambs, PhD",35468990.0,10.1038/s41391-022-00546-1,BC010624-21
134419,"Stefan  Ambs, PhD",37468456.0,10.1038/s41467-023-39865-9,BC010624-21
134419,"Stefan  Ambs, PhD",38151903.0,10.1002/cam4.6828,BC010624-21
134419,"Stefan  Ambs, PhD",37945903.0,10.1038/s41588-023-01534-4,BC010624-21
134419,"Stefan  Ambs, PhD",38192023.0,10.1002/pros.24662,BC010624-21
134419,"Stefan  Ambs, PhD",37806772.0,10.1093/jncics/pkad063,BC010624-21
134768,"Jagan Reddy Muppidi, MD, PhD",38906156.0,10.1016/j.ccell.2024.05.026,BC011772-08
134768,"Jagan Reddy Muppidi, MD, PhD",38701792.0,10.1016/j.ccell.2024.04.007,BC011772-08
134768,"Jagan Reddy Muppidi, MD, PhD",38899693.0,10.1056/NEJMoa2401532,BC011772-08
134768,"Jagan Reddy Muppidi, MD, PhD",38428410.0,10.1016/j.ccell.2024.02.001,BC011772-08
134768,"Jagan Reddy Muppidi, MD, PhD",37714151.0,10.1016/j.immuni.2023.08.018,BC011772-08
134768,"Jagan Reddy Muppidi, MD, PhD",37141112.0,10.1158/2159-8290.CD-22-1401,BC011772-08
135049,"Qing  Lan, PhD, MD",38727681.0,10.5271/sjweh.4164,CP010120-29
135049,"Qing  Lan, PhD, MD",37557062.0,10.1016/j.ijheh.2023.114223,CP010120-29
135049,"Nathaniel C Rothman, MD",38727681.0,10.5271/sjweh.4164,CP010120-29
135049,"Nathaniel C Rothman, MD",37557062.0,10.1016/j.ijheh.2023.114223,CP010120-29
135049,"Debra  Silverman, ScD, PhD, ScM",38727681.0,10.5271/sjweh.4164,CP010120-29
135049,"Debra  Silverman, ScD, PhD, ScM",37557062.0,10.1016/j.ijheh.2023.114223,CP010120-29
135049,"Laura Elizabeth Beane Freeman, PhD",38727681.0,10.5271/sjweh.4164,CP010120-29
135049,"Laura Elizabeth Beane Freeman, PhD",37557062.0,10.1016/j.ijheh.2023.114223,CP010120-29
135049,"Mark  Purdue, PhD",38727681.0,10.5271/sjweh.4164,CP010120-29
135049,"Mark  Purdue, PhD",37557062.0,10.1016/j.ijheh.2023.114223,CP010120-29
135049,"Stella  Koutros, PhD",38727681.0,10.5271/sjweh.4164,CP010120-29
135049,"Stella  Koutros, PhD",37557062.0,10.1016/j.ijheh.2023.114223,CP010120-29
134846,"Mitchell  Ho, PhD",38177144.0,10.1038/s41467-023-44534-y,BC011891-06
134867,"Bradford J Wood, MD",38262813.0,10.1016/j.acra.2024.01.009,BC011936-05
134867,"Bradford J Wood, MD",37858505.0,10.1016/j.acra.2023.09.030,BC011936-05
134867,"Bradford J Wood, MD",37788501.0,10.1093/infdis/jiad158,BC011936-05
134867,"Bradford J Wood, MD",39022660.0,10.1002/bco2.373,BC011936-05
134867,"Bradford J Wood, MD",37015418.0,10.1109/TUFFC.2022.3229903,BC011936-05
134867,"Bradford J Wood, MD",37811666.0,10.1002/jmri.29031,BC011936-05
134867,"Bradford J Wood, MD",38958754.0,10.1007/s00261-024-04468-5,BC011936-05
134867,"Bradford J Wood, MD",38713024.0,10.1148/radiol.230750,BC011936-05
134867,"Bradford J Wood, MD",38712741.0,10.18632/oncotarget.28583,BC011936-05
134867,"Bradford J Wood, MD",38670874.0,10.1016/j.acra.2024.04.011,BC011936-05
134867,"Bradford J Wood, MD",37717420.0,10.1016/j.ejrad.2023.111095,BC011936-05
138352,Nicholas Paul Tschernia,36640137.0,10.1093/oncolo/oyac244,BC012166-01
138352,Nicholas Paul Tschernia,37234190.0,10.1016/j.intimp.2023.109736,BC012166-01
138352,Nicholas Paul Tschernia,37527906.0,10.1136/jitc-2023-006959,BC012166-01
134406,"Bradley D St Croix, PhD",38596291.0,10.1016/j.omton.2024.200763,BC010484-22
134571,Colm  O'Huigin,38662827.0,10.1126/science.adh7954,BC011237-16
134571,Colm  O'Huigin,37859621.0,10.15252/emmm.202318367,BC011237-16
134571,Colm  O'Huigin,38236978.0,10.1126/science.adk0777,BC011237-16
134571,Colm  O'Huigin,38383456.0,10.1038/s41467-024-45107-3,BC011237-16
134878,"Philippe Bijin Youkharibache, PhD",37296383.0,10.1186/s12859-023-05370-5,BC011990-05
135053,"Alisa  Goldstein, PhD",37565819.0,10.1093/hmg/ddad133,CP005803-30
135053,"Maria Teresa Pia Landi, PhD",37565819.0,10.1093/hmg/ddad133,CP005803-30
135053,"Debra  Silverman, ScD, PhD, ScM",37565819.0,10.1093/hmg/ddad133,CP005803-30
135053,"Xiaohong Rose Yang, PhD",37565819.0,10.1093/hmg/ddad133,CP005803-30
135053,"Sharon Ann Savage, MD",37565819.0,10.1093/hmg/ddad133,CP005803-30
135053,"Maria Constanza Camargo, PhD",37565819.0,10.1093/hmg/ddad133,CP005803-30
135053,"Mitchell John Machiela, PhD",37565819.0,10.1093/hmg/ddad133,CP005803-30
134573,"Jung-Hyun  Park, PhD",37887277.0,10.3390/cells12202433,BC011215-16
134573,"Jung-Hyun  Park, PhD",37216869.0,10.1016/j.jaut.2023.103059,BC011215-16
134347,"David J Fitzgerald, PhD",37971407.0,10.1096/fj.202301052R,BC008757-37
134347,"David J Fitzgerald, PhD",38706610.0,10.3389/fonc.2024.1386190,BC008757-37
134433,"James W Hodge, PhD",38593586.0,10.1016/j.tranon.2024.101943,BC010661-20
134433,"James W Hodge, PhD",38822345.0,10.1186/s12967-024-05339-9,BC010661-20
134824,"Naomi  Taylor, MD, PhD",39042728.0,10.1126/scisignal.adp8569,BC011923-06
134824,"Naomi  Taylor, MD, PhD",38284984.0,10.4049/jimmunol.2300091,BC011923-06
134824,"Naomi  Taylor, MD, PhD",38298420.0,10.1016/j.omtm.2023.101171,BC011923-06
134549,"William G Telford, PhD",37190191.0,10.3390/cancers15082263,BC011138-17
134549,"William G Telford, PhD",37200525.0,10.1002/cpz1.785,BC011138-17
134549,"William G Telford, PhD",37595566.0,10.1016/j.cell.2023.07.026,BC011138-17
134549,"William G Telford, PhD",39117617.0,10.1038/s41392-024-01915-z,BC011138-17
134675,"Andrea Borghese Apolo, MD",38954785.0,10.1200/JCO.23.02233,BC011594-11
134978,"Andra Valentina Krauze, MD",37637066.0,10.3389/fonc.2023.1127645,BC012093-03
134978,"Andra Valentina Krauze, MD",37892181.0,10.3390/biom13101499,BC012093-03
134978,"Andra Valentina Krauze, MD",37760597.0,10.3390/cancers15184628,BC012093-03
134978,"Andra Valentina Krauze, MD",37345009.0,10.3390/cancers15102672,BC012093-03
134978,"Andra Valentina Krauze, MD",38612892.0,10.3390/ijms25074082,BC012093-03
134538,"Paul S Meltzer, MD, PhD",38832931.0,10.1158/0008-5472.CAN-23-2785,BC011091-17
134538,"Paul S Meltzer, MD, PhD",36302175.0,10.1158/1078-0432.CCR-22-2168,BC011091-17
134538,"Paul S Meltzer, MD, PhD",38868205.0,10.1016/j.isci.2024.109781,BC011091-17
134888,"Jay Arthur Berzofsky, MD, PhD",38835757.0,10.3389/fimmu.2024.1386243,BC011941-05
134827,Kathleen A Calzone,38797885.0,10.1111/jnu.12993,BC011912-06
134827,Kathleen A Calzone,38509799.0,10.1111/jan.16099,BC011912-06
134827,Kathleen A Calzone,38595133.0,10.1097/JXX.0000000000001007,BC011912-06
134827,Kathleen A Calzone,38002957.0,10.3390/genes14112013,BC011912-06
134599,"Joel Patrick Schneider, PhD",38532642.0,10.1002/adma.202314367,BC011313-15
134599,"Joel Patrick Schneider, PhD",38057633.0,10.1002/anie.202313507,BC011313-15
134703,"Mark Richard Gilbert, MD",37395282.0,10.1172/JCI167929,BC011640-10
134955,"Susan Mary Lea, PhD",38114483.0,10.1038/s41467-023-44221-y,BC012043-04
134955,"Susan Mary Lea, PhD",38538833.0,10.1038/s41564-024-01644-7,BC012043-04
134955,"Susan Mary Lea, PhD",37083535.0,10.1126/sciadv.adf7790,BC012043-04
135130,"Wyndham H Wilson, MD, PhD",38701792.0,10.1016/j.ccell.2024.04.007,SC006741-32
135130,"Wyndham H Wilson, MD, PhD",38696257.0,10.1172/JCI176142,SC006741-32
135130,"Wyndham H Wilson, MD, PhD",36696540.0,10.1182/bloodadvances.2022009389,SC006741-32
135130,"Wyndham H Wilson, MD, PhD",35882475.0,10.1182/bloodadvances.2022007431,SC006741-32
135130,"Wyndham H Wilson, MD, PhD",37389844.0,10.1182/bloodadvances.2023010223,SC006741-32
135130,"Wyndham H Wilson, MD, PhD",38428410.0,10.1016/j.ccell.2024.02.001,SC006741-32
135130,"Wyndham H Wilson, MD, PhD",36201743.0,10.1182/blood.2022016534,SC006741-32
135130,"Wyndham H Wilson, MD, PhD",36799072.0,10.1002/cam4.5628,SC006741-32
134986,"Michael Bernhard Aregger, PhD",38134889.0,10.1093/neuonc/noad252,BC012099-03
134471,"Robert Andrew Byrd, PhD",37906952.0,10.1021/jacs.3c07225,BC011131-17
134871,"Euna  Yoo, PhD",38629450.0,10.1021/acschembio.4c00025,BC011961-05
135027,"Padma Sheila Rajagopal, MD, MPH",38699227.0,10.1016/j.isci.2024.109752,BC012144-02
134637,"John A Beutler, MSc, PhD",37082750.0,,BC011469-13
134637,"John A Beutler, MSc, PhD",37082750.0,10.1021/acsptsci.3c00010,BC011469-13
135026,"Sri  Krishna, PhD",38039963.0,10.1016/j.ccell.2023.11.005,BC012156-02
134333,"Genoveffa  Franchini, MD",38668247.0,10.3390/pathogens13040292,BC005645-35
134333,"Genoveffa  Franchini, MD",37637115.0,10.3389/fmicb.2023.1175679,BC005645-35
134410,"Marc C Nicklaus, PhD",37182134.0,10.3389/fonc.2023.1144153,BC010517-22
134764,"Terri Sue Armstrong, PhD",38420614.0,10.1093/noajnl/vdae019,BC011768-08
134764,"Terri Sue Armstrong, PhD",38281073.0,10.1093/jnci/djae020,BC011768-08
134764,"Terri Sue Armstrong, PhD",38069666.0,10.1093/neuonc/noad226,BC011768-08
134764,"Terri Sue Armstrong, PhD",37150264.0,10.1016/j.ijrobp.2023.04.030,BC011768-08
134764,"Terri Sue Armstrong, PhD",37104681.0,10.1097/NNR.0000000000000660,BC011768-08
134764,"Terri Sue Armstrong, PhD",38427131.0,10.1007/s11060-024-04613-6,BC011768-08
134764,"Terri Sue Armstrong, PhD",37902916.0,10.1007/s11060-023-04474-5,BC011768-08
134764,"Terri Sue Armstrong, PhD",39006527.0,10.1093/nop/npae018,BC011768-08
134640,"Barry R O'Keefe, PhD",38338394.0,10.3390/molecules29030651,BC011472-13
134672,"Kylie Janice Walters, PhD",38191484.0,10.1038/s41467-023-44611-2,BC011490-12
134672,"Kylie Janice Walters, PhD",37812322.0,10.1007/s12104-023-10157-z,BC011490-12
134672,"Kylie Janice Walters, PhD",38360993.0,10.1038/s44318-024-00046-z,BC011490-12
134672,"Kylie Janice Walters, PhD",38509117.0,10.1038/s41467-024-46644-7,BC011490-12
134672,"Kylie Janice Walters, PhD",37438348.0,10.1038/s41467-023-39776-9,BC011490-12
134672,"Kylie Janice Walters, PhD",37590133.0,10.1016/j.celrep.2023.113001,BC011490-12
134672,"Kylie Janice Walters, PhD",38487241.0,10.1039/d3sc06370d,BC011490-12
134672,"Kylie Janice Walters, PhD",38151017.0,10.1016/j.molcel.2023.11.035,BC011490-12
134672,"Kylie Janice Walters, PhD",38700979.0,10.1016/j.xpro.2024.103060,BC011490-12
134733,"Mioara  Larion, PhD",38828478.0,10.1093/neuonc/noae101,BC011711-09
134869,"Yves  Pommier, MD, PhD",37980342.0,10.1038/s41467-023-43151-z,BC011948-05
134869,"Yves  Pommier, MD, PhD",37600974.0,10.1093/narcan/zcad013,BC011948-05
134869,"Yves  Pommier, MD, PhD",37670571.0,10.1093/nar/gkad735,BC011948-05
134869,"Yves  Pommier, MD, PhD",37579177.0,10.1073/pnas.2218483120,BC011948-05
134323,"Gisela Esta Sterneck, PhD",38271119.0,10.1172/JCI173718,BC010307-25
134323,"Gisela Esta Sterneck, PhD",38733583.0,10.1016/j.celrep.2024.114202,BC010307-25
134610,"Tim Friedrich Greten, MD",38184304.0,10.1136/jitc-2023-008079,BC011344-15
134610,"Tim Friedrich Greten, MD",37980571.0,10.1016/j.celrep.2023.113446,BC011344-15
134610,"Tim Friedrich Greten, MD",37094826.0,10.1097/HEP.0000000000000420,BC011344-15
134610,"Tim Friedrich Greten, MD",38205877.0,10.1002/cam4.6912,BC011344-15
134668,"Jennifer Clare Jones, MD, PhD",38113854.0,10.1016/j.crmeth.2023.100664,BC011502-12
134668,"Jennifer Clare Jones, MD, PhD",37942280.0,10.1002/jex2.107,BC011502-12
134668,"Jennifer Clare Jones, MD, PhD",38063210.0,10.1002/jev2.12385,BC011502-12
134668,"Jennifer Clare Jones, MD, PhD",38872853.0,10.1016/j.vesic.2024.100040,BC011502-12
134668,"Jennifer Clare Jones, MD, PhD",38868945.0,10.1002/jev2.12463,BC011502-12
134668,"Jennifer Clare Jones, MD, PhD",37788377.0,10.1021/acs.nanolett.3c00562,BC011502-12
134668,"Jennifer Clare Jones, MD, PhD",37622115.0,10.3389/fimmu.2023.1235791,BC011502-12
135045,"Meredith Sarah Shiels, PhD",38457606.0,10.1093/jncics/pkae012,CP010183-22
135045,"Philip Samuel Rosenberg, PhD",38457606.0,10.1093/jncics/pkae012,CP010183-22
135045,"Christian Cormac Abnet, PhD, MPH",38457606.0,10.1093/jncics/pkae012,CP010183-22
135045,"Nicolas Albert Hermann Wentzensen, PhD, MD",38457606.0,10.1093/jncics/pkae012,CP010183-22
135045,"Jacqueline Nhung Bui Vo, PhD",38457606.0,10.1093/jncics/pkae012,CP010183-22
134503,"Louis  Staudt, MD, PhD",38701792.0,10.1016/j.ccell.2024.04.007,BC011008-17
134503,"Louis  Staudt, MD, PhD",38215749.0,10.1016/j.ccell.2023.12.019,BC011008-17
134614,"Philip Jeffrey Tofilon, PhD",38811596.0,10.1038/s41598-024-61240-x,BC011372-14
135019,"Senthil Kumar Muthuswamy, PhD",38319286.0,10.1158/1541-7786.MCR-23-0199,BC012132-02
135019,"Senthil Kumar Muthuswamy, PhD",38553763.0,10.1186/s13058-024-01798-6,BC012132-02
135019,"Senthil Kumar Muthuswamy, PhD",35834008.0,10.1007/s00262-022-03237-x,BC012132-02
134949,"Kerstin  Heselmeyer, PhD",38588446.0,10.1158/1541-7786.MCR-23-1090,BC012031-04
134949,"Kerstin  Heselmeyer, PhD",37095531.0,10.1186/s13046-023-02667-4,BC012031-04
134949,"Kerstin  Heselmeyer, PhD",38347726.0,10.1080/10985549.2024.2307574,BC012031-04
134949,"Kerstin  Heselmeyer, PhD",36971511.0,10.1158/0008-5472.CAN-22-3030,BC012031-04
134949,"Kerstin  Heselmeyer, PhD",36961501.0,10.7554/eLife.82690,BC012031-04
134783,"Kenneth Dean Aldape, MD",38500181.0,10.1186/s40478-024-01746-7,BC011846-07
134783,"Kenneth Dean Aldape, MD",39014393.0,10.1186/s40478-024-01781-4,BC011846-07
135137,"James B Mitchell, PhD",38359816.0,10.1158/1535-7163.MCT-23-0796,SC006321-45
134843,"Ravi  Madan, MD",37162497.0,10.1093/oncolo/oyad099,BC011896-06
134843,"Ravi  Madan, MD",38754067.0,10.1200/JCO.24.00279,BC011896-06
134843,"Ravi  Madan, MD",37858437.0,10.1016/j.euo.2023.09.010,BC011896-06
134843,"Ravi  Madan, MD",36640137.0,10.1093/oncolo/oyac244,BC011896-06
134843,"Ravi  Madan, MD",38886519.0,10.1038/s41585-024-00902-x,BC011896-06
134843,"Ravi  Madan, MD",36821354.0,10.1097/CJI.0000000000000459,BC011896-06
134474,"Kerstin  Heselmeyer, PhD",38706610.0,10.3389/fonc.2024.1386190,BC010981-17
134950,"Baris Ismail Turkbey, MD",38134936.0,10.1016/j.ccell.2023.11.011,BC012032-04
134950,"Baris Ismail Turkbey, MD",38712741.0,10.18632/oncotarget.28583,BC012032-04
134950,"Baris Ismail Turkbey, MD",36309101.0,10.1016/j.ajpath.2022.09.009,BC012032-04
134950,"Baris Ismail Turkbey, MD",38299714.0,10.1002/jmri.29222,BC012032-04
134468,Sandeep  Pallikkuth,37506697.0,10.1016/j.molcel.2023.06.036,BC010978-17
134468,Sandeep  Pallikkuth,36758799.0,10.1016/j.jbc.2023.102992,BC010978-17
134952,Colin  Wu,37597513.0,10.1016/j.molcel.2023.07.028,BC012037-04
134452,"Javed  Khan, MD",38653778.0,10.1038/s41467-024-47166-y,BC010806-18
134452,"Javed  Khan, MD",38402212.0,10.1038/s41467-024-45902-y,BC010806-18
134452,"Javed  Khan, MD",37739951.0,10.1038/s41467-023-41631-w,BC010806-18
134452,"Javed  Khan, MD",36951526.0,10.1093/jnci/djad055,BC010806-18
134452,"Javed  Khan, MD",37732905.0,10.1158/2767-9764.CRC-23-0119,BC010806-18
134452,"Javed  Khan, MD",38102140.0,10.1038/s41467-023-44130-0,BC010806-18
134452,"Javed  Khan, MD",37774704.0,10.1016/j.xcrm.2023.101212,BC010806-18
134373,"Gordon Lee Hager, PhD",38448539.0,10.1038/s41598-024-55254-8,BC010308-26
134658,"Hisataka  Kobayashi, PhD, MD",38490105.0,10.1016/j.ebiom.2024.105050,BC011512-12
134673,"Mariam Q Malik, PhD",37227187.0,10.1158/1078-0432.CCR-23-0536,BC011532-12
134673,"Mariam Q Malik, PhD",38600242.0,10.1038/s44318-024-00093-6,BC011532-12
134673,"Mariam Q Malik, PhD",38979889.0,10.7554/eLife.92679,BC011532-12
134673,"Mariam Q Malik, PhD",38955422.0,10.1136/jitc-2024-008970,BC011532-12
134673,"Mariam Q Malik, PhD",38914546.0,10.1038/s41541-024-00908-x,BC011532-12
134673,"Mariam Q Malik, PhD",38427670.0,10.1371/journal.pone.0287733,BC011532-12
134673,"Mariam Q Malik, PhD",38897168.0,10.1016/j.xcrm.2024.101610,BC011532-12
134673,"Mariam Q Malik, PhD",38263330.0,10.1038/s44319-023-00051-z,BC011532-12
134673,"Mariam Q Malik, PhD",37185821.0,10.1002/path.6081,BC011532-12
134673,"Mariam Q Malik, PhD",38411275.0,10.1002/mc.23705,BC011532-12
134673,"Mariam Q Malik, PhD",37443284.0,10.1038/s41590-023-01553-7,BC011532-12
134673,"Mariam Q Malik, PhD",38020927.0,10.3389/fcell.2023.1250215,BC011532-12
134673,"Mariam Q Malik, PhD",38668247.0,10.3390/pathogens13040292,BC011532-12
134673,"Mariam Q Malik, PhD",37858159.0,10.1186/s13046-023-02820-z,BC011532-12
134673,"Mariam Q Malik, PhD",37732899.0,10.1158/2767-9764.CRC-23-0236,BC011532-12
134673,"Mariam Q Malik, PhD",38170993.0,10.1128/mbio.02998-23,BC011532-12
134673,"Mariam Q Malik, PhD",38495618.0,10.3389/fcell.2024.1356421,BC011532-12
134673,"Mariam Q Malik, PhD",38402212.0,10.1038/s41467-024-45902-y,BC011532-12
134673,"Mariam Q Malik, PhD",37967174.0,10.1126/sciadv.adg8126,BC011532-12
134673,"Mariam Q Malik, PhD",38155568.0,10.1016/j.ymthe.2023.12.018,BC011532-12
134673,"Mariam Q Malik, PhD",37463106.0,10.1016/j.celrep.2023.112823,BC011532-12
134673,"Mariam Q Malik, PhD",37740179.0,10.1186/s12967-023-04517-5,BC011532-12
134673,"Mariam Q Malik, PhD",38912579.0,10.1172/jci.insight.175800,BC011532-12
134673,"Mariam Q Malik, PhD",37824137.0,10.1001/jamaoncol.2023.4025,BC011532-12
134673,"Mariam Q Malik, PhD",37595021.0,10.1126/sciimmunol.abo7975,BC011532-12
134673,"Mariam Q Malik, PhD",37471141.0,10.1172/JCI164599,BC011532-12
134673,"Mariam Q Malik, PhD",38581680.0,10.1016/j.celrep.2024.114072,BC011532-12
134673,"Mariam Q Malik, PhD",38031763.0,10.3324/haematol.2023.283559,BC011532-12
138358,"Peter L Choyke, MD",36997331.0,10.2967/jnumed.122.265171,BC012167-01
138358,"Peter L Choyke, MD",38715784.0,10.3389/fonc.2024.1367962,BC012167-01
138358,"Peter L Choyke, MD",38651785.0,10.1097/RLU.0000000000005220,BC012167-01
138358,"Peter L Choyke, MD",37253167.0,10.1089/cbr.2022.0090,BC012167-01
138358,"Peter L Choyke, MD",37678928.0,10.2967/jnumed.123.266046,BC012167-01
138358,"Peter L Choyke, MD",37775447.0,10.1016/j.acra.2023.09.002,BC012167-01
138358,"Peter L Choyke, MD",38587770.0,10.1007/s10278-024-01104-y,BC012167-01
138358,"Peter L Choyke, MD",38712741.0,10.18632/oncotarget.28583,BC012167-01
138358,"Peter L Choyke, MD",38489582.0,10.1200/JCO.23.02727,BC012167-01
138358,"Peter L Choyke, MD",37345133.0,10.3390/cancers15102798,BC012167-01
138358,"Peter L Choyke, MD",38428681.0,10.1016/j.ijrobp.2024.02.014,BC012167-01
134970,"Kathleen  Kelly, PhD",38708958.0,10.1002/pros.24718,BC012111-03
134495,"Robert Mark Simpson, DVM, PhD",37209097.0,10.1016/j.celrep.2023.112528,BC010953-17
134495,"Robert Mark Simpson, DVM, PhD",38964316.0,10.1016/j.crmeth.2024.100802,BC010953-17
134495,"Robert Mark Simpson, DVM, PhD",38708958.0,10.1002/pros.24718,BC010953-17
134466,"Peter D Aplan, MD",38832931.0,10.1158/0008-5472.CAN-23-2785,BC010982-17
134466,"Peter D Aplan, MD",37800623.0,10.3892/ijo.2023.5576,BC010982-17
134925,Hiroaki  Mitsuya,37770002.0,10.1016/j.bmcl.2023.129489,BC012018-05
134925,Hiroaki  Mitsuya,38335815.0,10.1016/j.ejmech.2024.116132,BC012018-05
134925,Hiroaki  Mitsuya,38304834.0,,BC012018-05
134925,Hiroaki  Mitsuya,38304834.0,10.1016/j.heliyon.2024.e24513,BC012018-05
135131,Hao-Wei  Wang,38376944.0,10.1172/JCI175199,SC009372-33
135131,Hao-Wei  Wang,37394115.0,10.1016/j.jtct.2023.06.019,SC009372-33
135131,Hao-Wei  Wang,37295816.0,10.1136/jitc-2022-005898,SC009372-33
135131,Hao-Wei  Wang,37729613.0,10.1182/bloodadvances.2023011147,SC009372-33
135131,Hao-Wei  Wang,38155568.0,10.1016/j.ymthe.2023.12.018,SC009372-33
135131,Hao-Wei  Wang,38813719.0,10.3324/haematol.2023.284784,SC009372-33
135131,Hao-Wei  Wang,36433814.0,10.1002/cyto.b.22104,SC009372-33
135131,Hao-Wei  Wang,36264007.0,10.1111/bjh.18518,SC009372-33
134346,"Glenn  Merlino, PhD",37173324.0,10.1038/s41467-023-38271-5,BC008756-37
134346,"Glenn  Merlino, PhD",37314923.0,10.1016/j.xpro.2023.102349,BC008756-37
135108,"Cari Meinhold Kitahara, PhD",38186237.0,10.1093/rpd/ncad315,CP010222-14
135108,"Cari Meinhold Kitahara, PhD",37146592.0,10.1088/2057-1976/acd2de,CP010222-14
135108,"Choonsik  Lee, PhD",38186237.0,10.1093/rpd/ncad315,CP010222-14
135108,"Choonsik  Lee, PhD",37146592.0,10.1088/2057-1976/acd2de,CP010222-14
135108,"Mark Peter Little, DPhil",38186237.0,10.1093/rpd/ncad315,CP010222-14
135108,"Mark Peter Little, DPhil",37146592.0,10.1088/2057-1976/acd2de,CP010222-14
134575,"Shyam K Sharan, PhD",38142462.0,10.1093/nar/gkad1222,BC011181-16
134575,"Shyam K Sharan, PhD",37922907.0,10.1016/j.crmeth.2023.100628,BC011181-16
134575,"Shyam K Sharan, PhD",37948185.0,10.1016/j.xpro.2023.102702,BC011181-16
134575,"Shyam K Sharan, PhD",37713444.0,10.1371/journal.pgen.1010940,BC011181-16
134704,"Mark Richard Gilbert, MD",37781088.0,10.1093/noajnl/vdad108,BC011641-10
134704,"Mark Richard Gilbert, MD",37706203.0,10.1093/noajnl/vdad102,BC011641-10
134407,"Patricia  Steeg, PhD",38363979.0,10.1093/neuonc/noae025,BC010538-22
135148,"Giovanna  Tosato, MD",37736700.0,,SC010355-25
135148,"Giovanna  Tosato, MD",37736700.0,10.1002/cmdc.202300420,SC010355-25
135148,"Giovanna  Tosato, MD",36799129.0,10.1002/chem.202203967,SC010355-25
134585,"Joseph M Ziegelbauer, PhD",38263330.0,10.1038/s44319-023-00051-z,BC011176-16
134922,"Laurie Tate Krug, PhD",38914546.0,10.1038/s41541-024-00908-x,BC012014-05
135046,"Paul Stuart Albert, PhD",37437002.0,10.1371/journal.pcbi.1011236,CP010181-22
135046,"Paul Stuart Albert, PhD",37386403.0,10.1186/s12874-023-01973-x,CP010181-22
135046,"Paul Stuart Albert, PhD",38769004.0,10.1136/oemed-2024-109532,CP010181-22
135046,"Paul Stuart Albert, PhD",37232457.0,10.1002/sim.9806,CP010181-22
135046,"Paul Stuart Albert, PhD",37425683.0,10.1101/2023.05.18.23290188,CP010181-22
135046,"Paul Stuart Albert, PhD",37289457.0,10.1001/jamanetworkopen.2023.17351,CP010181-22
135046,"Hormuzdiar Aspandiar Katki, MS, PhD",37437002.0,10.1371/journal.pcbi.1011236,CP010181-22
135046,"Hormuzdiar Aspandiar Katki, MS, PhD",37386403.0,10.1186/s12874-023-01973-x,CP010181-22
135046,"Hormuzdiar Aspandiar Katki, MS, PhD",38769004.0,10.1136/oemed-2024-109532,CP010181-22
135046,"Hormuzdiar Aspandiar Katki, MS, PhD",37232457.0,10.1002/sim.9806,CP010181-22
135046,"Hormuzdiar Aspandiar Katki, MS, PhD",37425683.0,10.1101/2023.05.18.23290188,CP010181-22
135046,"Hormuzdiar Aspandiar Katki, MS, PhD",37289457.0,10.1001/jamanetworkopen.2023.17351,CP010181-22
135046,"Barry Ira Graubard, PhD",37437002.0,10.1371/journal.pcbi.1011236,CP010181-22
135046,"Barry Ira Graubard, PhD",37386403.0,10.1186/s12874-023-01973-x,CP010181-22
135046,"Barry Ira Graubard, PhD",38769004.0,10.1136/oemed-2024-109532,CP010181-22
135046,"Barry Ira Graubard, PhD",37232457.0,10.1002/sim.9806,CP010181-22
135046,"Barry Ira Graubard, PhD",37425683.0,10.1101/2023.05.18.23290188,CP010181-22
135046,"Barry Ira Graubard, PhD",37289457.0,10.1001/jamanetworkopen.2023.17351,CP010181-22
135046,"Philip Samuel Rosenberg, PhD",37437002.0,10.1371/journal.pcbi.1011236,CP010181-22
135046,"Philip Samuel Rosenberg, PhD",37386403.0,10.1186/s12874-023-01973-x,CP010181-22
135046,"Philip Samuel Rosenberg, PhD",38769004.0,10.1136/oemed-2024-109532,CP010181-22
135046,"Philip Samuel Rosenberg, PhD",37232457.0,10.1002/sim.9806,CP010181-22
135046,"Philip Samuel Rosenberg, PhD",37425683.0,10.1101/2023.05.18.23290188,CP010181-22
135046,"Philip Samuel Rosenberg, PhD",37289457.0,10.1001/jamanetworkopen.2023.17351,CP010181-22
135046,"Ruth  Pfeiffer, PhD",37437002.0,10.1371/journal.pcbi.1011236,CP010181-22
135046,"Ruth  Pfeiffer, PhD",37386403.0,10.1186/s12874-023-01973-x,CP010181-22
135046,"Ruth  Pfeiffer, PhD",38769004.0,10.1136/oemed-2024-109532,CP010181-22
135046,"Ruth  Pfeiffer, PhD",37232457.0,10.1002/sim.9806,CP010181-22
135046,"Ruth  Pfeiffer, PhD",37425683.0,10.1101/2023.05.18.23290188,CP010181-22
135046,"Ruth  Pfeiffer, PhD",37289457.0,10.1001/jamanetworkopen.2023.17351,CP010181-22
135046,"Kai  Yu, PhD",37437002.0,10.1371/journal.pcbi.1011236,CP010181-22
135046,"Kai  Yu, PhD",37386403.0,10.1186/s12874-023-01973-x,CP010181-22
135046,"Kai  Yu, PhD",38769004.0,10.1136/oemed-2024-109532,CP010181-22
135046,"Kai  Yu, PhD",37232457.0,10.1002/sim.9806,CP010181-22
135046,"Kai  Yu, PhD",37425683.0,10.1101/2023.05.18.23290188,CP010181-22
135046,"Kai  Yu, PhD",37289457.0,10.1001/jamanetworkopen.2023.17351,CP010181-22
135046,"Jianxin  Shi, PhD",37437002.0,10.1371/journal.pcbi.1011236,CP010181-22
135046,"Jianxin  Shi, PhD",37386403.0,10.1186/s12874-023-01973-x,CP010181-22
135046,"Jianxin  Shi, PhD",38769004.0,10.1136/oemed-2024-109532,CP010181-22
135046,"Jianxin  Shi, PhD",37232457.0,10.1002/sim.9806,CP010181-22
135046,"Jianxin  Shi, PhD",37425683.0,10.1101/2023.05.18.23290188,CP010181-22
135046,"Jianxin  Shi, PhD",37289457.0,10.1001/jamanetworkopen.2023.17351,CP010181-22
135046,"Bin  Zhu, PhD",37437002.0,10.1371/journal.pcbi.1011236,CP010181-22
135046,"Bin  Zhu, PhD",37386403.0,10.1186/s12874-023-01973-x,CP010181-22
135046,"Bin  Zhu, PhD",38769004.0,10.1136/oemed-2024-109532,CP010181-22
135046,"Bin  Zhu, PhD",37232457.0,10.1002/sim.9806,CP010181-22
135046,"Bin  Zhu, PhD",37425683.0,10.1101/2023.05.18.23290188,CP010181-22
135046,"Bin  Zhu, PhD",37289457.0,10.1001/jamanetworkopen.2023.17351,CP010181-22
135046,"Danping  Liu, PhD",37437002.0,10.1371/journal.pcbi.1011236,CP010181-22
135046,"Danping  Liu, PhD",37386403.0,10.1186/s12874-023-01973-x,CP010181-22
135046,"Danping  Liu, PhD",38769004.0,10.1136/oemed-2024-109532,CP010181-22
135046,"Danping  Liu, PhD",37232457.0,10.1002/sim.9806,CP010181-22
135046,"Danping  Liu, PhD",37425683.0,10.1101/2023.05.18.23290188,CP010181-22
135046,"Danping  Liu, PhD",37289457.0,10.1001/jamanetworkopen.2023.17351,CP010181-22
135046,"Alexander Paul Keil, PhD",37437002.0,10.1371/journal.pcbi.1011236,CP010181-22
135046,"Alexander Paul Keil, PhD",37386403.0,10.1186/s12874-023-01973-x,CP010181-22
135046,"Alexander Paul Keil, PhD",38769004.0,10.1136/oemed-2024-109532,CP010181-22
135046,"Alexander Paul Keil, PhD",37232457.0,10.1002/sim.9806,CP010181-22
135046,"Alexander Paul Keil, PhD",37425683.0,10.1101/2023.05.18.23290188,CP010181-22
135046,"Alexander Paul Keil, PhD",37289457.0,10.1001/jamanetworkopen.2023.17351,CP010181-22
134613,"Wyndham H Wilson, MD, PhD",38701792.0,10.1016/j.ccell.2024.04.007,BC011354-15
134613,"Wyndham H Wilson, MD, PhD",35882475.0,10.1182/bloodadvances.2022007431,BC011354-15
134613,"Wyndham H Wilson, MD, PhD",37389844.0,10.1182/bloodadvances.2023010223,BC011354-15
134613,"Wyndham H Wilson, MD, PhD",38428410.0,10.1016/j.ccell.2024.02.001,BC011354-15
135016,"Nyall Robert London, MD, PhD",38593586.0,10.1016/j.tranon.2024.101943,BC012129-02
135016,"Nyall Robert London, MD, PhD",38822345.0,10.1186/s12967-024-05339-9,BC012129-02
135016,"Nyall Robert London, MD, PhD",38741774.0,10.3389/fonc.2024.1376622,BC012129-02
135013,"Takeo  Fujii, MD, MPH",38424218.0,10.1038/s41417-024-00748-w,BC012130-02
135013,"Takeo  Fujii, MD, MPH",38838676.0,10.1016/j.xcrm.2024.101595,BC012130-02
135013,"Takeo  Fujii, MD, MPH",38826792.0,10.3389/fonc.2024.1390080,BC012130-02
134420,"Peter L Choyke, MD",38715784.0,10.3389/fonc.2024.1367962,BC010668-20
134420,"Peter L Choyke, MD",38275890.0,10.3390/cancers16020449,BC010668-20
134420,"Peter L Choyke, MD",38712741.0,10.18632/oncotarget.28583,BC010668-20
135085,"Rachael Zoe Stolzenberg-Solomon, PhD",37351909.0,10.1158/1055-9965.EPI-23-0453,CP010193-18
135085,"Rachael Zoe Stolzenberg-Solomon, PhD",36929942.0,10.1093/jnci/djad043,CP010193-18
135085,"Ruth  Pfeiffer, PhD",37351909.0,10.1158/1055-9965.EPI-23-0453,CP010193-18
135085,"Ruth  Pfeiffer, PhD",36929942.0,10.1093/jnci/djad043,CP010193-18
135085,"Laufey Thora Amundadottir, PhD",37351909.0,10.1158/1055-9965.EPI-23-0453,CP010193-18
135085,"Laufey Thora Amundadottir, PhD",36929942.0,10.1093/jnci/djad043,CP010193-18
135085,"Meredith Sarah Shiels, PhD",37351909.0,10.1158/1055-9965.EPI-23-0453,CP010193-18
135085,"Meredith Sarah Shiels, PhD",36929942.0,10.1093/jnci/djad043,CP010193-18
135129,Hiroaki  Mitsuya,37896768.0,10.3390/v15101990,SC006738-33
134926,"Matthew Thomas Wolf, PhD",38302823.0,10.1002/adma.202309843,BC012021-05
135160,"William D Figg, PharmD",37227187.0,10.1158/1078-0432.CCR-23-0536,SC006536-31
135160,"William D Figg, PharmD",38954785.0,10.1200/JCO.23.02233,SC006536-31
135160,"William D Figg, PharmD",38184304.0,10.1136/jitc-2023-008079,SC006536-31
135160,"William D Figg, PharmD",36991390.0,10.1186/s13046-023-02649-6,SC006536-31
135160,"William D Figg, PharmD",38899693.0,10.1056/NEJMoa2401532,SC006536-31
135160,"William D Figg, PharmD",38205877.0,10.1002/cam4.6912,SC006536-31
135160,"William D Figg, PharmD",38706610.0,10.3389/fonc.2024.1386190,SC006536-31
135160,"William D Figg, PharmD",38895436.0,10.1101/2024.06.02.597054,SC006536-31
134944,"Baris Ismail Turkbey, MD",38128256.0,10.1016/j.ejrad.2023.111259,BC012062-04
134944,"Baris Ismail Turkbey, MD",38262813.0,10.1016/j.acra.2024.01.009,BC012062-04
134944,"Baris Ismail Turkbey, MD",37858505.0,10.1016/j.acra.2023.09.030,BC012062-04
134944,"Baris Ismail Turkbey, MD",36630568.0,10.1097/JU.0000000000003156,BC012062-04
134944,"Baris Ismail Turkbey, MD",38468864.0,10.1016/j.euros.2024.02.012,BC012062-04
134944,"Baris Ismail Turkbey, MD",38651785.0,10.1097/RLU.0000000000005220,BC012062-04
134944,"Baris Ismail Turkbey, MD",37775447.0,10.1016/j.acra.2023.09.002,BC012062-04
134944,"Baris Ismail Turkbey, MD",37811666.0,10.1002/jmri.29031,BC012062-04
134944,"Baris Ismail Turkbey, MD",38713024.0,10.1148/radiol.230750,BC012062-04
134944,"Baris Ismail Turkbey, MD",38791901.0,10.3390/cancers16101822,BC012062-04
134944,"Baris Ismail Turkbey, MD",38428681.0,10.1016/j.ijrobp.2024.02.014,BC012062-04
134944,"Baris Ismail Turkbey, MD",36526922.0,10.1007/s00261-022-03775-z,BC012062-04
134944,"Baris Ismail Turkbey, MD",38670874.0,10.1016/j.acra.2024.04.011,BC012062-04
134403,"Murali  Cherukuri, PhD",37676121.0,10.1002/mrm.29811,BC010476-22
134403,"Murali  Cherukuri, PhD",37051681.0,10.1089/ars.2022.0118,BC010476-22
135086,"Demetrius  Albanes, MD",37733366.0,10.1001/jamaoncol.2023.3482,CP010195-18
135086,"Demetrius  Albanes, MD",37531109.0,10.1001/jamanetworkopen.2023.26885,CP010195-18
135086,"Demetrius  Albanes, MD",38374065.0,10.1038/s41467-024-45779-x,CP010195-18
135086,"Demetrius  Albanes, MD",37783704.0,10.1038/s41467-023-41819-0,CP010195-18
135086,"Demetrius  Albanes, MD",37844029.0,10.1289/EHP13208,CP010195-18
135086,"Sonja  Berndt, PhD, PharmD",37733366.0,10.1001/jamaoncol.2023.3482,CP010195-18
135086,"Sonja  Berndt, PhD, PharmD",37531109.0,10.1001/jamanetworkopen.2023.26885,CP010195-18
135086,"Sonja  Berndt, PhD, PharmD",38374065.0,10.1038/s41467-024-45779-x,CP010195-18
135086,"Sonja  Berndt, PhD, PharmD",37783704.0,10.1038/s41467-023-41819-0,CP010195-18
135086,"Sonja  Berndt, PhD, PharmD",37844029.0,10.1289/EHP13208,CP010195-18
134686,"Deborah E Citrin, MD",38262813.0,10.1016/j.acra.2024.01.009,BC011552-11
134686,"Deborah E Citrin, MD",37775447.0,10.1016/j.acra.2023.09.002,BC011552-11
134686,"Deborah E Citrin, MD",38712741.0,10.18632/oncotarget.28583,BC011552-11
134686,"Deborah E Citrin, MD",38428681.0,10.1016/j.ijrobp.2024.02.014,BC011552-11
134968,"Ira H Pastan, MD",38647528.0,10.1158/1535-7163.MCT-23-0233,BC012074-03
134968,"Ira H Pastan, MD",36911670.0,10.3389/fimmu.2023.1060905,BC012074-03
134968,"Ira H Pastan, MD",38227666.0,10.1073/pnas.2317283121,BC012074-03
134968,"Ira H Pastan, MD",36753564.0,10.1126/scitranslmed.abn5649,BC012074-03
134968,"Ira H Pastan, MD",36208017.0,10.1002/cam4.5290,BC012074-03
134968,"Ira H Pastan, MD",38706610.0,10.3389/fonc.2024.1386190,BC012074-03
134968,"Ira H Pastan, MD",36968141.0,10.1158/2767-9764.CRC-22-0306,BC012074-03
134647,"Jadranka  Loncarek, MS, PhD",37707473.0,10.1083/jcb.202301092,BC011459-13
134972,Andrew Marion Blakely,38451783.0,10.1158/2767-9764.CRC-24-0085,BC012097-03
134972,Andrew Marion Blakely,36990610.0,10.1016/S1470-2045(23)00057-8,BC012097-03
134972,Andrew Marion Blakely,37936022.0,10.1245/s10434-023-14524-x,BC012097-03
134972,Andrew Marion Blakely,37980571.0,10.1016/j.celrep.2023.113446,BC012097-03
134972,Andrew Marion Blakely,37307230.0,10.1210/clinem/dgad315,BC012097-03
134972,Andrew Marion Blakely,37903316.0,10.1200/JCO.23.01238,BC012097-03
134972,Andrew Marion Blakely,37758801.0,10.1038/s41523-023-00585-4,BC012097-03
134972,Andrew Marion Blakely,36694330.0,10.1097/TA.0000000000003823,BC012097-03
134972,Andrew Marion Blakely,37450696.0,10.1097/SLA.0000000000005999,BC012097-03
134972,Andrew Marion Blakely,37707375.0,10.1158/1541-7786.MCR-23-0122,BC012097-03
134972,Andrew Marion Blakely,38625612.0,10.1007/s00330-024-10652-4,BC012097-03
134972,Andrew Marion Blakely,36935552.0,10.1210/clinem/dgad136,BC012097-03
134972,Andrew Marion Blakely,38418824.0,10.1038/s41467-024-45751-9,BC012097-03
134972,Andrew Marion Blakely,38473790.0,10.3390/ijms25052543,BC012097-03
134972,Andrew Marion Blakely,38759225.0,10.1001/jamadermatol.2024.1804,BC012097-03
134972,Andrew Marion Blakely,38874874.0,10.1245/s10434-024-15526-z,BC012097-03
134972,Andrew Marion Blakely,36754451.0,10.1136/jitc-2022-005640,BC012097-03
134972,Andrew Marion Blakely,38810185.0,10.1056/NEJMoa2312665,BC012097-03
134972,Andrew Marion Blakely,36776716.0,10.1016/j.gastha.2022.10.006,BC012097-03
134972,Andrew Marion Blakely,38428410.0,10.1016/j.ccell.2024.02.001,BC012097-03
134972,Andrew Marion Blakely,38280378.0,10.1016/j.xcrm.2024.101394,BC012097-03
134972,Andrew Marion Blakely,38873722.0,10.1001/jama.2024.10852,BC012097-03
134972,Andrew Marion Blakely,37925632.0,10.1016/j.xpro.2023.102695,BC012097-03
134972,Andrew Marion Blakely,38989414.0,10.21037/jgo-24-71,BC012097-03
134972,Andrew Marion Blakely,39038244.0,10.1200/PO.24.00188,BC012097-03
134581,"David Anderson Wink, PhD",37607904.0,10.1038/s41467-023-40738-4,BC011190-16
134865,"Nirali Niranjan Shah, MD",38376944.0,10.1172/JCI175199,BC011823-06
134865,"Nirali Niranjan Shah, MD",39233015.0,10.1016/j.jaci.2024.08.021,BC011823-06
134865,"Nirali Niranjan Shah, MD",37501016.0,10.1038/s41591-023-02452-y,BC011823-06
134865,"Nirali Niranjan Shah, MD",35482927.0,10.1182/bloodadvances.2022007423,BC011823-06
134865,"Nirali Niranjan Shah, MD",38701425.0,10.1182/bloodadvances.2024013243,BC011823-06
134865,"Nirali Niranjan Shah, MD",38659083.0,10.1186/s12967-024-05197-5,BC011823-06
134865,"Nirali Niranjan Shah, MD",37442348.0,10.1016/j.jtct.2023.07.009,BC011823-06
134865,"Nirali Niranjan Shah, MD",37897136.0,10.1002/pbc.30741,BC011823-06
134865,"Nirali Niranjan Shah, MD",38298420.0,10.1016/j.omtm.2023.101171,BC011823-06
134865,"Nirali Niranjan Shah, MD",38864817.0,10.4049/immunohorizons.2400008,BC011823-06
134865,"Nirali Niranjan Shah, MD",35500285.0,10.1182/bloodadvances.2021006810,BC011823-06
134848,"Changqing  Xie, PhD",37224815.0,10.1016/j.xcrm.2023.101052,BC011888-06
134848,"Changqing  Xie, PhD",38184304.0,10.1136/jitc-2023-008079,BC011888-06
134848,"Changqing  Xie, PhD",38020927.0,10.3389/fcell.2023.1250215,BC011888-06
134848,"Changqing  Xie, PhD",38310101.0,10.1038/s41467-024-45126-0,BC011888-06
134848,"Changqing  Xie, PhD",37593221.0,10.1016/j.eclinm.2023.102136,BC011888-06
134848,"Changqing  Xie, PhD",36754451.0,10.1136/jitc-2022-005640,BC011888-06
134848,"Changqing  Xie, PhD",38205877.0,10.1002/cam4.6912,BC011888-06
134848,"Changqing  Xie, PhD",38192537.0,10.1016/j.jhepr.2023.100959,BC011888-06
134848,"Changqing  Xie, PhD",38280378.0,10.1016/j.xcrm.2024.101394,BC011888-06
134848,"Changqing  Xie, PhD",37353483.0,10.1038/s41467-023-39374-9,BC011888-06
134848,"Changqing  Xie, PhD",38989414.0,10.21037/jgo-24-71,BC011888-06
134488,"Paul  Robbins, PhD",38816232.0,10.1136/jitc-2023-008645,BC010948-17
134488,"Paul  Robbins, PhD",38826362.0,10.1101/2024.05.21.595215,BC010948-17
134488,"Paul  Robbins, PhD",38039963.0,10.1016/j.ccell.2023.11.005,BC010948-17
134810,"Eytan  Ruppin, PhD",38451249.0,10.1158/0008-5472.CAN-23-4070,BC011803-07
134810,"Eytan  Ruppin, PhD",38048593.0,10.1182/blood.2023021234,BC011803-07
134810,"Eytan  Ruppin, PhD",38409211.0,10.1038/s41525-024-00397-w,BC011803-07
134810,"Eytan  Ruppin, PhD",36873924.0,10.1002/trc2.12373,BC011803-07
134810,"Eytan  Ruppin, PhD",37282346.0,10.1093/cid/ciad348,BC011803-07
134810,"Eytan  Ruppin, PhD",37753082.0,10.3389/fimmu.2023.1232560,BC011803-07
134810,"Eytan  Ruppin, PhD",38521835.0,10.1038/s41467-024-46945-x,BC011803-07
134810,"Eytan  Ruppin, PhD",37845222.0,10.1038/s41467-023-42233-2,BC011803-07
134810,"Eytan  Ruppin, PhD",37835579.0,10.3390/cancers15194885,BC011803-07
134810,"Eytan  Ruppin, PhD",37859800.0,10.1093/nargab/lqad092,BC011803-07
134810,"Eytan  Ruppin, PhD",36773602.0,10.1016/j.xcrm.2023.100938,BC011803-07
134810,"Eytan  Ruppin, PhD",37852738.0,10.1136/jitc-2023-007310,BC011803-07
134810,"Eytan  Ruppin, PhD",38218178.0,10.1016/j.medj.2023.12.009,BC011803-07
134810,"Eytan  Ruppin, PhD",37078793.0,10.1158/0008-5472.CAN-23-0258,BC011803-07
134810,"Eytan  Ruppin, PhD",37486616.0,10.1182/bloodadvances.2023009789,BC011803-07
134810,"Eytan  Ruppin, PhD",36631162.0,10.1136/jitc-2022-005881,BC011803-07
134810,"Eytan  Ruppin, PhD",38441406.0,10.1002/advs.202307263,BC011803-07
134748,"Shyam K Sharan, PhD",38897168.0,10.1016/j.xcrm.2024.101610,BC011735-09
134748,"Shyam K Sharan, PhD",37740179.0,10.1186/s12967-023-04517-5,BC011735-09
134748,"Shyam K Sharan, PhD",37491889.0,10.15252/emmm.202217313,BC011735-09
134930,"Thomas  Gonatopoulos-Pournatzis, PhD",38917794.0,10.1016/j.molcel.2024.05.024,BC012033-04
134975,"Andra Valentina Krauze, MD",39001264.0,10.3390/diagnostics14131374,BC012096-03
134975,"Andra Valentina Krauze, MD",37892181.0,10.3390/biom13101499,BC012096-03
134975,"Andra Valentina Krauze, MD",37345009.0,10.3390/cancers15102672,BC012096-03
134975,"Andra Valentina Krauze, MD",38612892.0,10.3390/ijms25074082,BC012096-03
134709,"Ramaprasad  Srinivasan, MD, PhD",37331486.0,10.1016/j.urology.2023.04.035,BC011648-10
134594,"Shalini  Oberdoerffer, PhD",38640896.0,10.1016/j.molcel.2024.03.018,BC011293-15
134594,"Shalini  Oberdoerffer, PhD",38697668.0,10.1261/rna.079863.123,BC011293-15
134430,"Maria  Merino, MD",37561409.0,10.1093/hmg/ddad131,BC010696-20
134430,"Maria  Merino, MD",36987696.0,10.15252/emmm.202216877,BC010696-20
134430,"Maria  Merino, MD",37095531.0,10.1186/s13046-023-02667-4,BC010696-20
134430,"Maria  Merino, MD",36855860.0,10.1002/mp.16303,BC010696-20
134430,"Maria  Merino, MD",37331486.0,10.1016/j.urology.2023.04.035,BC010696-20
134430,"Maria  Merino, MD",38299714.0,10.1002/jmri.29222,BC010696-20
134552,"Jairaj K Acharya, MBBS, PhD",38657065.0,10.1126/sciadv.adk1045,BC011187-16
134630,"Robert Andrew Byrd, PhD",38574162.0,10.1371/journal.pone.0295103,BC011419-14
134630,"Robert Andrew Byrd, PhD",37989735.0,10.1038/s41467-023-43008-5,BC011419-14
134519,"Robert  Yarchoan, MD, PhD",38564482.0,10.1097/QAD.0000000000003897,BC010888-17
134762,"ChunZhang  Yang, PhD",38134889.0,10.1093/neuonc/noad252,BC011761-08
134762,"ChunZhang  Yang, PhD",36648507.0,10.1158/1078-0432.CCR-22-3179,BC011761-08
134620,"Daniel Robert Larson, PhD",39043639.0,10.1038/s41467-024-50419-5,BC011383-14
134620,"Daniel Robert Larson, PhD",38903099.0,10.1101/2024.06.08.597999,BC011383-14
134432,"James L Gulley, MD, PhD",38262813.0,10.1016/j.acra.2024.01.009,BC010666-20
134432,"James L Gulley, MD, PhD",38374401.0,10.1093/jnci/djae018,BC010666-20
134432,"James L Gulley, MD, PhD",37858437.0,10.1016/j.euo.2023.09.010,BC010666-20
134432,"James L Gulley, MD, PhD",36640137.0,10.1093/oncolo/oyac244,BC010666-20
134432,"James L Gulley, MD, PhD",38019931.0,10.1126/scitranslmed.adi0258,BC010666-20
134432,"James L Gulley, MD, PhD",38309720.0,10.1093/oncolo/oyae009,BC010666-20
134432,"James L Gulley, MD, PhD",37347686.0,10.1002/pbc.30358,BC010666-20
134432,"James L Gulley, MD, PhD",38822345.0,10.1186/s12967-024-05339-9,BC010666-20
134432,"James L Gulley, MD, PhD",37839622.0,10.1016/j.jcpo.2023.100448,BC010666-20
134432,"James L Gulley, MD, PhD",36948922.0,10.1016/j.clgc.2023.02.010,BC010666-20
134432,"James L Gulley, MD, PhD",38741774.0,10.3389/fonc.2024.1376622,BC010666-20
134432,"James L Gulley, MD, PhD",38712741.0,10.18632/oncotarget.28583,BC010666-20
134432,"James L Gulley, MD, PhD",37134294.0,10.1093/oncolo/oyad058,BC010666-20
134432,"James L Gulley, MD, PhD",36821354.0,10.1097/CJI.0000000000000459,BC010666-20
134432,"James L Gulley, MD, PhD",38260854.0,10.3389/fonc.2023.1321318,BC010666-20
134432,"James L Gulley, MD, PhD",37910044.0,10.1158/1078-0432.CCR-23-1872,BC010666-20
134432,"James L Gulley, MD, PhD",37878675.0,10.1126/scitranslmed.adj0740,BC010666-20
134432,"James L Gulley, MD, PhD",36517408.0,,BC010666-20
134432,"James L Gulley, MD, PhD",36517408.0,10.1016/j.euf.2022.12.002,BC010666-20
134432,"James L Gulley, MD, PhD",36624662.0,10.1002/jcph.2203,BC010666-20
134432,"James L Gulley, MD, PhD",38485188.0,10.1136/jitc-2023-008480,BC010666-20
134432,"James L Gulley, MD, PhD",36054490.0,10.1002/ijc.34267,BC010666-20
134432,"James L Gulley, MD, PhD",37310790.0,10.1093/oncolo/oyad162,BC010666-20
134432,"James L Gulley, MD, PhD",36682187.0,10.1016/j.oraloncology.2023.106309,BC010666-20
134432,"James L Gulley, MD, PhD",37059104.0,10.1016/j.ccell.2023.03.014,BC010666-20
134432,"James L Gulley, MD, PhD",37236636.0,10.1136/jitc-2022-005813,BC010666-20
134432,"James L Gulley, MD, PhD",37234190.0,10.1016/j.intimp.2023.109736,BC010666-20
134432,"James L Gulley, MD, PhD",38758582.0,10.2196/54758,BC010666-20
134321,"Sue H Wickner, PhD",37949227.0,10.1016/j.jbc.2023.105440,BC008710-47
134321,"Sue H Wickner, PhD",38915721.0,10.1101/2024.06.13.598777,BC008710-47
134760,"Chuan  Wu, PhD",38617535.0,10.7150/ijbs.94297,BC011755-08
134760,"Chuan  Wu, PhD",38280375.0,10.1016/j.cell.2024.01.001,BC011755-08
134462,"Michael John Kruhlak, PhD",38115586.0,10.1089/thy.2023.0521,BC010858-18
134462,"Michael John Kruhlak, PhD",37427791.0,10.1093/nar/gkad585,BC010858-18
134462,"Michael John Kruhlak, PhD",36799863.0,10.1158/0008-5472.CAN-22-2525,BC010858-18
134462,"Michael John Kruhlak, PhD",38363979.0,10.1093/neuonc/noae025,BC010858-18
134462,"Michael John Kruhlak, PhD",38506112.0,10.1080/10985549.2024.2315425,BC010858-18
134462,"Michael John Kruhlak, PhD",37932011.0,10.1101/gad.351085.123,BC010858-18
134329,"Shioko  Kimura, PhD",38149583.0,10.1089/thy.2023.0341,BC005522-37
134329,"Shioko  Kimura, PhD",38557493.0,10.1172/JCI166731,BC005522-37
134341,"Paul A Randazzo, MD, PhD",38574162.0,10.1371/journal.pone.0295103,BC007365-30
134341,"Paul A Randazzo, MD, PhD",37989735.0,10.1038/s41467-023-43008-5,BC007365-30
134782,"James Chung-Yin Yang, MD",37758652.0,10.1136/jitc-2023-007097,BC011843-07
134953,"Christian Thomas Mayer, PhD",37784185.0,10.1186/s12915-023-01699-8,BC012038-04
135062,"Debra  Silverman, ScD, PhD, ScM",38362961.0,10.1002/ana.26896,CP010136-29
135062,"Debra  Silverman, ScD, PhD, ScM",38057395.0,10.1038/s41416-023-02489-3,CP010136-29
135062,"Debra  Silverman, ScD, PhD, ScM",38465801.0,10.1002/em.22588,CP010136-29
135062,"Nathaniel C Rothman, MD",38362961.0,10.1002/ana.26896,CP010136-29
135062,"Nathaniel C Rothman, MD",38057395.0,10.1038/s41416-023-02489-3,CP010136-29
135062,"Nathaniel C Rothman, MD",38465801.0,10.1002/em.22588,CP010136-29
135062,"Christian Cormac Abnet, PhD, MPH",38362961.0,10.1002/ana.26896,CP010136-29
135062,"Christian Cormac Abnet, PhD, MPH",38057395.0,10.1038/s41416-023-02489-3,CP010136-29
135062,"Christian Cormac Abnet, PhD, MPH",38465801.0,10.1002/em.22588,CP010136-29
135062,"Qing  Lan, PhD, MD",38362961.0,10.1002/ana.26896,CP010136-29
135062,"Qing  Lan, PhD, MD",38057395.0,10.1038/s41416-023-02489-3,CP010136-29
135062,"Qing  Lan, PhD, MD",38465801.0,10.1002/em.22588,CP010136-29
135062,"Sonja  Berndt, PhD, PharmD",38362961.0,10.1002/ana.26896,CP010136-29
135062,"Sonja  Berndt, PhD, PharmD",38057395.0,10.1038/s41416-023-02489-3,CP010136-29
135062,"Sonja  Berndt, PhD, PharmD",38465801.0,10.1002/em.22588,CP010136-29
135062,"Mark  Purdue, PhD",38362961.0,10.1002/ana.26896,CP010136-29
135062,"Mark  Purdue, PhD",38057395.0,10.1038/s41416-023-02489-3,CP010136-29
135062,"Mark  Purdue, PhD",38465801.0,10.1002/em.22588,CP010136-29
135062,"Stella  Koutros, PhD",38362961.0,10.1002/ana.26896,CP010136-29
135062,"Stella  Koutros, PhD",38057395.0,10.1038/s41416-023-02489-3,CP010136-29
135062,"Stella  Koutros, PhD",38465801.0,10.1002/em.22588,CP010136-29
135062,"Jonathan Nicholas Hofmann, PhD",38362961.0,10.1002/ana.26896,CP010136-29
135062,"Jonathan Nicholas Hofmann, PhD",38057395.0,10.1038/s41416-023-02489-3,CP010136-29
135062,"Jonathan Nicholas Hofmann, PhD",38465801.0,10.1002/em.22588,CP010136-29
135062,"Melissa Charmaine Friesen, PhD",38362961.0,10.1002/ana.26896,CP010136-29
135062,"Melissa Charmaine Friesen, PhD",38057395.0,10.1038/s41416-023-02489-3,CP010136-29
135062,"Melissa Charmaine Friesen, PhD",38465801.0,10.1002/em.22588,CP010136-29
134514,"Xin Wei  Wang, PhD",37224815.0,10.1016/j.xcrm.2023.101052,BC010876-17
134514,"Xin Wei  Wang, PhD",37870291.0,10.1097/HEP.0000000000000637,BC010876-17
134514,"Xin Wei  Wang, PhD",37980571.0,10.1016/j.celrep.2023.113446,BC010876-17
134514,"Xin Wei  Wang, PhD",36906109.0,10.1016/j.jhep.2023.02.039,BC010876-17
134514,"Xin Wei  Wang, PhD",38118412.0,10.1016/j.xcrm.2023.101328,BC010876-17
134514,"Xin Wei  Wang, PhD",36593103.0,10.1136/gutjnl-2022-327924,BC010876-17
134514,"Xin Wei  Wang, PhD",37770128.0,10.1136/gutjnl-2023-330024,BC010876-17
134514,"Xin Wei  Wang, PhD",37094826.0,10.1097/HEP.0000000000000420,BC010876-17
134514,"Xin Wei  Wang, PhD",38134284.0,10.1126/sciadv.adh1442,BC010876-17
134514,"Xin Wei  Wang, PhD",38553628.0,10.1038/s42003-024-06040-9,BC010876-17
134514,"Xin Wei  Wang, PhD",38857989.0,10.1136/gutjnl-2023-331237,BC010876-17
134514,"Xin Wei  Wang, PhD",37725716.0,,BC010876-17
134514,"Xin Wei  Wang, PhD",37725716.0,10.1097/HEP.0000000000000600,BC010876-17
134514,"Xin Wei  Wang, PhD",38205877.0,10.1002/cam4.6912,BC010876-17
134514,"Xin Wei  Wang, PhD",37452065.0,10.1038/s41598-023-38307-2,BC010876-17
134514,"Xin Wei  Wang, PhD",38761410.0,10.1002/ijc.35034,BC010876-17
134514,"Xin Wei  Wang, PhD",38280378.0,10.1016/j.xcrm.2024.101394,BC010876-17
134514,"Xin Wei  Wang, PhD",38315396.0,10.1007/978-1-0716-3694-7_12,BC010876-17
134995,"Michael Bernhard Aregger, PhD",37201508.0,10.1016/j.cels.2023.04.003,BC012102-03
134995,"Michael Bernhard Aregger, PhD",38917794.0,10.1016/j.molcel.2024.05.024,BC012102-03
135044,"Elizabeth  Cahoon, PhD",37191831.0,10.1007/s10654-023-01010-7,CP010132-29
135044,"Elizabeth  Cahoon, PhD",36889791.0,10.1136/bmj-2022-072924,CP010132-29
135044,"Elizabeth  Cahoon, PhD",38879521.0,10.1186/s12889-024-18701-9,CP010132-29
135044,"Elizabeth  Cahoon, PhD",37704705.0,10.1038/s41598-023-42283-y,CP010132-29
135044,"Elizabeth  Cahoon, PhD",38503853.0,10.1038/s41598-024-56967-6,CP010132-29
135044,"Elizabeth  Cahoon, PhD",37596407.0,10.1038/s41416-023-02387-8,CP010132-29
135044,"Elizabeth  Cahoon, PhD",38871684.0,10.1038/s41467-024-49292-z,CP010132-29
135044,"Stephen J Chanock, MD",37191831.0,10.1007/s10654-023-01010-7,CP010132-29
135044,"Stephen J Chanock, MD",36889791.0,10.1136/bmj-2022-072924,CP010132-29
135044,"Stephen J Chanock, MD",38879521.0,10.1186/s12889-024-18701-9,CP010132-29
135044,"Stephen J Chanock, MD",37704705.0,10.1038/s41598-023-42283-y,CP010132-29
135044,"Stephen J Chanock, MD",38503853.0,10.1038/s41598-024-56967-6,CP010132-29
135044,"Stephen J Chanock, MD",37596407.0,10.1038/s41416-023-02387-8,CP010132-29
135044,"Stephen J Chanock, MD",38871684.0,10.1038/s41467-024-49292-z,CP010132-29
135044,"Lindsay Mcomber Morton, PhD",37191831.0,10.1007/s10654-023-01010-7,CP010132-29
135044,"Lindsay Mcomber Morton, PhD",36889791.0,10.1136/bmj-2022-072924,CP010132-29
135044,"Lindsay Mcomber Morton, PhD",38879521.0,10.1186/s12889-024-18701-9,CP010132-29
135044,"Lindsay Mcomber Morton, PhD",37704705.0,10.1038/s41598-023-42283-y,CP010132-29
135044,"Lindsay Mcomber Morton, PhD",38503853.0,10.1038/s41598-024-56967-6,CP010132-29
135044,"Lindsay Mcomber Morton, PhD",37596407.0,10.1038/s41416-023-02387-8,CP010132-29
135044,"Lindsay Mcomber Morton, PhD",38871684.0,10.1038/s41467-024-49292-z,CP010132-29
135044,"Choonsik  Lee, PhD",37191831.0,10.1007/s10654-023-01010-7,CP010132-29
135044,"Choonsik  Lee, PhD",36889791.0,10.1136/bmj-2022-072924,CP010132-29
135044,"Choonsik  Lee, PhD",38879521.0,10.1186/s12889-024-18701-9,CP010132-29
135044,"Choonsik  Lee, PhD",37704705.0,10.1038/s41598-023-42283-y,CP010132-29
135044,"Choonsik  Lee, PhD",38503853.0,10.1038/s41598-024-56967-6,CP010132-29
135044,"Choonsik  Lee, PhD",37596407.0,10.1038/s41416-023-02387-8,CP010132-29
135044,"Choonsik  Lee, PhD",38871684.0,10.1038/s41467-024-49292-z,CP010132-29
135044,"Mark Peter Little, DPhil",37191831.0,10.1007/s10654-023-01010-7,CP010132-29
135044,"Mark Peter Little, DPhil",36889791.0,10.1136/bmj-2022-072924,CP010132-29
135044,"Mark Peter Little, DPhil",38879521.0,10.1186/s12889-024-18701-9,CP010132-29
135044,"Mark Peter Little, DPhil",37704705.0,10.1038/s41598-023-42283-y,CP010132-29
135044,"Mark Peter Little, DPhil",38503853.0,10.1038/s41598-024-56967-6,CP010132-29
135044,"Mark Peter Little, DPhil",37596407.0,10.1038/s41416-023-02387-8,CP010132-29
135044,"Mark Peter Little, DPhil",38871684.0,10.1038/s41467-024-49292-z,CP010132-29
134470,"Robert Andrew Byrd, PhD",37906952.0,10.1021/jacs.3c07225,BC011132-17
134470,"Robert Andrew Byrd, PhD",37989735.0,10.1038/s41467-023-43008-5,BC011132-17
135101,"Charles  Rabkin, MD",38685845.0,10.34172/aim.2024.28,CP010212-15
135101,"Charles  Rabkin, MD",37697938.0,10.1093/infdis/jiad396,CP010212-15
135101,"Charles  Rabkin, MD",38757245.0,10.1002/ijc.35004,CP010212-15
135101,"Charles  Rabkin, MD",37600162.0,10.1016/j.lana.2023.100551,CP010212-15
135101,"Charles  Rabkin, MD",38081806.0,10.1038/s41467-023-43562-y,CP010212-15
135101,"Eric Andrew Engels, MD",38685845.0,10.34172/aim.2024.28,CP010212-15
135101,"Eric Andrew Engels, MD",37697938.0,10.1093/infdis/jiad396,CP010212-15
135101,"Eric Andrew Engels, MD",38757245.0,10.1002/ijc.35004,CP010212-15
135101,"Eric Andrew Engels, MD",37600162.0,10.1016/j.lana.2023.100551,CP010212-15
135101,"Eric Andrew Engels, MD",38081806.0,10.1038/s41467-023-43562-y,CP010212-15
135101,"Maria Constanza Camargo, PhD",38685845.0,10.34172/aim.2024.28,CP010212-15
135101,"Maria Constanza Camargo, PhD",37697938.0,10.1093/infdis/jiad396,CP010212-15
135101,"Maria Constanza Camargo, PhD",38757245.0,10.1002/ijc.35004,CP010212-15
135101,"Maria Constanza Camargo, PhD",37600162.0,10.1016/j.lana.2023.100551,CP010212-15
135101,"Maria Constanza Camargo, PhD",38081806.0,10.1038/s41467-023-43562-y,CP010212-15
134526,Jan  Wisniewski,38906156.0,10.1016/j.ccell.2024.05.026,BC010915-17
134526,Jan  Wisniewski,38280375.0,10.1016/j.cell.2024.01.001,BC010915-17
134526,Jan  Wisniewski,38993671.0,,BC010915-17
134526,Jan  Wisniewski,38993671.0,10.1016/j.isci.2024.109797,BC010915-17
134361,"Kathrin  Muegge, MD",37709749.0,10.1038/s41467-023-41317-3,BC010014-29
135105,"Jill Elizabeth Koshiol, PhD",38758104.0,10.1097/HEP.0000000000000748,CP010218-14
135105,"Jill Elizabeth Koshiol, PhD",38168135.0,10.1038/s41598-023-50509-2,CP010218-14
135105,"Katherine Ann McGlynn, PhD",38758104.0,10.1097/HEP.0000000000000748,CP010218-14
135105,"Katherine Ann McGlynn, PhD",38168135.0,10.1038/s41598-023-50509-2,CP010218-14
134747,"John Frederick Shern, MD",36724417.0,10.1200/JCO.22.00409,BC011734-09
134747,"John Frederick Shern, MD",36658307.0,10.1038/s41698-022-00345-w,BC011734-09
134747,"John Frederick Shern, MD",38402212.0,10.1038/s41467-024-45902-y,BC011734-09
134747,"John Frederick Shern, MD",38547242.0,10.1371/journal.pbio.3002240,BC011734-09
134747,"John Frederick Shern, MD",37585199.0,10.1001/jamadermatol.2023.2621,BC011734-09
134747,"John Frederick Shern, MD",36598365.0,10.1158/0008-5472.CAN-22-2042,BC011734-09
134747,"John Frederick Shern, MD",37167059.0,10.1016/j.xpro.2023.102297,BC011734-09
134562,"Shivinder Singh Grewal, PhD",38380929.0,10.1128/mbio.03185-23,BC011208-16
134562,"Shivinder Singh Grewal, PhD",38084929.0,10.1093/nar/gkad1182,BC011208-16
134562,"Shivinder Singh Grewal, PhD",38285941.0,10.1073/pnas.2315596121,BC011208-16
134562,"Shivinder Singh Grewal, PhD",39096900.0,,BC011208-16
134562,"Shivinder Singh Grewal, PhD",39096900.0,10.1016/j.molcel.2024.07.006,BC011208-16
134448,"Carol J Thiele, PhD",38653778.0,10.1038/s41467-024-47166-y,BC010788-18
134448,"Carol J Thiele, PhD",38547242.0,10.1371/journal.pbio.3002240,BC010788-18
134448,"Carol J Thiele, PhD",37894922.0,10.3390/ijms242015242,BC010788-18
134666,"Martin John Schnermann, PhD",38096133.0,10.1021/acs.joc.3c01920,BC011506-12
134666,"Martin John Schnermann, PhD",38292408.0,10.1109/lra.2023.3341773,BC011506-12
134666,"Martin John Schnermann, PhD",38984667.0,10.1080/15384101.2024.2364578,BC011506-12
135024,"Sri  Krishna, PhD",38816232.0,10.1136/jitc-2023-008645,BC012154-02
135024,"Sri  Krishna, PhD",38039963.0,10.1016/j.ccell.2023.11.005,BC012154-02
134439,"Yawen  Bai, PhD",38084929.0,10.1093/nar/gkad1182,BC010808-18
135147,"Brigitte  Widemann, MD",37966258.0,10.1158/2767-9764.CRC-23-0247,SC010354-25
135147,"Brigitte  Widemann, MD",38907342.0,10.1186/s40478-024-01821-z,SC010354-25
135147,"Brigitte  Widemann, MD",39006526.0,10.1093/nop/npae001,SC010354-25
135147,"Brigitte  Widemann, MD",38869947.0,10.2217/fon-2023-0565,SC010354-25
135147,"Brigitte  Widemann, MD",36583617.0,10.1002/lary.30522,SC010354-25
135147,"Brigitte  Widemann, MD",37889049.0,10.1002/pbc.30745,SC010354-25
135147,"Brigitte  Widemann, MD",37877369.0,10.1177/17407745231206402,SC010354-25
135147,"Brigitte  Widemann, MD",35882475.0,10.1182/bloodadvances.2022007431,SC010354-25
135147,"Brigitte  Widemann, MD",37776044.0,10.1177/17407745231201345,SC010354-25
135147,"Brigitte  Widemann, MD",38259542.0,10.3389/fpsyg.2023.1243005,SC010354-25
135147,"Brigitte  Widemann, MD",38372904.0,10.1007/s11060-024-04596-4,SC010354-25
135147,"Brigitte  Widemann, MD",38700789.0,10.1007/s00432-024-05706-5,SC010354-25
135147,"Brigitte  Widemann, MD",38427131.0,10.1007/s11060-024-04613-6,SC010354-25
135147,"Brigitte  Widemann, MD",37585199.0,10.1001/jamadermatol.2023.2621,SC010354-25
135147,"Brigitte  Widemann, MD",38318699.0,10.1080/09297049.2024.2307663,SC010354-25
135147,"Brigitte  Widemann, MD",36980006.0,10.3390/children10030448,SC010354-25
134609,"Tim Friedrich Greten, MD",37865722.0,10.1038/s41591-023-02605-z,BC011343-15
134609,"Tim Friedrich Greten, MD",38184304.0,10.1136/jitc-2023-008079,BC011343-15
134609,"Tim Friedrich Greten, MD",38124450.0,10.1002/cam4.6814,BC011343-15
134609,"Tim Friedrich Greten, MD",38205877.0,10.1002/cam4.6912,BC011343-15
134609,"Tim Friedrich Greten, MD",36957974.0,10.1097/PPO.0000000000000646,BC011343-15
134609,"Tim Friedrich Greten, MD",38989414.0,10.21037/jgo-24-71,BC011343-15
134679,Tatiana  Karpova,38600242.0,10.1038/s44318-024-00093-6,BC011574-11
134679,Tatiana  Karpova,38758429.0,10.1007/s00418-024-02297-7,BC011574-11
134677,"John Stephen Schneekloth, PhD",37697037.0,10.1038/s41557-023-01330-x,BC011585-11
134677,"John Stephen Schneekloth, PhD",38402212.0,10.1038/s41467-024-45902-y,BC011585-11
134677,"John Stephen Schneekloth, PhD",37252343.0,10.1021/acscentsci.3c00015,BC011585-11
134677,"John Stephen Schneekloth, PhD",38903087.0,10.1101/2024.02.23.581746,BC011585-11
134677,"John Stephen Schneekloth, PhD",38894923.0,10.1021/acsmedchemlett.3c00574,BC011585-11
134677,"John Stephen Schneekloth, PhD",37312842.0,10.1021/acsmedchemlett.3c00051,BC011585-11
134677,"John Stephen Schneekloth, PhD",37962331.0,10.1093/nar/gkad981,BC011585-11
134699,"Kylie Janice Walters, PhD",38191484.0,10.1038/s41467-023-44611-2,BC011627-10
134699,"Kylie Janice Walters, PhD",37590133.0,10.1016/j.celrep.2023.113001,BC011627-10
135008,"Mikhail A Kolmogorov, PhD",38307027.0,10.1016/j.ajhg.2024.01.002,BC012104-03
135018,"Clint Tanner Allen, MD",37878675.0,10.1126/scitranslmed.adj0740,BC012131-02
134818,"Brigitte  Widemann, MD",38700789.0,10.1007/s00432-024-05706-5,BC011852-07
134818,"Brigitte  Widemann, MD",37878787.0,10.1093/oncolo/oyad285,BC011852-07
134723,"John Fickes Brognard, PhD",38016478.0,10.1016/j.chembiol.2023.10.023,BC011691-09
135122,"Philip E Castle, PhD, MPH",38668553.0,10.1002/pbc.31020,CP101237-03
134508,Hao-Wei  Wang,38376944.0,10.1172/JCI175199,BC011104-17
134508,Hao-Wei  Wang,38155568.0,10.1016/j.ymthe.2023.12.018,BC011104-17
134508,Hao-Wei  Wang,38813719.0,10.3324/haematol.2023.284784,BC011104-17
134508,Hao-Wei  Wang,36632565.0,10.1080/2162402X.2022.2163784,BC011104-17
134508,Hao-Wei  Wang,38217297.0,10.1002/cyto.b.22155,BC011104-17
134974,"Andra Valentina Krauze, MD",37244628.0,10.1016/j.ijrobp.2023.05.033,BC012095-03
134773,"Louis  Staudt, MD, PhD",38899693.0,10.1056/NEJMoa2401532,BC011780-08
135084,"Sharon Ann Savage, MD",38011490.0,10.1182/bloodadvances.2023010882,CP010190-19
135084,"Sharon Ann Savage, MD",38810947.0,10.1016/j.jtct.2024.05.017,CP010190-19
135084,"Shahinaz M Gadalla, PhD",38011490.0,10.1182/bloodadvances.2023010882,CP010190-19
135084,"Shahinaz M Gadalla, PhD",38810947.0,10.1016/j.jtct.2024.05.017,CP010190-19
134612,"Andrea Borghese Apolo, MD",39086924.0,10.1136/bmjonc-2024-000335,BC011351-15
134569,"Glenn  Merlino, PhD",37173324.0,10.1038/s41467-023-38271-5,BC011167-16
134655,William Curtis Reinhold,37140427.0,10.1158/0008-5472.CAN-22-2996,BC011497-12
134655,William Curtis Reinhold,38868205.0,10.1016/j.isci.2024.109781,BC011497-12
134781,"Yves  Pommier, MD, PhD",37227187.0,10.1158/1078-0432.CCR-23-0536,BC011746-08
134781,"Yves  Pommier, MD, PhD",38451783.0,10.1158/2767-9764.CRC-24-0085,BC011746-08
134781,"Yves  Pommier, MD, PhD",37706203.0,10.1093/noajnl/vdad102,BC011746-08
134781,"Yves  Pommier, MD, PhD",36715552.0,10.1158/2159-8290.CD-22-0796,BC011746-08
134781,"Yves  Pommier, MD, PhD",37140427.0,10.1158/0008-5472.CAN-22-2996,BC011746-08
134781,"Yves  Pommier, MD, PhD",37491889.0,10.15252/emmm.202217313,BC011746-08
134781,"Yves  Pommier, MD, PhD",37824137.0,10.1001/jamaoncol.2023.4025,BC011746-08
134706,"Christine Campo Alewine, MD, PhD",37538977.0,10.20517/2394-4722.2022.106,BC011652-10
134706,"Christine Campo Alewine, MD, PhD",38706610.0,10.3389/fonc.2024.1386190,BC011652-10
134639,"Barry R O'Keefe, PhD",37843072.0,10.1021/acs.jnatprod.3c00394,BC011471-13
135153,"Kevin A Camphausen, MD",37892181.0,10.3390/biom13101499,SC010373-24
135153,"Kevin A Camphausen, MD",37760597.0,10.3390/cancers15184628,SC010373-24
135153,"Kevin A Camphausen, MD",38612892.0,10.3390/ijms25074082,SC010373-24
135153,"Kevin A Camphausen, MD",38811596.0,10.1038/s41598-024-61240-x,SC010373-24
134396,"William D Figg, PharmD",38954785.0,10.1200/JCO.23.02233,BC010547-22
134396,"William D Figg, PharmD",38892296.0,10.3390/ijms25116111,BC010547-22
134396,"William D Figg, PharmD",38213719.0,10.7150/jca.90836,BC010547-22
134396,"William D Figg, PharmD",36810713.0,10.1007/s40615-023-01534-4,BC010547-22
134396,"William D Figg, PharmD",38895436.0,10.1101/2024.06.02.597054,BC010547-22
134412,"Di S Xia, BS, MS, PhD",37821516.0,10.1038/s41467-023-41806-5,BC010600-21
134412,"Di S Xia, BS, MS, PhD",38821922.0,10.1038/s41467-024-49029-y,BC010600-21
134625,"Maria  Merino, MD",39062684.0,10.3390/genes15070905,BC011405-14
134778,"Frank I-Kai Lin, MD",37886645.0,10.3389/fendo.2023.1275813,BC011789-08
134778,"Frank I-Kai Lin, MD",38601063.0,10.1210/jcemcr/luae049,BC011789-08
134792,"Steven David Cappell, PhD",37656618.0,10.1016/j.celrep.2023.113079,BC011832-07
134831,"Andres Matias Lebensohn, PhD",37798301.0,10.1038/s41467-023-41836-z,BC011901-06
134831,"Andres Matias Lebensohn, PhD",37798281.0,10.1038/s41467-023-41843-0,BC011901-06
134713,"Adam G Sowalsky, PhD",38112617.0,10.1158/2767-9764.CRC-23-0248,BC011679-09
135103,"Emily Jean Vogtmann, PhD",37603725.0,10.1093/jnci/djad147,CP010215-15
135103,"Eric Andrew Engels, MD",37603725.0,10.1093/jnci/djad147,CP010215-15
135103,"Rashmi P Sinha, PhD",37603725.0,10.1093/jnci/djad147,CP010215-15
135103,"Sam  Mbulaiteye, MD",37603725.0,10.1093/jnci/djad147,CP010215-15
135103,"Sonja  Berndt, PhD, PharmD",37603725.0,10.1093/jnci/djad147,CP010215-15
134700,Elizabeth A Conner,38897168.0,10.1016/j.xcrm.2024.101610,BC011623-10
134700,Elizabeth A Conner,38509386.0,10.1038/s41588-024-01692-z,BC011623-10
134700,Elizabeth A Conner,37595058.0,10.1182/bloodadvances.2023010458,BC011623-10
134700,Elizabeth A Conner,37962331.0,10.1093/nar/gkad981,BC011623-10
134606,"Deedee Kay Smart, MD, PhD",37781088.0,10.1093/noajnl/vdad108,BC011333-15
134334,"Frank Jess Gonzalez, PhD",38617535.0,10.7150/ijbs.94297,BC005708-33
134334,"Frank Jess Gonzalez, PhD",38428309.0,10.1016/j.biopha.2024.116341,BC005708-33
134334,"Frank Jess Gonzalez, PhD",38052229.0,10.1038/s41586-023-06906-8,BC005708-33
134334,"Frank Jess Gonzalez, PhD",37219858.0,10.1097/HC9.0000000000000166,BC005708-33
134334,"Frank Jess Gonzalez, PhD",36626642.0,10.1097/HEP.0000000000000182,BC005708-33
134334,"Frank Jess Gonzalez, PhD",36779417.0,10.1093/jb/mvad005,BC005708-33
134334,"Frank Jess Gonzalez, PhD",36796223.0,10.1016/j.bbrc.2023.01.071,BC005708-33
134334,"Frank Jess Gonzalez, PhD",38786053.0,10.3390/cells13100831,BC005708-33
134334,"Frank Jess Gonzalez, PhD",38091879.0,10.1016/j.redox.2023.102986,BC005708-33
134334,"Frank Jess Gonzalez, PhD",38237593.0,10.1016/j.chom.2023.12.015,BC005708-33
134334,"Frank Jess Gonzalez, PhD",37626746.0,10.3390/biomedicines11082250,BC005708-33
134334,"Frank Jess Gonzalez, PhD",36926457.0,10.1021/acsptsci.2c00250,BC005708-33
134334,"Frank Jess Gonzalez, PhD",38326609.0,10.1038/s41586-023-06990-w,BC005708-33
134334,"Frank Jess Gonzalez, PhD",38297077.0,10.1038/s42003-024-05835-0,BC005708-33
134334,"Frank Jess Gonzalez, PhD",37334379.0,10.3389/fimmu.2023.1178355,BC005708-33
134334,"Frank Jess Gonzalez, PhD",38767350.0,10.1128/mbio.00169-24,BC005708-33
134334,"Frank Jess Gonzalez, PhD",37717940.0,10.1016/j.ajpath.2023.07.008,BC005708-33
134334,"Frank Jess Gonzalez, PhD",37515840.0,10.1016/j.bbadis.2023.166811,BC005708-33
134334,"Frank Jess Gonzalez, PhD",35460276.0,10.1002/hep.32538,BC005708-33
134334,"Frank Jess Gonzalez, PhD",38557493.0,10.1172/JCI166731,BC005708-33
134334,"Frank Jess Gonzalez, PhD",37556879.0,10.1016/j.jbc.2023.105125,BC005708-33
134334,"Frank Jess Gonzalez, PhD",35655096.0,10.1038/s41401-022-00921-7,BC005708-33
134334,"Frank Jess Gonzalez, PhD",37623879.0,10.3390/metabo13080936,BC005708-33
134334,"Frank Jess Gonzalez, PhD",37328648.0,10.1038/s41401-023-01107-5,BC005708-33
134334,"Frank Jess Gonzalez, PhD",37239961.0,10.3390/ijms24108608,BC005708-33
134789,"Terri Sue Armstrong, PhD",38250563.0,10.1093/noajnl/vdad159,BC011837-07
134789,"Terri Sue Armstrong, PhD",37421295.0,10.1002/cam4.6325,BC011837-07
134789,"Terri Sue Armstrong, PhD",35849035.0,10.1093/neuonc/noac173,BC011837-07
134789,"Terri Sue Armstrong, PhD",38292240.0,10.1093/noajnl/vdad164,BC011837-07
134789,"Terri Sue Armstrong, PhD",38596715.0,10.1093/noajnl/vdae042,BC011837-07
134789,"Terri Sue Armstrong, PhD",38596717.0,10.1093/noajnl/vdae030,BC011837-07
134789,"Terri Sue Armstrong, PhD",38709657.0,10.1093/neuonc/noae047,BC011837-07
134372,"Ruth  Nussinov, PhD",36580595.0,10.1073/pnas.2214423119,BC010441-23
134372,"Ruth  Nussinov, PhD",36726377.0,10.3389/fmolb.2023.1111574,BC010441-23
134372,"Ruth  Nussinov, PhD",36759615.0,10.1038/s41467-023-36184-x,BC010441-23
134372,"Ruth  Nussinov, PhD",37433832.0,10.1038/s42003-023-05067-8,BC010441-23
134372,"Ruth  Nussinov, PhD",37935253.0,10.1016/j.jmb.2023.168354,BC010441-23
134372,"Ruth  Nussinov, PhD",36369657.0,10.1002/pro.4504,BC010441-23
134372,"Ruth  Nussinov, PhD",38239681.0,10.1039/d3sc04690g,BC010441-23
134372,"Ruth  Nussinov, PhD",38085330.0,10.1007/s00018-023-05052-8,BC010441-23
134372,"Ruth  Nussinov, PhD",38830868.0,10.1038/s41467-024-48364-4,BC010441-23
134372,"Ruth  Nussinov, PhD",37946677.0,10.1002/advs.202303367,BC010441-23
134372,"Ruth  Nussinov, PhD",37978802.0,10.1016/j.bpj.2023.11.018,BC010441-23
134372,"Ruth  Nussinov, PhD",38591710.0,10.1002/pro.4982,BC010441-23
134372,"Ruth  Nussinov, PhD",36814845.0,10.1016/j.crmeth.2022.100382,BC010441-23
134372,"Ruth  Nussinov, PhD",37925498.0,10.1038/s41525-023-00377-6,BC010441-23
134372,"Ruth  Nussinov, PhD",36808143.0,10.1038/s42003-023-04519-5,BC010441-23
134372,"Ruth  Nussinov, PhD",36815703.0,10.1021/acs.jctc.2c01171,BC010441-23
134372,"Ruth  Nussinov, PhD",36573259.0,10.1002/cac2.12395,BC010441-23
134372,"Ruth  Nussinov, PhD",38703777.0,10.1016/j.str.2024.04.012,BC010441-23
134557,"Yamini Praful Dalal, PhD",37116496.0,10.1016/j.molcel.2023.04.005,BC011206-16
134559,"Yamini Praful Dalal, PhD",37728600.0,10.7554/eLife.86709,BC011209-16
134559,"Yamini Praful Dalal, PhD",38181064.0,10.1371/journal.pcbi.1011721,BC011209-16
134659,"Hisataka  Kobayashi, PhD, MD",38555315.0,10.1038/s41416-024-02639-1,BC011513-12
134659,"Hisataka  Kobayashi, PhD, MD",37461129.0,10.1158/1535-7163.MCT-23-0210,BC011513-12
134659,"Hisataka  Kobayashi, PhD, MD",38490105.0,10.1016/j.ebiom.2024.105050,BC011513-12
134659,"Hisataka  Kobayashi, PhD, MD",38272345.0,10.1016/j.canlet.2023.216606,BC011513-12
134659,"Hisataka  Kobayashi, PhD, MD",38671582.0,10.1111/cas.16195,BC011513-12
134659,"Hisataka  Kobayashi, PhD, MD",38663219.0,10.1016/j.tranon.2024.101966,BC011513-12
134659,"Hisataka  Kobayashi, PhD, MD",37254845.0,10.2217/nnm-2023-0044,BC011513-12
134659,"Hisataka  Kobayashi, PhD, MD",37817415.0,10.1111/cas.15965,BC011513-12
134889,"Jennifer Clare Jones, MD, PhD",36961472.0,10.1111/nyas.14974,BC011942-05
134889,"Jennifer Clare Jones, MD, PhD",38872853.0,10.1016/j.vesic.2024.100040,BC011942-05
134889,"Jennifer Clare Jones, MD, PhD",37788377.0,10.1021/acs.nanolett.3c00562,BC011942-05
134889,"Jennifer Clare Jones, MD, PhD",37622115.0,10.3389/fimmu.2023.1235791,BC011942-05
134954,"Kazusa  Ishii, MD",37494434.0,10.1126/sciadv.adg9845,BC012045-04
134954,"Kazusa  Ishii, MD",36201744.0,10.1182/blood.2022016660,BC012045-04
134971,"Padma Sheila Rajagopal, MD, MPH",38959448.0,10.1200/CCI.23.00245,BC012112-03
134971,"Padma Sheila Rajagopal, MD, MPH",38521835.0,10.1038/s41467-024-46945-x,BC012112-03
134971,"Padma Sheila Rajagopal, MD, MPH",38572163.0,10.3389/fmed.2024.1361317,BC012112-03
134355,"Paul A Roche, PhD",37921511.0,10.4049/jimmunol.2300607,BC009404-30
134504,"Louis  Staudt, MD, PhD",38701426.0,10.1182/blood.2024024251,BC011006-17
134504,"Louis  Staudt, MD, PhD",38899693.0,10.1056/NEJMoa2401532,BC011006-17
134504,"Louis  Staudt, MD, PhD",38428410.0,10.1016/j.ccell.2024.02.001,BC011006-17
134394,"William D Figg, PharmD",38892296.0,10.3390/ijms25116111,BC010453-23
134394,"William D Figg, PharmD",38213719.0,10.7150/jca.90836,BC010453-23
135094,"Liudmila  Prokunina-Olsson, PhD",37330907.0,10.1016/j.xpro.2023.102362,CP010201-15
135094,"Liudmila  Prokunina-Olsson, PhD",37078927.0,10.1097/MPA.0000000000002170,CP010201-15
135094,"Michael  Dean, PhD",37330907.0,10.1016/j.xpro.2023.102362,CP010201-15
135094,"Michael  Dean, PhD",37078927.0,10.1097/MPA.0000000000002170,CP010201-15
135094,"Kevin Michael Brown, PhD",37330907.0,10.1016/j.xpro.2023.102362,CP010201-15
135094,"Kevin Michael Brown, PhD",37078927.0,10.1097/MPA.0000000000002170,CP010201-15
135094,"Laufey Thora Amundadottir, PhD",37330907.0,10.1016/j.xpro.2023.102362,CP010201-15
135094,"Laufey Thora Amundadottir, PhD",37078927.0,10.1097/MPA.0000000000002170,CP010201-15
135094,"Ji Yeon  Choi, PhD",37330907.0,10.1016/j.xpro.2023.102362,CP010201-15
135094,"Ji Yeon  Choi, PhD",37078927.0,10.1097/MPA.0000000000002170,CP010201-15
134561,"Susan  Gottesman, PhD",38466775.0,10.1371/journal.pgen.1011059,BC011203-16
134561,"Susan  Gottesman, PhD",37949227.0,10.1016/j.jbc.2023.105440,BC011203-16
134859,Anuradha Samantha Budhu,37980571.0,10.1016/j.celrep.2023.113446,BC011870-06
134859,Anuradha Samantha Budhu,38118412.0,10.1016/j.xcrm.2023.101328,BC011870-06
134859,Anuradha Samantha Budhu,38553628.0,10.1038/s42003-024-06040-9,BC011870-06
134859,Anuradha Samantha Budhu,38205877.0,10.1002/cam4.6912,BC011870-06
134859,Anuradha Samantha Budhu,38761410.0,10.1002/ijc.35034,BC011870-06
134859,Anuradha Samantha Budhu,38280378.0,10.1016/j.xcrm.2024.101394,BC011870-06
134710,"Mark Richard Gilbert, MD",38420614.0,10.1093/noajnl/vdae019,BC011647-10
134710,"Mark Richard Gilbert, MD",38292240.0,10.1093/noajnl/vdad164,BC011647-10
134710,"Mark Richard Gilbert, MD",38589034.0,10.1101/gad.351350.123,BC011647-10
134803,"Sergio Macias Ruiz, PhD",38509386.0,10.1038/s41588-024-01692-z,BC011813-07
134644,"Noemi  Kedei, MD",37656618.0,10.1016/j.celrep.2023.113079,BC011434-13
134644,"Noemi  Kedei, MD",38000366.0,10.1093/nar/gkad1111,BC011434-13
134644,"Noemi  Kedei, MD",38275890.0,10.3390/cancers16020449,BC011434-13
134644,"Noemi  Kedei, MD",37725716.0,10.1097/HEP.0000000000000600,BC011434-13
134644,"Noemi  Kedei, MD",37967174.0,10.1126/sciadv.adg8126,BC011434-13
134644,"Noemi  Kedei, MD",38912586.0,10.1172/jci.insight.165356,BC011434-13
134644,"Noemi  Kedei, MD",37595566.0,10.1016/j.cell.2023.07.026,BC011434-13
134644,"Noemi  Kedei, MD",39001383.0,10.3390/cancers16132320,BC011434-13
134644,"Noemi  Kedei, MD",38997291.0,10.1038/s41467-024-50262-8,BC011434-13
134401,"Vineet Narain KewalRamani, PhD",37414787.0,10.1038/s41598-023-37364-x,BC010488-22
134841,"Gabriel James Starrett, PhD",37884054.0,10.1097/QAI.0000000000003283,BC011894-06
134841,"Gabriel James Starrett, PhD",38979305.0,10.1101/2024.06.17.598514,BC011894-06
134938,"Jay Arthur Berzofsky, MD, PhD",38835757.0,10.3389/fimmu.2024.1386243,BC012054-04
134386,"Yun Xing M Wang, PhD",37534568.0,10.1093/nar/gkad651,BC010379-25
134386,"Yun Xing M Wang, PhD",36759615.0,10.1038/s41467-023-36184-x,BC010379-25
134386,"Yun Xing M Wang, PhD",37433832.0,10.1038/s42003-023-05067-8,BC010379-25
134386,"Yun Xing M Wang, PhD",37253356.0,10.1016/j.str.2023.05.003,BC010379-25
134386,"Yun Xing M Wang, PhD",37673863.0,10.1038/s41467-023-41155-3,BC010379-25
134399,"Wei-Shau  Hu, PhD",38657061.0,10.1126/sciadv.adn7033,BC010504-22
134399,"Wei-Shau  Hu, PhD",37662965.0,10.1016/j.omtn.2023.08.007,BC010504-22
135091,"Rashmi P Sinha, PhD",39095780.0,10.1186/s12889-024-19209-y,CP010196-18
135091,"Rashmi P Sinha, PhD",38922615.0,10.1001/jamanetworkopen.2024.18729,CP010196-18
135091,"Rashmi P Sinha, PhD",37691690.0,10.1016/j.jhepr.2023.100819,CP010196-18
135091,"Rashmi P Sinha, PhD",38017130.0,10.1038/s41416-023-02421-9,CP010196-18
134957,"Joseph M Ziegelbauer, PhD",37740179.0,10.1186/s12967-023-04517-5,BC012047-04
134402,"Murali  Cherukuri, PhD",37679461.0,10.1038/s41598-023-41163-9,BC010477-22
134402,"Murali  Cherukuri, PhD",38024238.0,10.1093/noajnl/vdad143,BC010477-22
134402,"Murali  Cherukuri, PhD",37616468.0,10.1158/1078-0432.CCR-23-0200,BC010477-22
134492,"Jeffrey  Schlom, PhD",38427670.0,10.1371/journal.pone.0287733,BC010944-17
134492,"Jeffrey  Schlom, PhD",37678915.0,10.1136/jitc-2023-007386,BC010944-17
134492,"Jeffrey  Schlom, PhD",36640137.0,10.1093/oncolo/oyac244,BC010944-17
134492,"Jeffrey  Schlom, PhD",38019931.0,10.1126/scitranslmed.adi0258,BC010944-17
134492,"Jeffrey  Schlom, PhD",37505292.0,10.1007/s00262-023-03496-2,BC010944-17
134492,"Jeffrey  Schlom, PhD",38260854.0,10.3389/fonc.2023.1321318,BC010944-17
134523,"Javed  Khan, MD",38653778.0,10.1038/s41467-024-47166-y,BC011002-17
134523,"Javed  Khan, MD",37688579.0,10.1093/jnci/djad183,BC011002-17
134523,"Javed  Khan, MD",38402212.0,10.1038/s41467-024-45902-y,BC011002-17
134523,"Javed  Khan, MD",38546643.0,10.1001/jamanetworkopen.2024.4170,BC011002-17
134646,"Markku Martti Miettinen, MD, PhD",38897168.0,10.1016/j.xcrm.2024.101610,BC011427-13
135102,"Anil Kumar Chaturvedi, PhD",38033283.0,10.1200/JCO.23.00729,CP010213-15
134429,"Kyung  Lee, PhD",37603740.0,10.1073/pnas.2305037120,BC010681-20
135088,"Rashmi P Sinha, PhD",38013230.0,10.1016/j.annepidem.2023.10.008,CP010198-18
135088,"Rashmi P Sinha, PhD",38275237.0,10.14309/ajg.0000000000002675,CP010198-18
135088,"Rachael Zoe Stolzenberg-Solomon, PhD",38013230.0,10.1016/j.annepidem.2023.10.008,CP010198-18
135088,"Rachael Zoe Stolzenberg-Solomon, PhD",38275237.0,10.14309/ajg.0000000000002675,CP010198-18
134418,"Norman Norman Coleman, MD",37212632.0,10.1080/09553002.2023.2214205,BC010670-20
134418,"Norman Norman Coleman, MD",37527359.0,10.1667/RADE-23-00007.1,BC010670-20
134418,"Norman Norman Coleman, MD",36763093.0,10.1080/09553002.2023.2177768,BC010670-20
134765,"Pedro Jorge De Oliveira Rodrigues Batista, PhD",37561409.0,10.1093/hmg/ddad131,BC011766-08
134765,"Pedro Jorge De Oliveira Rodrigues Batista, PhD",38328795.0,10.1093/narcan/zcae004,BC011766-08
134765,"Pedro Jorge De Oliveira Rodrigues Batista, PhD",38574836.0,10.1016/j.cbi.2024.110989,BC011766-08
134765,"Pedro Jorge De Oliveira Rodrigues Batista, PhD",38684317.0,10.1261/rna.080004.124,BC011766-08
134765,"Pedro Jorge De Oliveira Rodrigues Batista, PhD",38151817.0,10.1158/1535-7163.MCT-23-0144,BC011766-08
134605,"Rosandra N Kaplan, MD",37966258.0,10.1158/2767-9764.CRC-23-0247,BC011332-15
134605,"Rosandra N Kaplan, MD",37398992.0,10.1158/1078-0432.CCR-23-0709,BC011332-15
134605,"Rosandra N Kaplan, MD",36518078.0,10.1016/j.ymthe.2022.12.006,BC011332-15
134605,"Rosandra N Kaplan, MD",38134936.0,10.1016/j.ccell.2023.11.011,BC011332-15
134605,"Rosandra N Kaplan, MD",37491298.0,10.1186/s13578-023-01088-2,BC011332-15
134605,"Rosandra N Kaplan, MD",37585199.0,10.1001/jamadermatol.2023.2621,BC011332-15
134682,"Gianluca  Pegoraro, PhD",38724854.0,10.1007/s00418-024-02289-7,BC011567-11
134682,"Gianluca  Pegoraro, PhD",38866555.0,10.1101/gad.351424.123,BC011567-11
134682,"Gianluca  Pegoraro, PhD",38502482.0,10.1007/978-1-0716-3766-1_8,BC011567-11
134682,"Gianluca  Pegoraro, PhD",38717453.0,,BC011567-11
134682,"Gianluca  Pegoraro, PhD",38717453.0,10.1091/mbc.E24-02-0082,BC011567-11
134682,"Gianluca  Pegoraro, PhD",38448539.0,10.1038/s41598-024-55254-8,BC011567-11
134438,"Bradley D St Croix, PhD",38019654.0,10.1016/j.celrep.2023.113503,BC010736-19
134438,"Bradley D St Croix, PhD",38354234.0,10.1126/sciadv.adj2445,BC010736-19
134835,"Arun  Rajan, MD",38485188.0,10.1136/jitc-2023-008480,BC011905-06
134381,"Barbara K Felber, PhD",38051788.0,10.1097/QAD.0000000000003804,BC010334-25
134510,"Sergey G Tarasov, PhD",38487241.0,10.1039/d3sc06370d,BC010965-17
134510,"Sergey G Tarasov, PhD",37762633.0,10.3390/ijms241814332,BC010965-17
134511,"Cathy  Vocke, PhD",37561409.0,10.1093/hmg/ddad131,BC011044-17
135005,"Mikhail A Kolmogorov, PhD",37710018.0,10.1038/s41592-023-01993-x,BC012109-03
134348,"Douglas  Lowy, MD",37267580.0,10.1200/JCO.22.02208,BC008905-43
134348,"Douglas  Lowy, MD",38135904.0,10.1002/1878-0261.13575,BC008905-43
134348,"Douglas  Lowy, MD",38938288.0,,BC008905-43
134348,"Douglas  Lowy, MD",38938288.0,10.26502/jbb.2642-91280119,BC008905-43
134348,"Douglas  Lowy, MD",38624210.0,10.1128/mbio.00729-24,BC008905-43
134464,"Stefan  Ambs, PhD",37732899.0,10.1158/2767-9764.CRC-23-0236,BC010887-17
134464,"Stefan  Ambs, PhD",37930698.0,10.1001/jamanetworkopen.2023.41651,BC010887-17
134464,"Stefan  Ambs, PhD",38741014.0,10.1038/s41588-024-01736-4,BC010887-17
134464,"Stefan  Ambs, PhD",38263910.0,10.1093/hmg/ddae002,BC010887-17
134464,"Stefan  Ambs, PhD",37906280.0,10.1172/jci.insight.170105,BC010887-17
134464,"Stefan  Ambs, PhD",38697998.0,10.1038/s41467-024-47650-5,BC010887-17
134464,"Stefan  Ambs, PhD",37902422.0,10.1158/2767-9764.CRC-23-0165,BC010887-17
134339,"Terrence R Burke, PhD",38984667.0,10.1080/15384101.2024.2364578,BC006198-35
134469,"Christopher  Buck, PhD",38299841.0,10.1128/mra.00999-23,BC011090-17
134469,"Christopher  Buck, PhD",37007799.0,10.1016/j.mehy.2023.111047,BC011090-17
134469,"Christopher  Buck, PhD",37515232.0,10.3390/v15071546,BC011090-17
134469,"Christopher  Buck, PhD",37561579.0,10.1172/JCI164918,BC011090-17
134469,"Christopher  Buck, PhD",36764908.0,10.1016/j.vaccine.2023.02.002,BC011090-17
134469,"Christopher  Buck, PhD",37477495.0,10.1158/1940-6207.CAPR-23-0112,BC011090-17
134756,"Ping  Zhang, PhD",37843072.0,10.1021/acs.jnatprod.3c00394,BC011744-08
134756,"Ping  Zhang, PhD",37558661.0,10.1038/s41467-023-40532-2,BC011744-08
134786,"Hiroshi  Matsuo, PhD",36827983.0,10.1016/j.str.2023.01.012,BC011849-07
134786,"Hiroshi  Matsuo, PhD",38509117.0,10.1038/s41467-024-46644-7,BC011849-07
134786,"Hiroshi  Matsuo, PhD",37438348.0,10.1038/s41467-023-39776-9,BC011849-07
138338,"Sridhar Subrahmanyam Hannenhalli, PhD",38699227.0,10.1016/j.isci.2024.109752,BC012176-01
138338,"Sridhar Subrahmanyam Hannenhalli, PhD",37046820.0,10.3390/cancers15072159,BC012176-01
138338,"Sridhar Subrahmanyam Hannenhalli, PhD",38846999.0,10.1016/j.omtn.2024.102202,BC012176-01
138338,"Sridhar Subrahmanyam Hannenhalli, PhD",36941605.0,10.1186/s12967-023-04053-2,BC012176-01
138338,"Sridhar Subrahmanyam Hannenhalli, PhD",36791193.0,10.1126/sciadv.add2911,BC012176-01
138338,"Sridhar Subrahmanyam Hannenhalli, PhD",37520992.0,10.1016/j.heliyon.2023.e18211,BC012176-01
138338,"Sridhar Subrahmanyam Hannenhalli, PhD",37167059.0,10.1016/j.xpro.2023.102297,BC012176-01
134947,Wiem  Lassoued,38822345.0,10.1186/s12967-024-05339-9,BC012029-04
134947,Wiem  Lassoued,38741774.0,10.3389/fonc.2024.1376622,BC012029-04
134947,Wiem  Lassoued,38485188.0,10.1136/jitc-2023-008480,BC012029-04
134947,Wiem  Lassoued,37648321.0,10.21873/anticanres.16590,BC012029-04
134959,"Michael Marc Gottesman, MD",38589905.0,10.1186/s40478-024-01763-6,BC012052-04
134959,"Michael Marc Gottesman, MD",38445882.0,10.1002/advs.202302872,BC012052-04
134959,"Michael Marc Gottesman, MD",38141369.0,10.1016/j.drup.2023.101035,BC012052-04
134959,"Michael Marc Gottesman, MD",38491505.0,10.1186/s12987-024-00529-5,BC012052-04
135003,"Susan Mary Lea, PhD",37534568.0,10.1093/nar/gkad651,BC012070-03
135003,"Susan Mary Lea, PhD",37460791.0,10.1038/s42003-023-05122-4,BC012070-03
134839,"Samira Mercedes Sadowski, MD",37487000.0,10.1158/1535-7163.MCT-22-0798,BC011899-06
135060,"Cari Meinhold Kitahara, PhD",38014578.0,10.1667/RADE-23-00179.1,CP010133-29
135060,"Cari Meinhold Kitahara, PhD",38424165.0,10.1038/s41416-024-02629-3,CP010133-29
135060,"Cari Meinhold Kitahara, PhD",38599279.0,10.1016/j.jvir.2024.03.032,CP010133-29
135060,"Cari Meinhold Kitahara, PhD",38079601.0,10.1200/JCO.23.01101,CP010133-29
135060,"Cari Meinhold Kitahara, PhD",38377945.0,10.1016/j.canep.2024.102545,CP010133-29
135060,"Mark Peter Little, DPhil",38014578.0,10.1667/RADE-23-00179.1,CP010133-29
135060,"Mark Peter Little, DPhil",38424165.0,10.1038/s41416-024-02629-3,CP010133-29
135060,"Mark Peter Little, DPhil",38599279.0,10.1016/j.jvir.2024.03.032,CP010133-29
135060,"Mark Peter Little, DPhil",38079601.0,10.1200/JCO.23.01101,CP010133-29
135060,"Mark Peter Little, DPhil",38377945.0,10.1016/j.canep.2024.102545,CP010133-29
135060,"Elizabeth  Cahoon, PhD",38014578.0,10.1667/RADE-23-00179.1,CP010133-29
135060,"Elizabeth  Cahoon, PhD",38424165.0,10.1038/s41416-024-02629-3,CP010133-29
135060,"Elizabeth  Cahoon, PhD",38599279.0,10.1016/j.jvir.2024.03.032,CP010133-29
135060,"Elizabeth  Cahoon, PhD",38079601.0,10.1200/JCO.23.01101,CP010133-29
135060,"Elizabeth  Cahoon, PhD",38377945.0,10.1016/j.canep.2024.102545,CP010133-29
134669,"Jennifer Clare Jones, MD, PhD",37285317.0,10.1093/bioinformatics/btad368,BC011503-12
134669,"Jennifer Clare Jones, MD, PhD",38113854.0,10.1016/j.crmeth.2023.100664,BC011503-12
134669,"Jennifer Clare Jones, MD, PhD",38872853.0,10.1016/j.vesic.2024.100040,BC011503-12
134669,"Jennifer Clare Jones, MD, PhD",38868945.0,10.1002/jev2.12463,BC011503-12
134669,"Jennifer Clare Jones, MD, PhD",38127463.0,10.1172/JCI165281,BC011503-12
134669,"Jennifer Clare Jones, MD, PhD",37622115.0,10.3389/fimmu.2023.1235791,BC011503-12
134337,"Yves  Pommier, MD, PhD",37129502.0,10.1093/hmg/ddad062,BC006150-43
134337,"Yves  Pommier, MD, PhD",38451783.0,10.1158/2767-9764.CRC-24-0085,BC006150-43
134337,"Yves  Pommier, MD, PhD",38411275.0,10.1002/mc.23705,BC006150-43
134337,"Yves  Pommier, MD, PhD",37850658.0,10.1093/nar/gkad837,BC006150-43
134337,"Yves  Pommier, MD, PhD",37706203.0,10.1093/noajnl/vdad102,BC006150-43
134337,"Yves  Pommier, MD, PhD",38347726.0,10.1080/10985549.2024.2307574,BC006150-43
134337,"Yves  Pommier, MD, PhD",37980342.0,10.1038/s41467-023-43151-z,BC006150-43
134337,"Yves  Pommier, MD, PhD",37600974.0,10.1093/narcan/zcad013,BC006150-43
134337,"Yves  Pommier, MD, PhD",37491889.0,10.15252/emmm.202217313,BC006150-43
134337,"Yves  Pommier, MD, PhD",37343696.0,10.1016/j.mcpro.2023.100602,BC006150-43
134337,"Yves  Pommier, MD, PhD",37353483.0,10.1038/s41467-023-39374-9,BC006150-43
134337,"Yves  Pommier, MD, PhD",37824137.0,10.1001/jamaoncol.2023.4025,BC006150-43
134337,"Yves  Pommier, MD, PhD",38055811.0,10.1126/sciadv.adi6681,BC006150-43
134794,"Steven David Cappell, PhD",38134889.0,10.1093/neuonc/noad252,BC011830-07
134794,"Steven David Cappell, PhD",36973439.0,10.1038/s43018-023-00524-z,BC011830-07
134794,"Steven David Cappell, PhD",37932011.0,10.1101/gad.351085.123,BC011830-07
134491,"Steven Aaron Rosenberg, MD, PhD",38816232.0,10.1136/jitc-2023-008645,BC010984-17
134491,"Steven Aaron Rosenberg, MD, PhD",38155568.0,10.1016/j.ymthe.2023.12.018,BC010984-17
134491,"Steven Aaron Rosenberg, MD, PhD",38039963.0,10.1016/j.ccell.2023.11.005,BC010984-17
134442,"Mary  Carrington, MS, PhD",35639875.0,10.1093/cid/ciac424,BC010791-18
134442,"Mary  Carrington, MS, PhD",38182727.0,10.1038/s42003-023-05701-5,BC010791-18
134442,"Mary  Carrington, MS, PhD",37532928.0,10.1038/s41586-023-06370-4,BC010791-18
134442,"Mary  Carrington, MS, PhD",38615318.0,10.1016/j.celrep.2024.114089,BC010791-18
134442,"Mary  Carrington, MS, PhD",38061376.0,10.1016/S2352-3018(23)00236-9,BC010791-18
134442,"Mary  Carrington, MS, PhD",38236978.0,10.1126/science.adk0777,BC010791-18
134442,"Mary  Carrington, MS, PhD",37788895.0,10.1136/gutjnl-2023-329524,BC010791-18
134516,"David Anderson Wink, PhD",37169743.0,10.1038/s41419-023-05834-9,BC010898-17
134799,William Curtis Reinhold,38868205.0,10.1016/j.isci.2024.109781,BC011820-07
134740,"Eric O Freed, PhD",38427738.0,10.1126/sciadv.adn0042,BC011721-09
134607,"Rosandra N Kaplan, MD",37966258.0,10.1158/2767-9764.CRC-23-0247,BC011334-15
134607,"Rosandra N Kaplan, MD",37398992.0,10.1158/1078-0432.CCR-23-0709,BC011334-15
134607,"Rosandra N Kaplan, MD",38134936.0,10.1016/j.ccell.2023.11.011,BC011334-15
134607,"Rosandra N Kaplan, MD",37491298.0,10.1186/s13578-023-01088-2,BC011334-15
134607,"Rosandra N Kaplan, MD",37585199.0,10.1001/jamadermatol.2023.2621,BC011334-15
134451,"Mikhail V Kashlev, PhD",37276387.0,10.1073/pnas.2221114120,BC010795-18
134531,"William Marston  Linehan, MD",38020527.0,10.1016/j.euros.2023.08.010,BC011028-17
134531,"William Marston  Linehan, MD",38865696.0,10.1097/JU.0000000000004099,BC011028-17
134531,"William Marston  Linehan, MD",37778955.0,10.1016/j.urolonc.2023.09.003,BC011028-17
134531,"William Marston  Linehan, MD",37384546.0,10.1148/rg.220196,BC011028-17
134531,"William Marston  Linehan, MD",37561409.0,10.1093/hmg/ddad131,BC011028-17
134531,"William Marston  Linehan, MD",38393723.0,10.1158/1078-0432.CCR-23-2592,BC011028-17
134531,"William Marston  Linehan, MD",38328795.0,10.1093/narcan/zcae004,BC011028-17
134531,"William Marston  Linehan, MD",38767436.0,10.1097/RLI.0000000000001087,BC011028-17
134531,"William Marston  Linehan, MD",38913566.0,10.1097/UPJ.0000000000000599,BC011028-17
134531,"William Marston  Linehan, MD",38714380.0,10.1016/j.urolonc.2024.04.010,BC011028-17
134531,"William Marston  Linehan, MD",37452654.0,,BC011028-17
134531,"William Marston  Linehan, MD",37452654.0,10.1002/1878-0261.13490,BC011028-17
134531,"William Marston  Linehan, MD",37453304.0,10.1016/j.clinimag.2023.06.025,BC011028-17
134531,"William Marston  Linehan, MD",38937630.0,10.1038/s41585-024-00911-w,BC011028-17
134531,"William Marston  Linehan, MD",38703764.0,10.1016/j.xcrm.2024.101547,BC011028-17
134531,"William Marston  Linehan, MD",37353242.0,10.1016/j.urology.2022.11.054,BC011028-17
134531,"William Marston  Linehan, MD",38383255.0,10.1016/j.crad.2024.01.029,BC011028-17
134531,"William Marston  Linehan, MD",38299714.0,,BC011028-17
134531,"William Marston  Linehan, MD",38299714.0,10.1002/jmri.29222,BC011028-17
134531,"William Marston  Linehan, MD",37380769.0,10.1038/s41586-023-06256-5,BC011028-17
134885,"Thomas  Gonatopoulos-Pournatzis, PhD",38917794.0,10.1016/j.molcel.2024.05.024,BC012019-05
135042,"Rachael Zoe Stolzenberg-Solomon, PhD",38965764.0,10.1093/aje/kwae165,CP010202-16
134553,"Ettore  Appella, MD",39002674.0,10.1016/j.jbc.2024.107561,BC011197-16
134973,"Andra Valentina Krauze, MD",39001264.0,10.3390/diagnostics14131374,BC012094-03
134973,"Andra Valentina Krauze, MD",38550554.0,10.1080/23808993.2024.2325936,BC012094-03
134973,"Andra Valentina Krauze, MD",37982134.0,10.1080/23808993.2023.2276927,BC012094-03
134973,"Andra Valentina Krauze, MD",37637066.0,10.3389/fonc.2023.1127645,BC012094-03
134973,"Andra Valentina Krauze, MD",37892181.0,10.3390/biom13101499,BC012094-03
134973,"Andra Valentina Krauze, MD",37760597.0,10.3390/cancers15184628,BC012094-03
134973,"Andra Valentina Krauze, MD",37345009.0,10.3390/cancers15102672,BC012094-03
134416,"Vinay K Pathak, PhD",37662965.0,10.1016/j.omtn.2023.08.007,BC010595-21
134681,"Shuo  Gu, PhD",38084291.0,10.1155/2023/9537832,BC011566-11
134681,"Shuo  Gu, PhD",36800291.0,10.1016/j.celrep.2023.112111,BC011566-11
134546,"Maria  Parkhurst, PhD",38816232.0,10.1136/jitc-2023-008645,BC011030-17
134546,"Maria  Parkhurst, PhD",38039963.0,10.1016/j.ccell.2023.11.005,BC011030-17
135068,"Katherine Ann McGlynn, PhD",37799980.0,10.1016/j.jhepr.2023.100868,CP010158-24
135068,"Katherine Ann McGlynn, PhD",37694774.0,10.1002/ijc.34726,CP010158-24
135068,"Katherine Ann McGlynn, PhD",36972976.0,10.1136/oemed-2022-108628,CP010158-24
135068,"Katherine Ann McGlynn, PhD",38343734.0,10.1097/EE9.0000000000000284,CP010158-24
135068,"Katherine Ann McGlynn, PhD",37672956.0,10.1016/j.ijheh.2023.114249,CP010158-24
135068,"Katherine Ann McGlynn, PhD",37969032.0,10.1002/ajmg.a.63477,CP010158-24
135068,"Katherine Ann McGlynn, PhD",37678486.0,10.1016/j.cgh.2023.08.016,CP010158-24
135068,"Barry Ira Graubard, PhD",37799980.0,10.1016/j.jhepr.2023.100868,CP010158-24
135068,"Barry Ira Graubard, PhD",37694774.0,10.1002/ijc.34726,CP010158-24
135068,"Barry Ira Graubard, PhD",36972976.0,10.1136/oemed-2022-108628,CP010158-24
135068,"Barry Ira Graubard, PhD",38343734.0,10.1097/EE9.0000000000000284,CP010158-24
135068,"Barry Ira Graubard, PhD",37672956.0,10.1016/j.ijheh.2023.114249,CP010158-24
135068,"Barry Ira Graubard, PhD",37969032.0,10.1002/ajmg.a.63477,CP010158-24
135068,"Barry Ira Graubard, PhD",37678486.0,10.1016/j.cgh.2023.08.016,CP010158-24
135068,"Christian Cormac Abnet, PhD, MPH",37799980.0,10.1016/j.jhepr.2023.100868,CP010158-24
135068,"Christian Cormac Abnet, PhD, MPH",37694774.0,10.1002/ijc.34726,CP010158-24
135068,"Christian Cormac Abnet, PhD, MPH",36972976.0,10.1136/oemed-2022-108628,CP010158-24
135068,"Christian Cormac Abnet, PhD, MPH",38343734.0,10.1097/EE9.0000000000000284,CP010158-24
135068,"Christian Cormac Abnet, PhD, MPH",37672956.0,10.1016/j.ijheh.2023.114249,CP010158-24
135068,"Christian Cormac Abnet, PhD, MPH",37969032.0,10.1002/ajmg.a.63477,CP010158-24
135068,"Christian Cormac Abnet, PhD, MPH",37678486.0,10.1016/j.cgh.2023.08.016,CP010158-24
135068,"Douglas Russell Stewart, BA, MD",37799980.0,10.1016/j.jhepr.2023.100868,CP010158-24
135068,"Douglas Russell Stewart, BA, MD",37694774.0,10.1002/ijc.34726,CP010158-24
135068,"Douglas Russell Stewart, BA, MD",36972976.0,10.1136/oemed-2022-108628,CP010158-24
135068,"Douglas Russell Stewart, BA, MD",38343734.0,10.1097/EE9.0000000000000284,CP010158-24
135068,"Douglas Russell Stewart, BA, MD",37672956.0,10.1016/j.ijheh.2023.114249,CP010158-24
135068,"Douglas Russell Stewart, BA, MD",37969032.0,10.1002/ajmg.a.63477,CP010158-24
135068,"Douglas Russell Stewart, BA, MD",37678486.0,10.1016/j.cgh.2023.08.016,CP010158-24
134622,"Frederic Glenn Barr, MD, PhD",37732905.0,10.1158/2767-9764.CRC-23-0119,BC011387-14
134344,"Sheueyann  Cheng, PhD",38527850.0,10.1210/endocr/bqae037,BC008752-44
134541,"Beverly  Mock, PhD",38509117.0,10.1038/s41467-024-46644-7,BC011065-17
134457,"Marc C Nicklaus, PhD",37182134.0,10.3389/fonc.2023.1144153,BC010832-18
135078,"Christian Cormac Abnet, PhD, MPH",38282387.0,10.1097/CM9.0000000000002970,CP000112-20
135139,"William D Figg, PharmD",37865722.0,10.1038/s41591-023-02605-z,SC006538-31
135139,"William D Figg, PharmD",36821823.0,10.1200/JCO.22.02364,SC006538-31
135139,"William D Figg, PharmD",38927128.0,10.3390/biom14060725,SC006538-31
135139,"William D Figg, PharmD",37162497.0,10.1093/oncolo/oyad099,SC006538-31
135139,"William D Figg, PharmD",37858437.0,10.1016/j.euo.2023.09.010,SC006538-31
135139,"William D Figg, PharmD",36302175.0,10.1158/1078-0432.CCR-22-2168,SC006538-31
135139,"William D Figg, PharmD",37134294.0,10.1093/oncolo/oyad058,SC006538-31
135139,"William D Figg, PharmD",36754451.0,10.1136/jitc-2022-005640,SC006538-31
135139,"William D Figg, PharmD",38205877.0,10.1002/cam4.6912,SC006538-31
135139,"William D Figg, PharmD",37526549.0,10.1093/neuonc/noad141,SC006538-31
135139,"William D Figg, PharmD",36624662.0,10.1002/jcph.2203,SC006538-31
135139,"William D Figg, PharmD",36208017.0,10.1002/cam4.5290,SC006538-31
135139,"William D Figg, PharmD",37196527.0,10.1016/j.jchromb.2023.123738,SC006538-31
135139,"William D Figg, PharmD",37353483.0,10.1038/s41467-023-39374-9,SC006538-31
135139,"William D Figg, PharmD",38895436.0,10.1101/2024.06.02.597054,SC006538-31
135139,"William D Figg, PharmD",37126770.0,10.1200/JCO.22.01777,SC006538-31
135139,"William D Figg, PharmD",37627061.0,10.3390/cancers15164034,SC006538-31
134318,"Shivinder Singh Grewal, PhD",38380929.0,10.1128/mbio.03185-23,BC010523-22
134318,"Shivinder Singh Grewal, PhD",38084929.0,10.1093/nar/gkad1182,BC010523-22
134318,"Shivinder Singh Grewal, PhD",39096900.0,10.1016/j.molcel.2024.07.006,BC010523-22
135043,"Nicolas Albert Hermann Wentzensen, PhD, MD",38446575.0,10.1097/LGT.0000000000000802,CP010124-29
135043,"Nicolas Albert Hermann Wentzensen, PhD, MD",38087115.0,10.1038/s41591-023-02600-4,CP010124-29
135043,"Mark  Schiffman, MD",38446575.0,10.1097/LGT.0000000000000802,CP010124-29
135043,"Mark  Schiffman, MD",38087115.0,10.1038/s41591-023-02600-4,CP010124-29
135043,"Megan A Clarke, PhD",38446575.0,10.1097/LGT.0000000000000802,CP010124-29
135043,"Megan A Clarke, PhD",38087115.0,10.1038/s41591-023-02600-4,CP010124-29
134574,"Kumaran S Ramamurthi, PhD",38502707.0,10.1073/pnas.2400584121,BC011211-16
134330,"Frank Jess Gonzalez, PhD",38837903.0,10.1158/1078-0432.CCR-24-0637,BC005562-37
134330,"Frank Jess Gonzalez, PhD",35460276.0,10.1002/hep.32538,BC005562-37
134868,"Nadya I Tarasova, PhD",37182134.0,10.3389/fonc.2023.1144153,BC011944-05
134739,"John Frederick Shern, MD",36724417.0,10.1200/JCO.22.00409,BC011722-09
134739,"John Frederick Shern, MD",37398992.0,10.1158/1078-0432.CCR-23-0709,BC011722-09
134739,"John Frederick Shern, MD",37738543.0,10.1200/PO.23.00037,BC011722-09
134739,"John Frederick Shern, MD",36322002.0,10.1158/1078-0432.CCR-22-1646,BC011722-09
134739,"John Frederick Shern, MD",36302175.0,10.1158/1078-0432.CCR-22-2168,BC011722-09
134739,"John Frederick Shern, MD",38546643.0,10.1001/jamanetworkopen.2024.4170,BC011722-09
134739,"John Frederick Shern, MD",36346688.0,10.1158/1078-0432.CCR-22-1663,BC011722-09
134739,"John Frederick Shern, MD",37910044.0,10.1158/1078-0432.CCR-23-1872,BC011722-09
134739,"John Frederick Shern, MD",39001383.0,10.3390/cancers16132320,BC011722-09
135106,"Cari Meinhold Kitahara, PhD",38103985.0,10.1016/j.jsams.2023.12.002,CP010219-14
135106,"Cari Meinhold Kitahara, PhD",38693841.0,10.1002/ijc.34974,CP010219-14
135106,"Cari Meinhold Kitahara, PhD",38110618.0,10.1093/ije/dyad172,CP010219-14
135106,"Charles E Matthews, PhD",38103985.0,10.1016/j.jsams.2023.12.002,CP010219-14
135106,"Charles E Matthews, PhD",38693841.0,10.1002/ijc.34974,CP010219-14
135106,"Charles E Matthews, PhD",38110618.0,10.1093/ije/dyad172,CP010219-14
134576,"Jason Edward Levine, MD",38420614.0,10.1093/noajnl/vdae019,BC011235-16
134576,"Jason Edward Levine, MD",37267580.0,10.1200/JCO.22.02208,BC011235-16
134576,"Jason Edward Levine, MD",36741001.0,10.3389/fonc.2023.1099618,BC011235-16
134576,"Jason Edward Levine, MD",36884201.0,10.1007/s11060-023-04271-0,BC011235-16
134576,"Jason Edward Levine, MD",36754634.0,10.1212/WNL.0000000000207082,BC011235-16
134576,"Jason Edward Levine, MD",37345354.0,10.1002/pbc.30495,BC011235-16
134338,"Yves  Pommier, MD, PhD",37227187.0,10.1158/1078-0432.CCR-23-0536,BC006161-41
134338,"Yves  Pommier, MD, PhD",37129502.0,10.1093/hmg/ddad062,BC006161-41
134338,"Yves  Pommier, MD, PhD",38451783.0,10.1158/2767-9764.CRC-24-0085,BC006161-41
134338,"Yves  Pommier, MD, PhD",38411275.0,10.1002/mc.23705,BC006161-41
134338,"Yves  Pommier, MD, PhD",37850658.0,10.1093/nar/gkad837,BC006161-41
134338,"Yves  Pommier, MD, PhD",37706203.0,10.1093/noajnl/vdad102,BC006161-41
134338,"Yves  Pommier, MD, PhD",37010988.0,10.1093/oncolo/oyad023,BC006161-41
134338,"Yves  Pommier, MD, PhD",36897562.0,10.1242/dev.201157,BC006161-41
134338,"Yves  Pommier, MD, PhD",37216280.0,10.1158/1535-7163.MCT-22-0552,BC006161-41
134338,"Yves  Pommier, MD, PhD",38347726.0,10.1080/10985549.2024.2307574,BC006161-41
134338,"Yves  Pommier, MD, PhD",36715552.0,10.1158/2159-8290.CD-22-0796,BC006161-41
134338,"Yves  Pommier, MD, PhD",37140427.0,10.1158/0008-5472.CAN-22-2996,BC006161-41
134338,"Yves  Pommier, MD, PhD",37024461.0,10.1038/s41467-023-37498-6,BC006161-41
134338,"Yves  Pommier, MD, PhD",37980342.0,10.1038/s41467-023-43151-z,BC006161-41
134338,"Yves  Pommier, MD, PhD",37600974.0,10.1093/narcan/zcad013,BC006161-41
134338,"Yves  Pommier, MD, PhD",36972660.0,10.1016/j.bbrc.2023.03.049,BC006161-41
134338,"Yves  Pommier, MD, PhD",37491889.0,10.15252/emmm.202217313,BC006161-41
134338,"Yves  Pommier, MD, PhD",37343696.0,10.1016/j.mcpro.2023.100602,BC006161-41
134338,"Yves  Pommier, MD, PhD",37353483.0,10.1038/s41467-023-39374-9,BC006161-41
134338,"Yves  Pommier, MD, PhD",37670571.0,10.1093/nar/gkad735,BC006161-41
134338,"Yves  Pommier, MD, PhD",37824137.0,10.1001/jamaoncol.2023.4025,BC006161-41
134338,"Yves  Pommier, MD, PhD",37579177.0,10.1073/pnas.2218483120,BC006161-41
134338,"Yves  Pommier, MD, PhD",36932053.0,10.1002/cmdc.202200593,BC006161-41
134338,"Yves  Pommier, MD, PhD",38055811.0,10.1126/sciadv.adi6681,BC006161-41
134338,"Yves  Pommier, MD, PhD",37181631.0,10.1039/d2cb00230b,BC006161-41
134918,"Philippe Bijin Youkharibache, PhD",38191484.0,10.1038/s41467-023-44611-2,BC012005-05
135104,"Aimee Rebecca Kreimer, PhD",38383518.0,10.1038/s41467-024-45807-w,CP010217-14
135104,"Aimee Rebecca Kreimer, PhD",38851816.0,10.1038/s41541-024-00896-y,CP010217-14
135104,"Eric Andrew Engels, MD",38383518.0,10.1038/s41467-024-45807-w,CP010217-14
135104,"Eric Andrew Engels, MD",38851816.0,10.1038/s41541-024-00896-y,CP010217-14
135104,"Mitchell Henry Gail, MD, PhD",38383518.0,10.1038/s41467-024-45807-w,CP010217-14
135104,"Mitchell Henry Gail, MD, PhD",38851816.0,10.1038/s41541-024-00896-y,CP010217-14
134364,"Gordon Lee Hager, PhD",38160317.0,10.1002/pro.4890,BC010027-30
134364,"Gordon Lee Hager, PhD",37315128.0,10.1126/sciadv.ade1122,BC010027-30
134548,"Peter A Pinto, MD",38262813.0,10.1016/j.acra.2024.01.009,BC011081-17
134548,"Peter A Pinto, MD",37858505.0,10.1016/j.acra.2023.09.030,BC011081-17
134548,"Peter A Pinto, MD",36630568.0,10.1097/JU.0000000000003156,BC011081-17
134548,"Peter A Pinto, MD",39022660.0,10.1002/bco2.373,BC011081-17
134548,"Peter A Pinto, MD",38468864.0,10.1016/j.euros.2024.02.012,BC011081-17
134548,"Peter A Pinto, MD",38651785.0,10.1097/RLU.0000000000005220,BC011081-17
134548,"Peter A Pinto, MD",37775447.0,10.1016/j.acra.2023.09.002,BC011081-17
134548,"Peter A Pinto, MD",36875636.0,10.1117/1.JMI.10.2.025001,BC011081-17
134548,"Peter A Pinto, MD",37811666.0,10.1002/jmri.29031,BC011081-17
134548,"Peter A Pinto, MD",38958754.0,10.1007/s00261-024-04468-5,BC011081-17
134548,"Peter A Pinto, MD",38713024.0,10.1148/radiol.230750,BC011081-17
134548,"Peter A Pinto, MD",38953042.0,10.1016/j.jpi.2024.100381,BC011081-17
134548,"Peter A Pinto, MD",38670874.0,10.1016/j.acra.2024.04.011,BC011081-17
134548,"Peter A Pinto, MD",37096582.0,10.1097/JU.0000000000003491,BC011081-17
134548,"Peter A Pinto, MD",37096575.0,10.1097/JU.0000000000003492,BC011081-17
134548,"Peter A Pinto, MD",37129493.0,10.1148/radiol.221309,BC011081-17
134653,"Curtis C Harris, MD",38937431.0,10.1038/s41419-024-06769-5,BC011496-12
134653,"Curtis C Harris, MD",38408246.0,10.1073/pnas.2317735121,BC011496-12
134638,"John A Beutler, MSc, PhD",37570703.0,,BC011470-13
134638,"John A Beutler, MSc, PhD",37570703.0,10.3390/molecules28155733,BC011470-13
134696,"Chuong Dinh Hoang, MD",38532642.0,10.1002/adma.202314367,BC011657-10
134696,"Chuong Dinh Hoang, MD",37974213.0,10.1186/s13046-023-02889-6,BC011657-10
134905,"Christian Thomas Mayer, PhD",36303448.0,10.1002/eji.202249816,BC011975-05
134905,"Christian Thomas Mayer, PhD",37714151.0,10.1016/j.immuni.2023.08.018,BC011975-05
134905,"Christian Thomas Mayer, PhD",38824171.0,10.1038/s41467-024-49062-x,BC011975-05
134319,"Jeffrey  Schlom, PhD",38019931.0,,BC010598-21
134319,"Jeffrey  Schlom, PhD",38019931.0,10.1126/scitranslmed.adi0258,BC010598-21
134319,"Jeffrey  Schlom, PhD",38538574.0,10.1038/s41467-024-46961-x,BC010598-21
134319,"Jeffrey  Schlom, PhD",37878675.0,10.1126/scitranslmed.adj0740,BC010598-21
134319,"Jeffrey  Schlom, PhD",38485188.0,10.1136/jitc-2023-008480,BC010598-21
135134,"Maria  Merino, MD",37622756.0,10.1002/pros.24610,SC000853-71
135134,"Maria  Merino, MD",38468864.0,10.1016/j.euros.2024.02.012,SC000853-71
135134,"Maria  Merino, MD",37811666.0,10.1002/jmri.29031,SC000853-71
135134,"Maria  Merino, MD",38713024.0,10.1148/radiol.230750,SC000853-71
135134,"Maria  Merino, MD",38670874.0,10.1016/j.acra.2024.04.011,SC000853-71
135134,"Maria  Merino, MD",37717420.0,10.1016/j.ejrad.2023.111095,SC000853-71
135134,"Maria  Merino, MD",37129493.0,10.1148/radiol.221309,SC000853-71
134376,"Xin Wei  Wang, PhD",37870291.0,10.1097/HEP.0000000000000637,BC010313-26
134376,"Xin Wei  Wang, PhD",38118412.0,10.1016/j.xcrm.2023.101328,BC010313-26
134376,"Xin Wei  Wang, PhD",37338984.0,10.1172/JCI166954,BC010313-26
134376,"Xin Wei  Wang, PhD",38607725.0,10.1097/HEP.0000000000000890,BC010313-26
134376,"Xin Wei  Wang, PhD",37595566.0,,BC010313-26
134376,"Xin Wei  Wang, PhD",37595566.0,10.1016/j.cell.2023.07.026,BC010313-26
134424,"James Halpern Doroshow, MD",38832931.0,10.1158/0008-5472.CAN-23-2785,BC010677-20
134424,"James Halpern Doroshow, MD",37045940.0,10.1038/s41598-023-32509-4,BC010677-20
134424,"James Halpern Doroshow, MD",39057134.0,10.3390/diseases12070163,BC010677-20
135000,"John Walter Glod, MD, PhD",38700789.0,10.1007/s00432-024-05706-5,BC012072-03
134624,"Christopher John Westlake, BS, PhD",38191484.0,10.1038/s41467-023-44611-2,BC011398-14
134628,"James N Kochenderfer, MD",38455264.0,10.1016/j.omtm.2024.101212,BC011417-14
134628,"James N Kochenderfer, MD",37654973.0,10.1016/j.omto.2023.07.001,BC011417-14
134628,"James N Kochenderfer, MD",36433814.0,10.1002/cyto.b.22104,BC011417-14
134657,William Curtis Reinhold,38868205.0,10.1016/j.isci.2024.109781,BC011475-12
134317,"Allan M Weissman, MD",37331598.0,10.1016/j.jbc.2023.104937,BC010292-27
134317,"Allan M Weissman, MD",39000579.0,10.3390/ijms25137472,BC010292-27
134317,"Allan M Weissman, MD",37838170.0,10.1016/j.jbc.2023.105346,BC010292-27
135047,"Laura Elizabeth Beane Freeman, PhD",38055050.0,10.1289/EHP12834,CP010119-29
135047,"Laura Elizabeth Beane Freeman, PhD",38191926.0,10.1038/s41370-023-00625-y,CP010119-29
135047,"Laura Elizabeth Beane Freeman, PhD",38354883.0,10.1016/j.envres.2024.118464,CP010119-29
135047,"Laura Elizabeth Beane Freeman, PhD",39026261.0,10.1186/s40168-024-01823-y,CP010119-29
135047,"Laura Elizabeth Beane Freeman, PhD",37862860.0,10.1016/j.envint.2023.108251,CP010119-29
135047,"Mary Helen Ward, MS, PhD",38055050.0,10.1289/EHP12834,CP010119-29
135047,"Mary Helen Ward, MS, PhD",38191926.0,10.1038/s41370-023-00625-y,CP010119-29
135047,"Mary Helen Ward, MS, PhD",38354883.0,10.1016/j.envres.2024.118464,CP010119-29
135047,"Mary Helen Ward, MS, PhD",39026261.0,10.1186/s40168-024-01823-y,CP010119-29
135047,"Mary Helen Ward, MS, PhD",37862860.0,10.1016/j.envint.2023.108251,CP010119-29
135047,"Stella  Koutros, PhD",38055050.0,10.1289/EHP12834,CP010119-29
135047,"Stella  Koutros, PhD",38191926.0,10.1038/s41370-023-00625-y,CP010119-29
135047,"Stella  Koutros, PhD",38354883.0,10.1016/j.envres.2024.118464,CP010119-29
135047,"Stella  Koutros, PhD",39026261.0,10.1186/s40168-024-01823-y,CP010119-29
135047,"Stella  Koutros, PhD",37862860.0,10.1016/j.envint.2023.108251,CP010119-29
135047,"Jonathan Nicholas Hofmann, PhD",38055050.0,10.1289/EHP12834,CP010119-29
135047,"Jonathan Nicholas Hofmann, PhD",38191926.0,10.1038/s41370-023-00625-y,CP010119-29
135047,"Jonathan Nicholas Hofmann, PhD",38354883.0,10.1016/j.envres.2024.118464,CP010119-29
135047,"Jonathan Nicholas Hofmann, PhD",39026261.0,10.1186/s40168-024-01823-y,CP010119-29
135047,"Jonathan Nicholas Hofmann, PhD",37862860.0,10.1016/j.envint.2023.108251,CP010119-29
134351,"Alfred  Singer, MD",37917689.0,10.1126/science.adh4124,BC009273-37
134577,"Deedee Kay Smart, MD, PhD",37781088.0,10.1093/noajnl/vdad108,BC011222-16
134588,"Jonathan D Ashwell, MD",37471141.0,10.1172/JCI164599,BC011264-15
134812,"Eytan  Ruppin, PhD",39078448.0,10.1158/0008-5472.CAN-24-1366,BC011802-07
134393,"Shioko  Kimura, PhD",36719093.0,10.1152/ajpgi.00138.2022,BC010449-23
134984,"Lichun  Ma, PhD",37224815.0,10.1016/j.xcrm.2023.101052,BC012079-03
134984,"Lichun  Ma, PhD",37980571.0,10.1016/j.celrep.2023.113446,BC012079-03
134984,"Lichun  Ma, PhD",38857989.0,10.1136/gutjnl-2023-331237,BC012079-03
134984,"Lichun  Ma, PhD",37725716.0,10.1097/HEP.0000000000000600,BC012079-03
134984,"Lichun  Ma, PhD",38315396.0,10.1007/978-1-0716-3694-7_12,BC012079-03
134440,"Munira A Basrai, PhD",38600242.0,10.1038/s44318-024-00093-6,BC010822-18
134440,"Munira A Basrai, PhD",38038247.0,10.1093/nar/gkad1133,BC010822-18
134545,"Claudia Mercedes Palena, PhD",37678915.0,10.1136/jitc-2023-007386,BC010937-17
134545,"Claudia Mercedes Palena, PhD",38977329.0,10.1136/jitc-2024-009595,BC010937-17
134522,"Elaine S Jaffe, MD",38814655.0,10.1182/blood.2024024095,BC011070-17
134522,"Elaine S Jaffe, MD",38867583.0,10.3324/haematol.2023.284738,BC011070-17
134522,"Elaine S Jaffe, MD",38412359.0,10.1097/PRS.0000000000011370,BC011070-17
134522,"Elaine S Jaffe, MD",37561538.0,10.1182/blood.2023021430,BC011070-17
134522,"Elaine S Jaffe, MD",38635786.0,10.1182/blood.2023020911,BC011070-17
134522,"Elaine S Jaffe, MD",36201743.0,10.1182/blood.2022016534,BC011070-17
134522,"Elaine S Jaffe, MD",37988030.0,10.1097/PAS.0000000000002160,BC011070-17
134522,"Elaine S Jaffe, MD",36264007.0,10.1111/bjh.18518,BC011070-17
134750,"Shyam K Sharan, PhD",37922907.0,10.1016/j.crmeth.2023.100628,BC011737-09
134883,"Erin Lane Davies, PhD",37665145.0,10.1242/dev.201666,BC012009-05
134551,"Liqiang  Xi, MD",38867583.0,10.3324/haematol.2023.284738,BC011079-17
134551,"Liqiang  Xi, MD",37988030.0,10.1097/PAS.0000000000002160,BC011079-17
134615,"Philip Jeffrey Tofilon, PhD",38811596.0,10.1038/s41598-024-61240-x,BC011373-14
134572,"Jung-Hyun  Park, PhD",37904191.0,10.1186/s12964-023-01326-7,BC011214-16
134572,"Jung-Hyun  Park, PhD",37887277.0,10.3390/cells12202433,BC011214-16
134937,"Nitin  Roper, MD",38451783.0,10.1158/2767-9764.CRC-24-0085,BC012053-04
134388,"Lino  Tessarollo, PhD",37962958.0,10.1172/JCI171235,BC010390-25
134388,"Lino  Tessarollo, PhD",36978267.0,10.1111/jnc.15818,BC010390-25
135157,"Peter D Aplan, MD",38832931.0,10.1158/0008-5472.CAN-23-2785,SC010379-24
135116,"Mark  Schiffman, MD",37758250.0,10.1093/jnci/djad202,CP010230-07
135116,"Nicolas Albert Hermann Wentzensen, PhD, MD",37758250.0,10.1093/jnci/djad202,CP010230-07
135116,"Megan A Clarke, PhD",37758250.0,10.1093/jnci/djad202,CP010230-07
134633,"David  Levens, PhD, MD",37851801.0,10.1126/sciadv.adi4565,BC011465-13
134996,"Jennifer Clare Jones, MD, PhD",36961472.0,10.1111/nyas.14974,BC012107-03
134996,"Jennifer Clare Jones, MD, PhD",38113854.0,10.1016/j.crmeth.2023.100664,BC012107-03
134996,"Jennifer Clare Jones, MD, PhD",38063210.0,10.1002/jev2.12385,BC012107-03
134996,"Jennifer Clare Jones, MD, PhD",38872853.0,10.1016/j.vesic.2024.100040,BC012107-03
134996,"Jennifer Clare Jones, MD, PhD",38868945.0,10.1002/jev2.12463,BC012107-03
134525,"Javed  Khan, MD",38653778.0,10.1038/s41467-024-47166-y,BC010999-17
134525,"Javed  Khan, MD",38402212.0,10.1038/s41467-024-45902-y,BC010999-17
134525,"Javed  Khan, MD",37732905.0,10.1158/2767-9764.CRC-23-0119,BC010999-17
134525,"Javed  Khan, MD",38102140.0,10.1038/s41467-023-44130-0,BC010999-17
134525,"Javed  Khan, MD",37639593.0,10.1073/pnas.2303859120,BC010999-17
134525,"Javed  Khan, MD",37774704.0,10.1016/j.xcrm.2023.101212,BC010999-17
134912,Martha Allen Zeiger,37945476.0,10.1016/j.surg.2023.04.066,BC011992-05
134912,Martha Allen Zeiger,36456359.0,10.1016/j.jtcvs.2022.10.011,BC011992-05
134366,"Andre A Nussenzweig, PhD",38381906.0,10.1093/nar/gkae124,BC010283-27
134366,"Andre A Nussenzweig, PhD",37227159.0,10.15252/embr.202357498,BC010283-27
134366,"Andre A Nussenzweig, PhD",37037594.0,10.26508/lsa.202201729,BC010283-27
134366,"Andre A Nussenzweig, PhD",38896450.0,10.7554/eLife.91611,BC010283-27
134366,"Andre A Nussenzweig, PhD",37932011.0,10.1101/gad.351085.123,BC010283-27
134893,"Robert J Kreitman, MD",37877800.0,10.1002/jmv.29179,BC011952-05
134893,"Robert J Kreitman, MD",37729613.0,10.1182/bloodadvances.2023011147,BC011952-05
134422,"Peter L Choyke, MD",38715784.0,10.3389/fonc.2024.1367962,BC010656-20
134422,"Peter L Choyke, MD",38490105.0,10.1016/j.ebiom.2024.105050,BC010656-20
134422,"Peter L Choyke, MD",38272345.0,10.1016/j.canlet.2023.216606,BC010656-20
134422,"Peter L Choyke, MD",38651785.0,10.1097/RLU.0000000000005220,BC010656-20
134422,"Peter L Choyke, MD",38671582.0,10.1111/cas.16195,BC010656-20
134422,"Peter L Choyke, MD",37775447.0,10.1016/j.acra.2023.09.002,BC010656-20
134422,"Peter L Choyke, MD",38423786.0,10.2967/jnumed.123.267048,BC010656-20
134422,"Peter L Choyke, MD",38587770.0,10.1007/s10278-024-01104-y,BC010656-20
134422,"Peter L Choyke, MD",38712741.0,10.18632/oncotarget.28583,BC010656-20
134422,"Peter L Choyke, MD",38489582.0,10.1200/JCO.23.02727,BC010656-20
135082,"Stephen J Chanock, MD",38465801.0,10.1002/em.22588,CP010187-20
135082,"Montserrat  Garcia-Closas, MD, PhD",38465801.0,10.1002/em.22588,CP010187-20
135082,"Nathaniel C Rothman, MD",38465801.0,10.1002/em.22588,CP010187-20
135082,"Debra  Silverman, ScD, PhD, ScM",38465801.0,10.1002/em.22588,CP010187-20
135082,"Sharon Ann Savage, MD",38465801.0,10.1002/em.22588,CP010187-20
135082,"Mark  Purdue, PhD",38465801.0,10.1002/em.22588,CP010187-20
135082,"Stella  Koutros, PhD",38465801.0,10.1002/em.22588,CP010187-20
135082,"Diptavo  Dutta, PhD",38465801.0,10.1002/em.22588,CP010187-20
134932,"Sung-Yun  Pai, MD",37478401.0,10.1182/blood.2022019117,BC012040-04
134456,"Michael Marc Gottesman, MD",38574836.0,10.1016/j.cbi.2024.110989,BC010830-18
134456,"Michael Marc Gottesman, MD",37706203.0,10.1093/noajnl/vdad102,BC010830-18
134456,"Michael Marc Gottesman, MD",38151817.0,10.1158/1535-7163.MCT-23-0144,BC010830-18
134770,"Christine Marie Heske, MD",37398992.0,10.1158/1078-0432.CCR-23-0709,BC011774-08
134770,"Christine Marie Heske, MD",38574841.0,10.1016/j.yrtph.2024.105614,BC011774-08
134770,"Christine Marie Heske, MD",38657228.0,10.1158/1535-7163.MCT-23-0641,BC011774-08
134770,"Christine Marie Heske, MD",38311120.0,10.1016/j.cstres.2024.01.006,BC011774-08
134770,"Christine Marie Heske, MD",37616468.0,10.1158/1078-0432.CCR-23-0200,BC011774-08
134770,"Christine Marie Heske, MD",38941509.0,10.1002/cncr.35457,BC011774-08
134770,"Christine Marie Heske, MD",38868205.0,10.1016/j.isci.2024.109781,BC011774-08
134719,"Amy Kathleen Leblanc, DVM",37591946.0,10.1038/s42003-023-05208-z,BC011689-09
134719,"Amy Kathleen Leblanc, DVM",37592810.0,,BC011689-09
134719,"Amy Kathleen Leblanc, DVM",37592810.0,10.1111/vco.12927,BC011689-09
134719,"Amy Kathleen Leblanc, DVM",37804122.0,10.1111/pcmr.13139,BC011689-09
134342,"Susan  Gottesman, PhD",38011569.0,10.1073/pnas.2311509120,BC008714-47
134735,"Jonathan D Ashwell, MD",39088318.0,10.1016/j.celrep.2024.114568,BC011715-09
134853,"Chongyi  Chen, PhD",37559123.0,10.1186/s13059-023-03025-5,BC011884-06
134853,"Chongyi  Chen, PhD",38873015.0,10.21769/BioProtoc.4998,BC011884-06
134838,"Ravi  Madan, MD",36948505.0,10.1136/jitc-2022-005702,BC011897-06
134838,"Ravi  Madan, MD",38262813.0,10.1016/j.acra.2024.01.009,BC011897-06
134838,"Ravi  Madan, MD",37858437.0,10.1016/j.euo.2023.09.010,BC011897-06
134838,"Ravi  Madan, MD",37134294.0,10.1093/oncolo/oyad058,BC011897-06
134838,"Ravi  Madan, MD",37847874.0,10.1200/JCO.23.01502,BC011897-06
134838,"Ravi  Madan, MD",36821354.0,10.1097/CJI.0000000000000459,BC011897-06
134838,"Ravi  Madan, MD",38489582.0,10.1200/JCO.23.02727,BC011897-06
134838,"Ravi  Madan, MD",38206818.0,10.1093/oncolo/oyad344,BC011897-06
134941,"Padma Sheila Rajagopal, MD, MPH",38699227.0,10.1016/j.isci.2024.109752,BC012057-04
134520,"Robert  Yarchoan, MD, PhD",37463943.0,10.1038/s41598-023-38156-z,BC010885-17
134520,"Robert  Yarchoan, MD, PhD",38941593.0,10.1182/blood.2024024144,BC010885-17
134520,"Robert  Yarchoan, MD, PhD",39008527.0,10.1371/journal.ppat.1012338,BC010885-17
134520,"Robert  Yarchoan, MD, PhD",37740179.0,10.1186/s12967-023-04517-5,BC010885-17
134520,"Robert  Yarchoan, MD, PhD",38374336.0,10.1038/s41598-024-54453-7,BC010885-17
134821,"Nirali Niranjan Shah, MD",36433814.0,10.1002/cyto.b.22104,BC011927-06
135077,"Mitchell Henry Gail, MD, PhD",37909885.0,10.1002/cncr.34758,CP010188-20
135077,"Mitchell Henry Gail, MD, PhD",38167144.0,10.1186/s13058-023-01748-8,CP010188-20
135077,"Hormuzdiar Aspandiar Katki, MS, PhD",37909885.0,10.1002/cncr.34758,CP010188-20
135077,"Hormuzdiar Aspandiar Katki, MS, PhD",38167144.0,10.1186/s13058-023-01748-8,CP010188-20
135077,"Ruth  Pfeiffer, PhD",37909885.0,10.1002/cncr.34758,CP010188-20
135077,"Ruth  Pfeiffer, PhD",38167144.0,10.1186/s13058-023-01748-8,CP010188-20
135077,"Anil Kumar Chaturvedi, PhD",37909885.0,10.1002/cncr.34758,CP010188-20
135077,"Anil Kumar Chaturvedi, PhD",38167144.0,10.1186/s13058-023-01748-8,CP010188-20
135077,"Gretchen L Gierach, MPH, PhD",37909885.0,10.1002/cncr.34758,CP010188-20
135077,"Gretchen L Gierach, MPH, PhD",38167144.0,10.1186/s13058-023-01748-8,CP010188-20
134486,"Dennis D Hickstein, MD",37595058.0,10.1182/bloodadvances.2023010458,BC010870-17
134847,"Andrea Borghese Apolo, MD",38954785.0,10.1200/JCO.23.02233,BC011928-06
134370,"Lawrence Elliot Samelson, MD",37488826.0,10.1093/micmic/ozad072,BC010304-26
134370,"Lawrence Elliot Samelson, MD",37349293.0,10.1038/s41467-023-39272-0,BC010304-26
134409,"Marc C Nicklaus, PhD",38753096.0,10.1007/s10822-024-00562-4,BC010524-22
134324,"Vladimir L Larionov, PhD, DSc",37967185.0,10.1126/sciadv.adi5764,BC010413-24
134324,"Vladimir L Larionov, PhD, DSc",38881577.0,10.1093/nargab/lqae070,BC010413-24
134390,"Mirit I Aladjem, PhD",37227187.0,10.1158/1078-0432.CCR-23-0536,BC010411-25
134390,"Mirit I Aladjem, PhD",37612584.0,10.1186/s12964-023-01246-6,BC010411-25
134390,"Mirit I Aladjem, PhD",38134889.0,10.1093/neuonc/noad252,BC010411-25
134390,"Mirit I Aladjem, PhD",37216280.0,10.1158/1535-7163.MCT-22-0552,BC010411-25
134390,"Mirit I Aladjem, PhD",36924503.0,10.1016/j.celrep.2023.112260,BC010411-25
134390,"Mirit I Aladjem, PhD",38347726.0,10.1080/10985549.2024.2307574,BC010411-25
134390,"Mirit I Aladjem, PhD",36715552.0,10.1158/2159-8290.CD-22-0796,BC010411-25
134390,"Mirit I Aladjem, PhD",37491889.0,10.15252/emmm.202217313,BC010411-25
134390,"Mirit I Aladjem, PhD",37824137.0,10.1001/jamaoncol.2023.4025,BC010411-25
134390,"Mirit I Aladjem, PhD",37998365.0,10.3390/cells12222630,BC010411-25
135151,"Javed  Khan, MD",37688579.0,10.1093/jnci/djad183,SC010366-24
135151,"Javed  Khan, MD",38546643.0,10.1001/jamanetworkopen.2024.4170,SC010366-24
134369,"Robert J Kreitman, MD",38033506.0,10.1016/j.eclinm.2023.102307,BC010301-27
134825,"Mark Jason Roschewski, MD",35882475.0,10.1182/bloodadvances.2022007431,BC011916-06
134467,"Peter D Aplan, MD",38832931.0,10.1158/0008-5472.CAN-23-2785,BC010983-17
134467,"Peter D Aplan, MD",37800623.0,10.3892/ijo.2023.5576,BC010983-17
134721,"Amy Kathleen Leblanc, DVM",37591946.0,10.1038/s42003-023-05208-z,BC011692-09
134721,"Amy Kathleen Leblanc, DVM",37592810.0,,BC011692-09
134721,"Amy Kathleen Leblanc, DVM",37592810.0,10.1111/vco.12927,BC011692-09
134784,"Kenneth Dean Aldape, MD",38788713.0,10.1016/j.xgen.2024.100566,BC011847-07
134544,"Andre A Nussenzweig, PhD",38381906.0,10.1093/nar/gkae124,BC010959-17
134544,"Andre A Nussenzweig, PhD",37227159.0,10.15252/embr.202357498,BC010959-17
134544,"Andre A Nussenzweig, PhD",36702125.0,10.1016/j.molcel.2023.01.004,BC010959-17
134544,"Andre A Nussenzweig, PhD",37037594.0,10.26508/lsa.202201729,BC010959-17
134544,"Andre A Nussenzweig, PhD",36564591.0,10.1038/s41594-022-00893-6,BC010959-17
134544,"Andre A Nussenzweig, PhD",38896450.0,10.7554/eLife.91611,BC010959-17
134544,"Andre A Nussenzweig, PhD",37932011.0,10.1101/gad.351085.123,BC010959-17
134946,"Kyung  Lee, PhD",38443376.0,10.1038/s41467-024-46306-8,BC012024-04
134717,"ChunZhang  Yang, PhD",37018064.0,10.1158/1078-0432.CCR-22-3651,BC011684-09
134717,"ChunZhang  Yang, PhD",38134889.0,10.1093/neuonc/noad252,BC011684-09
134804,"Joana  Vidigal, PhD",38917794.0,10.1016/j.molcel.2024.05.024,BC011811-07
134693,"Marc C Nicklaus, PhD",37182134.0,10.3389/fonc.2023.1144153,BC011666-10
134693,"Marc C Nicklaus, PhD",38753096.0,10.1007/s10822-024-00562-4,BC011666-10
134379,"Deborah K Morrison, PhD",37590148.0,10.1016/j.xpro.2023.102461,BC010329-25
135133,"Elaine S Jaffe, MD",38814655.0,10.1182/blood.2024024095,SC000550-44
135133,"Elaine S Jaffe, MD",38867583.0,10.3324/haematol.2023.284738,SC000550-44
135133,"Elaine S Jaffe, MD",38412359.0,10.1097/PRS.0000000000011370,SC000550-44
135133,"Elaine S Jaffe, MD",37561538.0,10.1182/blood.2023021430,SC000550-44
135133,"Elaine S Jaffe, MD",38701426.0,10.1182/blood.2024024251,SC000550-44
135133,"Elaine S Jaffe, MD",38899693.0,10.1056/NEJMoa2401532,SC000550-44
135133,"Elaine S Jaffe, MD",38428410.0,10.1016/j.ccell.2024.02.001,SC000550-44
135133,"Elaine S Jaffe, MD",38635786.0,10.1182/blood.2023020911,SC000550-44
135133,"Elaine S Jaffe, MD",37988030.0,10.1097/PAS.0000000000002160,SC000550-44
134935,Rachel  Beyer,36518078.0,10.1016/j.ymthe.2022.12.006,BC012049-04
134671,"Jordan Leslie Meier, PhD",37737090.0,10.1021/acschembio.3c00293,BC011488-12
134671,"Jordan Leslie Meier, PhD",37561409.0,10.1093/hmg/ddad131,BC011488-12
134671,"Jordan Leslie Meier, PhD",38328795.0,10.1093/narcan/zcae004,BC011488-12
134671,"Jordan Leslie Meier, PhD",37486078.0,10.1021/jacs.3c05489,BC011488-12
134671,"Jordan Leslie Meier, PhD",38858597.0,10.1038/s42255-024-01060-5,BC011488-12
134892,"Mary  Carrington, MS, PhD",38653235.0,10.1016/j.cell.2024.03.026,BC011949-05
134697,"Avinash  Bhandoola, PhD, MD",38301652.0,10.1016/j.immuni.2023.12.006,BC011633-10
134697,"Avinash  Bhandoola, PhD, MD",38677292.0,10.1016/j.immuni.2024.04.001,BC011633-10
134697,"Avinash  Bhandoola, PhD, MD",38355795.0,10.1038/s41586-024-07047-2,BC011633-10
134697,"Avinash  Bhandoola, PhD, MD",37967174.0,10.1126/sciadv.adg8126,BC011633-10
134697,"Avinash  Bhandoola, PhD, MD",38956378.0,10.1038/s41590-024-01883-0,BC011633-10
134697,"Avinash  Bhandoola, PhD, MD",37540600.0,10.1016/j.celrep.2023.112924,BC011633-10
134404,"Alan  Rein, PhD",38912776.0,10.1128/mbio.01158-24,BC010511-22
134641,"Lisa Marie Jenkins, PhD",38740383.0,10.1021/jasms.3c00445,BC011430-13
134641,"Lisa Marie Jenkins, PhD",38328795.0,10.1093/narcan/zcae004,BC011430-13
134641,"Lisa Marie Jenkins, PhD",38574836.0,10.1016/j.cbi.2024.110989,BC011430-13
134641,"Lisa Marie Jenkins, PhD",38418824.0,10.1038/s41467-024-45751-9,BC011430-13
134641,"Lisa Marie Jenkins, PhD",38402212.0,10.1038/s41467-024-45902-y,BC011430-13
134641,"Lisa Marie Jenkins, PhD",38347726.0,10.1080/10985549.2024.2307574,BC011430-13
134641,"Lisa Marie Jenkins, PhD",38151817.0,10.1158/1535-7163.MCT-23-0144,BC011430-13
134641,"Lisa Marie Jenkins, PhD",37980342.0,10.1038/s41467-023-43151-z,BC011430-13
134641,"Lisa Marie Jenkins, PhD",37552215.0,10.1002/cmdc.202300292,BC011430-13
134641,"Lisa Marie Jenkins, PhD",38903092.0,10.1101/2024.03.27.587046,BC011430-13
134641,"Lisa Marie Jenkins, PhD",38509386.0,10.1038/s41588-024-01692-z,BC011430-13
134641,"Lisa Marie Jenkins, PhD",38938288.0,10.26502/jbb.2642-91280119,BC011430-13
134641,"Lisa Marie Jenkins, PhD",38821922.0,10.1038/s41467-024-49029-y,BC011430-13
134960,"Samuel Yao-Ming Ng, MD, PhD",37706491.0,10.1080/10428194.2023.2256908,BC012122-03
134788,"Jing  Wu, PhD, MD",38024238.0,10.1093/noajnl/vdad143,BC011841-07
134460,"Deborah E Citrin, MD",37890925.0,10.1016/bs.mcb.2023.02.013,BC010850-18
134460,"Deborah E Citrin, MD",37924987.0,10.1016/j.ijrobp.2023.10.046,BC010850-18
134806,"Joana  Vidigal, PhD",38895289.0,10.1101/2024.06.01.596958,BC011810-07
134806,"Joana  Vidigal, PhD",38355759.0,10.1038/s41580-024-00713-3,BC011810-07
134487,"Mitchell  Ho, PhD",39043602.0,10.1136/jitc-2024-008989,BC010891-17
134487,"Mitchell  Ho, PhD",37739951.0,10.1038/s41467-023-41631-w,BC010891-17
134487,"Mitchell  Ho, PhD",38227666.0,10.1073/pnas.2317283121,BC010891-17
134487,"Mitchell  Ho, PhD",37910044.0,10.1158/1078-0432.CCR-23-1872,BC010891-17
134515,Ross G Lake,37725435.0,10.1172/JCI162148,BC010947-17
134515,Ross G Lake,38563224.0,10.1093/stmcls/sxae025,BC010947-17
134515,Ross G Lake,38196575.0,10.21203/rs.3.rs-3601404/v1,BC010947-17
134515,Ross G Lake,38708958.0,10.1002/pros.24718,BC010947-17
134537,"Katherine M McKinnon, MS",38600242.0,10.1038/s44318-024-00093-6,BC010936-17
134537,"Katherine M McKinnon, MS",38955422.0,10.1136/jitc-2024-008970,BC010936-17
134537,"Katherine M McKinnon, MS",38005994.0,10.3390/vaccines11111662,BC010936-17
134537,"Katherine M McKinnon, MS",38160317.0,10.1002/pro.4890,BC010936-17
134537,"Katherine M McKinnon, MS",37253062.0,10.1371/journal.ppat.1011407,BC010936-17
134537,"Katherine M McKinnon, MS",38668247.0,10.3390/pathogens13040292,BC010936-17
134537,"Katherine M McKinnon, MS",37463106.0,10.1016/j.celrep.2023.112823,BC010936-17
134537,"Katherine M McKinnon, MS",38127463.0,10.1172/JCI165281,BC010936-17
134537,"Katherine M McKinnon, MS",37153584.0,10.3389/fimmu.2023.1139402,BC010936-17
134537,"Katherine M McKinnon, MS",37024617.0,10.1038/s41564-023-01353-7,BC010936-17
134537,"Katherine M McKinnon, MS",37637115.0,10.3389/fmicb.2023.1175679,BC010936-17
134537,"Katherine M McKinnon, MS",38903099.0,10.1101/2024.06.08.597999,BC010936-17
134537,"Katherine M McKinnon, MS",36976017.0,10.1128/jvi.01864-22,BC010936-17
134537,"Katherine M McKinnon, MS",37020550.0,10.3389/fimmu.2023.1154496,BC010936-17
134537,"Katherine M McKinnon, MS",38071106.0,10.1016/j.vaccine.2023.11.059,BC010936-17
134537,"Katherine M McKinnon, MS",37315128.0,10.1126/sciadv.ade1122,BC010936-17
135071,"Lindsay Mcomber Morton, PhD",38876558.0,10.1016/j.sste.2024.100659,CP010170-24
135071,"Lindsay Mcomber Morton, PhD",38303638.0,10.1002/sim.10022,CP010170-24
135071,"Lindsay Mcomber Morton, PhD",37239846.0,10.3390/ijms24108500,CP010170-24
135071,"Lindsay Mcomber Morton, PhD",37723249.0,10.1038/s41375-023-02022-8,CP010170-24
135071,"Nathaniel C Rothman, MD",38876558.0,10.1016/j.sste.2024.100659,CP010170-24
135071,"Nathaniel C Rothman, MD",38303638.0,10.1002/sim.10022,CP010170-24
135071,"Nathaniel C Rothman, MD",37239846.0,10.3390/ijms24108500,CP010170-24
135071,"Nathaniel C Rothman, MD",37723249.0,10.1038/s41375-023-02022-8,CP010170-24
135071,"Sonja  Berndt, PhD, PharmD",38876558.0,10.1016/j.sste.2024.100659,CP010170-24
135071,"Sonja  Berndt, PhD, PharmD",38303638.0,10.1002/sim.10022,CP010170-24
135071,"Sonja  Berndt, PhD, PharmD",37239846.0,10.3390/ijms24108500,CP010170-24
135071,"Sonja  Berndt, PhD, PharmD",37723249.0,10.1038/s41375-023-02022-8,CP010170-24
134855,"Masaki  Terabe, PhD",38127463.0,,BC011877-06
134855,"Masaki  Terabe, PhD",38127463.0,10.1172/JCI165281,BC011877-06
134855,"Masaki  Terabe, PhD",38421709.0,10.1615/CritRevOncog.2023050202,BC011877-06
134380,"Jairaj K Acharya, MBBS, PhD",38268980.0,10.21769/BioProtoc.4918,BC010331-25
134380,"Jairaj K Acharya, MBBS, PhD",38782979.0,10.1038/s41467-024-48851-8,BC010331-25
134387,"Shyam K Sharan, PhD",37980415.0,10.1038/s41419-023-06289-8,BC010387-25
134387,"Shyam K Sharan, PhD",38159568.0,10.1016/j.devcel.2023.12.003,BC010387-25
134823,"Ramaprasad  Srinivasan, MD, PhD",38393723.0,10.1158/1078-0432.CCR-23-2592,BC011920-06
134482,"Genoveffa  Franchini, MD",38005994.0,10.3390/vaccines11111662,BC011126-17
134568,"Elaine S Jaffe, MD",38814655.0,10.1182/blood.2024024095,BC011241-16
134568,"Elaine S Jaffe, MD",37561538.0,10.1182/blood.2023021430,BC011241-16
134568,"Elaine S Jaffe, MD",37988030.0,10.1097/PAS.0000000000002160,BC011241-16
135224,Bin  Guan,38447053.0,10.1097/ICB.0000000000001556,EY000564-06
135224,Bin  Guan,39175871.0,10.1016/j.gimo.2024.101820,EY000564-06
135224,Bin  Guan,36807241.0,10.1111/cge.14312,EY000564-06
135224,Bin  Guan,39056049.0,10.1210/jcemcr/luae115,EY000564-06
135224,Bin  Guan,38502138.0,10.1167/iovs.65.3.25,EY000564-06
135224,Bin  Guan,38735647.0,10.1093/brain/awae055,EY000564-06
135224,Bin  Guan,37885910.0,10.1210/jendso/bvad126,EY000564-06
135185,"Rachel R Caspi, PhD",38697116.0,10.1016/j.immuni.2024.04.007,EY000457-17
135185,"Rachel R Caspi, PhD",38157227.0,10.1182/bloodadvances.2023011542,EY000457-17
135185,"Rachel R Caspi, PhD",38920670.0,10.3390/cells13121042,EY000457-17
135185,"Rachel R Caspi, PhD",37149860.0,10.1016/j.xpro.2023.102292,EY000457-17
135185,"Rachel R Caspi, PhD",38219151.0,10.1016/j.xpro.2023.102827,EY000457-17
135185,"Rachel R Caspi, PhD",37511618.0,10.3390/ijms241411860,EY000457-17
135214,"Johnny Chao-Chia Tam, PhD",38600290.0,10.1038/s43856-024-00483-1,EY000544-10
135209,"Kapil  Bharti, PhD",38048369.0,10.1371/journal.pbio.3002402,EY000533-12
135209,"Kapil  Bharti, PhD",37899750.0,10.1152/ajpcell.00200.2023,EY000533-12
135218,"Tiarnan Daniel Lenaghan Keenan, PhD, MD",38483382.0,10.1001/jamaophthalmol.2024.0118,EY000554-09
135218,"Emily Y Chew, MD",38483382.0,10.1001/jamaophthalmol.2024.0118,EY000554-09
135208,"Kapil  Bharti, PhD",37288665.0,10.1172/jci.insight.157654,EY000532-12
135208,"Kapil  Bharti, PhD",39034314.0,10.1038/s41467-024-50500-z,EY000532-12
135208,"Kapil  Bharti, PhD",37899750.0,10.1152/ajpcell.00200.2023,EY000532-12
135208,"Kapil  Bharti, PhD",37149860.0,10.1016/j.xpro.2023.102292,EY000532-12
135208,"Kapil  Bharti, PhD",38219151.0,10.1016/j.xpro.2023.102827,EY000532-12
135222,"Kapil  Bharti, PhD",38962280.0,10.1016/j.cobme.2024.100538,EY000559-08
135222,"Kapil  Bharti, PhD",37149860.0,10.1016/j.xpro.2023.102292,EY000559-08
135222,"Kapil  Bharti, PhD",38219151.0,10.1016/j.xpro.2023.102827,EY000559-08
135236,"David Mark McGaughey, PhD",37747415.0,10.1167/tvst.12.9.18,EY000579-02
135187,"Robert Neal Fariss, BA, PhD",38823088.0,10.1016/j.ebiom.2024.105170,EY000459-17
135187,"Robert Neal Fariss, BA, PhD",37153444.0,10.1016/j.isci.2023.106417,EY000459-17
135228,"Hendrikje  Nienborg, PhD, MD",37828227.0,10.1038/s41593-023-01459-5,EY000570-05
135200,"Wei  Li, MD, PhD",36745553.0,10.7554/eLife.81579,EY000502-15
135200,"Wei  Li, MD, PhD",38092908.0,10.1038/s41586-023-06638-9,EY000502-15
135189,"Brian Patrick Brooks, MD, PhD",38502138.0,10.1167/iovs.65.3.25,EY000469-16
135189,"Brian Patrick Brooks, MD, PhD",36951427.0,10.1080/13816810.2022.2089360,EY000469-16
135203,"Richard J Krauzlis, PhD",37202508.0,10.1038/s42003-023-04912-0,EY000511-13
135203,"Richard J Krauzlis, PhD",39070778.0,10.3389/fnbeh.2024.1425496,EY000511-13
135203,"Richard J Krauzlis, PhD",38959893.0,10.1016/j.neuron.2024.06.005,EY000511-13
135198,"Tiansen  Li, MD, PhD",38790316.0,10.3390/bioengineering11050449,EY000490-15
135215,"Anand  Swaroop, PhD",38438351.0,10.1038/s41467-024-46063-8,EY000546-10
135215,"Anand  Swaroop, PhD",36481221.0,10.1016/j.ophtha.2022.11.026,EY000546-10
135215,"Anand  Swaroop, PhD",36975211.0,10.7554/eLife.83205,EY000546-10
135215,"Anand  Swaroop, PhD",38195602.0,10.1038/s41467-023-44380-y,EY000546-10
135215,"Anand  Swaroop, PhD",38333717.0,10.1016/j.isci.2024.108979,EY000546-10
135215,"Anand  Swaroop, PhD",37440030.0,10.1007/978-3-031-27681-1_25,EY000546-10
135215,"Anand  Swaroop, PhD",35997788.0,10.1093/hmg/ddac211,EY000546-10
135215,"Anand  Swaroop, PhD",37153444.0,10.1016/j.isci.2023.106417,EY000546-10
135170,"T. Michael  Redmond, PhD",37864333.0,10.1016/j.ymthe.2023.10.017,EY000260-35
135170,"T. Michael  Redmond, PhD",37511618.0,10.3390/ijms241411860,EY000260-35
135178,"Charles E Egwuagu, MPH, PhD",38920670.0,10.3390/cells13121042,EY000350-25
135162,"Han-Yu  Shih, PhD",38697116.0,10.1016/j.immuni.2024.04.007,EY000569-05
135168,"Rachel R Caspi, PhD",39159867.0,10.1016/j.ajpath.2024.07.021,EY000184-42
135168,"Rachel R Caspi, PhD",39085199.0,10.1038/s41467-024-50472-0,EY000184-42
135168,"Rachel R Caspi, PhD",37917882.0,10.1172/jci.insight.172914,EY000184-42
135168,"Rachel R Caspi, PhD",38823088.0,10.1016/j.ebiom.2024.105170,EY000184-42
135168,"Rachel R Caspi, PhD",38019490.0,10.1167/iovs.64.14.43,EY000184-42
135168,"Rachel R Caspi, PhD",38261611.0,10.1073/pnas.2311487121,EY000184-42
135186,"Lijin  Dong, PhD",37591201.0,10.1016/j.neuron.2023.07.013,EY000458-17
135186,"Lijin  Dong, PhD",39058580.0,10.1073/pnas.2400078121,EY000458-17
135186,"Lijin  Dong, PhD",36934843.0,10.1016/j.jlr.2023.100358,EY000458-17
135186,"Lijin  Dong, PhD",36927955.0,10.1172/jci.insight.167074,EY000458-17
135186,"Lijin  Dong, PhD",37614226.0,10.3389/fcell.2023.1251551,EY000458-17
135186,"Lijin  Dong, PhD",38735647.0,10.1093/brain/awae055,EY000458-17
135194,"Kerry Elizabeth Goetz, MS",36807241.0,10.1111/cge.14312,EY000478-16
135194,"Kerry Elizabeth Goetz, MS",38735647.0,10.1093/brain/awae055,EY000478-16
135179,"Charles E Egwuagu, MPH, PhD",37334383.0,10.3389/fimmu.2023.1071162,EY000372-24
135179,"Charles E Egwuagu, MPH, PhD",38920670.0,10.3390/cells13121042,EY000372-24
135193,Laryssa Anastasia Huryn,37695603.0,10.1167/iovs.64.12.19,EY000477-16
135193,Laryssa Anastasia Huryn,38478753.0,10.1097/IAE.0000000000004091,EY000477-16
135193,"Brian Patrick Brooks, MD, PhD",37695603.0,10.1167/iovs.64.12.19,EY000477-16
135193,"Brian Patrick Brooks, MD, PhD",38478753.0,10.1097/IAE.0000000000004091,EY000477-16
135165,"S. Patricia  Becerra, PhD",39109177.0,10.1101/2024.07.10.602890,EY000438-15
135165,"S. Patricia  Becerra, PhD",36934843.0,10.1016/j.jlr.2023.100358,EY000438-15
135192,"Yuri V Sergeev, PhD",38542347.0,,EY000476-16
135192,"Yuri V Sergeev, PhD",38542347.0,10.3390/ijms25063373,EY000476-16
135192,"Yuri V Sergeev, PhD",39034314.0,10.1038/s41467-024-50500-z,EY000476-16
135192,"Yuri V Sergeev, PhD",38735647.0,10.1093/brain/awae055,EY000476-16
135212,"Kapil  Bharti, PhD",37288665.0,10.1172/jci.insight.157654,EY000542-11
135212,"Kapil  Bharti, PhD",38470318.0,10.1167/tvst.13.3.8,EY000542-11
135234,"Eugenia  Poliakov, PhD",37511618.0,10.3390/ijms241411860,EY000577-04
135234,"T. Michael  Redmond, PhD",37511618.0,10.3390/ijms241411860,EY000577-04
135173,"James Fielding Hejtmancik, MD, PhD",36670602.0,10.3390/children10010051,EY000281-32
135173,"James Fielding Hejtmancik, MD, PhD",36881408.0,10.1167/iovs.64.3.16,EY000281-32
135173,"James Fielding Hejtmancik, MD, PhD",37184593.0,10.1021/acs.biochem.2c00628,EY000281-32
135173,"James Fielding Hejtmancik, MD, PhD",37762633.0,10.3390/ijms241814332,EY000281-32
135196,"Wei  Li, MD, PhD",38092908.0,10.1038/s41586-023-06638-9,EY000488-16
135196,"Wei  Li, MD, PhD",38570500.0,10.1038/s41467-024-47095-w,EY000488-16
135176,"Charles E Egwuagu, MPH, PhD",38920670.0,10.3390/cells13121042,EY000315-33
135183,"T. Michael  Redmond, PhD",37864333.0,10.1016/j.ymthe.2023.10.017,EY000444-18
135207,Haohua  Qian,38790316.0,10.3390/bioengineering11050449,EY000530-12
135221,"Bevil Richard Conway, PhD",38691088.0,10.1167/jov.24.5.1,EY000558-08
135221,"Bevil Richard Conway, PhD",37906163.0,10.1177/09567976231199742,EY000558-08
132629,"M. Teresa  Magone, MD",38015937.0,10.1097/ICO.0000000000003430,EY000578-01
135171,"James Fielding Hejtmancik, MD, PhD",37033725.0,10.7717/peerj.15077,EY000272-34
135171,"James Fielding Hejtmancik, MD, PhD",36917121.0,10.1167/iovs.64.3.24,EY000272-34
135171,"James Fielding Hejtmancik, MD, PhD",37097228.0,10.1167/iovs.64.4.29,EY000272-34
135181,"Okihide  Hikosaka, MD, PhD",38868184.0,10.1016/j.isci.2024.110043,EY000415-22
135220,Shilpa Mohan Kodati,39165693.0,10.1016/j.xops.2024.100559,EY000556-08
135220,Shilpa Mohan Kodati,39085199.0,10.1038/s41467-024-50472-0,EY000556-08
135220,Shilpa Mohan Kodati,37290057.0,10.1080/09273948.2023.2217914,EY000556-08
135220,Shilpa Mohan Kodati,38472380.0,10.1038/s41433-024-03012-5,EY000556-08
135220,Shilpa Mohan Kodati,38759221.0,10.1080/09273948.2024.2344709,EY000556-08
135220,Shilpa Mohan Kodati,36223603.0,10.1080/09273948.2022.2127783,EY000556-08
135220,Shilpa Mohan Kodati,36996445.0,10.1097/ICB.0000000000001425,EY000556-08
135220,Shilpa Mohan Kodati,38109704.0,10.1097/ICB.0000000000001534,EY000556-08
135231,"Arvydas  Maminishkis, PhD",37288665.0,10.1172/jci.insight.157654,EY000573-04
135231,"Arvydas  Maminishkis, PhD",38470318.0,10.1167/tvst.13.3.8,EY000573-04
135231,"Arvydas  Maminishkis, PhD",38108061.0,10.1002/jex2.116,EY000573-04
135231,"Arvydas  Maminishkis, PhD",37899750.0,10.1152/ajpcell.00200.2023,EY000573-04
135201,Haohua  Qian,36982411.0,10.3390/ijms24065340,EY000503-14
135201,Haohua  Qian,38735647.0,10.1093/brain/awae055,EY000503-14
135201,Haohua  Qian,38790316.0,10.3390/bioengineering11050449,EY000503-14
135210,"Brian Patrick Brooks, MD, PhD",37211138.0,10.1016/j.ajo.2023.05.014,EY000534-12
135210,"Brian Patrick Brooks, MD, PhD",37440047.0,10.1007/978-3-031-27681-1_42,EY000534-12
135225,"Robert Barrett Hufnagel, MD, PhD",38447053.0,10.1097/ICB.0000000000001556,EY000565-06
135225,"Robert Barrett Hufnagel, MD, PhD",37695603.0,10.1167/iovs.64.12.19,EY000565-06
135225,"Robert Barrett Hufnagel, MD, PhD",39175871.0,10.1016/j.gimo.2024.101820,EY000565-06
135225,"Robert Barrett Hufnagel, MD, PhD",36807241.0,10.1111/cge.14312,EY000565-06
135225,"Robert Barrett Hufnagel, MD, PhD",38502138.0,10.1167/iovs.65.3.25,EY000565-06
135225,"Robert Barrett Hufnagel, MD, PhD",38735647.0,10.1093/brain/awae055,EY000565-06
135225,"Robert Barrett Hufnagel, MD, PhD",36689233.0,10.1167/iovs.64.1.18,EY000565-06
135225,"Robert Barrett Hufnagel, MD, PhD",36951427.0,10.1001/jamaophthalmol.2024.3836,EY000565-06
135225,"Robert Barrett Hufnagel, MD, PhD",36951427.0,10.1080/13816810.2022.2089360,EY000565-06
135197,"Emily Y Chew, MD",38104223.0,10.1038/s43856-023-00410-w,EY000489-16
135184,"Anand  Swaroop, PhD",38438351.0,10.1038/s41467-024-46063-8,EY000450-17
135184,"Anand  Swaroop, PhD",36975211.0,10.7554/eLife.83205,EY000450-17
135184,"Anand  Swaroop, PhD",36226585.0,10.1093/hmg/ddac256,EY000450-17
135184,"Anand  Swaroop, PhD",38333717.0,10.1016/j.isci.2024.108979,EY000450-17
135184,"Anand  Swaroop, PhD",37440030.0,10.1007/978-3-031-27681-1_25,EY000450-17
135184,"Anand  Swaroop, PhD",35997788.0,10.1093/hmg/ddac211,EY000450-17
135184,"Anand  Swaroop, PhD",39084215.0,10.1016/j.str.2024.07.004,EY000450-17
135184,"Anand  Swaroop, PhD",37585292.0,10.1016/j.celrep.2023.112982,EY000450-17
135184,"Anand  Swaroop, PhD",37488009.0,10.1016/j.exer.2023.109599,EY000450-17
135283,"Susan J Persky, PhD",38308411.0,10.1002/jgc4.1844,HG200383-13
135283,"Susan J Persky, PhD",38722839.0,10.1371/journal.pone.0300452,HG200383-13
135283,"Susan J Persky, PhD",37993282.0,10.1136/bmjment-2023-300852,HG200383-13
135283,"Susan J Persky, PhD",36621267.0,10.1016/j.jneb.2022.09.005,HG200383-13
135283,"Susan J Persky, PhD",37120583.0,10.1186/s40359-023-01185-4,HG200383-13
135283,"Susan J Persky, PhD",37346458.0,10.1080/15295192.2022.2036940,HG200383-13
135293,"Adam Michael Phillippy, PhD",38811727.0,10.1038/s41586-024-07473-2,HG200398-09
135293,"Adam Michael Phillippy, PhD",38570684.0,10.1038/s41586-024-07278-3,HG200398-09
135293,"Adam Michael Phillippy, PhD",37710018.0,10.1038/s41592-023-01993-x,HG200398-09
135293,"Adam Michael Phillippy, PhD",39110522.0,10.1093/bioinformatics/btae493,HG200398-09
135293,"Adam Michael Phillippy, PhD",38168989.0,10.1038/s41587-023-01983-6,HG200398-09
135293,"Adam Michael Phillippy, PhD",38724243.0,10.1093/bioinformatics/btae311,HG200398-09
135293,"Adam Michael Phillippy, PhD",38376487.0,10.1093/molbev/msae036,HG200398-09
135293,"Adam Michael Phillippy, PhD",37857613.0,10.1038/s41467-023-42238-x,HG200398-09
135293,"Adam Michael Phillippy, PhD",38508693.0,10.1101/gr.278382.123,HG200398-09
135311,"William A Gahl, MD",37256972.0,10.1056/NEJMoa2202318,HG200421-02
135311,"William A Gahl, MD",38041964.0,10.1016/j.jneuroim.2023.578251,HG200421-02
135311,"William A Gahl, MD",36774715.0,10.1016/j.nmd.2022.12.014,HG200421-02
135311,"William A Gahl, MD",38991538.0,10.1038/s41586-024-07773-7,HG200421-02
135311,"William A Gahl, MD",38381787.0,10.1073/pnas.2322582121,HG200421-02
135311,"William A Gahl, MD",37013609.0,10.15252/emmm.202216775,HG200421-02
135311,"William A Gahl, MD",35913761.0,10.1093/hmg/ddac173,HG200421-02
135311,"William A Gahl, MD",36965478.0,10.1016/j.ajhg.2023.03.001,HG200421-02
135311,"William A Gahl, MD",37552066.0,10.1093/hmg/ddad130,HG200421-02
135311,"William A Gahl, MD",37448631.0,10.1016/j.ymgmr.2023.100990,HG200421-02
135311,"William A Gahl, MD",36765070.0,10.1038/s41525-022-00343-8,HG200421-02
135311,"William A Gahl, MD",38435320.0,10.1016/j.rare.2024.100019,HG200421-02
135311,"William A Gahl, MD",37822540.0,10.3389/fpubh.2023.1248260,HG200421-02
135311,"William A Gahl, MD",37862187.0,10.4103/1673-5374.385298,HG200421-02
135311,"William A Gahl, MD",36897941.0,10.1126/sciadv.ade1463,HG200421-02
135311,"William A Gahl, MD",36941081.0,10.1212/NXI.0000000000200073,HG200421-02
135311,"William A Gahl, MD",36935719.0,10.3389/fpubh.2023.1079601,HG200421-02
135311,"William A Gahl, MD",37388215.0,10.3389/fendo.2023.1166076,HG200421-02
135311,"William A Gahl, MD",38513662.0,10.1016/j.molcel.2024.02.033,HG200421-02
135311,"William A Gahl, MD",37994247.0,10.1002/mds.29654,HG200421-02
135311,"David R Adams, MD, PhD",37256972.0,10.1056/NEJMoa2202318,HG200421-02
135311,"David R Adams, MD, PhD",38041964.0,10.1016/j.jneuroim.2023.578251,HG200421-02
135311,"David R Adams, MD, PhD",36774715.0,10.1016/j.nmd.2022.12.014,HG200421-02
135311,"David R Adams, MD, PhD",38991538.0,10.1038/s41586-024-07773-7,HG200421-02
135311,"David R Adams, MD, PhD",38381787.0,10.1073/pnas.2322582121,HG200421-02
135311,"David R Adams, MD, PhD",37013609.0,10.15252/emmm.202216775,HG200421-02
135311,"David R Adams, MD, PhD",35913761.0,10.1093/hmg/ddac173,HG200421-02
135311,"David R Adams, MD, PhD",36965478.0,10.1016/j.ajhg.2023.03.001,HG200421-02
135311,"David R Adams, MD, PhD",37552066.0,10.1093/hmg/ddad130,HG200421-02
135311,"David R Adams, MD, PhD",37448631.0,10.1016/j.ymgmr.2023.100990,HG200421-02
135311,"David R Adams, MD, PhD",36765070.0,10.1038/s41525-022-00343-8,HG200421-02
135311,"David R Adams, MD, PhD",38435320.0,10.1016/j.rare.2024.100019,HG200421-02
135311,"David R Adams, MD, PhD",37822540.0,10.3389/fpubh.2023.1248260,HG200421-02
135311,"David R Adams, MD, PhD",37862187.0,10.4103/1673-5374.385298,HG200421-02
135311,"David R Adams, MD, PhD",36897941.0,10.1126/sciadv.ade1463,HG200421-02
135311,"David R Adams, MD, PhD",36941081.0,10.1212/NXI.0000000000200073,HG200421-02
135311,"David R Adams, MD, PhD",36935719.0,10.3389/fpubh.2023.1079601,HG200421-02
135311,"David R Adams, MD, PhD",37388215.0,10.3389/fendo.2023.1166076,HG200421-02
135311,"David R Adams, MD, PhD",38513662.0,10.1016/j.molcel.2024.02.033,HG200421-02
135311,"David R Adams, MD, PhD",37994247.0,10.1002/mds.29654,HG200421-02
135278,"Daniel Lindsley Kastner, MD, PhD",38706460.0,,HG200373-14
135278,"Daniel Lindsley Kastner, MD, PhD",38706460.0,10.1016/j.jacig.2024.100251,HG200373-14
135278,"Daniel Lindsley Kastner, MD, PhD",36332842.0,10.1016/j.ophtha.2022.10.026,HG200373-14
135278,"Daniel Lindsley Kastner, MD, PhD",38408849.0,10.1136/ard-2023-225085,HG200373-14
135278,"Daniel Lindsley Kastner, MD, PhD",39167656.0,10.1126/sciadv.adl3975,HG200373-14
135278,"Daniel Lindsley Kastner, MD, PhD",38961223.0,10.1038/s41591-024-03092-6,HG200373-14
135278,"Daniel Lindsley Kastner, MD, PhD",37422272.0,10.1016/j.jaci.2023.06.020,HG200373-14
135305,"Neil Andrew Hanchard, PhD, MD",38716726.0,10.1172/jci.insight.172152,HG200414-04
135244,"Lawrence  Brody, PhD",38560530.0,10.1093/pnasnexus/pgae116,HG000167-25
135244,"Lawrence  Brody, PhD",36774100.0,10.1093/jn/nxac204,HG000167-25
135279,"Elaine A Ostrander, PhD",38985449.0,10.18632/aging.206012,HG200377-13
135279,"Elaine A Ostrander, PhD",38903121.0,10.1101/2024.03.15.585179,HG200377-13
135279,"Elaine A Ostrander, PhD",37246949.0,10.1111/mec.16998,HG200377-13
135279,"Elaine A Ostrander, PhD",37561875.0,10.1126/science.abq5693,HG200377-13
135279,"Elaine A Ostrander, PhD",37783804.0,10.1038/s43018-023-00643-7,HG200377-13
135279,"Elaine A Ostrander, PhD",38255002.0,10.3390/genes15010114,HG200377-13
135279,"Elaine A Ostrander, PhD",36991555.0,10.1111/mec.16926,HG200377-13
135279,"Elaine A Ostrander, PhD",36980922.0,10.3390/genes14030650,HG200377-13
135279,"Elaine A Ostrander, PhD",38096292.0,10.1126/science.adi6549,HG200377-13
135279,"Elaine A Ostrander, PhD",37563227.0,10.1038/s43587-023-00462-6,HG200377-13
135279,"Elaine A Ostrander, PhD",37582787.0,10.1186/s13059-023-03023-7,HG200377-13
135279,"Elaine A Ostrander, PhD",38778091.0,10.1038/s41698-024-00591-0,HG200377-13
135279,"Elaine A Ostrander, PhD",36867701.0,10.1126/sciadv.ade2537,HG200377-13
135277,"Daniel Lindsley Kastner, MD, PhD",38961223.0,,HG200372-14
135277,"Daniel Lindsley Kastner, MD, PhD",38961223.0,10.1038/s41591-024-03092-6,HG200372-14
135288,"Francis S Collins, MD, PhD",38791829.0,10.3390/ijerph21050615,HG200389-12
135288,"Francis S Collins, MD, PhD",37386251.0,10.1038/s41588-023-01424-9,HG200389-12
135260,"Settara  Chandrasekharappa, PhD",38772452.0,10.1016/j.nbd.2024.106537,HG200346-17
135260,"Settara  Chandrasekharappa, PhD",38019014.0,10.1182/bloodadvances.2023011165,HG200346-17
135310,"Joshua C Denny, MD",37885303.0,10.1093/jamia/ocad205,HG200420-02
135289,"Vence Lee Bonham, JD",37811899.0,10.1016/j.gim.2023.100993,HG200394-11
135289,"Vence Lee Bonham, JD",38433376.0,10.1002/ajh.27250,HG200394-11
135281,"Peter Joseph McGuire, MD",38798587.0,10.1101/2024.05.11.593693,HG200381-13
135281,"Peter Joseph McGuire, MD",37483601.0,10.3389/fimmu.2023.1142634,HG200381-13
135281,"Peter Joseph McGuire, MD",37104980.0,10.1016/j.ymgme.2023.107581,HG200381-13
135281,"Peter Joseph McGuire, MD",37208779.0,10.1186/s12967-023-04180-w,HG200381-13
135247,"Paul P Liu, MD, PhD",37756546.0,10.1182/bloodadvances.2023010398,HG000102-28
135247,"Paul P Liu, MD, PhD",37738626.0,10.1182/blood.2023019746,HG000102-28
135247,"Paul P Liu, MD, PhD",37225965.0,10.1038/s41375-023-01926-9,HG000102-28
135247,"Paul P Liu, MD, PhD",37406166.0,10.1182/bloodadvances.2023010045,HG000102-28
135247,"Paul P Liu, MD, PhD",37491298.0,10.1186/s13578-023-01088-2,HG000102-28
135247,"Paul P Liu, MD, PhD",38019014.0,10.1182/bloodadvances.2023011165,HG000102-28
135247,"Paul P Liu, MD, PhD",37536952.0,10.1101/gad.350418.123,HG000102-28
135263,"Lisa J Garrett, MS",37756546.0,10.1182/bloodadvances.2023010398,HG200349-17
135296,"Meru J Sadhu, PhD, BS",36800387.0,10.1073/pnas.2217194120,HG200401-06
135296,"Meru J Sadhu, PhD, BS",38903081.0,10.1101/2024.05.29.596416,HG200401-06
135296,"Meru J Sadhu, PhD, BS",39149293.0,10.1101/2024.08.06.606807,HG200401-06
135296,"Meru J Sadhu, PhD, BS",37127330.0,10.1101/gr.277515.122,HG200401-06
135298,"Benjamin  Solomon, MD",38412177.0,10.1371/journal.pgen.1011168,HG200405-05
135298,"Benjamin  Solomon, MD",37246194.0,10.1038/s41431-023-01396-8,HG200405-05
135298,"Benjamin  Solomon, MD",38940144.0,10.1093/bioinformatics/btae239,HG200405-05
135298,"Benjamin  Solomon, MD",38488790.0,10.1001/jamanetworkopen.2024.2609,HG200405-05
135291,"Susan J Persky, PhD",37824190.0,10.2196/43701,HG200396-10
135291,"Susan J Persky, PhD",38722839.0,10.1371/journal.pone.0300452,HG200396-10
135291,"Susan J Persky, PhD",36621267.0,10.1016/j.jneb.2022.09.005,HG200396-10
135245,"Andreas D Baxevanis, PhD",36639202.0,10.1101/gr.277040.122,HG000140-26
135245,"Andreas D Baxevanis, PhD",36782149.0,10.1186/s12915-023-01532-2,HG000140-26
135245,"Andreas D Baxevanis, PhD",37708295.0,10.15252/embj.2022112934,HG000140-26
135245,"Andreas D Baxevanis, PhD",38502060.0,10.1093/gbe/evae052,HG000140-26
135245,"Andreas D Baxevanis, PhD",38329168.0,10.1002/pmic.202300397,HG000140-26
135245,"Andreas D Baxevanis, PhD",38508693.0,10.1101/gr.278382.123,HG000140-26
135245,"Andreas D Baxevanis, PhD",36380233.0,10.1038/s41380-022-01844-9,HG000140-26
135267,Lori Ann Hamby Erby,38308411.0,10.1002/jgc4.1844,HG200353-17
135267,Lori Ann Hamby Erby,38351603.0,10.1002/jgc4.1878,HG200353-17
135267,Lori Ann Hamby Erby,38032519.0,10.1007/s12687-023-00681-9,HG200353-17
135267,"Leslie Glenn Biesecker, MD",38308411.0,10.1002/jgc4.1844,HG200353-17
135267,"Leslie Glenn Biesecker, MD",38351603.0,10.1002/jgc4.1878,HG200353-17
135267,"Leslie Glenn Biesecker, MD",38032519.0,10.1007/s12687-023-00681-9,HG200353-17
135255,"Leslie Glenn Biesecker, MD",37606238.0,10.1093/hmg/ddad136,HG200328-20
135264,"Stacie Mcaloose Anderson, BS",38951027.0,10.1101/gr.277950.123,HG200350-17
135253,"Laura L Elnitski, BS, PhD",36380233.0,10.1101/2023.07.06.547933,HG200323-20
135253,"Laura L Elnitski, BS, PhD",36380233.0,,HG200323-20
135253,"Laura L Elnitski, BS, PhD",36380233.0,10.1038/s41380-022-01844-9,HG200323-20
135287,"Leslie Glenn Biesecker, MD",38321508.0,10.1186/s13023-023-03013-9,HG200388-12
135285,"Shawn M Burgess, PhD",37582932.0,10.1038/s41467-023-40662-7,HG200386-13
135252,"Charles Paul Venditti, BS, MD, PhD",38271099.0,10.1172/jci.insight.174097,HG200318-21
135252,"Charles Paul Venditti, BS, MD, PhD",38200289.0,10.1038/s41380-023-02385-5,HG200318-21
135252,"Charles Paul Venditti, BS, MD, PhD",38745823.0,10.1016/j.ymgmr.2024.101089,HG200318-21
135252,"Charles Paul Venditti, BS, MD, PhD",38895471.0,10.1101/2024.06.07.597901,HG200318-21
135241,"Shawn M Burgess, PhD",37857613.0,10.1038/s41467-023-42238-x,HG000183-24
135306,"Lindsey Ann Criswell, MD, MPH",36862625.0,10.1371/journal.pone.0281891,HG200416-04
135306,"Lindsey Ann Criswell, MD, MPH",37321640.0,10.3899/jrheum.2023-0060,HG200416-04
135306,"Lindsey Ann Criswell, MD, MPH",36716083.0,10.1002/art.42464,HG200416-04
135306,"Lindsey Ann Criswell, MD, MPH",35452566.0,10.1002/acr.24892,HG200416-04
135306,"Lindsey Ann Criswell, MD, MPH",38129991.0,10.1002/art.42779,HG200416-04
135306,"Lindsey Ann Criswell, MD, MPH",38073021.0,10.1002/art.42766,HG200416-04
135282,"Julia A Segre, PhD",38899875.0,10.1128/mra.00062-24,HG200382-13
135262,Stephen  Wincovitch,37365004.0,10.1111/acel.13903,HG200348-17
135262,Stephen  Wincovitch,38339105.0,10.3390/ijms25031827,HG200348-17
138174,"Susan J Persky, PhD",37991836.0,10.2196/45821,HG200423-01
138174,"Susan J Persky, PhD",38505474.0,10.1089/jmxr.2023.0012,HG200423-01
135307,"Joshua C Denny, MD",38689001.0,10.1038/s41588-024-01714-w,HG200417-04
135307,"Joshua C Denny, MD",38263490.0,10.1093/jamia/ocad260,HG200417-04
135307,"Joshua C Denny, MD",38374256.0,10.1038/s41586-024-07019-6,HG200417-04
135307,"Joshua C Denny, MD",38946996.0,10.1101/2024.06.12.24304664,HG200417-04
135307,"Joshua C Denny, MD",37096581.0,10.1002/art.42544,HG200417-04
135307,"Joshua C Denny, MD",37196047.0,10.1371/journal.pone.0283553,HG200417-04
135307,"Joshua C Denny, MD",37885303.0,10.1093/jamia/ocad205,HG200417-04
135274,"Charles N Rotimi, PhD",38200081.0,10.1038/s41431-023-01521-7,HG200362-17
135274,"Charles N Rotimi, PhD",38444015.0,10.1186/s13073-024-01308-5,HG200362-17
135274,"Charles N Rotimi, PhD",37935687.0,10.1038/s41467-023-42491-0,HG200362-17
135274,"Charles N Rotimi, PhD",37004336.0,10.1016/j.ebiom.2023.104548,HG200362-17
135274,"Charles N Rotimi, PhD",36868199.0,10.1016/j.ajhg.2023.01.011,HG200362-17
135274,"Charles N Rotimi, PhD",38806494.0,10.1038/s41467-024-48507-7,HG200362-17
135274,"Charles N Rotimi, PhD",38649715.0,10.1038/s41467-024-47806-3,HG200362-17
135257,"Ellen  Sidransky, MD, PhD",36869417.0,10.1002/mds.29342,HG200336-19
135257,"Ellen  Sidransky, MD, PhD",38339105.0,10.3390/ijms25031827,HG200336-19
135257,"Ellen  Sidransky, MD, PhD",38989943.0,10.4103/NRR.NRR-D-24-00131,HG200336-19
135257,"Ellen  Sidransky, MD, PhD",38647370.0,10.1002/ajmg.a.63630,HG200336-19
135257,"Ellen  Sidransky, MD, PhD",38773124.0,10.1038/s41531-024-00679-1,HG200336-19
135299,Carlos Raul Ferreira,38806089.0,10.1016/j.bone.2024.117136,HG200407-05
135299,Carlos Raul Ferreira,36779427.0,,HG200407-05
135299,Carlos Raul Ferreira,36779427.0,10.1002/ajmg.a.63132,HG200407-05
135250,"Francis S Collins, MD, PhD",38353623.0,10.1089/crispr.2023.0066,HG000024-30
135250,"Francis S Collins, MD, PhD",38967666.0,10.1007/s00125-024-06214-4,HG000024-30
135250,"Francis S Collins, MD, PhD",39005353.0,10.1101/2024.06.27.601062,HG000024-30
135250,"Francis S Collins, MD, PhD",38374256.0,10.1038/s41586-024-07019-6,HG000024-30
135250,"Francis S Collins, MD, PhD",37291194.0,10.1038/s41588-023-01408-9,HG000024-30
135250,"Francis S Collins, MD, PhD",37858332.0,10.1016/j.cmet.2023.09.013,HG000024-30
135240,"James  Thomas, PhD",38126779.0,10.1128/msystems.00632-23,HG000196-24
135240,"James  Thomas, PhD",37757827.0,10.1016/j.xcrm.2023.101205,HG000196-24
135240,"James  Thomas, PhD",38899875.0,10.1128/mra.00062-24,HG000196-24
135240,"James  Thomas, PhD",37956283.0,10.1073/pnas.2310585120,HG000196-24
135240,"James  Thomas, PhD",38883723.0,10.1101/2024.03.21.586108,HG000196-24
135240,"James  Thomas, PhD",38811727.0,10.1038/s41586-024-07473-2,HG000196-24
135240,"James  Thomas, PhD",37946302.0,10.1186/s13059-023-03090-w,HG000196-24
135240,"James  Thomas, PhD",37606238.0,10.1093/hmg/ddad136,HG000196-24
135240,"James  Thomas, PhD",38019014.0,10.1182/bloodadvances.2023011165,HG000196-24
135243,"Julia A Segre, PhD",37054678.0,10.1016/j.chom.2023.03.010,HG000180-24
135243,"Julia A Segre, PhD",37946302.0,10.1186/s13059-023-03090-w,HG000180-24
135243,"Julia A Segre, PhD",38126779.0,10.1128/msystems.00632-23,HG000180-24
135251,"Settara  Chandrasekharappa, PhD",38191666.0,10.1182/bloodadvances.2023011888,HG000029-30
135251,"Settara  Chandrasekharappa, PhD",38019014.0,10.1182/bloodadvances.2023011165,HG000029-30
135301,"Cynthia J Tifft, MD, PhD",37871851.0,10.1016/j.jlr.2023.100463,HG200409-05
135301,"Cynthia J Tifft, MD, PhD",38641994.0,10.1016/j.gim.2024.101144,HG200409-05
135301,"Cynthia J Tifft, MD, PhD",36700853.0,10.1002/jimd.12596,HG200409-05
135301,"Cynthia J Tifft, MD, PhD",37267847.0,10.1016/j.ebiom.2023.104627,HG200409-05
135301,"Cynthia J Tifft, MD, PhD",38053937.0,10.1016/j.ymgmr.2023.101014,HG200409-05
135301,"Cynthia J Tifft, MD, PhD",36709532.0,10.1016/j.ymgme.2023.107508,HG200409-05
135301,"Ellen  Sidransky, MD, PhD",37871851.0,10.1016/j.jlr.2023.100463,HG200409-05
135301,"Ellen  Sidransky, MD, PhD",38641994.0,10.1016/j.gim.2024.101144,HG200409-05
135301,"Ellen  Sidransky, MD, PhD",36700853.0,10.1002/jimd.12596,HG200409-05
135301,"Ellen  Sidransky, MD, PhD",37267847.0,10.1016/j.ebiom.2023.104627,HG200409-05
135301,"Ellen  Sidransky, MD, PhD",38053937.0,10.1016/j.ymgmr.2023.101014,HG200409-05
135301,"Ellen  Sidransky, MD, PhD",36709532.0,10.1016/j.ymgme.2023.107508,HG200409-05
135286,"Leslie Glenn Biesecker, MD",38103548.0,10.1016/j.ajhg.2023.11.009,HG200387-12
135286,"Leslie Glenn Biesecker, MD",37606238.0,10.1093/hmg/ddad136,HG200387-12
135276,"Daniel Lindsley Kastner, MD, PhD",39111319.0,,HG200371-14
135276,"Daniel Lindsley Kastner, MD, PhD",39111319.0,10.1016/j.xgen.2024.100628,HG200371-14
135276,"Daniel Lindsley Kastner, MD, PhD",38306657.0,10.1182/blood.2023022329,HG200371-14
135276,"Daniel Lindsley Kastner, MD, PhD",37928541.0,10.3389/fimmu.2023.1265404,HG200371-14
135276,"Daniel Lindsley Kastner, MD, PhD",38961223.0,10.1038/s41591-024-03092-6,HG200371-14
135294,"Diana Willa Bianchi, MD",37074246.0,10.1016/j.biopsych.2023.02.012,HG200399-08
135294,"Diana Willa Bianchi, MD",36602162.0,10.1002/jnr.25160,HG200399-08
135302,"Christie Doris Gunter, PhD",38315653.0,10.1371/journal.pone.0296942,HG200410-04
135302,"Laura Marie Koehly, PhD",38315653.0,10.1371/journal.pone.0296942,HG200410-04
135275,"Abdel G Elkahloun, PhD",37018064.0,10.1158/1078-0432.CCR-22-3651,HG200365-15
135249,"Paul P Liu, MD, PhD",37756546.0,10.1182/bloodadvances.2023010398,HG000030-30
135249,"Paul P Liu, MD, PhD",37491298.0,10.1186/s13578-023-01088-2,HG000030-30
135249,"Paul P Liu, MD, PhD",37536952.0,10.1101/gad.350418.123,HG000030-30
135239,"Francis S Collins, MD, PhD",37365004.0,10.1111/acel.13903,HG200305-22
135238,"William A Gahl, MD",38041964.0,10.1016/j.jneuroim.2023.578251,HG000215-22
135238,"William A Gahl, MD",38958468.0,10.1182/blood.2024024499,HG000215-22
135238,"William A Gahl, MD",38899758.0,10.1002/cpdd.1433,HG000215-22
135238,"William A Gahl, MD",38959600.0,10.1016/j.ymgme.2024.108509,HG000215-22
135238,"William A Gahl, MD",38435320.0,10.1016/j.rare.2024.100019,HG000215-22
135238,"William A Gahl, MD",37890204.0,10.1016/j.biopha.2023.115178,HG000215-22
135238,"William A Gahl, MD",37822540.0,10.3389/fpubh.2023.1248260,HG000215-22
135238,"William A Gahl, MD",37862187.0,10.4103/1673-5374.385298,HG000215-22
135238,"William A Gahl, MD",36941081.0,10.1212/NXI.0000000000200073,HG000215-22
135238,"William A Gahl, MD",37388215.0,10.3389/fendo.2023.1166076,HG000215-22
135238,"William A Gahl, MD",37994247.0,10.1002/mds.29654,HG000215-22
135415,"Tiffany Michele Powell-Wiley, MPH, MD",39150750.0,10.2196/57382,HL006168-12
135415,"Tiffany Michele Powell-Wiley, MPH, MD",38337747.0,10.3390/nu16030463,HL006168-12
135415,"Tiffany Michele Powell-Wiley, MPH, MD",36825385.0,10.1002/ppul.26367,HL006168-12
135419,"Cynthia E Dunbar, MD",38462764.0,10.1111/bjh.19357,HL006186-11
135419,"Cynthia E Dunbar, MD",36735910.0,10.1182/blood.2022017584,HL006186-11
135419,"Cynthia E Dunbar, MD",38764093.0,10.1186/s13287-024-03731-2,HL006186-11
135419,"Cynthia E Dunbar, MD",38564303.0,10.1172/jci.insight.174783,HL006186-11
135471,"Susan Tracy Harbison, BS, PhD",38168575.0,10.1038/s41598-023-50552-z,HL006276-03
135340,"Robert J Lederman, BS, MD",38469944.0,10.1002/mrm.30083,HL005062-22
135465,"Yogendra  Kanthi, MD",37606044.0,10.1172/jci.insight.166110,HL006267-04
135465,"Yogendra  Kanthi, MD",37253117.0,10.1093/cvr/cvad084,HL006267-04
135465,"Yogendra  Kanthi, MD",39084187.0,10.1016/j.cellimm.2024.104860,HL006267-04
135465,"Yogendra  Kanthi, MD",36598976.0,10.1126/sciadv.ade8272,HL006267-04
135377,"Paul M Hwang, MD, PhD",38157298.0,10.1016/j.celrep.2023.113626,HL006051-15
135470,"Alan T Remaley, MD, PhD",38331834.0,10.1186/s12944-024-02018-y,HL006275-03
135470,"Alan T Remaley, MD, PhD",36636252.0,10.1210/jendso/bvac189,HL006275-03
135470,"Alan T Remaley, MD, PhD",38338310.0,10.3390/molecules29030564,HL006275-03
135470,"Alan T Remaley, MD, PhD",38252511.0,10.1080/14737159.2024.2306127,HL006275-03
135470,"Alan T Remaley, MD, PhD",37471145.0,10.1172/JCI165370,HL006275-03
135462,"Naoko  Mizuno, PhD",36739444.0,10.1038/s41467-023-36279-5,HL006264-04
135462,"Naoko  Mizuno, PhD",38862544.0,10.1038/s41467-024-49222-z,HL006264-04
135439,"Claudia Marlis Hilde Kemper, PhD",37220746.0,10.1016/j.cell.2023.04.031,HL006222-08
135439,"Claudia Marlis Hilde Kemper, PhD",37499656.0,10.1016/j.immuni.2023.06.026,HL006222-08
135409,"Hong  Xu, PhD",37647895.0,10.1016/j.devcel.2023.08.007,HL006153-13
135409,"Hong  Xu, PhD",38489272.0,10.1016/j.xpro.2024.102959,HL006153-13
135395,"Justin W Taraska, PhD",36702897.0,10.1038/s41587-022-01651-1,HL006098-14
135395,"Justin W Taraska, PhD",36759616.0,10.1038/s41467-023-36304-7,HL006098-14
135395,"Justin W Taraska, PhD",38903101.0,10.1101/2024.05.16.594559,HL006098-14
135395,"Justin W Taraska, PhD",38553473.0,10.1038/s41467-024-47109-7,HL006098-14
135395,"Justin W Taraska, PhD",38663399.0,10.1016/j.devcel.2024.04.008,HL006098-14
135395,"Justin W Taraska, PhD",38353656.0,10.1083/jcb.202305023,HL006098-14
135395,"Justin W Taraska, PhD",38862506.0,10.1038/s41421-024-00677-w,HL006098-14
135456,"Takashi  Akera, PhD",39067449.0,10.1016/j.cub.2024.07.001,HL006249-05
135456,"Takashi  Akera, PhD",37914934.0,10.1038/s41586-023-06700-6,HL006249-05
135456,"Takashi  Akera, PhD",36800430.0,10.1126/sciadv.add7397,HL006249-05
135456,"Takashi  Akera, PhD",39091844.0,10.1101/2024.07.21.604490,HL006249-05
135401,"John A Hammer, PhD",38507449.0,10.1073/pnas.2401625121,HL006121-14
135401,"John A Hammer, PhD",38805288.0,10.1073/pnas.2308531121,HL006121-14
135401,"John A Hammer, PhD",38019611.0,10.1091/mbc.E23-07-0282,HL006121-14
135410,"J Robert  Hogg, PhD",38412299.0,10.1093/nar/gkae136,HL006158-13
135410,"J Robert  Hogg, PhD",37144502.0,10.1093/nar/gkad351,HL006158-13
135402,"Nasser M Rusan, PhD",39166297.0,10.1242/jcs.262311,HL006126-14
135402,"Nasser M Rusan, PhD",37342879.0,10.1091/mbc.E22-11-0534,HL006126-14
135402,"Nasser M Rusan, PhD",37729913.0,10.1016/j.cub.2023.08.075,HL006126-14
135390,"Manfred  Boehm, MD",37310585.0,10.1096/fj.202201745RR,HL006078-15
135390,"Manfred  Boehm, MD",38843830.0,10.1016/j.stem.2024.05.005,HL006078-15
135390,"Manfred  Boehm, MD",38015629.0,10.1172/JCI166134,HL006078-15
135390,"Manfred  Boehm, MD",39056563.0,10.1093/cvr/cvae157,HL006078-15
135473,"Veronique Lee Roger, MD, MPH",37480881.0,10.1016/j.jchf.2023.06.013,HL006278-03
135473,"Veronique Lee Roger, MD, MPH",38516784.0,10.1161/CIRCGEN.123.004312,HL006278-03
135473,"Veronique Lee Roger, MD, MPH",38533960.0,10.1161/JAHA.123.031616,HL006278-03
135408,"Rosa  Puertollano Moro, PhD",39034314.0,10.1038/s41467-024-50500-z,HL006151-13
135408,"Rosa  Puertollano Moro, PhD",38132146.0,10.3390/cells12242826,HL006151-13
135414,"Susan Tracy Harbison, BS, PhD",38033424.0,10.1093/sleepadvances/zpad045,HL006167-12
135435,"Adrienne Elizabeth Campbell-Washburn, PhD",36777171.0,10.1016/j.jacbts.2022.07.002,HL006213-09
135435,"Adrienne Elizabeth Campbell-Washburn, PhD",38469944.0,10.1002/mrm.30083,HL006213-09
135435,"Adrienne Elizabeth Campbell-Washburn, PhD",36642713.0,10.1186/s12968-023-00913-4,HL006213-09
135435,"Adrienne Elizabeth Campbell-Washburn, PhD",37288601.0,10.1002/mrm.29716,HL006213-09
135435,"Adrienne Elizabeth Campbell-Washburn, PhD",38394163.0,10.1002/mrm.30031,HL006213-09
135435,"Adrienne Elizabeth Campbell-Washburn, PhD",36822664.0,10.1097/RLI.0000000000000958,HL006213-09
135445,"Swee-Lay  Thein, DSc",39439193.0,10.1111/bjh.19842,HL006233-08
135445,"Swee-Lay  Thein, DSc",39388845.0,10.1016/j.envint.2024.109058,HL006233-08
135331,"Mark A Knepper, PhD, MD",36727945.0,10.1152/ajprenal.00231.2022,HL001285-38
135331,"Mark A Knepper, PhD, MD",38234298.0,10.1152/ajprenal.00347.2023,HL001285-38
135331,"Mark A Knepper, PhD, MD",38205543.0,10.1152/ajprenal.00197.2023,HL001285-38
135331,"Mark A Knepper, PhD, MD",39024358.0,10.1152/ajprenal.00142.2024,HL001285-38
135331,"Mark A Knepper, PhD, MD",37916285.0,10.1152/ajprenal.00124.2023,HL001285-38
135331,"Mark A Knepper, PhD, MD",39032602.0,10.1016/j.ajpath.2024.06.006,HL001285-38
135331,"Mark A Knepper, PhD, MD",37114282.0,10.1113/JP284634,HL001285-38
135331,"Mark A Knepper, PhD, MD",37865316.0,10.1016/j.jbc.2023.105371,HL001285-38
135331,"Mark A Knepper, PhD, MD",38374071.0,10.1186/s12964-023-01436-2,HL001285-38
135331,"Mark A Knepper, PhD, MD",37902619.0,10.1681/ASN.0000000000000255,HL001285-38
135443,"Duck-Yeon  Lee, PhD",38157227.0,10.1182/bloodadvances.2023011542,HL006227-08
135443,"Duck-Yeon  Lee, PhD",37061547.0,10.1038/s41541-023-00655-5,HL006227-08
135443,"Duck-Yeon  Lee, PhD",38447164.0,10.1002/advs.202308312,HL006227-08
135319,"Marcus Y Chen, MD",37488949.0,10.1002/art.42664,HL006220-08
135319,"Marcus Y Chen, MD",38131150.0,10.1177/1358863X231214711,HL006220-08
135319,"Marcus Y Chen, MD",37286372.0,10.1093/rheumatology/kead256,HL006220-08
135319,"Marcus Y Chen, MD",37982276.0,10.1161/JAHA.123.031227,HL006220-08
135319,"Marcus Y Chen, MD",38903100.0,10.1101/2024.02.05.578971,HL006220-08
135319,"Marcus Y Chen, MD",38774805.0,10.1016/j.jaccas.2024.102262,HL006220-08
135319,"Marcus Y Chen, MD",38993285.0,10.1016/j.ejro.2024.100578,HL006220-08
135319,"Marcus Y Chen, MD",37908554.0,10.1148/ryct.220288,HL006220-08
135319,"Marcus Y Chen, MD",38981485.0,10.1016/j.xcrm.2024.101642,HL006220-08
135319,"Marcus Y Chen, MD",37693203.0,10.1148/ryct.230167,HL006220-08
135319,"Marcus Y Chen, MD",39105115.0,10.1016/j.jacadv.2024.101084,HL006220-08
135319,"Marcus Y Chen, MD",38843830.0,10.1016/j.stem.2024.05.005,HL006220-08
135319,"Marcus Y Chen, MD",37689744.0,10.1038/s41598-023-41969-7,HL006220-08
135319,"Marcus Y Chen, MD",37867905.0,10.1016/j.heliyon.2023.e20732,HL006220-08
135319,"Marcus Y Chen, MD",38321508.0,10.1186/s13023-023-03013-9,HL006220-08
135319,"Marcus Y Chen, MD",37738807.0,10.1016/j.ejmp.2023.102683,HL006220-08
135319,"Marcus Y Chen, MD",37471145.0,10.1172/JCI165370,HL006220-08
135319,"Marcus Y Chen, MD",37698922.0,10.1172/jci.insight.172893,HL006220-08
135319,"Marcus Y Chen, MD",37106374.0,10.1186/s12944-023-01819-x,HL006220-08
135319,"Marcus Y Chen, MD",37623682.0,10.3390/jimaging9080150,HL006220-08
135472,"Veronique Lee Roger, MD, MPH",36696094.0,10.1001/jamacardio.2022.5211,HL006277-03
135387,"Adrian U Wiestner, MD, PhD",37219524.0,10.1182/bloodadvances.2022009517,HL006070-15
135364,"John F Tisdale, MD",36161320.0,10.1002/ajh.26741,HL006008-17
135364,"John F Tisdale, MD",39086133.0,10.1016/j.ymthe.2024.07.022,HL006008-17
135364,"John F Tisdale, MD",36852088.0,10.1016/j.omtn.2023.01.016,HL006008-17
135315,"Adrienne Elizabeth Campbell-Washburn, PhD",38469944.0,10.1002/mrm.30083,HL006257-04
135315,"Adrienne Elizabeth Campbell-Washburn, PhD",38501940.0,10.1002/mrm.30054,HL006257-04
135397,"Haiming  Cao, PhD",38049085.0,10.1016/j.jhep.2023.11.020,HL006103-14
135397,"Haiming  Cao, PhD",38921831.0,10.3390/ncrna10030034,HL006103-14
135418,"Andre  Larochelle, MS, MD, PhD",38506770.0,10.1016/j.jcyt.2024.02.011,HL006172-12
135405,"Jizhong  Zou, PhD",39110999.0,10.1016/j.scr.2024.103504,HL006145-13
135405,"Jizhong  Zou, PhD",39106600.0,10.1016/j.scr.2024.103517,HL006145-13
135405,"Jizhong  Zou, PhD",38843830.0,10.1016/j.stem.2024.05.005,HL006145-13
135405,"Jizhong  Zou, PhD",38703666.0,10.1016/j.scr.2024.103429,HL006145-13
135405,"Jizhong  Zou, PhD",37890331.0,10.1016/j.scr.2023.103231,HL006145-13
135405,"Jizhong  Zou, PhD",37393720.0,10.1016/j.scr.2023.103135,HL006145-13
135405,"Jizhong  Zou, PhD",37610273.0,10.1002/cpz1.866,HL006145-13
135422,"Danielle A Springer, DVM",37185821.0,10.1002/path.6081,HL006190-11
135422,"Danielle A Springer, DVM",38033424.0,10.1093/sleepadvances/zpad045,HL006190-11
135422,"Danielle A Springer, DVM",38628440.0,10.3389/fphys.2024.1338476,HL006190-11
135422,"Danielle A Springer, DVM",38747181.0,10.1161/CIRCRESAHA.123.324026,HL006190-11
135422,"Danielle A Springer, DVM",38018177.0,10.1113/JP284894,HL006190-11
135434,"Beth A Kozel, MD, PhD",39073239.0,10.1002/ajmg.a.63827,HL006212-09
135434,"Beth A Kozel, MD, PhD",38293922.0,10.1161/JAHA.123.031377,HL006212-09
135434,"Beth A Kozel, MD, PhD",37827362.0,10.1016/j.ydbio.2023.09.007,HL006212-09
135434,"Beth A Kozel, MD, PhD",38591341.0,10.1161/JAHA.123.034048,HL006212-09
135349,"Jennifer Chen Lee, PhD",38290242.0,10.1016/j.bpc.2024.107191,HL001055-18
135448,"Jennifer Chen Lee, PhD",37812697.0,10.1073/pnas.2313133120,HL006236-07
135448,"Jennifer Chen Lee, PhD",35792158.0,10.1016/j.jmb.2022.167716,HL006236-07
135483,"Parizad  Torabi-Parizi, MD",38259435.0,10.3389/fimmu.2023.1308358,HL006293-02
135372,"Robert J Lederman, BS, MD",38469944.0,10.1002/mrm.30083,HL006039-15
135338,"Warren J Leonard, MD",39115939.0,10.1172/jci.insight.173469,HL005401-33
135338,"Warren J Leonard, MD",39191751.0,10.1038/s41467-024-50925-6,HL005401-33
135338,"Warren J Leonard, MD",37922339.0,10.1126/sciimmunol.adi8217,HL005401-33
135383,"Nico  Tjandra, PhD",38501482.0,10.1002/pro.4922,HL006064-15
135383,"Nico  Tjandra, PhD",37621214.0,10.15252/embj.2023113491,HL006064-15
135383,"Nico  Tjandra, PhD",37644144.0,10.1038/s41598-023-41053-0,HL006064-15
135383,"Nico  Tjandra, PhD",37597794.0,10.1016/j.pep.2023.106354,HL006064-15
135383,"Nico  Tjandra, PhD",36642186.0,10.1016/j.jbc.2023.102901,HL006064-15
135383,"Nico  Tjandra, PhD",38156948.0,10.1021/acs.biochem.3c00475,HL006064-15
135403,"Mark A Knepper, PhD, MD",36727945.0,10.1152/ajprenal.00231.2022,HL006129-14
135403,"Mark A Knepper, PhD, MD",38234298.0,10.1152/ajprenal.00347.2023,HL006129-14
135403,"Mark A Knepper, PhD, MD",36758122.0,10.1681/ASN.0000000000000089,HL006129-14
135403,"Mark A Knepper, PhD, MD",38205543.0,10.1152/ajprenal.00197.2023,HL006129-14
135403,"Mark A Knepper, PhD, MD",39024358.0,10.1152/ajprenal.00142.2024,HL006129-14
135403,"Mark A Knepper, PhD, MD",37916285.0,10.1152/ajprenal.00124.2023,HL006129-14
135403,"Mark A Knepper, PhD, MD",37328470.0,10.1038/s41467-023-38958-9,HL006129-14
135403,"Mark A Knepper, PhD, MD",39032602.0,10.1016/j.ajpath.2024.06.006,HL006129-14
135403,"Mark A Knepper, PhD, MD",37114282.0,10.1113/JP284634,HL006129-14
135403,"Mark A Knepper, PhD, MD",37865316.0,10.1016/j.jbc.2023.105371,HL006129-14
135403,"Mark A Knepper, PhD, MD",38374071.0,10.1186/s12964-023-01436-2,HL006129-14
135403,"Mark A Knepper, PhD, MD",37902619.0,10.1681/ASN.0000000000000255,HL006129-14
135352,"Daniel  Levy, MD",38808571.0,10.1161/JAHA.123.032743,HL006001-18
135352,"Daniel  Levy, MD",36811231.0,10.1002/alz.12954,HL006001-18
135352,"Daniel  Levy, MD",37442331.0,10.1016/j.envpol.2023.122153,HL006001-18
135352,"Daniel  Levy, MD",36723951.0,10.1001/jamacardio.2022.5271,HL006001-18
135352,"Daniel  Levy, MD",36774228.0,10.1016/j.tjnut.2022.11.005,HL006001-18
135352,"Daniel  Levy, MD",37192292.0,10.1161/CIRCHEARTFAILURE.122.009694,HL006001-18
135352,"Daniel  Levy, MD",38364309.0,10.1093/bioinformatics/btae082,HL006001-18
135352,"Daniel  Levy, MD",38226488.0,10.1161/HYPERTENSIONAHA.123.22334,HL006001-18
135352,"Daniel  Levy, MD",38860398.0,10.1161/JAHA.123.033674,HL006001-18
135352,"Daniel  Levy, MD",37563237.0,10.1038/s41598-023-39936-3,HL006001-18
135352,"Daniel  Levy, MD",37233989.0,10.1080/15592294.2023.2211361,HL006001-18
135352,"Daniel  Levy, MD",37268629.0,10.1038/s41467-023-38990-9,HL006001-18
135352,"Daniel  Levy, MD",37198231.0,10.1038/s41598-023-35098-4,HL006001-18
135352,"Daniel  Levy, MD",36700736.0,10.2217/epi-2022-0353,HL006001-18
135352,"Daniel  Levy, MD",39070619.0,10.21203/rs.3.rs-4656898/v1,HL006001-18
135352,"Daniel  Levy, MD",37301766.0,10.1161/JAHA.122.028022,HL006001-18
135352,"Daniel  Levy, MD",37804200.0,10.1161/JAHA.122.029090,HL006001-18
135352,"Daniel  Levy, MD",37286252.0,10.1016/j.jacc.2023.04.007,HL006001-18
135352,"Daniel  Levy, MD",37548169.0,10.1161/JAHA.122.028849,HL006001-18
135352,"Daniel  Levy, MD",37598461.0,10.1016/j.ebiom.2023.104758,HL006001-18
135352,"Daniel  Levy, MD",36793728.0,10.3389/fimmu.2023.1080071,HL006001-18
135352,"Daniel  Levy, MD",36638956.0,10.1016/j.cardfail.2022.12.014,HL006001-18
135352,"Daniel  Levy, MD",37889181.0,10.1161/JAHA.122.029980,HL006001-18
135352,"Daniel  Levy, MD",37019514.0,10.1016/j.mayocp.2022.10.013,HL006001-18
135352,"Daniel  Levy, MD",36892090.0,10.1161/JAHA.122.027881,HL006001-18
135352,"Daniel  Levy, MD",36600996.0,10.2147/JIR.S382620,HL006001-18
135352,"Daniel  Levy, MD",36791419.0,10.2337/db22-0851,HL006001-18
135352,"Daniel  Levy, MD",37046084.0,10.1038/s41586-023-05857-4,HL006001-18
135352,"Daniel  Levy, MD",37498674.0,10.1172/JCI168597,HL006001-18
135352,"Daniel  Levy, MD",36927883.0,10.1212/WNL.0000000000207157,HL006001-18
135370,"Keji  Zhao, PhD",37449212.0,10.3389/fimmu.2023.1186580,HL006030-16
135370,"Keji  Zhao, PhD",37177993.0,10.1093/nar/gkad378,HL006030-16
135370,"Keji  Zhao, PhD",38614090.0,10.1016/j.immuni.2024.03.018,HL006030-16
135370,"Keji  Zhao, PhD",37709987.0,10.1038/s41590-023-01623-w,HL006030-16
135370,"Keji  Zhao, PhD",38866970.0,10.1038/s41556-024-01424-9,HL006030-16
135446,"Nihal  Altan-Bonnet, PhD",36785787.0,10.1016/j.isci.2023.106169,HL006234-08
135446,"Nihal  Altan-Bonnet, PhD",38277395.0,10.1371/journal.pone.0297262,HL006234-08
135324,"Grzegorz  Piszczek, PhD",37392327.0,10.1007/s10719-023-10126-7,HL000338-24
135324,"Grzegorz  Piszczek, PhD",37759487.0,10.3390/cells12182264,HL000338-24
135324,"Grzegorz  Piszczek, PhD",37018390.0,10.1126/sciadv.adg6473,HL000338-24
135368,"Christian Arthur Combs, PhD",38380929.0,10.1128/mbio.03185-23,HL006019-16
135368,"Christian Arthur Combs, PhD",37986950.0,10.1101/2023.10.15.562439,HL006019-16
135368,"Christian Arthur Combs, PhD",38429930.0,10.1113/JP285014,HL006019-16
135368,"Christian Arthur Combs, PhD",38639409.0,10.1242/bio.060147,HL006019-16
135368,"Christian Arthur Combs, PhD",38854449.0,10.1016/j.jmccpl.2024.100074,HL006019-16
135368,"Christian Arthur Combs, PhD",38564214.0,10.1113/JP286246,HL006019-16
135368,"Christian Arthur Combs, PhD",39107416.0,10.1038/s41598-024-68918-2,HL006019-16
135368,"Christian Arthur Combs, PhD",38489272.0,10.1016/j.devcel.2023.08.007,HL006019-16
135368,"Christian Arthur Combs, PhD",38489272.0,10.1016/j.xpro.2024.102959,HL006019-16
135407,"Adrian Riu Ferré-D'Amaré, PhD",38992441.0,10.1016/j.jbc.2024.107547,HL006150-13
135437,"Andre  Larochelle, MS, MD, PhD",38506770.0,10.1016/j.jcyt.2024.02.011,HL006217-09
135437,"Andre  Larochelle, MS, MD, PhD",37220178.0,10.1093/stmcls/sxad040,HL006217-09
135393,"Neal S Young, MD",39077052.0,10.1093/ofid/ofae405,HL006089-15
135393,"Neal S Young, MD",37477595.0,10.1182/bloodadvances.2023010456,HL006089-15
135393,"Neal S Young, MD",38049983.0,10.1136/ard-2023-224933,HL006089-15
135393,"Neal S Young, MD",38306657.0,10.1182/blood.2023022329,HL006089-15
135393,"Neal S Young, MD",38961223.0,10.1038/s41591-024-03092-6,HL006089-15
135393,"Neal S Young, MD",38865133.0,10.1001/jamadermatol.2024.1657,HL006089-15
135393,"Neal S Young, MD",37586319.0,10.1016/j.xcrm.2023.101160,HL006089-15
135416,"J Robert  Hogg, PhD",37144502.0,10.1093/nar/gkad351,HL006169-12
135350,"Michael N Sack, MD, PhD",38639088.0,10.1161/CIRCRESAHA.123.323596,HL005199-18
135350,"Michael N Sack, MD, PhD",37128607.0,10.1016/j.isci.2023.106578,HL005199-18
135350,"Michael N Sack, MD, PhD",37610299.0,10.4049/immunohorizons.2300038,HL005199-18
135350,"Michael N Sack, MD, PhD",37305705.0,10.1016/j.isci.2023.106942,HL005199-18
135345,"Adrian U Wiestner, MD, PhD",37227160.0,10.1158/1078-0432.CCR-22-3217,HL002346-20
135345,"Adrian U Wiestner, MD, PhD",38684038.0,10.1182/blood.2023021990,HL002346-20
135345,"Adrian U Wiestner, MD, PhD",37314786.0,10.1158/1078-0432.CCR-22-3887,HL002346-20
135466,"Sean Tabi Agbor-Enoh, PhD, MD",38165046.0,10.1172/JCI178008,HL006268-04
135466,"Sean Tabi Agbor-Enoh, PhD, MD",38117233.0,10.1164/rccm.202306-1064OC,HL006268-04
135466,"Sean Tabi Agbor-Enoh, PhD, MD",37730434.0,10.26508/lsa.202302003,HL006268-04
135466,"Sean Tabi Agbor-Enoh, PhD, MD",38299308.0,10.1093/infdis/jiae032,HL006268-04
135466,"Sean Tabi Agbor-Enoh, PhD, MD",38375637.0,10.1161/CIRCHEARTFAILURE.123.011160,HL006268-04
135479,"Eliseo J Pérez-Stable, MD",37145128.0,10.1158/0008-5472.CAN-22-2510,HL006287-02
135479,"Eliseo J Pérez-Stable, MD",37074947.0,10.1093/jnci/djad069,HL006287-02
135479,"Eliseo J Pérez-Stable, MD",37164291.0,10.1016/j.annepidem.2023.05.005,HL006287-02
135479,"Eliseo J Pérez-Stable, MD",37581100.0,10.1007/s10389-021-01648-1,HL006287-02
135479,"Eliseo J Pérez-Stable, MD",39348098.0,10.3389/fpubh.2024.1381146,HL006287-02
135479,"Eliseo J Pérez-Stable, MD",39348098.0,10.1158/1055-9965.EPI-24-0744,HL006287-02
135479,"Eliseo J Pérez-Stable, MD",37007686.0,10.1089/heq.2022.0211,HL006287-02
135479,"Eliseo J Pérez-Stable, MD",38099902.0,10.1016/j.jadohealth.2023.09.021,HL006287-02
135426,"Kevin P Fennelly, MD, MPH",38680611.0,10.1093/ofid/ofae183,HL006200-10
135343,"Michael N Sack, MD, PhD",38207130.0,10.1093/jleuko/qiae006,HL005102-20
135343,"Michael N Sack, MD, PhD",38831164.0,10.1038/s41577-024-01049-x,HL005102-20
135343,"Michael N Sack, MD, PhD",37128607.0,10.1016/j.isci.2023.106578,HL005102-20
135343,"Michael N Sack, MD, PhD",38265935.0,10.1016/j.celrep.2024.113700,HL005102-20
135343,"Michael N Sack, MD, PhD",37610299.0,10.4049/immunohorizons.2300038,HL005102-20
135343,"Michael N Sack, MD, PhD",38474420.0,10.3390/cells13050455,HL005102-20
135382,"Cynthia E Dunbar, MD",36620072.0,10.1016/j.omtm.2022.12.001,HL006063-15
135382,"Cynthia E Dunbar, MD",36699615.0,10.1016/j.omto.2022.12.006,HL006063-15
135382,"Cynthia E Dunbar, MD",38895335.0,10.1101/2024.06.06.597775,HL006063-15
135382,"Cynthia E Dunbar, MD",38048388.0,10.1101/2022.12.19.521067,HL006063-15
135382,"Cynthia E Dunbar, MD",38048388.0,10.1182/bloodadvances.2023011499,HL006063-15
135382,"Cynthia E Dunbar, MD",37828021.0,10.1038/s41467-023-41153-5,HL006063-15
135382,"Cynthia E Dunbar, MD",36605190.0,10.3389/fimmu.2022.994498,HL006063-15
135382,"Cynthia E Dunbar, MD",38903108.0,10.1101/2024.05.24.595782,HL006063-15
135391,"Manfred  Boehm, MD",39068648.0,10.1016/j.xpro.2024.103217,HL006079-15
135391,"Manfred  Boehm, MD",39110999.0,10.1016/j.scr.2024.103504,HL006079-15
135391,"Manfred  Boehm, MD",38843830.0,10.1016/j.stem.2024.05.005,HL006079-15
135391,"Manfred  Boehm, MD",39106600.0,10.1016/j.scr.2024.103517,HL006079-15
135438,"Brian Patrick Glancy, PhD",38429930.0,10.1113/JP285014,HL006221-08
135438,"Brian Patrick Glancy, PhD",38564214.0,10.1113/JP286246,HL006221-08
135438,"Brian Patrick Glancy, PhD",38018177.0,10.1113/JP284894,HL006221-08
135361,"Warren J Leonard, MD",39117617.0,10.1038/s41392-024-01915-z,HL005408-17
135366,"Griffin Platt Rodgers, MD",37357228.0,10.1038/s41598-023-37320-9,HL006003-17
135334,"Neal S Young, MD",37468118.0,10.1016/j.exphem.2023.07.004,HL002315-42
135334,"Neal S Young, MD",38152039.0,10.3324/haematol.2023.284358,HL002315-42
135334,"Neal S Young, MD",37834110.0,10.3390/ijms241914661,HL002315-42
135334,"Neal S Young, MD",37259612.0,10.3324/haematol.2023.282781,HL002315-42
135334,"Neal S Young, MD",39021060.0,10.1111/bjh.19648,HL002315-42
135334,"Neal S Young, MD",38058170.0,10.3324/haematol.2023.283826,HL002315-42
135334,"Neal S Young, MD",38756352.0,10.1002/hem3.64,HL002315-42
135348,"Rolf Eric Swenson, PhD",36912773.0,10.1158/1535-7163.MCT-22-0815,HL005090-19
135348,"Rolf Eric Swenson, PhD",38675440.0,10.3390/ph17040480,HL005090-19
135348,"Rolf Eric Swenson, PhD",38930845.0,10.3390/molecules29122781,HL005090-19
135348,"Rolf Eric Swenson, PhD",38154120.0,10.1021/jacs.3c11499,HL005090-19
135348,"Rolf Eric Swenson, PhD",38829568.0,10.1002/anie.202407349,HL005090-19
135348,"Rolf Eric Swenson, PhD",36997331.0,10.2967/jnumed.122.265171,HL005090-19
135348,"Rolf Eric Swenson, PhD",38019654.0,10.1016/j.celrep.2023.113503,HL005090-19
135348,"Rolf Eric Swenson, PhD",38024238.0,10.1093/noajnl/vdad143,HL005090-19
135348,"Rolf Eric Swenson, PhD",38937448.0,10.1038/s41467-024-48691-6,HL005090-19
135348,"Rolf Eric Swenson, PhD",36396453.0,10.2967/jnumed.122.264707,HL005090-19
135348,"Rolf Eric Swenson, PhD",37906952.0,10.1021/jacs.3c07225,HL005090-19
135348,"Rolf Eric Swenson, PhD",36961903.0,10.1126/sciadv.ade4648,HL005090-19
135348,"Rolf Eric Swenson, PhD",38560747.0,10.1002/ejic.202300439,HL005090-19
135348,"Rolf Eric Swenson, PhD",37507014.0,10.1016/j.jbc.2023.105099,HL005090-19
135348,"Rolf Eric Swenson, PhD",38509117.0,10.1038/s41467-024-46644-7,HL005090-19
135348,"Rolf Eric Swenson, PhD",38143802.0,10.3389/fmolb.2023.1286690,HL005090-19
135348,"Rolf Eric Swenson, PhD",38447164.0,10.1002/advs.202308312,HL005090-19
135348,"Rolf Eric Swenson, PhD",38151017.0,10.1016/j.molcel.2023.11.035,HL005090-19
135348,"Rolf Eric Swenson, PhD",37774000.0,10.1021/jacs.3c04359,HL005090-19
135348,"Rolf Eric Swenson, PhD",38016478.0,10.1016/j.chembiol.2023.10.023,HL005090-19
135348,"Rolf Eric Swenson, PhD",38047069.0,10.1016/j.isci.2023.108411,HL005090-19
135348,"Rolf Eric Swenson, PhD",37175182.0,10.3390/molecules28093773,HL005090-19
135336,"Joel  Moss, MD, PhD",39061666.0,10.3390/diagnostics14141529,HL002541-29
135336,"Joel  Moss, MD, PhD",39025205.0,10.1016/j.chest.2024.06.3803,HL002541-29
135336,"Joel  Moss, MD, PhD",38614127.0,10.1530/ERC-23-0312,HL002541-29
135336,"Joel  Moss, MD, PhD",38388717.0,10.1007/s00330-024-10649-z,HL002541-29
135336,"Joel  Moss, MD, PhD",37739031.0,10.1016/j.chest.2023.09.014,HL002541-29
135355,"Clare M Waterman, PhD",37603754.0,10.1073/pnas.2303814120,HL005104-17
135341,"Keji  Zhao, PhD",37449212.0,10.3389/fimmu.2023.1186580,HL005801-22
135341,"Keji  Zhao, PhD",37126497.0,10.1371/journal.pbio.3002098,HL005801-22
135341,"Keji  Zhao, PhD",38280375.0,10.1016/j.cell.2024.01.001,HL005801-22
135341,"Keji  Zhao, PhD",38614090.0,10.1016/j.immuni.2024.03.018,HL005801-22
135341,"Keji  Zhao, PhD",37709987.0,10.1038/s41590-023-01623-w,HL005801-22
135341,"Keji  Zhao, PhD",38866970.0,10.1038/s41556-024-01424-9,HL005801-22
135341,"Keji  Zhao, PhD",38811575.0,10.1038/s41467-024-48911-z,HL005801-22
135341,"Keji  Zhao, PhD",39007366.0,10.1242/dev.202729,HL005801-22
135351,"Keir Cajal Neuman, BA, PhD",38412299.0,10.1093/nar/gkae136,HL001056-18
135351,"Keir Cajal Neuman, BA, PhD",37728600.0,10.7554/eLife.86709,HL001056-18
135351,"Keir Cajal Neuman, BA, PhD",39106172.0,10.1093/nar/gkae638,HL001056-18
135351,"Keir Cajal Neuman, BA, PhD",38606465.0,10.1021/acsinfecdis.3c00346,HL001056-18
135351,"Keir Cajal Neuman, BA, PhD",38832814.0,10.1039/d3sm01702h,HL001056-18
135404,"Han  Wen, PhD",38131150.0,10.1177/1358863X231214711,HL006141-14
135404,"Han  Wen, PhD",39061666.0,10.3390/diagnostics14141529,HL006141-14
135404,"Han  Wen, PhD",38767436.0,10.1097/RLI.0000000000001087,HL006141-14
135461,"Yogendra  Kanthi, MD",37606044.0,10.1172/jci.insight.166110,HL006263-04
135461,"Yogendra  Kanthi, MD",37253117.0,10.1093/cvr/cvad084,HL006263-04
135461,"Yogendra  Kanthi, MD",39084187.0,10.1016/j.cellimm.2024.104860,HL006263-04
135461,"Yogendra  Kanthi, MD",36598976.0,10.1126/sciadv.ade8272,HL006263-04
135436,"Peter  Kellman, MS, BS, PhD",37488949.0,10.1002/art.42664,HL006214-09
135436,"Peter  Kellman, MS, BS, PhD",35767224.0,10.1002/jmri.28328,HL006214-09
135436,"Peter  Kellman, MS, BS, PhD",39073621.0,10.1093/ehjci/jeae174,HL006214-09
135436,"Peter  Kellman, MS, BS, PhD",38715187.0,10.1002/ehf2.14830,HL006214-09
135436,"Peter  Kellman, MS, BS, PhD",39084829.0,10.1016/j.jacc.2024.04.064,HL006214-09
135436,"Peter  Kellman, MS, BS, PhD",37586847.0,10.1136/openhrt-2023-002441,HL006214-09
135436,"Peter  Kellman, MS, BS, PhD",38083374.0,10.1109/EMBC40787.2023.10340709,HL006214-09
135436,"Peter  Kellman, MS, BS, PhD",38316344.0,10.1016/j.jocmr.2024.101007,HL006214-09
135436,"Peter  Kellman, MS, BS, PhD",38943084.0,10.1186/s12872-024-04003-w,HL006214-09
135436,"Peter  Kellman, MS, BS, PhD",37669972.0,10.1038/s41598-023-40252-z,HL006214-09
135436,"Peter  Kellman, MS, BS, PhD",38214677.0,10.4244/EIJ-D-23-00567,HL006214-09
135436,"Peter  Kellman, MS, BS, PhD",37009059.0,10.1117/1.JMI.10.2.024007,HL006214-09
135436,"Peter  Kellman, MS, BS, PhD",36721410.0,10.1148/ryai.220050,HL006214-09
135436,"Peter  Kellman, MS, BS, PhD",36943913.0,10.1161/CIRCIMAGING.122.014907,HL006214-09
135436,"Peter  Kellman, MS, BS, PhD",37178079.0,10.1016/j.jcmg.2023.02.019,HL006214-09
135436,"Peter  Kellman, MS, BS, PhD",37466990.0,10.1001/jamacardio.2023.2010,HL006214-09
135436,"Peter  Kellman, MS, BS, PhD",37746744.0,10.1161/CIRCULATIONAHA.122.063444,HL006214-09
135436,"Peter  Kellman, MS, BS, PhD",38666037.0,10.1038/s44161-023-00312-z,HL006214-09
135436,"Peter  Kellman, MS, BS, PhD",37463608.0,10.1161/CIRCULATIONAHA.123.063835,HL006214-09
135436,"Peter  Kellman, MS, BS, PhD",38385929.0,10.1016/j.jacc.2024.01.006,HL006214-09
135436,"Peter  Kellman, MS, BS, PhD",38759116.0,10.1093/rheumatology/keae141,HL006214-09
135436,"Peter  Kellman, MS, BS, PhD",39105115.0,10.1016/j.jacadv.2024.101084,HL006214-09
135436,"Peter  Kellman, MS, BS, PhD",36607469.0,10.1007/s10554-022-02782-x,HL006214-09
135436,"Peter  Kellman, MS, BS, PhD",36932097.0,10.1038/s41598-023-31211-9,HL006214-09
135436,"Peter  Kellman, MS, BS, PhD",36914719.0,10.1038/s41598-023-30989-y,HL006214-09
135436,"Peter  Kellman, MS, BS, PhD",36586175.0,10.1016/j.cmpb.2022.107321,HL006214-09
135436,"Peter  Kellman, MS, BS, PhD",38041477.0,10.1002/mrm.29956,HL006214-09
135436,"Peter  Kellman, MS, BS, PhD",39096970.0,10.1016/j.jocmr.2024.101073,HL006214-09
135436,"Peter  Kellman, MS, BS, PhD",39055737.0,10.1177/20420188241263488,HL006214-09
135436,"Peter  Kellman, MS, BS, PhD",36935515.0,10.1186/s12968-023-00926-z,HL006214-09
135436,"Peter  Kellman, MS, BS, PhD",38044439.0,10.1186/s12968-023-00980-7,HL006214-09
135388,"Rosa  Puertollano Moro, PhD",38168055.0,10.1038/s41467-023-44316-6,HL006075-15
135388,"Rosa  Puertollano Moro, PhD",38903737.0,,HL006075-15
135433,"Courtney  Fitzhugh, MD",36623245.0,10.1200/JCO.22.01203,HL006211-09
135433,"Courtney  Fitzhugh, MD",38347187.0,10.1038/s41409-024-02237-y,HL006211-09
135433,"Courtney  Fitzhugh, MD",37952647.0,10.1016/j.jtct.2023.11.007,HL006211-09
135433,"Courtney  Fitzhugh, MD",37282828.0,10.1002/ajh.26985,HL006211-09
135458,"Tiffany Michele Powell-Wiley, MPH, MD",38983382.0,10.1016/j.jaccao.2024.04.004,HL006252-05
135458,"Tiffany Michele Powell-Wiley, MPH, MD",38207130.0,10.1093/jleuko/qiae006,HL006252-05
135458,"Tiffany Michele Powell-Wiley, MPH, MD",38150567.0,10.1097/PSY.0000000000001272,HL006252-05
135458,"Tiffany Michele Powell-Wiley, MPH, MD",38151903.0,10.1002/cam4.6828,HL006252-05
135411,"Haiming  Cao, PhD",38049085.0,10.1016/j.jhep.2023.11.020,HL006159-13
135411,"Haiming  Cao, PhD",38921831.0,10.3390/ncrna10030034,HL006159-13
135322,"James Robert Sellers, PhD",37396880.0,10.1038/s41567-022-01688-8,HL004232-24
135325,"Joel  Moss, MD, PhD",38539573.0,10.3390/cancers16061242,HL000659-32
135389,"Manfred  Boehm, MD",36599719.0,10.1016/j.ebiom.2022.104404,HL006077-15
135389,"Manfred  Boehm, MD",36932076.0,10.1038/s41467-023-36941-y,HL006077-15
135389,"Manfred  Boehm, MD",39068648.0,10.1016/j.xpro.2024.103217,HL006077-15
135389,"Manfred  Boehm, MD",39110999.0,10.1016/j.scr.2024.103504,HL006077-15
135389,"Manfred  Boehm, MD",39072033.0,10.1101/2024.07.05.24309996,HL006077-15
135389,"Manfred  Boehm, MD",38015629.0,10.1172/JCI166134,HL006077-15
135389,"Manfred  Boehm, MD",39106600.0,10.1016/j.scr.2024.103517,HL006077-15
135475,"Veronique Lee Roger, MD, MPH",37481019.0,10.1016/j.amjmed.2023.07.007,HL006280-03
135359,"Chengyu  Liu, PhD",38614090.0,10.1016/j.immuni.2024.03.018,HL005907-17
135359,"Chengyu  Liu, PhD",38432633.0,10.1016/j.jbc.2024.107127,HL005907-17
135359,"Chengyu  Liu, PhD",38854449.0,10.1016/j.jmccpl.2024.100074,HL005907-17
135359,"Chengyu  Liu, PhD",37610273.0,10.1002/cpz1.866,HL005907-17
135359,"Chengyu  Liu, PhD",38811575.0,10.1038/s41467-024-48911-z,HL005907-17
135359,"Chengyu  Liu, PhD",38703666.0,10.1016/j.scr.2024.103429,HL005907-17
135359,"Chengyu  Liu, PhD",37040761.0,10.1016/j.immuni.2023.03.006,HL005907-17
135359,"Chengyu  Liu, PhD",38809710.0,10.1073/pnas.2403796121,HL005907-17
135359,"Chengyu  Liu, PhD",37922339.0,10.1126/sciimmunol.adi8217,HL005907-17
135359,"Chengyu  Liu, PhD",37591874.0,10.1038/s41467-023-40712-0,HL005907-17
135359,"Chengyu  Liu, PhD",38903096.0,10.1101/2024.05.16.594397,HL005907-17
135359,"Chengyu  Liu, PhD",38903072.0,10.1101/2024.05.06.592736,HL005907-17
135359,"Chengyu  Liu, PhD",38018177.0,10.1113/JP284894,HL005907-17
135359,"Chengyu  Liu, PhD",37579159.0,10.1073/pnas.2302738120,HL005907-17
135359,"Chengyu  Liu, PhD",37890331.0,10.1016/j.scr.2023.103231,HL005907-17
135359,"Chengyu  Liu, PhD",37377887.0,10.1158/2767-9764.CRC-22-0265,HL005907-17
135441,"Tiffany Michele Powell-Wiley, MPH, MD",38488779.0,10.1001/jamahealthforum.2024.0088,HL006225-08
135441,"Tiffany Michele Powell-Wiley, MPH, MD",38809898.0,10.1371/journal.pone.0302203,HL006225-08
135381,"Cynthia E Dunbar, MD",38658440.0,10.1007/s00018-024-05239-7,HL006062-15
135381,"Cynthia E Dunbar, MD",38843830.0,10.1016/j.stem.2024.05.005,HL006062-15
135425,"Robert D Shamburek, MD",37488949.0,10.1002/art.42664,HL006199-10
135425,"Robert D Shamburek, MD",38131150.0,10.1177/1358863X231214711,HL006199-10
135425,"Robert D Shamburek, MD",37286372.0,10.1093/rheumatology/kead256,HL006199-10
135425,"Robert D Shamburek, MD",37982276.0,10.1161/JAHA.123.031227,HL006199-10
135425,"Robert D Shamburek, MD",38903100.0,10.1101/2024.02.05.578971,HL006199-10
135425,"Robert D Shamburek, MD",38774805.0,10.1016/j.jaccas.2024.102262,HL006199-10
135425,"Robert D Shamburek, MD",37908554.0,10.1148/ryct.220288,HL006199-10
135425,"Robert D Shamburek, MD",38981485.0,10.1016/j.xcrm.2024.101642,HL006199-10
135425,"Robert D Shamburek, MD",39105115.0,10.1016/j.jacadv.2024.101084,HL006199-10
135425,"Robert D Shamburek, MD",38843830.0,10.1016/j.stem.2024.05.005,HL006199-10
135425,"Robert D Shamburek, MD",37689744.0,10.1038/s41598-023-41969-7,HL006199-10
135425,"Robert D Shamburek, MD",37867905.0,10.1016/j.heliyon.2023.e20732,HL006199-10
135425,"Robert D Shamburek, MD",38321508.0,10.1186/s13023-023-03013-9,HL006199-10
135425,"Robert D Shamburek, MD",37471145.0,10.1172/JCI165370,HL006199-10
135425,"Robert D Shamburek, MD",37698922.0,10.1172/jci.insight.172893,HL006199-10
135425,"Robert D Shamburek, MD",37106374.0,10.1186/s12944-023-01819-x,HL006199-10
135425,"Douglas R Rosing, MD",37488949.0,10.1002/art.42664,HL006199-10
135425,"Douglas R Rosing, MD",38131150.0,10.1177/1358863X231214711,HL006199-10
135425,"Douglas R Rosing, MD",37286372.0,10.1093/rheumatology/kead256,HL006199-10
135425,"Douglas R Rosing, MD",37982276.0,10.1161/JAHA.123.031227,HL006199-10
135425,"Douglas R Rosing, MD",38903100.0,10.1101/2024.02.05.578971,HL006199-10
135425,"Douglas R Rosing, MD",38774805.0,10.1016/j.jaccas.2024.102262,HL006199-10
135425,"Douglas R Rosing, MD",37908554.0,10.1148/ryct.220288,HL006199-10
135425,"Douglas R Rosing, MD",38981485.0,10.1016/j.xcrm.2024.101642,HL006199-10
135425,"Douglas R Rosing, MD",39105115.0,10.1016/j.jacadv.2024.101084,HL006199-10
135425,"Douglas R Rosing, MD",38843830.0,10.1016/j.stem.2024.05.005,HL006199-10
135425,"Douglas R Rosing, MD",37689744.0,10.1038/s41598-023-41969-7,HL006199-10
135425,"Douglas R Rosing, MD",37867905.0,10.1016/j.heliyon.2023.e20732,HL006199-10
135425,"Douglas R Rosing, MD",38321508.0,10.1186/s13023-023-03013-9,HL006199-10
135425,"Douglas R Rosing, MD",37471145.0,10.1172/JCI165370,HL006199-10
135425,"Douglas R Rosing, MD",37698922.0,10.1172/jci.insight.172893,HL006199-10
135425,"Douglas R Rosing, MD",37106374.0,10.1186/s12944-023-01819-x,HL006199-10
135425,"Marcus Y Chen, MD",37488949.0,10.1002/art.42664,HL006199-10
135425,"Marcus Y Chen, MD",38131150.0,10.1177/1358863X231214711,HL006199-10
135425,"Marcus Y Chen, MD",37286372.0,10.1093/rheumatology/kead256,HL006199-10
135425,"Marcus Y Chen, MD",37982276.0,10.1161/JAHA.123.031227,HL006199-10
135425,"Marcus Y Chen, MD",38903100.0,10.1101/2024.02.05.578971,HL006199-10
135425,"Marcus Y Chen, MD",38774805.0,10.1016/j.jaccas.2024.102262,HL006199-10
135425,"Marcus Y Chen, MD",37908554.0,10.1148/ryct.220288,HL006199-10
135425,"Marcus Y Chen, MD",38981485.0,10.1016/j.xcrm.2024.101642,HL006199-10
135425,"Marcus Y Chen, MD",39105115.0,10.1016/j.jacadv.2024.101084,HL006199-10
135425,"Marcus Y Chen, MD",38843830.0,10.1016/j.stem.2024.05.005,HL006199-10
135425,"Marcus Y Chen, MD",37689744.0,10.1038/s41598-023-41969-7,HL006199-10
135425,"Marcus Y Chen, MD",37867905.0,10.1016/j.heliyon.2023.e20732,HL006199-10
135425,"Marcus Y Chen, MD",38321508.0,10.1186/s13023-023-03013-9,HL006199-10
135425,"Marcus Y Chen, MD",37471145.0,10.1172/JCI165370,HL006199-10
135425,"Marcus Y Chen, MD",37698922.0,10.1172/jci.insight.172893,HL006199-10
135425,"Marcus Y Chen, MD",37106374.0,10.1186/s12944-023-01819-x,HL006199-10
135425,"Vandana Y Sachdev, MD",37488949.0,10.1002/art.42664,HL006199-10
135425,"Vandana Y Sachdev, MD",38131150.0,10.1177/1358863X231214711,HL006199-10
135425,"Vandana Y Sachdev, MD",37286372.0,10.1093/rheumatology/kead256,HL006199-10
135425,"Vandana Y Sachdev, MD",37982276.0,10.1161/JAHA.123.031227,HL006199-10
135425,"Vandana Y Sachdev, MD",38903100.0,10.1101/2024.02.05.578971,HL006199-10
135425,"Vandana Y Sachdev, MD",38774805.0,10.1016/j.jaccas.2024.102262,HL006199-10
135425,"Vandana Y Sachdev, MD",37908554.0,10.1148/ryct.220288,HL006199-10
135425,"Vandana Y Sachdev, MD",38981485.0,10.1016/j.xcrm.2024.101642,HL006199-10
135425,"Vandana Y Sachdev, MD",39105115.0,10.1016/j.jacadv.2024.101084,HL006199-10
135425,"Vandana Y Sachdev, MD",38843830.0,10.1016/j.stem.2024.05.005,HL006199-10
135425,"Vandana Y Sachdev, MD",37689744.0,10.1038/s41598-023-41969-7,HL006199-10
135425,"Vandana Y Sachdev, MD",37867905.0,10.1016/j.heliyon.2023.e20732,HL006199-10
135425,"Vandana Y Sachdev, MD",38321508.0,10.1186/s13023-023-03013-9,HL006199-10
135425,"Vandana Y Sachdev, MD",37471145.0,10.1172/JCI165370,HL006199-10
135425,"Vandana Y Sachdev, MD",37698922.0,10.1172/jci.insight.172893,HL006199-10
135425,"Vandana Y Sachdev, MD",37106374.0,10.1186/s12944-023-01819-x,HL006199-10
135425,"Patricia  Bandettini, MD",37488949.0,10.1002/art.42664,HL006199-10
135425,"Patricia  Bandettini, MD",38131150.0,10.1177/1358863X231214711,HL006199-10
135425,"Patricia  Bandettini, MD",37286372.0,10.1093/rheumatology/kead256,HL006199-10
135425,"Patricia  Bandettini, MD",37982276.0,10.1161/JAHA.123.031227,HL006199-10
135425,"Patricia  Bandettini, MD",38903100.0,10.1101/2024.02.05.578971,HL006199-10
135425,"Patricia  Bandettini, MD",38774805.0,10.1016/j.jaccas.2024.102262,HL006199-10
135425,"Patricia  Bandettini, MD",37908554.0,10.1148/ryct.220288,HL006199-10
135425,"Patricia  Bandettini, MD",38981485.0,10.1016/j.xcrm.2024.101642,HL006199-10
135425,"Patricia  Bandettini, MD",39105115.0,10.1016/j.jacadv.2024.101084,HL006199-10
135425,"Patricia  Bandettini, MD",38843830.0,10.1016/j.stem.2024.05.005,HL006199-10
135425,"Patricia  Bandettini, MD",37689744.0,10.1038/s41598-023-41969-7,HL006199-10
135425,"Patricia  Bandettini, MD",37867905.0,10.1016/j.heliyon.2023.e20732,HL006199-10
135425,"Patricia  Bandettini, MD",38321508.0,10.1186/s13023-023-03013-9,HL006199-10
135425,"Patricia  Bandettini, MD",37471145.0,10.1172/JCI165370,HL006199-10
135425,"Patricia  Bandettini, MD",37698922.0,10.1172/jci.insight.172893,HL006199-10
135425,"Patricia  Bandettini, MD",37106374.0,10.1186/s12944-023-01819-x,HL006199-10
135425,"Michael N Sack, MD, PhD",37488949.0,10.1002/art.42664,HL006199-10
135425,"Michael N Sack, MD, PhD",38131150.0,10.1177/1358863X231214711,HL006199-10
135425,"Michael N Sack, MD, PhD",37286372.0,10.1093/rheumatology/kead256,HL006199-10
135425,"Michael N Sack, MD, PhD",37982276.0,10.1161/JAHA.123.031227,HL006199-10
135425,"Michael N Sack, MD, PhD",38903100.0,10.1101/2024.02.05.578971,HL006199-10
135425,"Michael N Sack, MD, PhD",38774805.0,10.1016/j.jaccas.2024.102262,HL006199-10
135425,"Michael N Sack, MD, PhD",37908554.0,10.1148/ryct.220288,HL006199-10
135425,"Michael N Sack, MD, PhD",38981485.0,10.1016/j.xcrm.2024.101642,HL006199-10
135425,"Michael N Sack, MD, PhD",39105115.0,10.1016/j.jacadv.2024.101084,HL006199-10
135425,"Michael N Sack, MD, PhD",38843830.0,10.1016/j.stem.2024.05.005,HL006199-10
135425,"Michael N Sack, MD, PhD",37689744.0,10.1038/s41598-023-41969-7,HL006199-10
135425,"Michael N Sack, MD, PhD",37867905.0,10.1016/j.heliyon.2023.e20732,HL006199-10
135425,"Michael N Sack, MD, PhD",38321508.0,10.1186/s13023-023-03013-9,HL006199-10
135425,"Michael N Sack, MD, PhD",37471145.0,10.1172/JCI165370,HL006199-10
135425,"Michael N Sack, MD, PhD",37698922.0,10.1172/jci.insight.172893,HL006199-10
135425,"Michael N Sack, MD, PhD",37106374.0,10.1186/s12944-023-01819-x,HL006199-10
135464,"Swee-Lay  Thein, DSc",38450513.0,10.3324/haematol.2023.284831,HL006266-04
135314,"Arun Saldanha John Shet, MD",38157227.0,10.1182/bloodadvances.2023011542,HL006256-04
135440,"Claudia Marlis Hilde Kemper, PhD",37572656.0,10.1016/j.immuni.2023.07.014,HL006223-08
135339,"Warren J Leonard, MD",38309265.0,10.1016/j.devcel.2024.01.008,HL005402-33
135339,"Warren J Leonard, MD",37898735.0,10.1186/s12864-023-09693-8,HL005402-33
135339,"Warren J Leonard, MD",39191751.0,10.1038/s41467-024-50925-6,HL005402-33
135339,"Warren J Leonard, MD",37922339.0,10.1126/sciimmunol.adi8217,HL005402-33
135339,"Warren J Leonard, MD",37767768.0,10.1158/2643-3230.BCD-23-0062,HL005402-33
135420,"Adrian Riu Ferré-D'Amaré, PhD",38945550.0,10.1093/nar/gkae493,HL006188-11
135327,"Nico  Tjandra, PhD",38447164.0,10.1002/advs.202308312,HL001048-27
135327,"Nico  Tjandra, PhD",37221204.0,10.1038/s41467-023-38683-3,HL001048-27
135327,"Nico  Tjandra, PhD",38156948.0,10.1021/acs.biochem.3c00475,HL001048-27
135323,"Rodney L Levine, MD, PhD",38631502.0,10.1016/j.abb.2024.109988,HL000225-47
135323,"Rodney L Levine, MD, PhD",37507014.0,10.1016/j.jbc.2023.105099,HL000225-47
135449,"Jiansen  Jiang, PhD",37845412.0,10.1038/s41594-023-01123-3,HL006238-07
135449,"Jiansen  Jiang, PhD",37758949.0,10.1038/s41586-023-06582-8,HL006238-07
135480,"Jason M Elinoff, MD",39159362.0,10.1152/ajplung.00077.2024,HL006288-02
135480,"Jason M Elinoff, MD",38791441.0,10.3390/ijms25105403,HL006288-02
135480,"Jason M Elinoff, MD",37039367.0,10.1152/ajplung.00171.2022,HL006288-02
135373,"Robert J Lederman, BS, MD",36777171.0,10.1016/j.jacbts.2022.07.002,HL006040-15
135373,"Robert J Lederman, BS, MD",38533653.0,10.1161/CIRCINTERVENTIONS.123.013898,HL006040-15
135373,"Robert J Lederman, BS, MD",37086238.0,10.1016/j.jtcvs.2023.03.006,HL006040-15
135373,"Robert J Lederman, BS, MD",39091280.0,10.1117/1.oe.63.3.031008,HL006040-15
135478,"Jason Yat-Yang Wong, ScD",37119119.0,10.1093/carcin/bgad027,HL006285-02
135478,"Jason Yat-Yang Wong, ScD",37351876.0,10.1158/1055-9965.EPI-22-0801,HL006285-02
135478,"Jason Yat-Yang Wong, ScD",38528787.0,10.1002/ejhf.3189,HL006285-02
135478,"Jason Yat-Yang Wong, ScD",38651675.0,10.1002/ijc.34929,HL006285-02
135478,"Jason Yat-Yang Wong, ScD",36972977.0,10.3389/fpubh.2024.1381146,HL006285-02
135478,"Jason Yat-Yang Wong, ScD",36972977.0,10.1136/oemed-2022-108719,HL006285-02
135478,"Jason Yat-Yang Wong, ScD",38676403.0,10.1093/hmg/ddae063,HL006285-02
135478,"Jason Yat-Yang Wong, ScD",38465801.0,10.1002/em.22588,HL006285-02
135478,"Jason Yat-Yang Wong, ScD",37721487.0,10.1158/1055-9965.EPI-23-0881,HL006285-02
135460,"Yogendra  Kanthi, MD",38306657.0,10.1182/blood.2023022329,HL006262-04
135335,"Cynthia E Dunbar, MD",38508195.0,10.1016/j.stem.2024.02.010,HL002339-33
135335,"Cynthia E Dunbar, MD",37483285.0,10.3389/fvets.2023.1182197,HL002339-33
135335,"Cynthia E Dunbar, MD",37828021.0,10.1038/s41467-023-41153-5,HL002339-33
135394,"Alan T Remaley, MD, PhD",37547254.0,10.3389/fcvm.2023.1223920,HL006095-15
135394,"Alan T Remaley, MD, PhD",37938626.0,10.1038/s41598-023-46754-0,HL006095-15
135454,"Alan T Remaley, MD, PhD",38333717.0,10.1016/j.isci.2024.108979,HL006243-06
135454,"Alan T Remaley, MD, PhD",38047069.0,10.1016/j.isci.2023.108411,HL006243-06
135379,"Elizabeth  Murphy, PhD, BA",37224696.0,10.1016/j.redox.2023.102755,HL006059-15
135365,"John F Tisdale, MD",37159663.0,10.1016/j.crmeth.2023.100460,HL006009-17
135312,"James Robert Sellers, PhD",38507449.0,10.1073/pnas.2401625121,HL004229-20
135346,"Richard  Pastor, PhD",36739477.0,10.1016/j.bpj.2023.01.038,HL000340-19
135346,"Richard  Pastor, PhD",37417947.0,10.1021/acs.jctc.3c00398,HL000340-19
135346,"Richard  Pastor, PhD",37991280.0,10.1002/jcc.27261,HL000340-19
135346,"Richard  Pastor, PhD",37547254.0,10.3389/fcvm.2023.1223920,HL000340-19
135346,"Richard  Pastor, PhD",37071552.0,10.1021/acs.jctc.3c00203,HL000340-19
135357,Valentina  Baena Echeverri,38944161.0,10.1016/j.matbio.2024.06.006,HL005906-17
135357,Valentina  Baena Echeverri,38285943.0,10.1073/pnas.2314309121,HL005906-17
135357,Valentina  Baena Echeverri,37723160.0,10.1038/s41467-023-41453-w,HL005906-17
135357,"Zulfeqhar Ali Syed, PhD",38944161.0,10.1016/j.matbio.2024.06.006,HL005906-17
135357,"Zulfeqhar Ali Syed, PhD",38285943.0,10.1073/pnas.2314309121,HL005906-17
135357,"Zulfeqhar Ali Syed, PhD",37723160.0,10.1038/s41467-023-41453-w,HL005906-17
135320,"So Gun  Hong, PhD",38843830.0,10.1016/j.stem.2024.05.005,HL002338-27
135320,"So Gun  Hong, PhD",38048388.0,10.1182/bloodadvances.2023011499,HL002338-27
135320,"So Gun  Hong, PhD",37828021.0,10.1038/s41467-023-41153-5,HL002338-27
135375,"Michael N Sack, MD, PhD",38639088.0,10.1161/CIRCRESAHA.123.323596,HL006047-15
135375,"Michael N Sack, MD, PhD",37610299.0,10.4049/immunohorizons.2300038,HL006047-15
135375,"Michael N Sack, MD, PhD",38474420.0,10.3390/cells13050455,HL006047-15
135375,"Michael N Sack, MD, PhD",37305705.0,10.1016/j.isci.2023.106942,HL006047-15
135431,"Beth A Kozel, MD, PhD",39073239.0,10.1002/ajmg.a.63827,HL006210-09
135431,"Beth A Kozel, MD, PhD",38904853.0,10.1152/ajpheart.00601.2023,HL006210-09
135374,"Robert J Lederman, BS, MD",36777171.0,10.1016/j.jacbts.2022.07.002,HL006041-15
135374,"Robert J Lederman, BS, MD",38533653.0,10.1161/CIRCINTERVENTIONS.123.013898,HL006041-15
135330,"Bernard R Brooks, PhD",38071482.0,10.1002/jcc.27278,HL001052-27
135417,"Andrew Danner Johnson, PhD",38813256.0,10.1016/j.rpth.2024.102406,HL006170-12
135417,"Andrew Danner Johnson, PhD",37609998.0,10.1080/09537104.2023.2238835,HL006170-12
135417,"Andrew Danner Johnson, PhD",37431613.0,10.1093/ije/dyad099,HL006170-12
135378,"Stewart Jay Levine, MD",38912868.0,10.4049/jimmunol.2300459,HL006055-15
135424,"Stewart Jay Levine, MD",38092139.0,10.1016/j.jaci.2023.11.917,HL006197-10
135392,"Keir Cajal Neuman, BA, PhD",37496270.0,10.1016/j.bpj.2023.07.018,HL006087-15
135371,"Keji  Zhao, PhD",37832188.0,10.1016/j.psj.2023.103036,HL006031-16
135371,"Keji  Zhao, PhD",38280375.0,10.1016/j.cell.2024.01.001,HL006031-16
135371,"Keji  Zhao, PhD",39007366.0,10.1242/dev.202729,HL006031-16
135371,"Keji  Zhao, PhD",37540600.0,10.1016/j.celrep.2023.112924,HL006031-16
135384,"Jay Robert Knutson, PhD",38429930.0,10.1113/JP285014,HL006065-15
135384,"Jay Robert Knutson, PhD",36796514.0,10.1016/j.jbc.2023.103018,HL006065-15
135384,"Jay Robert Knutson, PhD",38564214.0,10.1113/JP286246,HL006065-15
135384,"Jay Robert Knutson, PhD",37647895.0,10.1016/j.devcel.2023.08.007,HL006065-15
135347,"Yoh-suke  Mukouyama, PhD",38639409.0,10.1242/bio.060147,HL005702-19
135347,"Yoh-suke  Mukouyama, PhD",39107416.0,10.1038/s41598-024-68918-2,HL005702-19
135360,Pradeep Kumar Dagur,37111420.0,10.3390/pathogens12040534,HL005905-17
135360,Pradeep Kumar Dagur,37125895.0,,HL005905-17
135360,Pradeep Kumar Dagur,37125895.0,10.1165/rcmb.2022-0419LE,HL005905-17
135360,Pradeep Kumar Dagur,36628649.0,10.1002/oby.23632,HL005905-17
135474,"Veronique Lee Roger, MD, MPH",38273315.0,10.1186/s12916-024-03249-7,HL006279-03
135474,"Veronique Lee Roger, MD, MPH",38163367.0,10.7326/M23-2328,HL006279-03
135354,"Elizabeth  Murphy, PhD, BA",38854449.0,10.1016/j.jmccpl.2024.100074,HL002066-17
135354,"Elizabeth  Murphy, PhD, BA",37421627.0,10.1016/j.celrep.2023.112735,HL002066-17
135354,"Elizabeth  Murphy, PhD, BA",37084634.0,10.1016/j.yjmcc.2023.04.002,HL002066-17
135354,"Elizabeth  Murphy, PhD, BA",38747181.0,10.1161/CIRCRESAHA.123.324026,HL002066-17
135354,"Elizabeth  Murphy, PhD, BA",38018177.0,10.1113/JP284894,HL002066-17
135354,"Elizabeth  Murphy, PhD, BA",37224696.0,10.1016/j.redox.2023.102755,HL002066-17
135328,"Bernard R Brooks, PhD",38733082.0,10.1016/j.bpj.2024.05.007,HL001050-27
135487,"Eleanor M Simonsick, PhD",39060173.0,10.1093/aje/kwae221,AG007390-16
135487,"Eleanor M Simonsick, PhD",38847146.0,10.1161/JAHA.123.033320,AG007390-16
135487,"Eleanor M Simonsick, PhD",37357824.0,10.1093/gerona/glad139,AG007390-16
135487,"Eleanor M Simonsick, PhD",36652230.0,10.1093/gerona/glad020,AG007390-16
135487,"Eleanor M Simonsick, PhD",37350340.0,10.1002/lary.30842,AG007390-16
135487,"Lenore Joy Launer, PhD",39060173.0,10.1093/aje/kwae221,AG007390-16
135487,"Lenore Joy Launer, PhD",38847146.0,10.1161/JAHA.123.033320,AG007390-16
135487,"Lenore Joy Launer, PhD",37357824.0,10.1093/gerona/glad139,AG007390-16
135487,"Lenore Joy Launer, PhD",36652230.0,10.1093/gerona/glad020,AG007390-16
135487,"Lenore Joy Launer, PhD",37350340.0,10.1002/lary.30842,AG007390-16
135700,"Andrew B Singleton, PhD",37198259.0,10.1038/s41380-023-02089-w,AG000548-02
135678,"Andrew B Singleton, PhD",38387456.0,10.1016/j.neuron.2024.01.026,AG000546-03
135594,"Huaibin  Cai, PhD",38978598.0,10.21203/rs.3.rs-4468830/v1,AG000928-14
135525,"Rafael  De Cabo, BS, PhD",37823711.0,10.1111/acel.13963,AG000368-20
135525,"Rafael  De Cabo, BS, PhD",37437544.0,10.1016/j.cmet.2023.05.003,AG000368-20
135525,"Rafael  De Cabo, BS, PhD",37325957.0,10.1093/gerona/glad034,AG000368-20
135525,"Rafael  De Cabo, BS, PhD",35229700.0,10.1080/19390211.2022.2039340,AG000368-20
135525,"Rafael  De Cabo, BS, PhD",39001573.0,10.1111/acel.14273,AG000368-20
135636,"Nigel H Greig, PhD",38574841.0,10.1016/j.yrtph.2024.105614,AG000469-06
135636,"Nigel H Greig, PhD",37401784.0,10.1002/glia.24436,AG000469-06
135636,"Nigel H Greig, PhD",37408199.0,10.3390/cells12101367,AG000469-06
135636,"Nigel H Greig, PhD",38978722.0,10.1093/braincomms/fcae204,AG000469-06
135515,"Ruin  Moaddel, PhD",37350292.0,10.1111/acel.13902,AG000297-23
135515,"Ruin  Moaddel, PhD",36515353.0,10.1111/acel.13754,AG000297-23
135515,"Josephine M Egan, MD",37350292.0,10.1111/acel.13902,AG000297-23
135515,"Josephine M Egan, MD",36515353.0,10.1111/acel.13754,AG000297-23
135664,"Dan H Benjamini, PhD",37953850.0,10.1093/braincomms/fcad258,AG000354-03
135685,"Weidong  Wang, PhD",36794732.0,10.1093/nar/gkad086,AG000501-02
135493,"Michele K Evans, MD",36710345.0,10.1186/s12979-023-00330-2,AG000989-08
135493,"Michele K Evans, MD",37743657.0,10.1002/ctm2.1412,AG000989-08
135493,"Michele K Evans, MD",36899335.0,10.1186/s12967-023-04026-5,AG000989-08
135567,"Susan M Resnick, PhD",36737481.0,10.1038/s41380-023-01975-7,AG000190-17
135567,"Susan M Resnick, PhD",38591250.0,10.1002/alz.13781,AG000190-17
135655,"Nathan Bohdanovich Basisty, BS, PhD",37982669.0,10.1093/gerona/glad265,AG000345-04
135615,"Susan M Resnick, PhD",37530130.0,10.1002/alz.13388,AG000341-08
135612,"Isabel Eleanor Beerman, PhD",37462673.0,10.1096/fj.202300757R,AG000992-08
135612,"Isabel Eleanor Beerman, PhD",38866970.0,10.1038/s41556-024-01424-9,AG000992-08
135612,"Isabel Eleanor Beerman, PhD",36826621.0,10.1007/s11357-023-00752-2,AG000992-08
135612,"Isabel Eleanor Beerman, PhD",37535204.0,10.1007/s11357-023-00879-2,AG000992-08
135657,"Nathan Bohdanovich Basisty, BS, PhD",37014538.0,10.1007/s11357-023-00772-y,AG000347-04
135621,"Eliezer  Masliah, MD",36847016.0,10.3233/JPD-213085,AG000936-08
135621,"Eliezer  Masliah, MD",38701790.0,10.1016/j.neuron.2024.04.002,AG000936-08
135621,"Eliezer  Masliah, MD",36915530.0,10.1016/j.heliyon.2023.e14039,AG000936-08
135621,"Eliezer  Masliah, MD",37719154.0,10.3389/fnins.2023.1239009,AG000936-08
135621,"Eliezer  Masliah, MD",38622654.0,10.1186/s12974-024-03087-7,AG000936-08
135621,"Eliezer  Masliah, MD",37058563.0,10.1126/sciadv.abo2467,AG000936-08
135621,"Eliezer  Masliah, MD",37690676.0,10.1016/j.nbd.2023.106285,AG000936-08
135621,"Eliezer  Masliah, MD",37522208.0,10.3233/JAD-230232,AG000936-08
135621,"Eliezer  Masliah, MD",36702318.0,10.1016/j.nbd.2023.106010,AG000936-08
135621,"Eliezer  Masliah, MD",38184623.0,10.1038/s41531-023-00618-6,AG000936-08
135621,"Eliezer  Masliah, MD",36785484.0,10.1080/19336896.2023.2172912,AG000936-08
135498,"Josephine M Egan, MD",38423253.0,10.1016/j.molmet.2024.101906,AG000214-33
135498,"Josephine M Egan, MD",38286207.0,10.1016/j.lfs.2024.122460,AG000214-33
135498,"Josephine M Egan, MD",37350292.0,10.1111/acel.13902,AG000214-33
135498,"Josephine M Egan, MD",38864887.0,10.1007/s00125-024-06193-6,AG000214-33
135697,"Nan-Ping  Weng, PhD",37027458.0,10.1002/alz.13070,AG000526-02
135518,"Andrew B Singleton, PhD",37386035.0,10.1038/s41531-023-00550-9,AG000957-22
135518,"Andrew B Singleton, PhD",39060285.0,10.1038/s41531-024-00749-4,AG000957-22
135518,"Andrew B Singleton, PhD",38789445.0,10.1038/s41531-024-00723-0,AG000957-22
135518,"Andrew B Singleton, PhD",39108519.0,10.1101/2024.07.22.24310806,AG000957-22
135518,"Andrew B Singleton, PhD",38978726.0,10.1093/braincomms/fcae190,AG000957-22
135520,"Huaibin  Cai, PhD",38915717.0,10.1101/2024.06.12.598675,AG000959-21
135503,"Olga V Fedorova, PhD",37301747.0,10.1161/JAHA.122.028768,AG000609-32
135503,"Edward G Lakatta, MD",37301747.0,10.1161/JAHA.122.028768,AG000609-32
135565,"Mingyi  Wang, MD, PhD, MS",36614028.0,10.3390/ijms24010585,AG000239-17
135565,"Edward G Lakatta, MD",36614028.0,10.3390/ijms24010585,AG000239-17
135681,Qu  Tian,38191510.0,10.1136/jmg-2023-109295,AG000470-03
135681,Qu  Tian,38251633.0,10.1089/ars.2023.0529,AG000470-03
135681,"Luigi  Ferrucci, MD, PhD",38191510.0,10.1136/jmg-2023-109295,AG000470-03
135681,"Luigi  Ferrucci, MD, PhD",38251633.0,10.1089/ars.2023.0529,AG000470-03
135591,"Jun  Ding, PhD",38251633.0,10.1089/ars.2023.0529,AG000693-14
135591,"Luigi  Ferrucci, MD, PhD",38251633.0,10.1089/ars.2023.0529,AG000693-14
135536,"Luigi  Ferrucci, MD, PhD",37817005.0,10.1007/s11357-023-00961-9,AG001050-17
135536,"Luigi  Ferrucci, MD, PhD",38837025.0,10.1007/s11357-024-01193-1,AG001050-17
135536,"Luigi  Ferrucci, MD, PhD",37982669.0,10.1093/gerona/glad265,AG001050-17
135536,"Luigi  Ferrucci, MD, PhD",37369886.0,10.1007/s11357-023-00832-3,AG001050-17
135536,"Luigi  Ferrucci, MD, PhD",37667259.0,10.1186/s12979-023-00370-8,AG001050-17
135536,"Luigi  Ferrucci, MD, PhD",37795971.0,10.1093/gerona/glad238,AG001050-17
135536,"Luigi  Ferrucci, MD, PhD",38457361.0,10.1093/gerona/glae076,AG001050-17
135536,"Luigi  Ferrucci, MD, PhD",38066663.0,10.1111/acel.14030,AG001050-17
135592,"Lenore Joy Launer, PhD",37967346.0,10.1093/europace/euad320,AG007480-14
135592,"Lenore Joy Launer, PhD",37770635.0,10.1038/s41588-023-01518-4,AG007480-14
135592,"Lenore Joy Launer, PhD",37303267.0,10.1002/alz.13345,AG007480-14
135592,"Lenore Joy Launer, PhD",38471053.0,10.1212/WNL.0000000000209176,AG007480-14
135592,"Lenore Joy Launer, PhD",39041216.0,10.1161/HYPERTENSIONAHA.123.22824,AG007480-14
135592,"Lenore Joy Launer, PhD",37901957.0,10.1161/HYPERTENSIONAHA.123.21638,AG007480-14
135592,"Lenore Joy Launer, PhD",38290090.0,10.1212/WNL.0000000000208075,AG007480-14
135592,"Lenore Joy Launer, PhD",38135769.0,10.1007/s11357-023-01040-9,AG007480-14
135592,"Lenore Joy Launer, PhD",37160657.0,10.1007/s11357-023-00804-7,AG007480-14
135592,"Lenore Joy Launer, PhD",37532724.0,10.1038/s41467-023-39521-2,AG007480-14
135592,"Lenore Joy Launer, PhD",37530894.0,10.1007/s11357-023-00888-1,AG007480-14
135562,"Mingyi  Wang, MD, PhD, MS",36614028.0,10.3390/ijms24010585,AG000236-17
135562,"Edward G Lakatta, MD",36614028.0,10.3390/ijms24010585,AG000236-17
135496,"Susan M Resnick, PhD",37780863.0,10.1002/dad2.12468,AG000191-28
135496,"Susan M Resnick, PhD",37216632.0,10.1002/alz.13157,AG000191-28
135496,"Susan M Resnick, PhD",38689358.0,10.1186/s13195-024-01459-y,AG000191-28
135496,"Susan M Resnick, PhD",37837441.0,10.1093/gerona/glad245,AG000191-28
135496,"Susan M Resnick, PhD",38026756.0,10.1002/dad2.12501,AG000191-28
135496,"Susan M Resnick, PhD",37990735.0,10.1109/isbi53787.2023.10230668,AG000191-28
135496,"Susan M Resnick, PhD",38977137.0,10.1016/j.bbi.2024.07.002,AG000191-28
135496,"Susan M Resnick, PhD",39129354.0,10.1002/alz.14142,AG000191-28
135496,"Susan M Resnick, PhD",37600506.0,10.1117/12.2653132,AG000191-28
135496,"Susan M Resnick, PhD",37473978.0,10.1016/j.neuroimage.2023.120277,AG000191-28
135496,"Susan M Resnick, PhD",38526701.0,10.1007/s12021-024-09655-9,AG000191-28
135496,"Susan M Resnick, PhD",37465095.0,10.1117/12.2653643,AG000191-28
135496,"Susan M Resnick, PhD",38655188.0,10.1117/1.JMI.11.2.024011,AG000191-28
135496,"Susan M Resnick, PhD",36910594.0,10.1038/s43587-022-00243-7,AG000191-28
135496,"Susan M Resnick, PhD",38742659.0,10.1093/gerona/glae119,AG000191-28
135496,"Susan M Resnick, PhD",37123017.0,10.1117/12.2653947,AG000191-28
135496,"Susan M Resnick, PhD",38537892.0,10.1016/j.mri.2024.03.033,AG000191-28
135496,"Susan M Resnick, PhD",38915636.0,10.1101/2024.06.10.598357,AG000191-28
135496,"Susan M Resnick, PhD",36978190.0,10.1186/s13195-023-01206-9,AG000191-28
135496,"Susan M Resnick, PhD",36817413.0,10.1016/j.nbas.2023.100067,AG000191-28
135496,"Susan M Resnick, PhD",38353984.0,10.1001/jamapsychiatry.2023.5599,AG000191-28
135496,"Susan M Resnick, PhD",38381532.0,10.1093/sleep/zsae037,AG000191-28
135496,"Susan M Resnick, PhD",38653745.0,10.1038/s41598-024-59965-w,AG000191-28
135496,"Susan M Resnick, PhD",37530130.0,10.1002/alz.13388,AG000191-28
135496,"Susan M Resnick, PhD",37336172.0,10.1016/j.neurobiolaging.2023.05.013,AG000191-28
135496,"Susan M Resnick, PhD",36762407.0,10.1002/acn3.51730,AG000191-28
135496,"Susan M Resnick, PhD",38127979.0,10.1073/pnas.2300842120,AG000191-28
135496,"Susan M Resnick, PhD",37213219.0,10.1002/dad2.12425,AG000191-28
135496,"Susan M Resnick, PhD",38191573.0,10.1038/s41467-023-44271-2,AG000191-28
135496,"Susan M Resnick, PhD",39147830.0,10.1038/s41591-024-03144-x,AG000191-28
135496,"Susan M Resnick, PhD",38188934.0,10.1117/1.JMI.11.1.014005,AG000191-28
135496,"Susan M Resnick, PhD",37139098.0,10.1002/dad2.12407,AG000191-28
135496,"Susan M Resnick, PhD",36731813.0,10.1016/j.neuroimage.2023.119911,AG000191-28
135496,"Susan M Resnick, PhD",37657151.0,10.1016/j.compmedimag.2023.102285,AG000191-28
135634,Qu  Tian,37350292.0,10.1111/acel.13902,AG000343-06
135634,Qu  Tian,37836476.0,10.3390/nu15194193,AG000343-06
135634,"Toshiko  Tanaka, PhD",37350292.0,10.1111/acel.13902,AG000343-06
135634,"Toshiko  Tanaka, PhD",37836476.0,10.3390/nu15194193,AG000343-06
135634,"Luigi  Ferrucci, MD, PhD",37350292.0,10.1111/acel.13902,AG000343-06
135634,"Luigi  Ferrucci, MD, PhD",37836476.0,10.3390/nu15194193,AG000343-06
135693,"Myriam  Gorospe, PhD",37744304.0,10.1002/jex2.106,AG000468-02
135559,"Edward G Lakatta, MD",37920273.0,10.26502/fjhs.134,AG000262-17
135559,"Edward G Lakatta, MD",37084120.0,10.1007/s11357-023-00787-5,AG000262-17
135500,"Myriam  Gorospe, PhD",37744304.0,10.1002/jex2.106,AG000511-27
135500,"Myriam  Gorospe, PhD",38227372.0,10.1172/jci.insight.169716,AG000511-27
135500,"Myriam  Gorospe, PhD",38507413.0,10.1016/j.celrep.2024.113924,AG000511-27
135500,"Myriam  Gorospe, PhD",37831778.0,10.1126/sciadv.adh1134,AG000511-27
135500,"Myriam  Gorospe, PhD",36978889.0,10.3390/antiox12030641,AG000511-27
135500,"Myriam  Gorospe, PhD",37462262.0,10.1111/acel.13915,AG000511-27
135500,"Myriam  Gorospe, PhD",37696579.0,10.26508/lsa.202302152,AG000511-27
135500,"Myriam  Gorospe, PhD",38000373.0,10.1093/nar/gkad1122,AG000511-27
135584,"Rafael  De Cabo, BS, PhD",39001573.0,10.1111/acel.14273,AG000361-16
135563,"Mingyi  Wang, MD, PhD, MS",36614028.0,10.3390/ijms24010585,AG000237-17
135563,"Edward G Lakatta, MD",36614028.0,10.3390/ijms24010585,AG000237-17
135578,"Supriyo  De, MD, PhD",37154037.0,10.1161/CIRCRESAHA.122.322325,AG000616-17
135578,"Supriyo  De, MD, PhD",37462262.0,10.1111/acel.13915,AG000616-17
135578,"Supriyo  De, MD, PhD",37524800.0,10.1038/s41590-023-01561-7,AG000616-17
135578,"Supriyo  De, MD, PhD",37097759.0,10.1172/JCI165933,AG000616-17
135578,"Supriyo  De, MD, PhD",37086265.0,10.18632/aging.204666,AG000616-17
135578,"Supriyo  De, MD, PhD",37083495.0,10.7554/eLife.84238,AG000616-17
135578,"Supriyo  De, MD, PhD",37589453.0,10.7554/eLife.86136,AG000616-17
135578,"Supriyo  De, MD, PhD",37116496.0,10.1016/j.molcel.2023.04.005,AG000616-17
135578,"Supriyo  De, MD, PhD",36794732.0,10.1093/nar/gkad086,AG000616-17
135578,"Supriyo  De, MD, PhD",37667102.0,10.1038/s43587-023-00480-4,AG000616-17
135578,"Supriyo  De, MD, PhD",37872153.0,10.1038/s41467-023-42430-z,AG000616-17
135578,"Supriyo  De, MD, PhD",37823711.0,10.1111/acel.13963,AG000616-17
135578,"Supriyo  De, MD, PhD",36741385.0,10.3389/fimmu.2022.1095140,AG000616-17
135578,"Supriyo  De, MD, PhD",37862381.0,10.1073/pnas.2219801120,AG000616-17
135578,"Supriyo  De, MD, PhD",38162029.0,10.1016/j.isci.2023.108527,AG000616-17
135578,"Supriyo  De, MD, PhD",38721764.0,10.1093/nar/gkae322,AG000616-17
135578,"Supriyo  De, MD, PhD",36756127.0,10.3389/fimmu.2023.1067459,AG000616-17
135578,"Supriyo  De, MD, PhD",36585921.0,10.18632/aging.204450,AG000616-17
135578,"Supriyo  De, MD, PhD",38410516.0,10.3389/fimmu.2024.1360229,AG000616-17
135578,"Supriyo  De, MD, PhD",38000373.0,10.1093/nar/gkad1122,AG000616-17
135578,"Supriyo  De, MD, PhD",38637019.0,10.18632/aging.205776,AG000616-17
135674,"Dan H Benjamini, PhD",36641369.0,10.1016/j.neurobiolaging.2022.12.016,AG000437-03
135674,"Dan H Benjamini, PhD",37953850.0,10.1093/braincomms/fcad258,AG000437-03
135543,"Robert M Brosh, PhD",37475956.0,10.3389/fragi.2023.1199596,AG000752-17
135494,"Yie  Liu, PhD",37930826.0,10.1093/nar/gkad967,AG000754-11
135617,"Luigi  Ferrucci, MD, PhD",37154037.0,10.1161/CIRCRESAHA.122.322325,AG000358-08
135617,"Luigi  Ferrucci, MD, PhD",36720000.0,10.1002/alz.12968,AG000358-08
135617,"Luigi  Ferrucci, MD, PhD",36910594.0,10.1038/s43587-022-00243-7,AG000358-08
135617,"Luigi  Ferrucci, MD, PhD",36892048.0,10.1161/JAHA.122.027088,AG000358-08
135617,"Luigi  Ferrucci, MD, PhD",37462262.0,10.1111/acel.13915,AG000358-08
135617,"Luigi  Ferrucci, MD, PhD",37235639.0,10.1093/gerona/glad135,AG000358-08
137693,"Victoria America Acosta-Rodríguez, PhD",38461321.0,10.1038/s42003-024-05991-3,AG000589-01
135530,"Eleanor M Simonsick, PhD",36695634.0,10.1002/ana.26608,AG000965-19
135530,"Eleanor M Simonsick, PhD",38047387.0,10.1161/CIRCULATIONAHA.123.065530,AG000965-19
135530,"Eleanor M Simonsick, PhD",37348876.0,10.1093/brain/awad214,AG000965-19
135530,"Eleanor M Simonsick, PhD",37532724.0,10.1038/s41467-023-39521-2,AG000965-19
135530,"Toshiko  Tanaka, PhD",36695634.0,10.1002/ana.26608,AG000965-19
135530,"Toshiko  Tanaka, PhD",38047387.0,10.1161/CIRCULATIONAHA.123.065530,AG000965-19
135530,"Toshiko  Tanaka, PhD",37348876.0,10.1093/brain/awad214,AG000965-19
135530,"Toshiko  Tanaka, PhD",37532724.0,10.1038/s41467-023-39521-2,AG000965-19
135530,"Luigi  Ferrucci, MD, PhD",36695634.0,10.1002/ana.26608,AG000965-19
135530,"Luigi  Ferrucci, MD, PhD",38047387.0,10.1161/CIRCULATIONAHA.123.065530,AG000965-19
135530,"Luigi  Ferrucci, MD, PhD",37348876.0,10.1093/brain/awad214,AG000965-19
135530,"Luigi  Ferrucci, MD, PhD",37532724.0,10.1038/s41467-023-39521-2,AG000965-19
135557,"Dimitrios  Kapogiannis, MD",38901423.0,10.1016/j.cmet.2024.05.017,AG000966-17
135557,"Dimitrios  Kapogiannis, MD",38754047.0,10.1212/NXI.0000000000200257,AG000966-17
135673,"Robert M Brosh, PhD",36739951.0,10.1016/j.jbc.2023.102980,AG000776-03
135497,"Susan M Resnick, PhD",37780863.0,10.1002/dad2.12468,AG000185-35
135497,"Susan M Resnick, PhD",37216632.0,10.1002/alz.13157,AG000185-35
135497,"Susan M Resnick, PhD",37354067.0,10.1080/13607863.2023.2227118,AG000185-35
135497,"Susan M Resnick, PhD",37063388.0,10.1002/dad2.12400,AG000185-35
135497,"Susan M Resnick, PhD",38689358.0,10.1186/s13195-024-01459-y,AG000185-35
135497,"Susan M Resnick, PhD",37801487.0,10.1002/ana.26817,AG000185-35
135497,"Susan M Resnick, PhD",37837441.0,10.1093/gerona/glad245,AG000185-35
135497,"Susan M Resnick, PhD",38026756.0,10.1002/dad2.12501,AG000185-35
135497,"Susan M Resnick, PhD",39129354.0,10.1002/alz.14142,AG000185-35
135497,"Susan M Resnick, PhD",39102080.0,10.1007/s00401-024-02775-1,AG000185-35
135497,"Susan M Resnick, PhD",38521766.0,10.1038/s41467-024-46876-7,AG000185-35
135497,"Susan M Resnick, PhD",38742659.0,10.1093/gerona/glae119,AG000185-35
135497,"Susan M Resnick, PhD",36082967.0,10.1093/gerona/glac180,AG000185-35
135497,"Susan M Resnick, PhD",36978190.0,10.1186/s13195-023-01206-9,AG000185-35
135497,"Susan M Resnick, PhD",38375574.0,10.1002/alz.13715,AG000185-35
135497,"Susan M Resnick, PhD",38353984.0,10.1001/jamapsychiatry.2023.5599,AG000185-35
135497,"Susan M Resnick, PhD",38381532.0,10.1093/sleep/zsae037,AG000185-35
135497,"Susan M Resnick, PhD",37210782.0,10.1016/j.neurobiolaging.2023.04.011,AG000185-35
135497,"Susan M Resnick, PhD",38653745.0,10.1038/s41598-024-59965-w,AG000185-35
135497,"Susan M Resnick, PhD",38307123.0,10.1016/j.jamda.2023.12.017,AG000185-35
135497,"Susan M Resnick, PhD",37530130.0,10.1002/alz.13388,AG000185-35
135497,"Susan M Resnick, PhD",38615247.0,10.1093/ageing/afae079,AG000185-35
135497,"Susan M Resnick, PhD",38116708.0,10.1002/jcsm.13413,AG000185-35
135497,"Susan M Resnick, PhD",37336172.0,10.1016/j.neurobiolaging.2023.05.013,AG000185-35
135497,"Susan M Resnick, PhD",36637077.0,10.1002/alz.12905,AG000185-35
135497,"Susan M Resnick, PhD",37052768.0,10.1007/s11357-023-00792-8,AG000185-35
135497,"Susan M Resnick, PhD",36762407.0,10.1002/acn3.51730,AG000185-35
135497,"Susan M Resnick, PhD",37213219.0,10.1002/dad2.12425,AG000185-35
135497,"Susan M Resnick, PhD",39147830.0,10.1038/s41591-024-03144-x,AG000185-35
135497,"Susan M Resnick, PhD",37139098.0,10.1002/dad2.12407,AG000185-35
135569,"Nan-Ping  Weng, PhD",37589453.0,10.7554/eLife.86136,AG000618-17
135696,"Minkyo  Song, PhD",38778220.0,10.1038/s41416-024-02714-7,AG000522-02
135696,"Minkyo  Song, PhD",37701981.0,10.1093/jnci/djad187,AG000522-02
135556,"Rafael  De Cabo, BS, PhD",37823711.0,10.1111/acel.13963,AG000363-17
135556,"Rafael  De Cabo, BS, PhD",37325957.0,10.1093/gerona/glad034,AG000363-17
135556,"Rafael  De Cabo, BS, PhD",39001573.0,10.1111/acel.14273,AG000363-17
135598,"Julie  Mattison, PhD",38689157.0,10.1007/s11357-024-01172-6,AG000356-12
135598,"Julie  Mattison, PhD",37561875.0,10.1126/science.abq5693,AG000356-12
135598,"Julie  Mattison, PhD",37097759.0,10.1172/JCI165933,AG000356-12
135598,"Julie  Mattison, PhD",37493860.0,10.1007/s11357-023-00878-3,AG000356-12
135598,"Julie  Mattison, PhD",39131309.0,10.1101/2024.07.31.606010,AG000356-12
135598,"Julie  Mattison, PhD",38532069.0,10.1007/s11357-024-01120-4,AG000356-12
135598,"Julie  Mattison, PhD",36897526.0,10.1007/s11357-023-00767-9,AG000356-12
135598,"Julie  Mattison, PhD",39058717.0,10.1371/journal.pone.0308007,AG000356-12
135598,"Julie  Mattison, PhD",38316796.0,10.1038/s41467-024-45359-z,AG000356-12
135668,"Weidong  Wang, PhD",38000373.0,10.1093/nar/gkad1122,AG000495-03
135538,"Huaibin  Cai, PhD",38915717.0,10.1101/2024.06.12.598675,AG000945-17
135576,"Supriyo  De, MD, PhD",37823711.0,10.1111/acel.13963,AG000613-17
135576,"Supriyo  De, MD, PhD",37862381.0,10.1073/pnas.2219801120,AG000613-17
135576,"Supriyo  De, MD, PhD",38162029.0,10.1016/j.isci.2023.108527,AG000613-17
135576,"Supriyo  De, MD, PhD",37589453.0,10.7554/eLife.86136,AG000613-17
135576,"Myriam  Gorospe, PhD",37823711.0,10.1111/acel.13963,AG000613-17
135576,"Myriam  Gorospe, PhD",37862381.0,10.1073/pnas.2219801120,AG000613-17
135576,"Myriam  Gorospe, PhD",38162029.0,10.1016/j.isci.2023.108527,AG000613-17
135576,"Myriam  Gorospe, PhD",37589453.0,10.7554/eLife.86136,AG000613-17
135606,"Myong-Hee  Sung, PhD",38483906.0,10.1016/j.celrep.2024.113940,AG000380-09
135533,"Ranjan  Sen, PhD",37350292.0,10.1111/acel.13902,AG000386-18
135610,"Edward G Lakatta, MD",38967697.0,10.1007/s11357-024-01267-0,AG000298-09
135662,"Keenan Alexander Walker, PhD",38790903.0,10.3390/biomedicines12050941,AG000349-04
135662,"Keenan Alexander Walker, PhD",37216632.0,10.1002/alz.13157,AG000349-04
135662,"Keenan Alexander Walker, PhD",37801487.0,10.1002/ana.26817,AG000349-04
135662,"Keenan Alexander Walker, PhD",36737481.0,10.1038/s41380-023-01975-7,AG000349-04
135662,"Keenan Alexander Walker, PhD",38977137.0,10.1016/j.bbi.2024.07.002,AG000349-04
135662,"Keenan Alexander Walker, PhD",39143319.0,10.1038/s43587-024-00682-4,AG000349-04
135662,"Keenan Alexander Walker, PhD",38302317.0,10.1016/j.molmed.2024.01.005,AG000349-04
135662,"Keenan Alexander Walker, PhD",37530130.0,10.1002/alz.13388,AG000349-04
135662,"Keenan Alexander Walker, PhD",37923804.0,10.1038/s42003-023-05454-1,AG000349-04
135662,"Keenan Alexander Walker, PhD",37467317.0,10.1126/scitranslmed.adf5681,AG000349-04
135620,"Christopher Edward Ramsden, MD",37572791.0,10.1016/j.jlr.2023.100424,AG000453-08
135620,"Christopher Edward Ramsden, MD",38093390.0,10.1186/s40478-023-01693-9,AG000453-08
135620,"Christopher Edward Ramsden, MD",37367848.0,10.3390/metabo13060690,AG000453-08
135620,"Christopher Edward Ramsden, MD",36876220.0,10.1016/j.xjidi.2022.100177,AG000453-08
135488,"Manolis  Maragkakis, PhD",38500537.0,10.59368/agingbio.20230001,AG000696-05
135488,"Manolis  Maragkakis, PhD",38277467.0,10.1126/scitranslmed.adg7162,AG000696-05
135549,"Myriam  Gorospe, PhD",39133076.0,10.1080/10985549.2024.2383296,AG000394-17
135495,"Eleanor M Simonsick, PhD",37780863.0,10.1002/dad2.12468,AG000015-66
135495,"Eleanor M Simonsick, PhD",38310640.0,10.1093/gerona/glae039,AG000015-66
135495,"Eleanor M Simonsick, PhD",37063388.0,10.1002/dad2.12400,AG000015-66
135495,"Eleanor M Simonsick, PhD",37837441.0,10.1093/gerona/glad245,AG000015-66
135495,"Eleanor M Simonsick, PhD",38026756.0,10.1002/dad2.12501,AG000015-66
135495,"Eleanor M Simonsick, PhD",37982669.0,10.1093/gerona/glad265,AG000015-66
135495,"Eleanor M Simonsick, PhD",36915903.0,10.1093/geroni/igac080,AG000015-66
135495,"Eleanor M Simonsick, PhD",37679499.0,10.1038/s41598-023-41813-y,AG000015-66
135495,"Eleanor M Simonsick, PhD",37391043.0,10.1016/j.eprac.2023.05.002,AG000015-66
135495,"Eleanor M Simonsick, PhD",39076610.0,10.1093/sleepadvances/zpae045,AG000015-66
135495,"Eleanor M Simonsick, PhD",37114095.0,10.3389/fragi.2023.1150645,AG000015-66
135495,"Eleanor M Simonsick, PhD",38493525.0,10.1016/j.archger.2024.105411,AG000015-66
135495,"Eleanor M Simonsick, PhD",38195151.0,10.1093/gerona/glae008,AG000015-66
135495,"Eleanor M Simonsick, PhD",37257489.0,10.1093/sleep/zsad155,AG000015-66
135495,"Eleanor M Simonsick, PhD",37847074.0,10.1249/MSS.0000000000003306,AG000015-66
135495,"Eleanor M Simonsick, PhD",38742659.0,10.1093/gerona/glae119,AG000015-66
135495,"Eleanor M Simonsick, PhD",38226778.0,10.1111/acel.14078,AG000015-66
135495,"Eleanor M Simonsick, PhD",38332659.0,10.1002/jcsm.13438,AG000015-66
135495,"Eleanor M Simonsick, PhD",36082967.0,10.1093/gerona/glac180,AG000015-66
135495,"Eleanor M Simonsick, PhD",38183599.0,10.1007/s11357-023-01034-7,AG000015-66
135495,"Eleanor M Simonsick, PhD",38375574.0,10.1002/alz.13715,AG000015-66
135495,"Eleanor M Simonsick, PhD",36069964.0,10.1249/MSS.0000000000003033,AG000015-66
135495,"Eleanor M Simonsick, PhD",38699999.0,10.1093/gerona/glae113,AG000015-66
135495,"Eleanor M Simonsick, PhD",38428731.0,10.1016/j.jshs.2024.02.004,AG000015-66
135495,"Eleanor M Simonsick, PhD",38347745.0,10.1177/00914150241231192,AG000015-66
135495,"Eleanor M Simonsick, PhD",38381532.0,10.1093/sleep/zsae037,AG000015-66
135495,"Eleanor M Simonsick, PhD",38653745.0,10.1038/s41598-024-59965-w,AG000015-66
135495,"Eleanor M Simonsick, PhD",37052768.0,10.1007/s11357-023-00792-8,AG000015-66
135495,"Eleanor M Simonsick, PhD",38809390.0,10.1007/s11357-024-01212-1,AG000015-66
135495,"Eleanor M Simonsick, PhD",37139098.0,10.1002/dad2.12407,AG000015-66
135495,"Luigi  Ferrucci, MD, PhD",37780863.0,10.1002/dad2.12468,AG000015-66
135495,"Luigi  Ferrucci, MD, PhD",38310640.0,10.1093/gerona/glae039,AG000015-66
135495,"Luigi  Ferrucci, MD, PhD",37063388.0,10.1002/dad2.12400,AG000015-66
135495,"Luigi  Ferrucci, MD, PhD",37837441.0,10.1093/gerona/glad245,AG000015-66
135495,"Luigi  Ferrucci, MD, PhD",38026756.0,10.1002/dad2.12501,AG000015-66
135495,"Luigi  Ferrucci, MD, PhD",37982669.0,10.1093/gerona/glad265,AG000015-66
135495,"Luigi  Ferrucci, MD, PhD",36915903.0,10.1093/geroni/igac080,AG000015-66
135495,"Luigi  Ferrucci, MD, PhD",37679499.0,10.1038/s41598-023-41813-y,AG000015-66
135495,"Luigi  Ferrucci, MD, PhD",37391043.0,10.1016/j.eprac.2023.05.002,AG000015-66
135495,"Luigi  Ferrucci, MD, PhD",39076610.0,10.1093/sleepadvances/zpae045,AG000015-66
135495,"Luigi  Ferrucci, MD, PhD",37114095.0,10.3389/fragi.2023.1150645,AG000015-66
135495,"Luigi  Ferrucci, MD, PhD",38493525.0,10.1016/j.archger.2024.105411,AG000015-66
135495,"Luigi  Ferrucci, MD, PhD",38195151.0,10.1093/gerona/glae008,AG000015-66
135495,"Luigi  Ferrucci, MD, PhD",37257489.0,10.1093/sleep/zsad155,AG000015-66
135495,"Luigi  Ferrucci, MD, PhD",37847074.0,10.1249/MSS.0000000000003306,AG000015-66
135495,"Luigi  Ferrucci, MD, PhD",38742659.0,10.1093/gerona/glae119,AG000015-66
135495,"Luigi  Ferrucci, MD, PhD",38226778.0,10.1111/acel.14078,AG000015-66
135495,"Luigi  Ferrucci, MD, PhD",38332659.0,10.1002/jcsm.13438,AG000015-66
135495,"Luigi  Ferrucci, MD, PhD",36082967.0,10.1093/gerona/glac180,AG000015-66
135495,"Luigi  Ferrucci, MD, PhD",38183599.0,10.1007/s11357-023-01034-7,AG000015-66
135495,"Luigi  Ferrucci, MD, PhD",38375574.0,10.1002/alz.13715,AG000015-66
135495,"Luigi  Ferrucci, MD, PhD",36069964.0,10.1249/MSS.0000000000003033,AG000015-66
135495,"Luigi  Ferrucci, MD, PhD",38699999.0,10.1093/gerona/glae113,AG000015-66
135495,"Luigi  Ferrucci, MD, PhD",38428731.0,10.1016/j.jshs.2024.02.004,AG000015-66
135495,"Luigi  Ferrucci, MD, PhD",38347745.0,10.1177/00914150241231192,AG000015-66
135495,"Luigi  Ferrucci, MD, PhD",38381532.0,10.1093/sleep/zsae037,AG000015-66
135495,"Luigi  Ferrucci, MD, PhD",38653745.0,10.1038/s41598-024-59965-w,AG000015-66
135495,"Luigi  Ferrucci, MD, PhD",37052768.0,10.1007/s11357-023-00792-8,AG000015-66
135495,"Luigi  Ferrucci, MD, PhD",38809390.0,10.1007/s11357-024-01212-1,AG000015-66
135495,"Luigi  Ferrucci, MD, PhD",37139098.0,10.1002/dad2.12407,AG000015-66
135510,"Edward G Lakatta, MD",38874616.0,10.1152/ajpheart.00665.2023,AG000802-33
135642,"Andrew B Singleton, PhD",39060285.0,10.1038/s41531-024-00749-4,AG000538-05
135642,"Andrew B Singleton, PhD",38789445.0,10.1038/s41531-024-00723-0,AG000538-05
135642,"Andrew B Singleton, PhD",37710018.0,10.1038/s41592-023-01993-x,AG000538-05
135586,"Peter  Rapp, PhD",38605461.0,10.1002/cne.25610,AG000350-16
135586,"Peter  Rapp, PhD",38021223.0,10.3389/fnhum.2023.1215291,AG000350-16
138074,"Andrew B Singleton, PhD",38770829.0,10.1002/alz.13858,AG000551-01
135633,"Christopher Edward Ramsden, MD",38093390.0,10.1186/s40478-023-01693-9,AG000456-06
135550,"Josephine M Egan, MD",38145006.0,10.1056/evidoa2300046,AG000291-17
135564,"Mingyi  Wang, MD, PhD, MS",37097759.0,10.1172/JCI165933,AG000238-17
135564,"Mingyi  Wang, MD, PhD, MS",36845078.0,10.1038/s43587-022-00323-8,AG000238-17
135564,"Edward G Lakatta, MD",37097759.0,10.1172/JCI165933,AG000238-17
135564,"Edward G Lakatta, MD",36845078.0,10.1038/s43587-022-00323-8,AG000238-17
135499,"Nigel H Greig, PhD",38906887.0,10.1038/s41467-024-49596-0,AG000311-24
135499,"Nigel H Greig, PhD",38905058.0,10.3233/JPD-240080,AG000311-24
135499,"Nigel H Greig, PhD",37401784.0,10.1002/glia.24436,AG000311-24
135499,"Nigel H Greig, PhD",37408199.0,10.3390/cells12101367,AG000311-24
135499,"Nigel H Greig, PhD",38346990.0,10.1038/s41598-024-51909-8,AG000311-24
135499,"Nigel H Greig, PhD",36778948.0,10.1098/rsos.221458,AG000311-24
135499,"Nigel H Greig, PhD",36224195.0,10.1080/07391102.2022.2133009,AG000311-24
135596,"Weidong  Wang, PhD",38216113.0,10.1016/j.pneurobio.2024.102568,AG000689-14
135639,"Mustapha  Bouhrara, PhD",36326302.0,10.1002/jmri.28508,AG000353-05
135639,"Mustapha  Bouhrara, PhD",37283066.0,10.1161/HYPERTENSIONAHA.123.21012,AG000353-05
135639,"Mustapha  Bouhrara, PhD",36762407.0,10.1002/acn3.51730,AG000353-05
135614,"Bryan Joseph Traynor, MD",37388914.0,10.1016/j.xgen.2023.100316,AG000935-08
135528,"Julie  Mattison, PhD",38635668.0,10.1371/journal.pone.0300476,AG000371-19
135528,"Julie  Mattison, PhD",38788462.0,10.1016/j.neurobiolaging.2024.05.005,AG000371-19
135661,"Keenan Alexander Walker, PhD",38790903.0,10.3390/biomedicines12050941,AG000348-04
135661,"Keenan Alexander Walker, PhD",36622673.0,10.1001/jamanetworkopen.2022.50126,AG000348-04
135661,"Keenan Alexander Walker, PhD",37814955.0,10.1161/STROKEAHA.123.043908,AG000348-04
135661,"Keenan Alexander Walker, PhD",37218405.0,10.1002/alz.13135,AG000348-04
135661,"Keenan Alexander Walker, PhD",37801487.0,10.1002/ana.26817,AG000348-04
135661,"Keenan Alexander Walker, PhD",35596270.0,10.1093/gerona/glac111,AG000348-04
135661,"Keenan Alexander Walker, PhD",38977137.0,10.1016/j.bbi.2024.07.002,AG000348-04
135661,"Keenan Alexander Walker, PhD",39143319.0,10.1038/s43587-024-00682-4,AG000348-04
135661,"Keenan Alexander Walker, PhD",38302317.0,10.1016/j.molmed.2024.01.005,AG000348-04
135661,"Keenan Alexander Walker, PhD",38567509.0,10.1161/HYPERTENSIONAHA.123.21823,AG000348-04
135661,"Keenan Alexander Walker, PhD",37638398.0,10.1161/STROKEAHA.123.042835,AG000348-04
135661,"Keenan Alexander Walker, PhD",36729476.0,10.1167/tvst.12.2.3,AG000348-04
135661,"Keenan Alexander Walker, PhD",38764894.0,10.3390/endocrines5020014,AG000348-04
135661,"Keenan Alexander Walker, PhD",37467317.0,10.1126/scitranslmed.adf5681,AG000348-04
135661,"Keenan Alexander Walker, PhD",36762407.0,10.1002/acn3.51730,AG000348-04
135661,"Keenan Alexander Walker, PhD",37027458.0,10.1002/alz.13070,AG000348-04
135490,"Lenore Joy Launer, PhD",37967346.0,10.1093/europace/euad320,AG007380-18
135490,"Lenore Joy Launer, PhD",37770635.0,10.1038/s41588-023-01518-4,AG007380-18
135490,"Lenore Joy Launer, PhD",38951643.0,10.1038/s41588-024-01798-4,AG007380-18
135490,"Lenore Joy Launer, PhD",37923804.0,10.1038/s42003-023-05454-1,AG007380-18
135490,"Lenore Joy Launer, PhD",38280460.0,10.1016/j.slasd.2024.01.004,AG007380-18
135490,"Lenore Joy Launer, PhD",38127979.0,10.1073/pnas.2300842120,AG007380-18
135616,"Nan-Ping  Weng, PhD",37872153.0,10.1038/s41467-023-42430-z,AG000499-08
135643,"Michele K Evans, MD",36710345.0,10.1186/s12979-023-00330-2,AG000520-05
135643,"Michele K Evans, MD",38226163.0,10.1016/j.isci.2023.108724,AG000520-05
135532,"Michael M Seidman, PhD",37320956.0,10.1016/j.dnarep.2023.103525,AG000746-18
135581,"Dimitrios  Kapogiannis, MD",37744304.0,10.1002/jex2.106,AG000975-16
135581,"Dimitrios  Kapogiannis, MD",37814955.0,10.1161/STROKEAHA.123.043908,AG000975-16
135581,"Dimitrios  Kapogiannis, MD",37730689.0,10.1186/s13195-023-01303-9,AG000975-16
135581,"Dimitrios  Kapogiannis, MD",37842184.0,10.20517/evcna.2023.13,AG000975-16
135581,"Dimitrios  Kapogiannis, MD",38549640.0,10.3233/ADR-230191,AG000975-16
135581,"Dimitrios  Kapogiannis, MD",37026915.0,10.1097/MD.0000000000033461,AG000975-16
135581,"Dimitrios  Kapogiannis, MD",36782237.0,10.1186/s12964-023-01045-z,AG000975-16
135581,"Dimitrios  Kapogiannis, MD",38901423.0,10.1016/j.cmet.2024.05.017,AG000975-16
135581,"Dimitrios  Kapogiannis, MD",38667317.0,10.3390/cells13080702,AG000975-16
135581,"Dimitrios  Kapogiannis, MD",36671553.0,10.3390/biom13010167,AG000975-16
135581,"Dimitrios  Kapogiannis, MD",38868956.0,10.1002/jev2.12459,AG000975-16
135581,"Dimitrios  Kapogiannis, MD",37643509.0,10.1016/j.parkreldis.2023.105821,AG000975-16
135581,"Dimitrios  Kapogiannis, MD",38612641.0,10.3390/ijms25073830,AG000975-16
135581,"Dimitrios  Kapogiannis, MD",38132093.0,10.3390/cells12242773,AG000975-16
135581,"Dimitrios  Kapogiannis, MD",38049923.0,10.1186/s40035-023-00383-9,AG000975-16
135581,"Dimitrios  Kapogiannis, MD",36515353.0,10.1111/acel.13754,AG000975-16
135581,"Dimitrios  Kapogiannis, MD",38717724.0,10.1002/acn3.52040,AG000975-16
135581,"Dimitrios  Kapogiannis, MD",36895388.0,10.1016/j.heliyon.2023.e13888,AG000975-16
135682,"Dimitrios  Kapogiannis, MD",35833836.0,10.1093/brain/awac258,AG000003-03
135682,"Dimitrios  Kapogiannis, MD",37814955.0,10.1161/STROKEAHA.123.043908,AG000003-03
135682,"Dimitrios  Kapogiannis, MD",37730689.0,10.1186/s13195-023-01303-9,AG000003-03
135682,"Dimitrios  Kapogiannis, MD",37842184.0,10.20517/evcna.2023.13,AG000003-03
135682,"Dimitrios  Kapogiannis, MD",37072092.0,10.1016/j.amjmed.2023.03.026,AG000003-03
135682,"Dimitrios  Kapogiannis, MD",38901423.0,10.1016/j.cmet.2024.05.017,AG000003-03
135682,"Dimitrios  Kapogiannis, MD",38667317.0,10.3390/cells13080702,AG000003-03
135682,"Dimitrios  Kapogiannis, MD",38754047.0,10.1212/NXI.0000000000200257,AG000003-03
135682,"Dimitrios  Kapogiannis, MD",36671553.0,10.3390/biom13010167,AG000003-03
135682,"Dimitrios  Kapogiannis, MD",37828917.0,10.3389/fmolb.2023.1254834,AG000003-03
135682,"Dimitrios  Kapogiannis, MD",38868956.0,10.1002/jev2.12459,AG000003-03
135682,"Dimitrios  Kapogiannis, MD",37643509.0,10.1016/j.parkreldis.2023.105821,AG000003-03
135682,"Dimitrios  Kapogiannis, MD",38612641.0,10.3390/ijms25073830,AG000003-03
135682,"Dimitrios  Kapogiannis, MD",35524821.0,10.1007/s00406-022-01412-w,AG000003-03
135682,"Dimitrios  Kapogiannis, MD",36515353.0,10.1111/acel.13754,AG000003-03
135682,"Dimitrios  Kapogiannis, MD",38717724.0,10.1002/acn3.52040,AG000003-03
135588,"Edward G Lakatta, MD",38899223.0,10.1016/j.ekir.2024.03.001,AG000799-16
135588,"Edward G Lakatta, MD",38689001.0,10.1038/s41588-024-01714-w,AG000799-16
135588,"Edward G Lakatta, MD",37741911.0,10.1007/s00592-023-02118-8,AG000799-16
135501,"Michele K Evans, MD",38529358.0,10.1093/braincomms/fcae088,AG000513-24
135608,"Olga V Fedorova, PhD",37301747.0,10.1161/JAHA.122.028768,AG000846-09
135608,"Edward G Lakatta, MD",37301747.0,10.1161/JAHA.122.028768,AG000846-09
135526,"Myriam  Gorospe, PhD",39044131.0,10.1186/s12886-024-03578-4,AG000518-20
135504,"Ramaiah  Nagaraja, PhD",38881577.0,10.1093/nargab/lqae070,AG000646-27
135504,"Myriam  Gorospe, PhD",38881577.0,10.1093/nargab/lqae070,AG000646-27
135534,"Mark Robert Cookson, PhD",36695634.0,10.1002/ana.26608,AG000947-17
135537,"Huaibin  Cai, PhD",36879021.0,10.1038/s41531-023-00478-0,AG000946-17
135517,"Edward G Lakatta, MD",38874616.0,10.1152/ajpheart.00665.2023,AG000856-23
135517,"Edward G Lakatta, MD",37527539.0,10.1093/eurjpc/zwad254,AG000856-23
135517,"Edward G Lakatta, MD",36741836.0,10.3389/fcvm.2022.1096887,AG000856-23
135602,"Luigi  Ferrucci, MD, PhD",38218318.0,10.1016/j.ajcnut.2024.01.006,AG000997-10
135602,"Luigi  Ferrucci, MD, PhD",37016727.0,10.1002/oby.23717,AG000997-10
135604,"Luigi  Ferrucci, MD, PhD",37555749.0,10.1093/gerona/glad193,AG000996-10
135604,"Luigi  Ferrucci, MD, PhD",38300640.0,10.14336/AD.2023.1226,AG000996-10
135604,"Luigi  Ferrucci, MD, PhD",39159379.0,10.1073/pnas.2402813121,AG000996-10
135604,"Luigi  Ferrucci, MD, PhD",36879434.0,10.1093/gerona/glad080,AG000996-10
135604,"Luigi  Ferrucci, MD, PhD",36720000.0,10.1002/alz.12968,AG000996-10
135604,"Luigi  Ferrucci, MD, PhD",37283066.0,10.1161/HYPERTENSIONAHA.123.21012,AG000996-10
135604,"Luigi  Ferrucci, MD, PhD",37233632.0,10.3390/metabo13050591,AG000996-10
135604,"Luigi  Ferrucci, MD, PhD",37462262.0,10.1111/acel.13915,AG000996-10
135554,"Ranjan  Sen, PhD",38499959.0,10.1007/s11357-024-01121-3,AG000376-17
135509,"Nan-Ping  Weng, PhD",36968065.0,10.1016/j.isci.2023.106335,AG000757-27
135509,"Nan-Ping  Weng, PhD",37872153.0,10.1038/s41467-023-42430-z,AG000757-27
135509,"Nan-Ping  Weng, PhD",36741385.0,10.3389/fimmu.2022.1095140,AG000757-27
135509,"Nan-Ping  Weng, PhD",38140172.0,10.3390/vaccines11121767,AG000757-27
135509,"Nan-Ping  Weng, PhD",38410516.0,10.3389/fimmu.2024.1360229,AG000757-27
135509,"Nan-Ping  Weng, PhD",38145006.0,10.1056/evidoa2300046,AG000757-27
135587,"Peter  Rapp, PhD",37798131.0,10.1523/JNEUROSCI.0456-23.2023,AG000352-16
135587,"Peter  Rapp, PhD",37453251.0,10.1016/j.neurobiolaging.2023.06.011,AG000352-16
135609,"Nigel H Greig, PhD",38483119.0,10.1177/09636897241237049,AG000994-09
135609,"Nigel H Greig, PhD",36872339.0,10.1186/s12929-023-00907-5,AG000994-09
135609,"Nigel H Greig, PhD",38996940.0,10.1016/j.bmcl.2024.129885,AG000994-09
135629,"Edward G Lakatta, MD",38499959.0,10.1007/s11357-024-01121-3,AG000596-06
135629,"Edward G Lakatta, MD",38251682.0,10.7554/eLife.88732,AG000596-06
135540,"Olga V Fedorova, PhD",37301747.0,10.1161/JAHA.122.028768,AG000869-17
135540,"Edward G Lakatta, MD",37301747.0,10.1161/JAHA.122.028768,AG000869-17
135566,"Mingyi  Wang, MD, PhD, MS",37097759.0,10.1172/JCI165933,AG000240-17
135566,"Mingyi  Wang, MD, PhD, MS",36741836.0,10.3389/fcvm.2022.1096887,AG000240-17
135566,"Edward G Lakatta, MD",37097759.0,10.1172/JCI165933,AG000240-17
135566,"Edward G Lakatta, MD",36741836.0,10.3389/fcvm.2022.1096887,AG000240-17
135545,"Patricia J Gearhart, PhD",36865553.0,10.3389/fimmu.2023.1030813,AG000714-17
135555,"Rafael  De Cabo, BS, PhD",39001573.0,10.1111/acel.14273,AG000362-17
135631,"Andrew B Singleton, PhD",38181731.0,10.1016/j.ajhg.2023.12.006,AG000534-06
135631,"Andrew B Singleton, PhD",38487808.0,10.1016/j.patter.2024.100945,AG000534-06
135631,"Andrew B Singleton, PhD",38853922.0,10.1101/2024.05.27.24307990,AG000534-06
135631,"Andrew B Singleton, PhD",39030740.0,10.1002/alz.13873,AG000534-06
135631,"Andrew B Singleton, PhD",38889728.0,10.1016/j.ajhg.2024.05.017,AG000534-06
135631,"Andrew B Singleton, PhD",38066663.0,10.1111/acel.14030,AG000534-06
135631,"Andrew B Singleton, PhD",37539664.0,10.1002/mds.29511,AG000534-06
135631,"Andrew B Singleton, PhD",38849413.0,10.1038/s41531-024-00729-8,AG000534-06
135631,"Andrew B Singleton, PhD",38770829.0,10.1002/alz.13858,AG000534-06
135611,"Edward G Lakatta, MD",38967697.0,10.1007/s11357-024-01267-0,AG000891-09
137954,Tianyi  Huang,39017683.0,10.2337/dc24-0213,AG000530-01
135577,"Fred E Indig, PhD",37998365.0,10.3390/cells12222630,AG000615-17
135577,"Fred E Indig, PhD",38637019.0,10.18632/aging.205776,AG000615-17
135511,"Michael  Stern, MD, PhD",38148905.0,10.3389/fphys.2023.1276023,AG000844-28
135511,"Michael  Stern, MD, PhD",37744735.0,10.1063/5.0151255,AG000844-28
135523,"Ranjan  Sen, PhD",38284995.0,10.1084/jem.20232265,AG000383-21
135675,"Edward G Lakatta, MD",38689157.0,10.1007/s11357-024-01172-6,AG000230-03
135582,"Nigel H Greig, PhD",38574841.0,10.1016/j.yrtph.2024.105614,AG000333-16
135582,"Nigel H Greig, PhD",39062586.0,10.3390/biom14070872,AG000333-16
135582,"Nigel H Greig, PhD",36902115.0,10.3390/ijms24054687,AG000333-16
135582,"Nigel H Greig, PhD",38532069.0,10.1007/s11357-024-01120-4,AG000333-16
135582,"Nigel H Greig, PhD",36907221.0,10.1093/brain/awad003,AG000333-16
135582,"Nigel H Greig, PhD",38627765.0,10.1186/s12929-024-01025-6,AG000333-16
135582,"Nigel H Greig, PhD",38563864.0,10.1007/s11357-024-01116-0,AG000333-16
135656,"Nathan Bohdanovich Basisty, BS, PhD",37862381.0,10.1073/pnas.2219801120,AG000346-04
135568,"Mark Robert Cookson, PhD",37229975.0,10.1016/j.scr.2023.103125,AG000939-17
135548,"Myriam  Gorospe, PhD",39143693.0,10.1111/acel.14297,AG000393-17
135548,"Myriam  Gorospe, PhD",37667102.0,10.1038/s43587-023-00480-4,AG000393-17
135548,"Myriam  Gorospe, PhD",37728586.0,10.14336/AD.2023.0812,AG000393-17
135548,"Myriam  Gorospe, PhD",38587072.0,10.1172/jci.insight.172678,AG000393-17
135548,"Myriam  Gorospe, PhD",37862381.0,10.1073/pnas.2219801120,AG000393-17
135548,"Myriam  Gorospe, PhD",38721764.0,10.1093/nar/gkae322,AG000393-17
135548,"Myriam  Gorospe, PhD",38769646.0,10.1080/10985549.2024.2350540,AG000393-17
135548,"Myriam  Gorospe, PhD",38637019.0,10.18632/aging.205776,AG000393-17
135575,"Eleanor M Simonsick, PhD",38847146.0,10.1161/JAHA.123.033320,AG000971-17
135575,"Eleanor M Simonsick, PhD",36652230.0,10.1093/gerona/glad020,AG000971-17
135575,"Eleanor M Simonsick, PhD",37795971.0,10.1093/gerona/glad238,AG000971-17
135575,"Eleanor M Simonsick, PhD",38457361.0,10.1093/gerona/glae076,AG000971-17
135575,"Eleanor M Simonsick, PhD",37836476.0,10.3390/nu15194193,AG000971-17
135575,"Luigi  Ferrucci, MD, PhD",38847146.0,10.1161/JAHA.123.033320,AG000971-17
135575,"Luigi  Ferrucci, MD, PhD",36652230.0,10.1093/gerona/glad020,AG000971-17
135575,"Luigi  Ferrucci, MD, PhD",37795971.0,10.1093/gerona/glad238,AG000971-17
135575,"Luigi  Ferrucci, MD, PhD",38457361.0,10.1093/gerona/glae076,AG000971-17
135575,"Luigi  Ferrucci, MD, PhD",37836476.0,10.3390/nu15194193,AG000971-17
135489,"Josephine M Egan, MD",37515772.0,10.1016/j.celrep.2023.112903,AG000454-06
135561,"Edward G Lakatta, MD",38148905.0,10.3389/fphys.2023.1276023,AG000232-17
135539,"Huaibin  Cai, PhD",38915717.0,10.1101/2024.06.12.598675,AG000944-17
135625,"Payel  Sen, PhD",39069555.0,10.1038/s41467-024-50725-y,AG000679-06
135625,"Payel  Sen, PhD",37117791.0,10.1038/s43587-023-00384-3,AG000679-06
135625,"Payel  Sen, PhD",37116496.0,10.1016/j.molcel.2023.04.005,AG000679-06
135653,Qu  Tian,36739565.0,10.1111/joim.13612,AG000334-05
135653,"Luigi  Ferrucci, MD, PhD",36739565.0,10.1111/joim.13612,AG000334-05
135632,"Andrew B Singleton, PhD",37729920.0,10.1016/j.crmeth.2023.100593,AG000535-06
135508,"Nan-Ping  Weng, PhD",38410516.0,10.3389/fimmu.2024.1360229,AG000756-27
135660,Allison Beth Herman,37097759.0,10.1172/JCI165933,AG000491-04
135660,Allison Beth Herman,37083495.0,10.7554/eLife.84238,AG000491-04
135660,Allison Beth Herman,37462262.0,10.1111/acel.13915,AG000491-04
135660,Allison Beth Herman,37744304.0,10.1002/jex2.106,AG000491-04
135660,Allison Beth Herman,37667102.0,10.1038/s43587-023-00480-4,AG000491-04
135660,Allison Beth Herman,37728586.0,10.14336/AD.2023.0812,AG000491-04
135660,Allison Beth Herman,38587072.0,10.1172/jci.insight.172678,AG000491-04
135531,"Andrew B Singleton, PhD",38889728.0,10.1016/j.ajhg.2024.05.017,AG000949-19
135531,"Andrew B Singleton, PhD",38191580.0,10.1038/s41531-023-00608-8,AG000949-19
135531,"Andrew B Singleton, PhD",37633302.0,10.1016/S1474-4422(23)00283-1,AG000949-19
135626,"Yie  Liu, PhD",36826621.0,10.1007/s11357-023-00752-2,AG000698-06
135603,"Luigi  Ferrucci, MD, PhD",37162031.0,10.1111/acel.13851,AG000995-10
135603,"Luigi  Ferrucci, MD, PhD",36915943.0,10.1093/gerona/glad083,AG000995-10
135603,"Luigi  Ferrucci, MD, PhD",36910594.0,10.1038/s43587-022-00243-7,AG000995-10
135603,"Luigi  Ferrucci, MD, PhD",37350292.0,10.1111/acel.13902,AG000995-10
135603,"Luigi  Ferrucci, MD, PhD",36892048.0,10.1161/JAHA.122.027088,AG000995-10
135603,"Luigi  Ferrucci, MD, PhD",37530130.0,10.1002/alz.13388,AG000995-10
135603,"Luigi  Ferrucci, MD, PhD",37235639.0,10.1093/gerona/glad135,AG000995-10
135546,"Ranjan  Sen, PhD",38866970.0,10.1038/s41556-024-01424-9,AG000373-17
135546,"Ranjan  Sen, PhD",38284995.0,10.1084/jem.20232265,AG000373-17
135546,"Ranjan  Sen, PhD",38770228.0,10.26599/agr.2023.9340010,AG000373-17
135513,"Lenore Joy Launer, PhD",39011113.0,10.21203/rs.3.rs-4535534/v1,AG007270-25
135513,"Lenore Joy Launer, PhD",38127979.0,10.1073/pnas.2300842120,AG007270-25
135712,"Bin  Gao, MD, PhD",38969487.0,10.1136/gutjnl-2024-332514,AA000369-23
135712,"Bin  Gao, MD, PhD",37338984.0,10.1172/JCI166954,AA000369-23
135712,"Bin  Gao, MD, PhD",36593103.0,10.1136/gutjnl-2022-327924,AA000369-23
135712,"Bin  Gao, MD, PhD",36631664.0,10.1038/s12276-022-00921-x,AA000369-23
135712,"Bin  Gao, MD, PhD",35844150.0,10.1002/hep.32675,AA000369-23
135712,"Bin  Gao, MD, PhD",38811575.0,10.1038/s41467-024-48911-z,AA000369-23
135712,"Bin  Gao, MD, PhD",38724220.0,10.1136/gutjnl-2024-332033,AA000369-23
135729,"Malliga R Iyer, PhD",37720784.0,10.1021/acsomega.3c04681,AA000360-04
135729,"Malliga R Iyer, PhD",38998987.0,10.3390/molecules29133036,AA000360-04
135729,"Malliga R Iyer, PhD",38732230.0,10.3390/ijms25095012,AA000360-04
135733,"Paule Valery Joseph, PhD, MSN, CRNP",38245501.0,10.1038/s41398-024-02756-8,AA000139-02
135733,"Paule Valery Joseph, PhD, MSN, CRNP",38776446.0,10.1097/ADM.0000000000001332,AA000139-02
135716,"David Michael Lovinger, PhD",37739964.0,10.1038/s41467-023-41581-3,AA000416-19
135716,"David Michael Lovinger, PhD",38941461.0,10.1126/sciadv.adm6951,AA000416-19
135707,"George  Kunos, MD, PhD",38693144.0,10.1038/s41467-024-47085-y,AA000350-24
135707,"George  Kunos, MD, PhD",38200648.0,,AA000350-24
135707,"George  Kunos, MD, PhD",38200648.0,10.1681/ASN.0000000000000294,AA000350-24
135732,"Paule Valery Joseph, PhD, MSN, CRNP",38776446.0,10.1097/ADM.0000000000001332,AA000138-03
135732,"Paule Valery Joseph, PhD, MSN, CRNP",38877790.0,10.1093/chemse/bjae025,AA000138-03
135732,"Paule Valery Joseph, PhD, MSN, CRNP",39050135.0,10.3389/fnut.2024.1408248,AA000138-03
135732,"Paule Valery Joseph, PhD, MSN, CRNP",38354113.0,10.1371/journal.pone.0297060,AA000138-03
135732,"Paule Valery Joseph, PhD, MSN, CRNP",38761171.0,10.1093/chemse/bjae020,AA000138-03
135732,"Paule Valery Joseph, PhD, MSN, CRNP",38855287.0,10.1002/wjo2.179,AA000138-03
135703,"Paule Valery Joseph, PhD, MSN, CRNP",38953334.0,10.1002/eat.24244,AA000135-04
135703,"Paule Valery Joseph, PhD, MSN, CRNP",39108535.0,10.1101/2024.06.24.24309440,AA000135-04
135703,"Paule Valery Joseph, PhD, MSN, CRNP",38877790.0,10.1093/chemse/bjae025,AA000135-04
135710,"Byoungjoon  Song, PhD",37891965.0,10.3390/antiox12101886,AA000036-38
135710,"Byoungjoon  Song, PhD",38891060.0,10.3390/cells13110927,AA000036-38
135710,"Byoungjoon  Song, PhD",38978321.0,10.1002/jev2.12479,AA000036-38
135723,"Reza Reza Momenan, PhD",38245501.0,10.1038/s41398-024-02756-8,AA000125-09
135723,"Reza Reza Momenan, PhD",37935861.0,10.1038/s41386-023-01750-w,AA000125-09
135723,"Reza Reza Momenan, PhD",37436103.0,,AA000125-09
135723,"Reza Reza Momenan, PhD",37436103.0,10.1111/acer.15346.,AA000125-09
135723,"Reza Reza Momenan, PhD",37436103.0,10.3389/fnimg.2023.1138193,AA000125-09
135723,"Reza Reza Momenan, PhD",37436103.0,10.1038/s41380-022-01855-6,AA000125-09
135723,"Reza Reza Momenan, PhD",37436103.0,10.1002/hbm.26404,AA000125-09
135724,"Melanie  Schwandt, PhD",38245501.0,10.1038/s41398-024-02756-8,AA000130-08
135724,"Melanie  Schwandt, PhD",38619432.0,10.1097/HC9.0000000000000414,AA000130-08
135724,"Melanie  Schwandt, PhD",38956031.0,10.1038/s41398-024-02987-9,AA000130-08
135724,"Melanie  Schwandt, PhD",37769594.0,10.1016/j.jpsychires.2023.09.018,AA000130-08
135724,"Melanie  Schwandt, PhD",38982564.0,10.1111/acer.15346,AA000130-08
135724,"Melanie  Schwandt, PhD",38865325.0,10.1371/journal.pone.0302195,AA000130-08
135724,"Melanie  Schwandt, PhD",38537764.0,10.1016/j.alcohol.2024.03.013,AA000130-08
135724,"Melanie  Schwandt, PhD",38727677.0,10.1097/HC9.0000000000000431,AA000130-08
135724,"Melanie  Schwandt, PhD",38281600.0,10.1016/j.jad.2024.01.209,AA000130-08
135724,"Melanie  Schwandt, PhD",37575566.0,10.3389/fpsyt.2023.1185770,AA000130-08
135724,"Nancy  Diazgranados, MD",38245501.0,10.1038/s41398-024-02756-8,AA000130-08
135724,"Nancy  Diazgranados, MD",38619432.0,10.1097/HC9.0000000000000414,AA000130-08
135724,"Nancy  Diazgranados, MD",38956031.0,10.1038/s41398-024-02987-9,AA000130-08
135724,"Nancy  Diazgranados, MD",37769594.0,10.1016/j.jpsychires.2023.09.018,AA000130-08
135724,"Nancy  Diazgranados, MD",38982564.0,10.1111/acer.15346,AA000130-08
135724,"Nancy  Diazgranados, MD",38865325.0,10.1371/journal.pone.0302195,AA000130-08
135724,"Nancy  Diazgranados, MD",38537764.0,10.1016/j.alcohol.2024.03.013,AA000130-08
135724,"Nancy  Diazgranados, MD",38727677.0,10.1097/HC9.0000000000000431,AA000130-08
135724,"Nancy  Diazgranados, MD",38281600.0,10.1016/j.jad.2024.01.209,AA000130-08
135724,"Nancy  Diazgranados, MD",37575566.0,10.3389/fpsyt.2023.1185770,AA000130-08
135724,"David  Goldman, MD",38245501.0,10.1038/s41398-024-02756-8,AA000130-08
135724,"David  Goldman, MD",38619432.0,10.1097/HC9.0000000000000414,AA000130-08
135724,"David  Goldman, MD",38956031.0,10.1038/s41398-024-02987-9,AA000130-08
135724,"David  Goldman, MD",37769594.0,10.1016/j.jpsychires.2023.09.018,AA000130-08
135724,"David  Goldman, MD",38982564.0,10.1111/acer.15346,AA000130-08
135724,"David  Goldman, MD",38865325.0,10.1371/journal.pone.0302195,AA000130-08
135724,"David  Goldman, MD",38537764.0,10.1016/j.alcohol.2024.03.013,AA000130-08
135724,"David  Goldman, MD",38727677.0,10.1097/HC9.0000000000000431,AA000130-08
135724,"David  Goldman, MD",38281600.0,10.1016/j.jad.2024.01.209,AA000130-08
135724,"David  Goldman, MD",37575566.0,10.3389/fpsyt.2023.1185770,AA000130-08
135709,"David Michael Lovinger, PhD",38941461.0,10.1126/sciadv.adm6951,AA000407-23
135721,"Falk  Lohoff, MD",37076473.0,10.1038/s41467-023-37729-w,AA000242-10
135721,"Falk  Lohoff, MD",36991131.0,10.1038/s41380-022-01909-9,AA000242-10
135721,"Falk  Lohoff, MD",37550455.0,10.1038/s43587-023-00455-5,AA000242-10
135721,"Falk  Lohoff, MD",38276909.0,10.1111/acer.15241,AA000242-10
135721,"Falk  Lohoff, MD",38017640.0,10.1111/adb.13342,AA000242-10
135718,"Pal  Pacher, MD, PhD",37726433.0,10.1007/s11357-023-00928-w,AA000375-19
135718,"Pal  Pacher, MD, PhD",39144568.0,10.1021/acsptsci.4c00269,AA000375-19
135718,"Pal  Pacher, MD, PhD",37642933.0,10.1007/s11357-023-00870-x,AA000375-19
135718,"Pal  Pacher, MD, PhD",38052772.0,10.1038/s41467-023-43606-3,AA000375-19
135718,"Pal  Pacher, MD, PhD",38630423.0,10.1007/s11357-024-01153-9,AA000375-19
135718,"Pal  Pacher, MD, PhD",38094682.0,10.1016/j.jacbts.2023.06.005,AA000375-19
135718,"Pal  Pacher, MD, PhD",37762130.0,10.3390/ijms241813826,AA000375-19
135715,"Nora D Volkow, MD",38806481.0,10.1038/s41467-024-48780-6,AA000550-21
135715,"Nora D Volkow, MD",38717781.0,10.1001/jamapsychiatry.2024.0810,AA000550-21
135715,"Nora D Volkow, MD",38677161.0,10.1016/j.drugpo.2024.104431,AA000550-21
135715,"Nora D Volkow, MD",38491089.0,10.1038/s41467-024-46690-1,AA000550-21
135715,"Nora D Volkow, MD",38486046.0,10.1038/s41380-024-02498-5,AA000550-21
135715,"Nora D Volkow, MD",38417787.0,10.1016/j.bpsc.2024.02.012,AA000550-21
135715,"Nora D Volkow, MD",38410637.0,10.3389/fnut.2024.1254341,AA000550-21
135715,"Nora D Volkow, MD",38409281.0,10.1038/s41386-024-01831-4,AA000550-21
135715,"Nora D Volkow, MD",38326458.0,10.1038/s41386-024-01803-8,AA000550-21
135715,"Nora D Volkow, MD",38300178.0,10.1093/cercor/bhae014,AA000550-21
135715,"Nora D Volkow, MD",38182782.0,10.1038/s41591-023-02672-2,AA000550-21
135715,"Nora D Volkow, MD",38109535.0,10.1073/pnas.2314596120,AA000550-21
135715,"Nora D Volkow, MD",37991773.0,10.1001/jamapsychiatry.2023.4523,AA000550-21
135715,"Nora D Volkow, MD",37938560.0,10.1038/s41467-023-41972-6,AA000550-21
135715,"Nora D Volkow, MD",37935861.0,10.1038/s41386-023-01750-w,AA000550-21
135715,"Nora D Volkow, MD",37844966.0,10.1136/fmch-2023-002453,AA000550-21
135715,"Nora D Volkow, MD",37832975.0,10.1136/fmch-2023-002456,AA000550-21
135715,"Nora D Volkow, MD",37804305.0,10.1016/j.jadohealth.2023.08.033,AA000550-21
135715,"Nora D Volkow, MD",37769983.0,10.1016/j.biopsych.2023.09.017,AA000550-21
135715,"Nora D Volkow, MD",37516341.0,10.1016/j.pneurobio.2023.102510,AA000550-21
135715,"Nora D Volkow, MD",37316576.0,10.1038/s41386-023-01601-8,AA000550-21
135715,"Nora D Volkow, MD",37140715.0,10.1017/S0033291723000880,AA000550-21
135727,"Paule Valery Joseph, PhD, MSN, CRNP",38245501.0,10.1038/s41398-024-02756-8,AA000136-04
135727,"Paule Valery Joseph, PhD, MSN, CRNP",38953334.0,10.1002/eat.24244,AA000136-04
135727,"Paule Valery Joseph, PhD, MSN, CRNP",39108535.0,10.1101/2024.06.24.24309440,AA000136-04
135727,"Paule Valery Joseph, PhD, MSN, CRNP",38877790.0,10.1093/chemse/bjae025,AA000136-04
135727,"Paule Valery Joseph, PhD, MSN, CRNP",39050135.0,10.3389/fnut.2024.1408248,AA000136-04
135727,"Paule Valery Joseph, PhD, MSN, CRNP",38354113.0,10.1371/journal.pone.0297060,AA000136-04
135727,"Paule Valery Joseph, PhD, MSN, CRNP",38761171.0,10.1093/chemse/bjae020,AA000136-04
135727,"Paule Valery Joseph, PhD, MSN, CRNP",38756556.0,10.1093/haschl/qxae005,AA000136-04
135727,"Paule Valery Joseph, PhD, MSN, CRNP",38855287.0,10.1002/wjo2.179,AA000136-04
135713,"Steven Saul Vogel, PhD",38918547.0,10.1038/s42003-024-06423-y,AA000452-22
135713,"Steven Saul Vogel, PhD",37351579.0,10.1039/d3cp01765f,AA000452-22
135719,"Veronica Alicia Alvarez, PhD",36796842.0,,AA000421-17
135719,"Veronica Alicia Alvarez, PhD",36796842.0,10.1523/JNEUROSCI.1179-22.2022,AA000421-17
135719,"Veronica Alicia Alvarez, PhD",38838841.0,10.1016/j.biopsych.2024.05.020,AA000421-17
135730,"Resat  Cinar, PhD",38998987.0,10.3390/molecules29133036,AA000355-04
135730,"Resat  Cinar, PhD",37890204.0,10.1016/j.biopha.2023.115178,AA000355-04
135730,"Resat  Cinar, PhD",38200648.0,10.1681/ASN.0000000000000294,AA000355-04
135730,"Resat  Cinar, PhD",39024537.0,10.1165/rcmb.2024-0086OC,AA000355-04
135730,"Resat  Cinar, PhD",37824216.0,10.1172/jci.insight.164380,AA000355-04
135704,"David  Goldman, MD",38245501.0,10.1038/s41398-024-02756-8,AA000301-26
135704,"David  Goldman, MD",38776446.0,10.1097/ADM.0000000000001332,AA000301-26
135704,"David  Goldman, MD",38619432.0,10.1097/HC9.0000000000000414,AA000301-26
135704,"David  Goldman, MD",38711244.0,10.1002/cpt.3286,AA000301-26
135704,"David  Goldman, MD",38956031.0,,AA000301-26
135704,"David  Goldman, MD",38956031.0,10.1038/s41398-024-02987-9,AA000301-26
135704,"David  Goldman, MD",38697012.0,10.1016/j.jpsychires.2024.04.028,AA000301-26
135704,"David  Goldman, MD",38059389.0,10.1111/acer.15234,AA000301-26
135704,"David  Goldman, MD",36966147.0,10.1038/s41420-023-01400-6,AA000301-26
135704,"David  Goldman, MD",38693144.0,10.1038/s41467-024-47085-y,AA000301-26
135704,"David  Goldman, MD",37796138.0,10.1097/HEP.0000000000000617,AA000301-26
135704,"David  Goldman, MD",36782063.0,10.1038/s41380-023-01985-5,AA000301-26
135704,"David  Goldman, MD",37372414.0,10.3390/genes14061234,AA000301-26
135704,"David  Goldman, MD",38727677.0,10.1097/HC9.0000000000000431,AA000301-26
135704,"David  Goldman, MD",36958667.0,10.1016/j.pnpbp.2023.110756,AA000301-26
135704,"David  Goldman, MD",39020286.0,10.1080/10253890.2024.2377272,AA000301-26
135717,"Vijay A Ramchandani, BPharmSc, PhD",38245501.0,10.1038/s41398-024-02756-8,AA000466-19
135717,"Vijay A Ramchandani, BPharmSc, PhD",38776446.0,10.1097/ADM.0000000000001332,AA000466-19
135717,"Vijay A Ramchandani, BPharmSc, PhD",38956031.0,10.1038/s41398-024-02987-9,AA000466-19
135717,"Vijay A Ramchandani, BPharmSc, PhD",38315678.0,10.1093/ijnp/pyae009,AA000466-19
135717,"Vijay A Ramchandani, BPharmSc, PhD",38034930.0,10.3389/fpsyt.2023.1268890,AA000466-19
135717,"Vijay A Ramchandani, BPharmSc, PhD",37769594.0,10.1016/j.jpsychires.2023.09.018,AA000466-19
135717,"Vijay A Ramchandani, BPharmSc, PhD",38479194.0,10.1016/j.psychres.2024.115826,AA000466-19
135717,"Vijay A Ramchandani, BPharmSc, PhD",38982564.0,10.1111/acer.15346,AA000466-19
135717,"Vijay A Ramchandani, BPharmSc, PhD",38354113.0,10.1371/journal.pone.0297060,AA000466-19
135717,"Vijay A Ramchandani, BPharmSc, PhD",38087917.0,10.1002/acn3.51943,AA000466-19
135717,"Vijay A Ramchandani, BPharmSc, PhD",38827175.0,10.1016/j.ynstr.2024.100644,AA000466-19
135717,"Vijay A Ramchandani, BPharmSc, PhD",36844167.0,10.1016/j.dadr.2022.100105,AA000466-19
135717,"Vijay A Ramchandani, BPharmSc, PhD",38281600.0,10.1016/j.jad.2024.01.209,AA000466-19
135717,"Vijay A Ramchandani, BPharmSc, PhD",39208422.0,10.1093/ijnp/pyae035,AA000466-19
135989,"Eli  Boritz, MD, PhD",36599978.0,10.1038/s41586-022-05556-6,AI005131-08
135989,"Eli  Boritz, MD, PhD",36599367.0,10.1038/s41586-022-05613-0,AI005131-08
135989,"Eli  Boritz, MD, PhD",37033916.0,10.3389/fimmu.2023.1007626,AI005131-08
135750,"Yasmine  Belkaid, PhD",38677292.0,10.1016/j.immuni.2024.04.001,AI001132-14
135750,"Yasmine  Belkaid, PhD",38513665.0,10.1016/j.immuni.2024.02.020,AI001132-14
135750,"Michail S Lionakis, MD",38677292.0,10.1016/j.immuni.2024.04.001,AI001132-14
135750,"Michail S Lionakis, MD",38513665.0,10.1016/j.immuni.2024.02.020,AI001132-14
135795,"Philip M Murphy, MD",38123151.0,10.1111/bph.16177,AI000615-34
135795,"Philip M Murphy, MD",38185798.0,10.1111/jcpe.13940,AI000615-34
135795,"Philip M Murphy, MD",38154666.0,10.1016/j.jaci.2023.12.011,AI000615-34
135795,"Philip M Murphy, MD",37561579.0,10.1101/2023.06.05.543759,AI000615-34
135795,"Philip M Murphy, MD",37561579.0,10.1172/JCI164918,AI000615-34
135990,"Luigi Daniele Notarangelo, MD",38422122.0,10.1126/science.adh4059,AI001222-08
135990,"Luigi Daniele Notarangelo, MD",38701783.0,10.1016/j.cell.2024.04.009,AI001222-08
135990,"Luigi Daniele Notarangelo, MD",38015619.0,10.1172/JCI172573,AI001222-08
135990,"Luigi Daniele Notarangelo, MD",37938781.0,10.1038/s41586-023-06717-x,AI001222-08
135990,"Luigi Daniele Notarangelo, MD",37883797.0,10.1182/bloodadvances.2023011264,AI001222-08
135990,"Luigi Daniele Notarangelo, MD",37757827.0,10.1016/j.xcrm.2023.101205,AI001222-08
135990,"Luigi Daniele Notarangelo, MD",38129705.0,10.1007/s10875-023-01633-1,AI001222-08
135990,"Luigi Daniele Notarangelo, MD",38099988.0,10.1007/s10875-023-01627-z,AI001222-08
135990,"Luigi Daniele Notarangelo, MD",38810185.0,10.1056/NEJMoa2312665,AI001222-08
135990,"Luigi Daniele Notarangelo, MD",38399799.0,10.3390/microorganisms12020394,AI001222-08
135990,"Luigi Daniele Notarangelo, MD",38367737.0,10.1016/j.clim.2024.109942,AI001222-08
135990,"Luigi Daniele Notarangelo, MD",38096800.0,10.1182/bloodadvances.2023011766,AI001222-08
135990,"Luigi Daniele Notarangelo, MD",38022635.0,10.3389/fimmu.2023.1268620,AI001222-08
135990,"Luigi Daniele Notarangelo, MD",38324638.0,10.1126/scitranslmed.adh8162,AI001222-08
135990,"Luigi Daniele Notarangelo, MD",37567393.0,10.1016/j.jaci.2023.07.017,AI001222-08
135990,"Luigi Daniele Notarangelo, MD",38290608.0,10.1016/j.jaci.2024.01.013,AI001222-08
135990,"Luigi Daniele Notarangelo, MD",37562003.0,10.1182/blood.2022019586,AI001222-08
135990,"Luigi Daniele Notarangelo, MD",37478401.0,10.1182/blood.2022019117,AI001222-08
136013,"Joel  Vega-Rodriguez, PhD",37982627.0,10.1128/spectrum.00940-23,AI001250-06
136013,"Joel  Vega-Rodriguez, PhD",38131664.0,10.1128/mbio.03142-23,AI001250-06
136013,"Joel  Vega-Rodriguez, PhD",36847501.0,10.1128/spectrum.03671-22,AI001250-06
136013,"Joel  Vega-Rodriguez, PhD",37191558.0,10.1128/spectrum.04493-22,AI001250-06
135926,"Yasmine  Belkaid, PhD",38451947.0,10.1073/pnas.2322574121,AI001115-16
135926,"Michail S Lionakis, MD",38451947.0,10.1073/pnas.2322574121,AI001115-16
135841,"Masaru  Kanekiyo, PhD, DVM",38430907.0,10.1016/j.immuni.2024.02.003,AI005003-23
135841,"Masaru  Kanekiyo, PhD, DVM",37766976.0,10.1016/j.isci.2023.107830,AI005003-23
135841,"Masaru  Kanekiyo, PhD, DVM",38096058.0,10.1016/j.celrep.2023.113552,AI005003-23
135841,"Masaru  Kanekiyo, PhD, DVM",38096052.0,10.1016/j.celrep.2023.113553,AI005003-23
135841,"Masaru  Kanekiyo, PhD, DVM",38873606.0,10.3389/fimmu.2024.1399960,AI005003-23
135841,"Masaru  Kanekiyo, PhD, DVM",38670113.0,10.1016/j.immuni.2024.03.022,AI005003-23
135841,"Masaru  Kanekiyo, PhD, DVM",38177625.0,10.1038/s43588-022-00375-1,AI005003-23
135841,"Masaru  Kanekiyo, PhD, DVM",38717904.0,10.1016/j.celrep.2024.114171,AI005003-23
135983,"Steven M Holland, MD",37659505.0,10.1016/j.jaci.2023.07.022,AI001216-09
136007,Morgan N Similuk,37215141.0,10.3389/fimmu.2023.1172004,AI001244-06
136007,Morgan N Similuk,37277074.0,10.1016/j.jaci.2023.05.017,AI001244-06
136007,Morgan N Similuk,36875114.0,10.3389/fimmu.2023.1133387,AI001244-06
136007,Morgan N Similuk,37953324.0,10.1093/nar/gkad1005,AI001244-06
136007,Morgan N Similuk,37133586.0,10.1056/NEJMoa2202348,AI001244-06
136007,Morgan N Similuk,38987885.0,10.1002/jgc4.1949,AI001244-06
136007,Morgan N Similuk,38810185.0,10.1056/NEJMoa2312665,AI001244-06
136007,Morgan N Similuk,38836869.0,10.1016/j.gim.2024.101145,AI001244-06
136007,"Magdalena Anna Walkiewicz, PhD",37215141.0,10.3389/fimmu.2023.1172004,AI001244-06
136007,"Magdalena Anna Walkiewicz, PhD",37277074.0,10.1016/j.jaci.2023.05.017,AI001244-06
136007,"Magdalena Anna Walkiewicz, PhD",36875114.0,10.3389/fimmu.2023.1133387,AI001244-06
136007,"Magdalena Anna Walkiewicz, PhD",37953324.0,10.1093/nar/gkad1005,AI001244-06
136007,"Magdalena Anna Walkiewicz, PhD",37133586.0,10.1056/NEJMoa2202348,AI001244-06
136007,"Magdalena Anna Walkiewicz, PhD",38987885.0,10.1002/jgc4.1949,AI001244-06
136007,"Magdalena Anna Walkiewicz, PhD",38810185.0,10.1056/NEJMoa2312665,AI001244-06
136007,"Magdalena Anna Walkiewicz, PhD",38836869.0,10.1016/j.gim.2024.101145,AI001244-06
136007,"Steven M Holland, MD",37215141.0,10.3389/fimmu.2023.1172004,AI001244-06
136007,"Steven M Holland, MD",37277074.0,10.1016/j.jaci.2023.05.017,AI001244-06
136007,"Steven M Holland, MD",36875114.0,10.3389/fimmu.2023.1133387,AI001244-06
136007,"Steven M Holland, MD",37953324.0,10.1093/nar/gkad1005,AI001244-06
136007,"Steven M Holland, MD",37133586.0,10.1056/NEJMoa2202348,AI001244-06
136007,"Steven M Holland, MD",38987885.0,10.1002/jgc4.1949,AI001244-06
136007,"Steven M Holland, MD",38810185.0,10.1056/NEJMoa2312665,AI001244-06
136007,"Steven M Holland, MD",38836869.0,10.1016/j.gim.2024.101145,AI001244-06
135987,"Raphaela  Goldbach Mansky, MD, MHS",37488949.0,10.1002/art.42664,AI001220-08
135987,"Raphaela  Goldbach Mansky, MD, MHS",36624264.0,10.1038/s41418-022-01106-9,AI001220-08
135987,"Raphaela  Goldbach Mansky, MD, MHS",38653530.0,10.1136/ard-2023-225463,AI001220-08
135987,"Raphaela  Goldbach Mansky, MD, MHS",36932076.0,10.1038/s41467-023-36941-y,AI001220-08
135987,"Raphaela  Goldbach Mansky, MD, MHS",38810185.0,10.1056/NEJMoa2312665,AI001220-08
135987,"Raphaela  Goldbach Mansky, MD, MHS",37600812.0,10.3389/fimmu.2023.1190104,AI001220-08
135987,"Raphaela  Goldbach Mansky, MD, MHS",37486733.0,10.1002/art.42636,AI001220-08
135993,"Heather Dawn Hickman, PhD",37153622.0,10.3389/fimmu.2023.1021824,AI001225-08
135993,"Heather Dawn Hickman, PhD",38170993.0,10.1128/mbio.02998-23,AI001225-08
135993,"Heather Dawn Hickman, PhD",38446669.0,10.1016/j.celrep.2024.113876,AI001225-08
135993,"Heather Dawn Hickman, PhD",38194268.0,10.1172/jci.insight.176537,AI001225-08
135993,"Heather Dawn Hickman, PhD",37809077.0,10.3389/fimmu.2023.1236595,AI001225-08
135993,"Heather Dawn Hickman, PhD",38009914.0,10.1128/jvi.01272-23,AI001225-08
135993,"Heather Dawn Hickman, PhD",38048388.0,10.1182/bloodadvances.2023011499,AI001225-08
135993,"Heather Dawn Hickman, PhD",38512721.0,10.7554/eLife.89015,AI001225-08
135829,"Xin-zhuan  Su, PhD",37874152.0,10.1128/mbio.02346-23,AI000892-24
135829,"Xin-zhuan  Su, PhD",38802937.0,10.1186/s13071-024-06319-0,AI000892-24
135829,"Xin-zhuan  Su, PhD",38809710.0,10.1073/pnas.2403796121,AI000892-24
135829,"Xin-zhuan  Su, PhD",37748059.0,10.1073/pnas.2311557120,AI000892-24
135829,"Xin-zhuan  Su, PhD",38413566.0,10.1038/s41467-024-46006-3,AI000892-24
135939,"Reda  Rawi, PhD",38177144.0,10.1038/s41467-023-44534-y,AI005114-15
135939,"Reda  Rawi, PhD",38430907.0,10.1016/j.immuni.2024.02.003,AI005114-15
135939,"Reda  Rawi, PhD",38819987.0,10.1016/j.celrep.2024.114285,AI005114-15
135939,"Reda  Rawi, PhD",39028623.0,10.1016/j.celrep.2024.114518,AI005114-15
135965,"Vincent Jacobus Munster, PhD",37145991.0,10.1371/journal.pgph.0001851,AI001190-11
135908,"Steven M Holland, MD",36856712.0,10.1513/AnnalsATS.202212-1019ST,AI001069-17
135908,"Steven M Holland, MD",37824621.0,10.1126/sciadv.adh3150,AI001069-17
136025,"Jeffrey  Cohen, MD",37877800.0,,AI001258-05
136025,"Jeffrey  Cohen, MD",37877800.0,10.1002/jmv.29179,AI001258-05
136025,"Jeffrey  Cohen, MD",38154666.0,10.1016/j.jaci.2023.12.011,AI001258-05
136025,"Jeffrey  Cohen, MD",38670948.0,10.1038/s41467-024-47784-6,AI001258-05
136025,"Jeffrey  Cohen, MD",37729613.0,10.1182/bloodadvances.2023011147,AI001258-05
136025,"Jeffrey  Cohen, MD",37481623.0,10.1038/s43856-023-00325-6,AI001258-05
135744,"Byron  Caughey, BS, PhD",38632492.0,10.1038/s41589-024-01580-x,AI001087-15
136096,"Richard A Koup, MD",38344971.0,10.1016/j.jaci.2023.10.012,AI005155-05
135809,"V Koneti  Rao, MD, FRCPA, MBBS",37797893.0,10.1016/j.jaci.2023.09.032,AI000732-30
135809,"V Koneti  Rao, MD, FRCPA, MBBS",38593221.0,10.1182/bloodadvances.2023011000,AI000732-30
135809,"V Koneti  Rao, MD, FRCPA, MBBS",37470143.0,10.3324/haematol.2023.283419,AI000732-30
135809,"V Koneti  Rao, MD, FRCPA, MBBS",37215141.0,10.3389/fimmu.2023.1172004,AI000732-30
135809,"V Koneti  Rao, MD, FRCPA, MBBS",37777067.0,10.1016/j.jaip.2023.09.016,AI000732-30
135809,"V Koneti  Rao, MD, FRCPA, MBBS",38154666.0,10.1016/j.jaci.2023.12.011,AI000732-30
135809,"V Koneti  Rao, MD, FRCPA, MBBS",38172257.0,10.1038/s41590-023-01691-y,AI000732-30
135910,"Martin  Meier-Schellersheim, PhD",38903111.0,10.1101/2024.05.20.595042,AI001076-17
135910,"Martin  Meier-Schellersheim, PhD",37862356.0,10.1371/journal.pcbi.1011577,AI001076-17
135910,"Martin  Meier-Schellersheim, PhD",37861280.0,10.7554/eLife.90681,AI001076-17
135910,"Martin  Meier-Schellersheim, PhD",37726484.0,10.1038/s42003-023-05332-w,AI001076-17
135834,"Tongqing  Zhou, PhD",38177144.0,10.1038/s41467-023-44534-y,AI005023-23
135834,"Tongqing  Zhou, PhD",39174553.0,10.1038/s41467-024-51539-8,AI005023-23
135834,"Tongqing  Zhou, PhD",37104089.0,10.1016/j.celrep.2023.112443,AI005023-23
135834,"Tongqing  Zhou, PhD",38042809.0,10.1038/s41467-023-43420-x,AI005023-23
135834,"Tongqing  Zhou, PhD",36976017.0,10.1128/jvi.01864-22,AI005023-23
135834,"Tongqing  Zhou, PhD",39028623.0,10.1016/j.celrep.2024.114518,AI005023-23
135834,"Peter D Kwong, PhD",38177144.0,10.1038/s41467-023-44534-y,AI005023-23
135834,"Peter D Kwong, PhD",39174553.0,10.1038/s41467-024-51539-8,AI005023-23
135834,"Peter D Kwong, PhD",37104089.0,10.1016/j.celrep.2023.112443,AI005023-23
135834,"Peter D Kwong, PhD",38042809.0,10.1038/s41467-023-43420-x,AI005023-23
135834,"Peter D Kwong, PhD",36976017.0,10.1128/jvi.01864-22,AI005023-23
135834,"Peter D Kwong, PhD",39028623.0,10.1016/j.celrep.2024.114518,AI005023-23
136085,"Tovi  Lehmann, PhD",38455906.0,10.3389/fepid.2023.1243691,AI001328-05
135884,"Carole A Long, PhD",37437014.0,10.1126/scitranslmed.adf1782,AI001020-18
135884,"Carole A Long, PhD",39059380.0,10.1016/j.cell.2024.06.015,AI001020-18
135884,"Carole A Long, PhD",36856421.0,10.1128/aac.01465-22,AI001020-18
135884,"Carole A Long, PhD",39127706.0,10.1038/s41541-024-00929-6,AI001020-18
135884,"Carole A Long, PhD",37616192.0,10.1371/journal.pgph.0002087,AI001020-18
135884,"Carole A Long, PhD",38971776.0,10.1186/s13071-024-06364-9,AI001020-18
135884,"Carole A Long, PhD",38901428.0,10.1016/j.immuni.2024.05.024,AI001020-18
135884,"Carole A Long, PhD",39019011.0,10.1016/j.xcrm.2024.101654,AI001020-18
135884,"Carole A Long, PhD",38704253.0,10.1016/j.vaccine.2024.04.073,AI001020-18
135884,"Carole A Long, PhD",37208733.0,10.1186/s12936-023-04591-6,AI001020-18
135884,"Carole A Long, PhD",36692019.0,10.1172/jci.insight.163859,AI001020-18
135884,"Carole A Long, PhD",37660103.0,10.1038/s41467-023-40878-7,AI001020-18
135884,"Carole A Long, PhD",38809710.0,10.1073/pnas.2403796121,AI001020-18
135884,"Carole A Long, PhD",37596283.0,10.1038/s41541-023-00709-8,AI001020-18
135884,"Carole A Long, PhD",38793797.0,10.3390/vaccines12050546,AI001020-18
135884,"Carole A Long, PhD",37542029.0,10.1038/s41541-023-00712-z,AI001020-18
135884,"Carole A Long, PhD",37100721.0,10.1016/j.vaccine.2023.04.042,AI001020-18
135884,"Carole A Long, PhD",37909740.0,10.1128/mbio.02232-23,AI001020-18
135884,"Carole A Long, PhD",36792576.0,10.1016/j.immuni.2023.01.012,AI001020-18
135884,"Carole A Long, PhD",37943633.0,10.1093/infdis/jiad469,AI001020-18
135884,"Carole A Long, PhD",38290009.0,10.1172/JCI175707,AI001020-18
135884,"Carole A Long, PhD",37748059.0,10.1073/pnas.2311557120,AI001020-18
135884,"Carole A Long, PhD",39059381.0,10.1016/j.cell.2024.06.037,AI001020-18
135884,"Carole A Long, PhD",38849365.0,10.1038/s41467-024-48721-3,AI001020-18
135884,"Carole A Long, PhD",37735574.0,10.1038/s41467-023-41636-5,AI001020-18
135880,"Patrick Emmet Duffy, MD",38184666.0,10.1038/s41541-023-00783-y,AI001008-18
135797,"Harry Lewis Malech, MD, BA",37743535.0,10.1111/jgh.16342,AI000644-33
135797,"Harry Lewis Malech, MD, BA",36685559.0,10.3389/fimmu.2022.1067417,AI000644-33
135797,"Harry Lewis Malech, MD, BA",38324638.0,10.1126/scitranslmed.adh8162,AI000644-33
135797,"Harry Lewis Malech, MD, BA",37659505.0,10.1016/j.jaci.2023.07.022,AI000644-33
135797,"Harry Lewis Malech, MD, BA",37793572.0,10.1016/j.jaci.2023.09.027,AI000644-33
135797,"Harry Lewis Malech, MD, BA",36928087.0,10.1182/blood.2022019142,AI000644-33
135797,"Harry Lewis Malech, MD, BA",38290608.0,10.1016/j.jaci.2024.01.013,AI000644-33
135797,"Harry Lewis Malech, MD, BA",37562003.0,10.1182/blood.2022019586,AI000644-33
135797,"Harry Lewis Malech, MD, BA",37561579.0,10.1172/JCI164918,AI000644-33
135797,"Harry Lewis Malech, MD, BA",38096800.0,10.1182/bloodadvances.2023011766,AI000644-33
135797,"Harry Lewis Malech, MD, BA",36638922.0,10.1016/j.jaci.2022.12.822,AI000644-33
135797,"Harry Lewis Malech, MD, BA",37159663.0,10.1016/j.crmeth.2023.100460,AI000644-33
135797,"Harry Lewis Malech, MD, BA",37620741.0,10.1007/s10875-023-01570-z,AI000644-33
135797,"Harry Lewis Malech, MD, BA",37208598.0,10.1186/s12876-023-02782-8,AI000644-33
135797,"Harry Lewis Malech, MD, BA",36332160.0,10.1182/blood.2022016074,AI000644-33
135915,"Aleksandra Urszula Nita-Lazar, PhD",37042708.0,10.1089/cmb.2022.0243,AI001085-16
135742,"Thomas Bruce Nutman, MD",39013374.0,10.4269/ajtmh.23-0908,AI001063-16
135742,"Thomas Bruce Nutman, MD",37967137.0,10.1371/journal.pntd.0011632,AI001063-16
135742,"Amy D Klion, MD",39013374.0,10.4269/ajtmh.23-0908,AI001063-16
135742,"Amy D Klion, MD",37967137.0,10.1371/journal.pntd.0011632,AI001063-16
135826,"James  Arthos, PhD",38932227.0,10.3390/v16060935,AI000883-24
135826,"James  Arthos, PhD",36976017.0,,AI000883-24
135826,"James  Arthos, PhD",36976017.0,10.1128/jvi.01864-22,AI000883-24
135826,"James  Arthos, PhD",38064524.0,10.1371/journal.ppat.1011860,AI000883-24
135826,"James  Arthos, PhD",36897929.0,10.1371/journal.ppat.1011209,AI000883-24
135826,"James  Arthos, PhD",38773089.0,10.1038/s41467-024-48514-8,AI000883-24
135826,"Irini  Sereti, MD",38932227.0,10.3390/v16060935,AI000883-24
135826,"Irini  Sereti, MD",36976017.0,,AI000883-24
135826,"Irini  Sereti, MD",36976017.0,10.1128/jvi.01864-22,AI000883-24
135826,"Irini  Sereti, MD",38064524.0,10.1371/journal.ppat.1011860,AI000883-24
135826,"Irini  Sereti, MD",36897929.0,10.1371/journal.ppat.1011209,AI000883-24
135826,"Irini  Sereti, MD",38773089.0,10.1038/s41467-024-48514-8,AI000883-24
135773,"Bernard  Moss, MD, PhD",37607234.0,10.1073/pnas.2304242120,AI000307-43
135905,"Susan  Pierce, PhD",36852995.0,10.1128/mbio.03391-22,AI001064-17
135905,"Susan  Pierce, PhD",38279124.0,10.1186/s13063-023-07808-w,AI001064-17
136091,"Daniel C Douek, MD, PhD",36599978.0,10.1038/s41586-022-05556-6,AI005151-05
136091,"Daniel C Douek, MD, PhD",36599367.0,10.1038/s41586-022-05613-0,AI005151-05
136091,"Daniel C Douek, MD, PhD",37198258.0,10.1038/s41598-023-31858-4,AI005151-05
136091,"Daniel C Douek, MD, PhD",38177144.0,10.1038/s41467-023-44534-y,AI005151-05
136091,"Daniel C Douek, MD, PhD",38749479.0,10.1038/s41586-024-07539-1,AI005151-05
136091,"Daniel C Douek, MD, PhD",37390827.0,10.1016/j.xcrm.2023.101096,AI005151-05
136091,"Daniel C Douek, MD, PhD",36692019.0,10.1172/jci.insight.163859,AI005151-05
136091,"Daniel C Douek, MD, PhD",38042809.0,10.1038/s41467-023-43420-x,AI005151-05
136091,"Daniel C Douek, MD, PhD",37483285.0,10.3389/fvets.2023.1182197,AI005151-05
136091,"Daniel C Douek, MD, PhD",37093875.0,10.4049/jimmunol.2200874,AI005151-05
136091,"Daniel C Douek, MD, PhD",37506197.0,10.1126/sciimmunol.adg0033,AI005151-05
136091,"Daniel C Douek, MD, PhD",37436899.0,10.1016/j.celrep.2023.112755,AI005151-05
136091,"Daniel C Douek, MD, PhD",36928598.0,10.1038/s42003-023-04589-5,AI005151-05
135873,"Jeffery K Taubenberger, BS, MD, PhD",38349163.0,10.1128/mbio.03218-23,AI000986-18
136022,"P'ng  Loke, PhD",37352372.0,10.1126/sciimmunol.add6910,AI001255-05
136022,"P'ng  Loke, PhD",39045514.0,10.1093/discim/kyae010,AI001255-05
136022,"P'ng  Loke, PhD",38134275.0,10.1126/sciadv.adh8310,AI001255-05
136022,"P'ng  Loke, PhD",38877178.0,10.1038/s41590-024-01862-5,AI001255-05
136003,"Pamela Lee Schwartzberg, MD, PhD",37781651.0,10.1016/j.jacig.2023.100131,AI001240-06
136003,"Pamela Lee Schwartzberg, MD, PhD",38903096.0,10.1101/2024.05.16.594397,AI001240-06
136051,"Vincent Jacobus Munster, PhD",38416804.0,10.7554/eLife.87094,AI001289-05
136051,"Vincent Jacobus Munster, PhD",37852960.0,10.1038/s41467-023-42346-8,AI001289-05
136051,"Vincent Jacobus Munster, PhD",37824621.0,10.1126/sciadv.adh3150,AI001289-05
135849,"Daniel C Douek, MD, PhD",36599978.0,10.1038/s41586-022-05556-6,AI005033-23
135849,"Daniel C Douek, MD, PhD",36599367.0,10.1038/s41586-022-05613-0,AI005033-23
135849,"Daniel C Douek, MD, PhD",37198258.0,10.1038/s41598-023-31858-4,AI005033-23
135849,"Daniel C Douek, MD, PhD",37390827.0,10.1016/j.xcrm.2023.101096,AI005033-23
135849,"Daniel C Douek, MD, PhD",36692019.0,10.1172/jci.insight.163859,AI005033-23
135849,"Daniel C Douek, MD, PhD",37093875.0,10.4049/jimmunol.2200874,AI005033-23
135849,"Daniel C Douek, MD, PhD",37436899.0,10.1016/j.celrep.2023.112755,AI005033-23
135911,"Frank R DeLeo, PhD",38916317.0,10.1128/spectrum.00486-24,AI001079-17
135943,"Patrick Emmet Duffy, MD",38863702.0,10.3389/fimmu.2024.1350560,AI001134-15
135984,"Tracy J Ruckwardt, PhD",38662650.0,10.1371/journal.ppat.1012159,AI005128-09
135984,"Tracy J Ruckwardt, PhD",37737588.0,10.1128/jvi.00929-23,AI005128-09
135984,"Tracy J Ruckwardt, PhD",37794071.0,10.1038/s41467-023-41661-4,AI005128-09
135984,"Tracy J Ruckwardt, PhD",37196074.0,10.1126/sciadv.adg6076,AI005128-09
135984,"Masaru  Kanekiyo, PhD, DVM",38662650.0,10.1371/journal.ppat.1012159,AI005128-09
135984,"Masaru  Kanekiyo, PhD, DVM",37737588.0,10.1128/jvi.00929-23,AI005128-09
135984,"Masaru  Kanekiyo, PhD, DVM",37794071.0,10.1038/s41467-023-41661-4,AI005128-09
135984,"Masaru  Kanekiyo, PhD, DVM",37196074.0,10.1126/sciadv.adg6076,AI005128-09
136068,"Andrea  Lisco, PhD, MD",38557723.0,,AI001310-05
136068,"Andrea  Lisco, PhD, MD",38557723.0,10.1084/jem.20231044,AI001310-05
136068,"Andrea  Lisco, PhD, MD",38564303.0,10.1172/jci.insight.174783,AI001310-05
136111,"Shaden  Kamhawi, PhD",37919280.0,10.1038/s41467-023-42732-2,AI001334-04
136111,"Shaden  Kamhawi, PhD",38633260.0,10.3389/fimmu.2024.1335307,AI001334-04
136111,"Shaden  Kamhawi, PhD",39070615.0,10.21203/rs.3.rs-4633976/v1,AI001334-04
135747,"Vincent Jacobus Munster, PhD",37386692.0,10.1093/infdis/jiad239,AI001179-12
136147,"Jeffery K Taubenberger, BS, MD, PhD",38193710.0,10.1128/mbio.02372-23,AI001372-02
136147,"Matthew J Memoli, MD",38193710.0,10.1128/mbio.02372-23,AI001372-02
136131,"Julie Marie Fox, PhD",38976733.0,10.1073/pnas.2310421121,AI001358-03
135950,"Peter D Crompton, MD, MPH",36961831.0,10.1093/infdis/jiad066,AI001155-14
135950,"Peter D Crompton, MD, MPH",36681898.0,10.1016/j.celrep.2023.112014,AI001155-14
135950,"Peter D Crompton, MD, MPH",38901428.0,10.1016/j.immuni.2024.05.024,AI001155-14
135950,"Peter D Crompton, MD, MPH",38940866.0,10.1007/s11306-024-02130-1,AI001155-14
135950,"Peter D Crompton, MD, MPH",38669354.0,10.1056/NEJMoa2312775,AI001155-14
135950,"Peter D Crompton, MD, MPH",37150885.0,10.1093/infdis/jiad115,AI001155-14
135950,"Peter D Crompton, MD, MPH",37939134.0,10.1371/journal.ppat.1011585,AI001155-14
135950,"Peter D Crompton, MD, MPH",36737743.0,10.1186/s12936-023-04461-1,AI001155-14
135950,"Peter D Crompton, MD, MPH",37819130.0,10.1128/spectrum.01554-23,AI001155-14
135950,"Peter D Crompton, MD, MPH",39059381.0,10.1016/j.cell.2024.06.037,AI001155-14
136078,"Elodie  Ghedin, PhD",37811984.0,10.1128/spectrum.02180-23,AI001322-05
136078,"Elodie  Ghedin, PhD",38362501.0,10.3389/fmicb.2024.1346068,AI001322-05
136078,"Elodie  Ghedin, PhD",37838705.0,10.1038/s41467-023-42237-y,AI001322-05
136078,"Elodie  Ghedin, PhD",38399310.0,10.3390/pharmaceutics16020256,AI001322-05
135869,"Ted Warren Hackstadt, PhD",38445878.0,10.1128/mbio.03450-23,AI000977-19
135869,"Ted Warren Hackstadt, PhD",37523399.0,10.1371/journal.ppat.1011527,AI000977-19
135869,"Ted Warren Hackstadt, PhD",37655895.0,10.1128/MRA.00362-23,AI000977-19
135885,"Victor  Lobanenkov, PhD",38297316.0,10.1186/s13059-024-03175-0,AI001021-18
137894,Oyebola Oluwakemi Oyesola,39045514.0,10.1093/discim/kyae010,AI001386-01
137894,Oyebola Oluwakemi Oyesola,38134275.0,10.1126/sciadv.adh8310,AI001386-01
137894,Oyebola Oluwakemi Oyesola,38877178.0,10.1038/s41590-024-01862-5,AI001386-01
135830,"Kim Y Green, PhD",36821582.0,10.1073/pnas.2214421120,AI000897-24
135830,"Kim Y Green, PhD",37905910.0,10.1128/mbio.02177-23,AI000897-24
135830,"Kim Y Green, PhD",37845211.0,10.1038/s41467-023-42146-0,AI000897-24
135830,"Kim Y Green, PhD",39140311.0,10.1093/infdis/jiae398,AI000897-24
135895,"William Randolph Elkins, DACLAM, DVM",38593167.0,10.1371/journal.pone.0301773,AI001047-17
135895,"William Randolph Elkins, DACLAM, DVM",39140311.0,10.1093/infdis/jiae398,AI001047-17
135895,"William Randolph Elkins, DACLAM, DVM",36882188.0,10.30802/AALAS-CM-22-000096,AI001047-17
135895,"William Randolph Elkins, DACLAM, DVM",36880755.0,10.1128/mbio.00220-23,AI001047-17
135895,"William Randolph Elkins, DACLAM, DVM",38144450.0,10.1016/j.isci.2023.108490,AI001047-17
135895,"William Randolph Elkins, DACLAM, DVM",38670948.0,10.1038/s41467-024-47784-6,AI001047-17
135895,"William Randolph Elkins, DACLAM, DVM",38030609.0,10.1038/s41467-023-43588-2,AI001047-17
135895,"William Randolph Elkins, DACLAM, DVM",36997521.0,10.1038/s41467-023-37162-z,AI001047-17
135895,"William Randolph Elkins, DACLAM, DVM",37652048.0,10.1093/infdis/jiad374,AI001047-17
135895,"William Randolph Elkins, DACLAM, DVM",38071106.0,10.1016/j.vaccine.2023.11.059,AI001047-17
135779,"David Harvey Margulies, PhD, MD",38456672.0,10.4049/jimmunol.2300839,AI000394-41
136081,"Susan  Moir, PhD",37790281.0,10.1016/j.isci.2023.107915,AI001325-05
135996,"Michail S Lionakis, MD",38011570.0,10.1073/pnas.2304905120,AI001233-07
135996,"Michail S Lionakis, MD",37791340.0,10.12938/bmfh.2023-001,AI001233-07
135996,"Michail S Lionakis, MD",38451947.0,10.1073/pnas.2322574121,AI001233-07
135996,"Michail S Lionakis, MD",38291301.0,10.1038/s41591-023-02761-2,AI001233-07
135996,"Michail S Lionakis, MD",38982564.0,10.1111/acer.15346,AI001233-07
135970,"Paolo  Lusso, MD, PhD",37345226.0,10.1080/19420862.2023.2223350,AI001197-11
135970,"Paolo  Lusso, MD, PhD",39028623.0,10.1016/j.celrep.2024.114518,AI001197-11
135974,"Pamela  Frischmeyer-Guerrerio, MD",38512841.0,10.1371/journal.pone.0298272,AI001203-10
135974,"Pamela  Frischmeyer-Guerrerio, MD",38961223.0,10.1038/s41591-024-03092-6,AI001203-10
136073,"Michael  Grigg, PhD",38903125.0,10.1101/2024.05.01.592080,AI001316-05
136058,"Ursula  Buchholz, PhD, DVM",38144450.0,10.1016/j.isci.2023.108490,AI001298-05
136058,"Ursula  Buchholz, PhD, DVM",38670948.0,10.1038/s41467-024-47784-6,AI001298-05
136058,"Ursula  Buchholz, PhD, DVM",38950078.0,10.1371/journal.ppat.1012339,AI001298-05
135794,"Thomas L Leto, PhD",37900981.0,10.1016/j.arres.2023.100080,AI000614-34
135794,"Thomas L Leto, PhD",38696257.0,10.1172/JCI176142,AI000614-34
135979,"Theodore C Pierson, PhD",36638211.0,10.1073/pnas.2218899120,AI001209-09
135979,"Theodore C Pierson, PhD",37080988.0,10.1038/s41541-023-00656-4,AI001209-09
135979,"Theodore C Pierson, PhD",38953379.0,10.1128/jvi.00681-24,AI001209-09
135979,"Theodore C Pierson, PhD",36795561.0,10.1016/j.celrep.2023.112126,AI001209-09
135862,"Carolina V Barillas-Mury, PhD, MD, BS",38365823.0,10.1038/s41467-024-45550-2,AI000947-21
135862,"Carolina V Barillas-Mury, PhD, MD, BS",38243165.0,10.1186/s12864-024-09986-6,AI000947-21
135862,"Carolina V Barillas-Mury, PhD, MD, BS",37982627.0,10.1128/spectrum.00940-23,AI000947-21
135862,"Carolina V Barillas-Mury, PhD, MD, BS",36689648.0,10.1073/pnas.2213626120,AI000947-21
135862,"Carolina V Barillas-Mury, PhD, MD, BS",36780872.0,10.1371/journal.ppat.1011149,AI000947-21
135862,"Carolina V Barillas-Mury, PhD, MD, BS",37100721.0,10.1016/j.vaccine.2023.04.042,AI000947-21
135810,"Clifton Earl Barry, BS, PhD",38404200.0,10.1002/psp4.13117,AI000734-29
135810,"Clifton Earl Barry, BS, PhD",38937448.0,10.1038/s41467-024-48691-6,AI000734-29
135810,"Clifton Earl Barry, BS, PhD",38235425.0,10.3389/fmicb.2023.1301141,AI000734-29
135810,"Clifton Earl Barry, BS, PhD",38420591.0,10.1016/j.isci.2024.109204,AI000734-29
135810,"Clifton Earl Barry, BS, PhD",38335224.0,10.1371/journal.pcbi.1011847,AI000734-29
135810,"Clifton Earl Barry, BS, PhD",38530888.0,10.1073/pnas.2321336121,AI000734-29
138094,Erin Francis McCaffrey,38168288.0,10.1101/2023.12.08.570837,AI001388-01
135787,"Eric O Long, PhD",38619967.0,10.1016/j.celrep.2024.114105,AI000525-37
135927,Jason Graham Gall,37075129.0,10.1126/scitranslmed.ade4790,AI005109-16
135927,Jason Graham Gall,38402303.0,10.1038/s41598-024-54876-2,AI005109-16
135927,"Theodore C Pierson, PhD",37075129.0,10.1126/scitranslmed.ade4790,AI005109-16
135927,"Theodore C Pierson, PhD",38402303.0,10.1038/s41598-024-54876-2,AI005109-16
136122,"Leah Corinne Katzelnick, PhD",37967199.0,10.1126/scitranslmed.adi1734,AI001346-04
136122,"Leah Corinne Katzelnick, PhD",38195666.0,10.1038/s41467-023-44330-8,AI001346-04
136122,"Leah Corinne Katzelnick, PhD",38295108.0,10.1371/journal.pntd.0011408,AI001346-04
136122,"Leah Corinne Katzelnick, PhD",38527474.0,10.1016/S1473-3099(24)00099-9,AI001346-04
135771,"David  Sacks, PhD",37935664.0,10.1038/s41467-023-42789-z,AI000256-43
135771,"David  Sacks, PhD",38713583.0,,AI000256-43
135771,"David  Sacks, PhD",38713583.0,10.1093/infdis/jiae156,AI000256-43
136082,"D. Rebecca  Prevots, PhD, MPH",38834971.0,10.1186/s12879-024-09450-6,AI001326-05
136082,"D. Rebecca  Prevots, PhD, MPH",37868648.0,10.1016/j.lana.2023.100616,AI001326-05
136082,"D. Rebecca  Prevots, PhD, MPH",38070892.0,10.1136/bmjopen-2022-071284,AI001326-05
136082,"D. Rebecca  Prevots, PhD, MPH",37481623.0,10.1038/s43856-023-00325-6,AI001326-05
136055,"Daniel Leo Barber, BS, PhD",38670948.0,10.1038/s41467-024-47784-6,AI001294-05
136055,"Daniel Leo Barber, BS, PhD",38950078.0,10.1371/journal.ppat.1012339,AI001294-05
135982,"Malcolm A Martin, MD",38422185.0,10.1126/science.adf7966,AI001213-09
135825,"Sanjay Arvind Desai, MD, PhD",37995692.0,10.1016/j.chembiol.2023.10.025,AI000882-24
135825,"Sanjay Arvind Desai, MD, PhD",38930554.0,10.3390/microorganisms12061172,AI000882-24
135825,"Sanjay Arvind Desai, MD, PhD",38719176.0,10.1016/j.ijpara.2024.04.011,AI000882-24
135825,"Sanjay Arvind Desai, MD, PhD",37939134.0,10.1371/journal.ppat.1011585,AI000882-24
135933,"Sergio D Rosenzweig, PhD",37277074.0,10.1016/j.jaci.2023.05.017,AI001122-15
135933,"Sergio D Rosenzweig, PhD",36662884.0,10.1126/sciimmunol.ade7953,AI001122-15
135933,"Sergio D Rosenzweig, PhD",38320737.0,10.1016/j.clim.2024.109922,AI001122-15
135933,"Sergio D Rosenzweig, PhD",37349293.0,10.1038/s41467-023-39272-0,AI001122-15
135933,"Sergio D Rosenzweig, PhD",36884218.0,10.1084/jem.20221755,AI001122-15
135933,"Harry Lewis Malech, MD, BA",37277074.0,10.1016/j.jaci.2023.05.017,AI001122-15
135933,"Harry Lewis Malech, MD, BA",36662884.0,10.1126/sciimmunol.ade7953,AI001122-15
135933,"Harry Lewis Malech, MD, BA",38320737.0,10.1016/j.clim.2024.109922,AI001122-15
135933,"Harry Lewis Malech, MD, BA",37349293.0,10.1038/s41467-023-39272-0,AI001122-15
135933,"Harry Lewis Malech, MD, BA",36884218.0,10.1084/jem.20221755,AI001122-15
135833,"Tongqing  Zhou, PhD",38587079.0,10.1172/jci.insight.175375,AI005022-23
135833,"Tongqing  Zhou, PhD",37989731.0,10.1038/s41467-023-42098-5,AI005022-23
135833,"Tongqing  Zhou, PhD",38177144.0,10.1038/s41467-023-44534-y,AI005022-23
135833,"Tongqing  Zhou, PhD",38802413.0,10.1038/s41467-024-48758-4,AI005022-23
135833,"Tongqing  Zhou, PhD",38430907.0,10.1016/j.immuni.2024.02.003,AI005022-23
135833,"Tongqing  Zhou, PhD",38873606.0,10.3389/fimmu.2024.1399960,AI005022-23
135833,"Tongqing  Zhou, PhD",38773089.0,10.1038/s41467-024-48514-8,AI005022-23
135833,"Tongqing  Zhou, PhD",38250850.0,10.3390/vaccines12010037,AI005022-23
135833,"Tongqing  Zhou, PhD",38704686.0,10.1002/advs.202309268,AI005022-23
135833,"Peter D Kwong, PhD",38587079.0,10.1172/jci.insight.175375,AI005022-23
135833,"Peter D Kwong, PhD",37989731.0,10.1038/s41467-023-42098-5,AI005022-23
135833,"Peter D Kwong, PhD",38177144.0,10.1038/s41467-023-44534-y,AI005022-23
135833,"Peter D Kwong, PhD",38802413.0,10.1038/s41467-024-48758-4,AI005022-23
135833,"Peter D Kwong, PhD",38430907.0,10.1016/j.immuni.2024.02.003,AI005022-23
135833,"Peter D Kwong, PhD",38873606.0,10.3389/fimmu.2024.1399960,AI005022-23
135833,"Peter D Kwong, PhD",38773089.0,10.1038/s41467-024-48514-8,AI005022-23
135833,"Peter D Kwong, PhD",38250850.0,10.3390/vaccines12010037,AI005022-23
135833,"Peter D Kwong, PhD",38704686.0,10.1002/advs.202309268,AI005022-23
137673,"Theodore C Pierson, PhD",37849396.0,10.1093/infdis/jiad267,AI005171-01
136071,"Paolo  Lusso, MD, PhD",37428933.0,10.1073/pnas.2305896120,AI001314-05
136071,"Paolo  Lusso, MD, PhD",37352333.0,10.1371/journal.ppat.1011057,AI001314-05
135892,"Kyung J Kwon-Chung, PhD",38667967.0,10.3390/jof10040296,AI001042-17
138434,"Susan  Moir, PhD",38728839.0,10.1016/j.ebiom.2024.105151,AI001391-01
138434,"Tae-Wook  Chun, PhD",38728839.0,10.1016/j.ebiom.2024.105151,AI001391-01
137653,"Joseph  Marcotrigiano, PhD",38174935.0,10.1128/jvi.00849-23,AI001383-01
136035,"Helen C Su, MD, PhD",38154666.0,10.1016/j.jaci.2023.12.011,AI001269-05
136012,"John Paul Dekker, MD",38380929.0,10.1128/mbio.03185-23,AI001249-06
136012,"John Paul Dekker, MD",38899875.0,10.1128/mra.00062-24,AI001249-06
136012,"John Paul Dekker, MD",38081806.0,10.1038/s41467-023-43562-y,AI001249-06
135907,Christina Choo Hooi Yek,38751433.0,,AI001066-17
135907,Christina Choo Hooi Yek,38751433.0,10.3389/fimmu.2024.1368066,AI001066-17
135907,Christina Choo Hooi Yek,38889712.0,,AI001066-17
135907,Christina Choo Hooi Yek,38889712.0,10.4269/ajtmh.23-0369,AI001066-17
135907,Christina Choo Hooi Yek,37638355.0,10.2471/BLT.23.289713,AI001066-17
135967,"Helen C Su, MD, PhD",39233015.0,10.1016/j.jaci.2024.08.021,AI001193-11
136148,"Hao  Jin, PhD",38692285.0,10.1038/s41586-024-07469-y,AI001374-02
135781,"Jeffrey  Cohen, MD",37119057.0,10.1093/jpids/piad029,AI000430-40
136036,"Luigi Daniele Notarangelo, MD",37020259.0,10.1186/s13073-023-01173-8,AI001270-05
136036,"Luigi Daniele Notarangelo, MD",39023559.0,10.1084/jem.20231725,AI001270-05
136036,"Luigi Daniele Notarangelo, MD",37515136.0,10.3390/v15071448,AI001270-05
136036,"Luigi Daniele Notarangelo, MD",38154666.0,10.1016/j.jaci.2023.12.011,AI001270-05
136036,"Luigi Daniele Notarangelo, MD",37824621.0,10.1126/sciadv.adh3150,AI001270-05
136036,"Luigi Daniele Notarangelo, MD",38578389.0,10.1007/s10875-023-01613-5,AI001270-05
136036,"Luigi Daniele Notarangelo, MD",35857576.0,10.1126/sciimmunol.abp8966,AI001270-05
136036,"Luigi Daniele Notarangelo, MD",36424123.0,10.1136/ard-2022-223269,AI001270-05
136014,"Niraj Harish Tolia, PhD",38988315.0,10.1002/pro.5095,AI001253-06
136014,"Niraj Harish Tolia, PhD",38437239.0,10.1371/journal.ppat.1011879,AI001253-06
136014,"Niraj Harish Tolia, PhD",37660103.0,10.1038/s41467-023-40878-7,AI001253-06
136014,"Niraj Harish Tolia, PhD",38793797.0,10.3390/vaccines12050546,AI001253-06
135859,"Kirk Matthew Druey, MD",38432633.0,10.1016/j.jbc.2024.107127,AI000939-21
135805,"Thomas M Kristie, PhD",38263330.0,10.1038/s44319-023-00051-z,AI000712-31
136105,Kathryn Elizabeth Foulds,39134521.0,10.1038/s41467-024-51046-w,AI005164-05
136105,Kathryn Elizabeth Foulds,38749479.0,10.1038/s41586-024-07539-1,AI005164-05
136105,Kathryn Elizabeth Foulds,38042809.0,10.1038/s41467-023-43420-x,AI005164-05
136105,"Mario  Roederer, PhD",39134521.0,10.1038/s41467-024-51046-w,AI005164-05
136105,"Mario  Roederer, PhD",38749479.0,10.1038/s41586-024-07539-1,AI005164-05
136105,"Mario  Roederer, PhD",38042809.0,10.1038/s41467-023-43420-x,AI005164-05
135762,"Ronald N Germain, MD, PhD",37796477.0,10.1084/jem.20231242,AI000758-27
135762,"Ronald N Germain, MD, PhD",37731001.0,10.1038/s41586-023-06568-6,AI000758-27
135762,"Ronald N Germain, MD, PhD",38903096.0,,AI000758-27
135762,"Ronald N Germain, MD, PhD",38903096.0,10.1101/2024.05.16.594397,AI000758-27
135934,"Peter Richard Williamson, MD, PhD",37233305.0,10.3390/jof9050594,AI001123-15
135934,"Peter Richard Williamson, MD, PhD",38986025.0,10.1093/infdis/jiae354,AI001123-15
135934,"Peter Richard Williamson, MD, PhD",37606364.0,10.1093/cid/ciad440,AI001123-15
135934,"Peter Richard Williamson, MD, PhD",37316806.0,10.1186/s12879-023-08349-y,AI001123-15
135934,"Peter Richard Williamson, MD, PhD",37975682.0,10.1128/iai.00384-23,AI001123-15
135898,"Craig  Martens, PhD",38502192.0,10.1172/JCI169137,AI001051-17
135898,"Craig  Martens, PhD",38236633.0,10.7554/eLife.91809,AI001051-17
135898,"Craig  Martens, PhD",37651206.0,10.1172/JCI171729,AI001051-17
135898,"Craig  Martens, PhD",39042728.0,10.1126/scisignal.adp8569,AI001051-17
135898,"Craig  Martens, PhD",38117233.0,10.1164/rccm.202306-1064OC,AI001051-17
135898,"Craig  Martens, PhD",37847010.0,10.1128/MRA.00521-23,AI001051-17
135898,"Craig  Martens, PhD",37819097.0,10.1128/MRA.00520-23,AI001051-17
135898,"Craig  Martens, PhD",38128541.0,10.1093/infdis/jiad595,AI001051-17
135898,"Craig  Martens, PhD",38174935.0,10.1128/jvi.00849-23,AI001051-17
135898,"Craig  Martens, PhD",37796477.0,10.1084/jem.20231242,AI001051-17
135898,"Craig  Martens, PhD",38611048.0,10.3390/cancers16071370,AI001051-17
135898,"Craig  Martens, PhD",39068290.0,10.1038/s41598-024-68405-8,AI001051-17
135898,"Craig  Martens, PhD",38154666.0,10.1016/j.jaci.2023.12.011,AI001051-17
135898,"Craig  Martens, PhD",38194689.0,10.1182/blood.2023022098,AI001051-17
135898,"Craig  Martens, PhD",37796973.0,10.1371/journal.pntd.0011657,AI001051-17
135898,"Craig  Martens, PhD",38485563.0,10.1016/j.ebiom.2024.105040,AI001051-17
135898,"Craig  Martens, PhD",37768797.0,10.1109/TMI.2023.3320497,AI001051-17
135898,"Craig  Martens, PhD",38587077.0,10.1172/jci.insight.177720,AI001051-17
135898,"Craig  Martens, PhD",38729611.0,10.1016/j.mucimm.2024.04.004,AI001051-17
135898,"Craig  Martens, PhD",38842160.0,10.1093/infdis/jiae300,AI001051-17
135898,"Craig  Martens, PhD",37802314.0,10.1016/j.jbc.2023.105319,AI001051-17
135898,"Craig  Martens, PhD",38086794.0,10.1038/s41467-023-43447-0,AI001051-17
135898,"Craig  Martens, PhD",37949888.0,10.1038/s41598-023-46266-x,AI001051-17
135898,"Craig  Martens, PhD",37730434.0,10.26508/lsa.202302003,AI001051-17
135898,"Craig  Martens, PhD",38722159.0,10.1128/mbio.00124-24,AI001051-17
135898,"Craig  Martens, PhD",37883420.0,10.1371/journal.pone.0293450,AI001051-17
135898,"Craig  Martens, PhD",38432633.0,10.1016/j.jbc.2024.107127,AI001051-17
135898,"Craig  Martens, PhD",38163367.0,10.7326/M23-2328,AI001051-17
135898,"Craig  Martens, PhD",38451947.0,10.1073/pnas.2322574121,AI001051-17
135898,"Craig  Martens, PhD",38030609.0,10.1038/s41467-023-43588-2,AI001051-17
135898,"Craig  Martens, PhD",37587458.0,10.1186/s12864-023-09561-5,AI001051-17
135898,"Craig  Martens, PhD",38437239.0,10.1371/journal.ppat.1011879,AI001051-17
135898,"Craig  Martens, PhD",38916317.0,10.1128/spectrum.00486-24,AI001051-17
135898,"Craig  Martens, PhD",38678364.0,10.1016/j.xhgg.2024.100300,AI001051-17
135898,"Craig  Martens, PhD",37990257.0,10.1186/s12969-023-00911-x,AI001051-17
135898,"Craig  Martens, PhD",37477943.0,10.1093/infdis/jiad283,AI001051-17
135898,"Craig  Martens, PhD",37348869.0,10.1093/infdis/jiad228,AI001051-17
135898,"Craig  Martens, PhD",38743047.0,10.1080/19490976.2024.2353394,AI001051-17
135898,"Craig  Martens, PhD",39025963.0,10.1038/s41590-024-01910-0,AI001051-17
135898,"Craig  Martens, PhD",37655895.0,10.1128/MRA.00362-23,AI001051-17
135898,"Craig  Martens, PhD",37219953.0,10.1172/jci.insight.134685,AI001051-17
135898,"Craig  Martens, PhD",38026221.0,10.1016/j.isci.2023.108160,AI001051-17
135898,"Craig  Martens, PhD",38172257.0,10.1038/s41590-023-01691-y,AI001051-17
135898,"Craig  Martens, PhD",38009914.0,10.1128/jvi.01272-23,AI001051-17
135898,"Craig  Martens, PhD",38809710.0,10.1073/pnas.2403796121,AI001051-17
135898,"Craig  Martens, PhD",38416804.0,10.1038/s44298-024-00037-1,AI001051-17
135898,"Craig  Martens, PhD",38416804.0,10.7554/eLife.87094,AI001051-17
135898,"Craig  Martens, PhD",37852960.0,10.1038/s41467-023-42346-8,AI001051-17
135898,"Craig  Martens, PhD",37616377.0,10.1080/22221751.2023.2252513,AI001051-17
135898,"Craig  Martens, PhD",37878467.0,10.1097/CORR.0000000000002886,AI001051-17
135898,"Craig  Martens, PhD",38780248.0,10.1128/jvi.00283-24,AI001051-17
135898,"Craig  Martens, PhD",38048388.0,10.1182/bloodadvances.2023011499,AI001051-17
135898,"Craig  Martens, PhD",37866114.0,10.1016/j.ebiom.2023.104839,AI001051-17
135898,"Craig  Martens, PhD",38336916.0,10.1038/s41598-024-53645-5,AI001051-17
135898,"Craig  Martens, PhD",38344971.0,10.1016/j.jaci.2023.10.012,AI001051-17
135898,"Craig  Martens, PhD",38252532.0,10.1089/vbz.2023.0090,AI001051-17
135898,"Craig  Martens, PhD",38149583.0,10.1089/thy.2023.0341,AI001051-17
135898,"Craig  Martens, PhD",37698922.0,10.1172/jci.insight.172893,AI001051-17
135898,"Craig  Martens, PhD",38903125.0,10.1101/2024.05.01.592080,AI001051-17
135898,"Craig  Martens, PhD",38064524.0,10.1371/journal.ppat.1011860,AI001051-17
135898,"Craig  Martens, PhD",38487996.0,10.1093/infdis/jiae056,AI001051-17
135898,"Craig  Martens, PhD",39084187.0,10.1016/j.cellimm.2024.104860,AI001051-17
135898,"Craig  Martens, PhD",38511932.0,10.1128/jvi.00132-24,AI001051-17
135898,"Craig  Martens, PhD",38428508.0,10.1016/j.ibmb.2024.104097,AI001051-17
135898,"Craig  Martens, PhD",38658802.0,10.1038/s42003-024-06178-6,AI001051-17
135898,"Craig  Martens, PhD",38912868.0,10.4049/jimmunol.2300459,AI001051-17
135898,"Craig  Martens, PhD",38903096.0,10.1101/2024.05.16.594397,AI001051-17
135898,"David N Garboczi, PhD",38502192.0,10.1172/JCI169137,AI001051-17
135898,"David N Garboczi, PhD",38236633.0,10.7554/eLife.91809,AI001051-17
135898,"David N Garboczi, PhD",37651206.0,10.1172/JCI171729,AI001051-17
135898,"David N Garboczi, PhD",39042728.0,10.1126/scisignal.adp8569,AI001051-17
135898,"David N Garboczi, PhD",38117233.0,10.1164/rccm.202306-1064OC,AI001051-17
135898,"David N Garboczi, PhD",37847010.0,10.1128/MRA.00521-23,AI001051-17
135898,"David N Garboczi, PhD",37819097.0,10.1128/MRA.00520-23,AI001051-17
135898,"David N Garboczi, PhD",38128541.0,10.1093/infdis/jiad595,AI001051-17
135898,"David N Garboczi, PhD",38174935.0,10.1128/jvi.00849-23,AI001051-17
135898,"David N Garboczi, PhD",37796477.0,10.1084/jem.20231242,AI001051-17
135898,"David N Garboczi, PhD",38611048.0,10.3390/cancers16071370,AI001051-17
135898,"David N Garboczi, PhD",39068290.0,10.1038/s41598-024-68405-8,AI001051-17
135898,"David N Garboczi, PhD",38154666.0,10.1016/j.jaci.2023.12.011,AI001051-17
135898,"David N Garboczi, PhD",38194689.0,10.1182/blood.2023022098,AI001051-17
135898,"David N Garboczi, PhD",37796973.0,10.1371/journal.pntd.0011657,AI001051-17
135898,"David N Garboczi, PhD",38485563.0,10.1016/j.ebiom.2024.105040,AI001051-17
135898,"David N Garboczi, PhD",37768797.0,10.1109/TMI.2023.3320497,AI001051-17
135898,"David N Garboczi, PhD",38587077.0,10.1172/jci.insight.177720,AI001051-17
135898,"David N Garboczi, PhD",38729611.0,10.1016/j.mucimm.2024.04.004,AI001051-17
135898,"David N Garboczi, PhD",38842160.0,10.1093/infdis/jiae300,AI001051-17
135898,"David N Garboczi, PhD",37802314.0,10.1016/j.jbc.2023.105319,AI001051-17
135898,"David N Garboczi, PhD",38086794.0,10.1038/s41467-023-43447-0,AI001051-17
135898,"David N Garboczi, PhD",37949888.0,10.1038/s41598-023-46266-x,AI001051-17
135898,"David N Garboczi, PhD",37730434.0,10.26508/lsa.202302003,AI001051-17
135898,"David N Garboczi, PhD",38722159.0,10.1128/mbio.00124-24,AI001051-17
135898,"David N Garboczi, PhD",37883420.0,10.1371/journal.pone.0293450,AI001051-17
135898,"David N Garboczi, PhD",38432633.0,10.1016/j.jbc.2024.107127,AI001051-17
135898,"David N Garboczi, PhD",38163367.0,10.7326/M23-2328,AI001051-17
135898,"David N Garboczi, PhD",38451947.0,10.1073/pnas.2322574121,AI001051-17
135898,"David N Garboczi, PhD",38030609.0,10.1038/s41467-023-43588-2,AI001051-17
135898,"David N Garboczi, PhD",37587458.0,10.1186/s12864-023-09561-5,AI001051-17
135898,"David N Garboczi, PhD",38437239.0,10.1371/journal.ppat.1011879,AI001051-17
135898,"David N Garboczi, PhD",38916317.0,10.1128/spectrum.00486-24,AI001051-17
135898,"David N Garboczi, PhD",38678364.0,10.1016/j.xhgg.2024.100300,AI001051-17
135898,"David N Garboczi, PhD",37990257.0,10.1186/s12969-023-00911-x,AI001051-17
135898,"David N Garboczi, PhD",37477943.0,10.1093/infdis/jiad283,AI001051-17
135898,"David N Garboczi, PhD",37348869.0,10.1093/infdis/jiad228,AI001051-17
135898,"David N Garboczi, PhD",38743047.0,10.1080/19490976.2024.2353394,AI001051-17
135898,"David N Garboczi, PhD",39025963.0,10.1038/s41590-024-01910-0,AI001051-17
135898,"David N Garboczi, PhD",37655895.0,10.1128/MRA.00362-23,AI001051-17
135898,"David N Garboczi, PhD",37219953.0,10.1172/jci.insight.134685,AI001051-17
135898,"David N Garboczi, PhD",38026221.0,10.1016/j.isci.2023.108160,AI001051-17
135898,"David N Garboczi, PhD",38172257.0,10.1038/s41590-023-01691-y,AI001051-17
135898,"David N Garboczi, PhD",38009914.0,10.1128/jvi.01272-23,AI001051-17
135898,"David N Garboczi, PhD",38809710.0,10.1073/pnas.2403796121,AI001051-17
135898,"David N Garboczi, PhD",38416804.0,10.1038/s44298-024-00037-1,AI001051-17
135898,"David N Garboczi, PhD",38416804.0,10.7554/eLife.87094,AI001051-17
135898,"David N Garboczi, PhD",37852960.0,10.1038/s41467-023-42346-8,AI001051-17
135898,"David N Garboczi, PhD",37616377.0,10.1080/22221751.2023.2252513,AI001051-17
135898,"David N Garboczi, PhD",37878467.0,10.1097/CORR.0000000000002886,AI001051-17
135898,"David N Garboczi, PhD",38780248.0,10.1128/jvi.00283-24,AI001051-17
135898,"David N Garboczi, PhD",38048388.0,10.1182/bloodadvances.2023011499,AI001051-17
135898,"David N Garboczi, PhD",37866114.0,10.1016/j.ebiom.2023.104839,AI001051-17
135898,"David N Garboczi, PhD",38336916.0,10.1038/s41598-024-53645-5,AI001051-17
135898,"David N Garboczi, PhD",38344971.0,10.1016/j.jaci.2023.10.012,AI001051-17
135898,"David N Garboczi, PhD",38252532.0,10.1089/vbz.2023.0090,AI001051-17
135898,"David N Garboczi, PhD",38149583.0,10.1089/thy.2023.0341,AI001051-17
135898,"David N Garboczi, PhD",37698922.0,10.1172/jci.insight.172893,AI001051-17
135898,"David N Garboczi, PhD",38903125.0,10.1101/2024.05.01.592080,AI001051-17
135898,"David N Garboczi, PhD",38064524.0,10.1371/journal.ppat.1011860,AI001051-17
135898,"David N Garboczi, PhD",38487996.0,10.1093/infdis/jiae056,AI001051-17
135898,"David N Garboczi, PhD",39084187.0,10.1016/j.cellimm.2024.104860,AI001051-17
135898,"David N Garboczi, PhD",38511932.0,10.1128/jvi.00132-24,AI001051-17
135898,"David N Garboczi, PhD",38428508.0,10.1016/j.ibmb.2024.104097,AI001051-17
135898,"David N Garboczi, PhD",38658802.0,10.1038/s42003-024-06178-6,AI001051-17
135898,"David N Garboczi, PhD",38912868.0,10.4049/jimmunol.2300459,AI001051-17
135898,"David N Garboczi, PhD",38903096.0,10.1101/2024.05.16.594397,AI001051-17
135898,"Iyadh  Douagi, PhD",38502192.0,10.1172/JCI169137,AI001051-17
135898,"Iyadh  Douagi, PhD",38236633.0,10.7554/eLife.91809,AI001051-17
135898,"Iyadh  Douagi, PhD",37651206.0,10.1172/JCI171729,AI001051-17
135898,"Iyadh  Douagi, PhD",39042728.0,10.1126/scisignal.adp8569,AI001051-17
135898,"Iyadh  Douagi, PhD",38117233.0,10.1164/rccm.202306-1064OC,AI001051-17
135898,"Iyadh  Douagi, PhD",37847010.0,10.1128/MRA.00521-23,AI001051-17
135898,"Iyadh  Douagi, PhD",37819097.0,10.1128/MRA.00520-23,AI001051-17
135898,"Iyadh  Douagi, PhD",38128541.0,10.1093/infdis/jiad595,AI001051-17
135898,"Iyadh  Douagi, PhD",38174935.0,10.1128/jvi.00849-23,AI001051-17
135898,"Iyadh  Douagi, PhD",37796477.0,10.1084/jem.20231242,AI001051-17
135898,"Iyadh  Douagi, PhD",38611048.0,10.3390/cancers16071370,AI001051-17
135898,"Iyadh  Douagi, PhD",39068290.0,10.1038/s41598-024-68405-8,AI001051-17
135898,"Iyadh  Douagi, PhD",38154666.0,10.1016/j.jaci.2023.12.011,AI001051-17
135898,"Iyadh  Douagi, PhD",38194689.0,10.1182/blood.2023022098,AI001051-17
135898,"Iyadh  Douagi, PhD",37796973.0,10.1371/journal.pntd.0011657,AI001051-17
135898,"Iyadh  Douagi, PhD",38485563.0,10.1016/j.ebiom.2024.105040,AI001051-17
135898,"Iyadh  Douagi, PhD",37768797.0,10.1109/TMI.2023.3320497,AI001051-17
135898,"Iyadh  Douagi, PhD",38587077.0,10.1172/jci.insight.177720,AI001051-17
135898,"Iyadh  Douagi, PhD",38729611.0,10.1016/j.mucimm.2024.04.004,AI001051-17
135898,"Iyadh  Douagi, PhD",38842160.0,10.1093/infdis/jiae300,AI001051-17
135898,"Iyadh  Douagi, PhD",37802314.0,10.1016/j.jbc.2023.105319,AI001051-17
135898,"Iyadh  Douagi, PhD",38086794.0,10.1038/s41467-023-43447-0,AI001051-17
135898,"Iyadh  Douagi, PhD",37949888.0,10.1038/s41598-023-46266-x,AI001051-17
135898,"Iyadh  Douagi, PhD",37730434.0,10.26508/lsa.202302003,AI001051-17
135898,"Iyadh  Douagi, PhD",38722159.0,10.1128/mbio.00124-24,AI001051-17
135898,"Iyadh  Douagi, PhD",37883420.0,10.1371/journal.pone.0293450,AI001051-17
135898,"Iyadh  Douagi, PhD",38432633.0,10.1016/j.jbc.2024.107127,AI001051-17
135898,"Iyadh  Douagi, PhD",38163367.0,10.7326/M23-2328,AI001051-17
135898,"Iyadh  Douagi, PhD",38451947.0,10.1073/pnas.2322574121,AI001051-17
135898,"Iyadh  Douagi, PhD",38030609.0,10.1038/s41467-023-43588-2,AI001051-17
135898,"Iyadh  Douagi, PhD",37587458.0,10.1186/s12864-023-09561-5,AI001051-17
135898,"Iyadh  Douagi, PhD",38437239.0,10.1371/journal.ppat.1011879,AI001051-17
135898,"Iyadh  Douagi, PhD",38916317.0,10.1128/spectrum.00486-24,AI001051-17
135898,"Iyadh  Douagi, PhD",38678364.0,10.1016/j.xhgg.2024.100300,AI001051-17
135898,"Iyadh  Douagi, PhD",37990257.0,10.1186/s12969-023-00911-x,AI001051-17
135898,"Iyadh  Douagi, PhD",37477943.0,10.1093/infdis/jiad283,AI001051-17
135898,"Iyadh  Douagi, PhD",37348869.0,10.1093/infdis/jiad228,AI001051-17
135898,"Iyadh  Douagi, PhD",38743047.0,10.1080/19490976.2024.2353394,AI001051-17
135898,"Iyadh  Douagi, PhD",39025963.0,10.1038/s41590-024-01910-0,AI001051-17
135898,"Iyadh  Douagi, PhD",37655895.0,10.1128/MRA.00362-23,AI001051-17
135898,"Iyadh  Douagi, PhD",37219953.0,10.1172/jci.insight.134685,AI001051-17
135898,"Iyadh  Douagi, PhD",38026221.0,10.1016/j.isci.2023.108160,AI001051-17
135898,"Iyadh  Douagi, PhD",38172257.0,10.1038/s41590-023-01691-y,AI001051-17
135898,"Iyadh  Douagi, PhD",38009914.0,10.1128/jvi.01272-23,AI001051-17
135898,"Iyadh  Douagi, PhD",38809710.0,10.1073/pnas.2403796121,AI001051-17
135898,"Iyadh  Douagi, PhD",38416804.0,10.1038/s44298-024-00037-1,AI001051-17
135898,"Iyadh  Douagi, PhD",38416804.0,10.7554/eLife.87094,AI001051-17
135898,"Iyadh  Douagi, PhD",37852960.0,10.1038/s41467-023-42346-8,AI001051-17
135898,"Iyadh  Douagi, PhD",37616377.0,10.1080/22221751.2023.2252513,AI001051-17
135898,"Iyadh  Douagi, PhD",37878467.0,10.1097/CORR.0000000000002886,AI001051-17
135898,"Iyadh  Douagi, PhD",38780248.0,10.1128/jvi.00283-24,AI001051-17
135898,"Iyadh  Douagi, PhD",38048388.0,10.1182/bloodadvances.2023011499,AI001051-17
135898,"Iyadh  Douagi, PhD",37866114.0,10.1016/j.ebiom.2023.104839,AI001051-17
135898,"Iyadh  Douagi, PhD",38336916.0,10.1038/s41598-024-53645-5,AI001051-17
135898,"Iyadh  Douagi, PhD",38344971.0,10.1016/j.jaci.2023.10.012,AI001051-17
135898,"Iyadh  Douagi, PhD",38252532.0,10.1089/vbz.2023.0090,AI001051-17
135898,"Iyadh  Douagi, PhD",38149583.0,10.1089/thy.2023.0341,AI001051-17
135898,"Iyadh  Douagi, PhD",37698922.0,10.1172/jci.insight.172893,AI001051-17
135898,"Iyadh  Douagi, PhD",38903125.0,10.1101/2024.05.01.592080,AI001051-17
135898,"Iyadh  Douagi, PhD",38064524.0,10.1371/journal.ppat.1011860,AI001051-17
135898,"Iyadh  Douagi, PhD",38487996.0,10.1093/infdis/jiae056,AI001051-17
135898,"Iyadh  Douagi, PhD",39084187.0,10.1016/j.cellimm.2024.104860,AI001051-17
135898,"Iyadh  Douagi, PhD",38511932.0,10.1128/jvi.00132-24,AI001051-17
135898,"Iyadh  Douagi, PhD",38428508.0,10.1016/j.ibmb.2024.104097,AI001051-17
135898,"Iyadh  Douagi, PhD",38658802.0,10.1038/s42003-024-06178-6,AI001051-17
135898,"Iyadh  Douagi, PhD",38912868.0,10.4049/jimmunol.2300459,AI001051-17
135898,"Iyadh  Douagi, PhD",38903096.0,10.1101/2024.05.16.594397,AI001051-17
135898,"Jack  Collins, PhD",38502192.0,10.1172/JCI169137,AI001051-17
135898,"Jack  Collins, PhD",38236633.0,10.7554/eLife.91809,AI001051-17
135898,"Jack  Collins, PhD",37651206.0,10.1172/JCI171729,AI001051-17
135898,"Jack  Collins, PhD",39042728.0,10.1126/scisignal.adp8569,AI001051-17
135898,"Jack  Collins, PhD",38117233.0,10.1164/rccm.202306-1064OC,AI001051-17
135898,"Jack  Collins, PhD",37847010.0,10.1128/MRA.00521-23,AI001051-17
135898,"Jack  Collins, PhD",37819097.0,10.1128/MRA.00520-23,AI001051-17
135898,"Jack  Collins, PhD",38128541.0,10.1093/infdis/jiad595,AI001051-17
135898,"Jack  Collins, PhD",38174935.0,10.1128/jvi.00849-23,AI001051-17
135898,"Jack  Collins, PhD",37796477.0,10.1084/jem.20231242,AI001051-17
135898,"Jack  Collins, PhD",38611048.0,10.3390/cancers16071370,AI001051-17
135898,"Jack  Collins, PhD",39068290.0,10.1038/s41598-024-68405-8,AI001051-17
135898,"Jack  Collins, PhD",38154666.0,10.1016/j.jaci.2023.12.011,AI001051-17
135898,"Jack  Collins, PhD",38194689.0,10.1182/blood.2023022098,AI001051-17
135898,"Jack  Collins, PhD",37796973.0,10.1371/journal.pntd.0011657,AI001051-17
135898,"Jack  Collins, PhD",38485563.0,10.1016/j.ebiom.2024.105040,AI001051-17
135898,"Jack  Collins, PhD",37768797.0,10.1109/TMI.2023.3320497,AI001051-17
135898,"Jack  Collins, PhD",38587077.0,10.1172/jci.insight.177720,AI001051-17
135898,"Jack  Collins, PhD",38729611.0,10.1016/j.mucimm.2024.04.004,AI001051-17
135898,"Jack  Collins, PhD",38842160.0,10.1093/infdis/jiae300,AI001051-17
135898,"Jack  Collins, PhD",37802314.0,10.1016/j.jbc.2023.105319,AI001051-17
135898,"Jack  Collins, PhD",38086794.0,10.1038/s41467-023-43447-0,AI001051-17
135898,"Jack  Collins, PhD",37949888.0,10.1038/s41598-023-46266-x,AI001051-17
135898,"Jack  Collins, PhD",37730434.0,10.26508/lsa.202302003,AI001051-17
135898,"Jack  Collins, PhD",38722159.0,10.1128/mbio.00124-24,AI001051-17
135898,"Jack  Collins, PhD",37883420.0,10.1371/journal.pone.0293450,AI001051-17
135898,"Jack  Collins, PhD",38432633.0,10.1016/j.jbc.2024.107127,AI001051-17
135898,"Jack  Collins, PhD",38163367.0,10.7326/M23-2328,AI001051-17
135898,"Jack  Collins, PhD",38451947.0,10.1073/pnas.2322574121,AI001051-17
135898,"Jack  Collins, PhD",38030609.0,10.1038/s41467-023-43588-2,AI001051-17
135898,"Jack  Collins, PhD",37587458.0,10.1186/s12864-023-09561-5,AI001051-17
135898,"Jack  Collins, PhD",38437239.0,10.1371/journal.ppat.1011879,AI001051-17
135898,"Jack  Collins, PhD",38916317.0,10.1128/spectrum.00486-24,AI001051-17
135898,"Jack  Collins, PhD",38678364.0,10.1016/j.xhgg.2024.100300,AI001051-17
135898,"Jack  Collins, PhD",37990257.0,10.1186/s12969-023-00911-x,AI001051-17
135898,"Jack  Collins, PhD",37477943.0,10.1093/infdis/jiad283,AI001051-17
135898,"Jack  Collins, PhD",37348869.0,10.1093/infdis/jiad228,AI001051-17
135898,"Jack  Collins, PhD",38743047.0,10.1080/19490976.2024.2353394,AI001051-17
135898,"Jack  Collins, PhD",39025963.0,10.1038/s41590-024-01910-0,AI001051-17
135898,"Jack  Collins, PhD",37655895.0,10.1128/MRA.00362-23,AI001051-17
135898,"Jack  Collins, PhD",37219953.0,10.1172/jci.insight.134685,AI001051-17
135898,"Jack  Collins, PhD",38026221.0,10.1016/j.isci.2023.108160,AI001051-17
135898,"Jack  Collins, PhD",38172257.0,10.1038/s41590-023-01691-y,AI001051-17
135898,"Jack  Collins, PhD",38009914.0,10.1128/jvi.01272-23,AI001051-17
135898,"Jack  Collins, PhD",38809710.0,10.1073/pnas.2403796121,AI001051-17
135898,"Jack  Collins, PhD",38416804.0,10.1038/s44298-024-00037-1,AI001051-17
135898,"Jack  Collins, PhD",38416804.0,10.7554/eLife.87094,AI001051-17
135898,"Jack  Collins, PhD",37852960.0,10.1038/s41467-023-42346-8,AI001051-17
135898,"Jack  Collins, PhD",37616377.0,10.1080/22221751.2023.2252513,AI001051-17
135898,"Jack  Collins, PhD",37878467.0,10.1097/CORR.0000000000002886,AI001051-17
135898,"Jack  Collins, PhD",38780248.0,10.1128/jvi.00283-24,AI001051-17
135898,"Jack  Collins, PhD",38048388.0,10.1182/bloodadvances.2023011499,AI001051-17
135898,"Jack  Collins, PhD",37866114.0,10.1016/j.ebiom.2023.104839,AI001051-17
135898,"Jack  Collins, PhD",38336916.0,10.1038/s41598-024-53645-5,AI001051-17
135898,"Jack  Collins, PhD",38344971.0,10.1016/j.jaci.2023.10.012,AI001051-17
135898,"Jack  Collins, PhD",38252532.0,10.1089/vbz.2023.0090,AI001051-17
135898,"Jack  Collins, PhD",38149583.0,10.1089/thy.2023.0341,AI001051-17
135898,"Jack  Collins, PhD",37698922.0,10.1172/jci.insight.172893,AI001051-17
135898,"Jack  Collins, PhD",38903125.0,10.1101/2024.05.01.592080,AI001051-17
135898,"Jack  Collins, PhD",38064524.0,10.1371/journal.ppat.1011860,AI001051-17
135898,"Jack  Collins, PhD",38487996.0,10.1093/infdis/jiae056,AI001051-17
135898,"Jack  Collins, PhD",39084187.0,10.1016/j.cellimm.2024.104860,AI001051-17
135898,"Jack  Collins, PhD",38511932.0,10.1128/jvi.00132-24,AI001051-17
135898,"Jack  Collins, PhD",38428508.0,10.1016/j.ibmb.2024.104097,AI001051-17
135898,"Jack  Collins, PhD",38658802.0,10.1038/s42003-024-06178-6,AI001051-17
135898,"Jack  Collins, PhD",38912868.0,10.4049/jimmunol.2300459,AI001051-17
135898,"Jack  Collins, PhD",38903096.0,10.1101/2024.05.16.594397,AI001051-17
135898,"Lisa  Olano, PhD",38502192.0,10.1172/JCI169137,AI001051-17
135898,"Lisa  Olano, PhD",38236633.0,10.7554/eLife.91809,AI001051-17
135898,"Lisa  Olano, PhD",37651206.0,10.1172/JCI171729,AI001051-17
135898,"Lisa  Olano, PhD",39042728.0,10.1126/scisignal.adp8569,AI001051-17
135898,"Lisa  Olano, PhD",38117233.0,10.1164/rccm.202306-1064OC,AI001051-17
135898,"Lisa  Olano, PhD",37847010.0,10.1128/MRA.00521-23,AI001051-17
135898,"Lisa  Olano, PhD",37819097.0,10.1128/MRA.00520-23,AI001051-17
135898,"Lisa  Olano, PhD",38128541.0,10.1093/infdis/jiad595,AI001051-17
135898,"Lisa  Olano, PhD",38174935.0,10.1128/jvi.00849-23,AI001051-17
135898,"Lisa  Olano, PhD",37796477.0,10.1084/jem.20231242,AI001051-17
135898,"Lisa  Olano, PhD",38611048.0,10.3390/cancers16071370,AI001051-17
135898,"Lisa  Olano, PhD",39068290.0,10.1038/s41598-024-68405-8,AI001051-17
135898,"Lisa  Olano, PhD",38154666.0,10.1016/j.jaci.2023.12.011,AI001051-17
135898,"Lisa  Olano, PhD",38194689.0,10.1182/blood.2023022098,AI001051-17
135898,"Lisa  Olano, PhD",37796973.0,10.1371/journal.pntd.0011657,AI001051-17
135898,"Lisa  Olano, PhD",38485563.0,10.1016/j.ebiom.2024.105040,AI001051-17
135898,"Lisa  Olano, PhD",37768797.0,10.1109/TMI.2023.3320497,AI001051-17
135898,"Lisa  Olano, PhD",38587077.0,10.1172/jci.insight.177720,AI001051-17
135898,"Lisa  Olano, PhD",38729611.0,10.1016/j.mucimm.2024.04.004,AI001051-17
135898,"Lisa  Olano, PhD",38842160.0,10.1093/infdis/jiae300,AI001051-17
135898,"Lisa  Olano, PhD",37802314.0,10.1016/j.jbc.2023.105319,AI001051-17
135898,"Lisa  Olano, PhD",38086794.0,10.1038/s41467-023-43447-0,AI001051-17
135898,"Lisa  Olano, PhD",37949888.0,10.1038/s41598-023-46266-x,AI001051-17
135898,"Lisa  Olano, PhD",37730434.0,10.26508/lsa.202302003,AI001051-17
135898,"Lisa  Olano, PhD",38722159.0,10.1128/mbio.00124-24,AI001051-17
135898,"Lisa  Olano, PhD",37883420.0,10.1371/journal.pone.0293450,AI001051-17
135898,"Lisa  Olano, PhD",38432633.0,10.1016/j.jbc.2024.107127,AI001051-17
135898,"Lisa  Olano, PhD",38163367.0,10.7326/M23-2328,AI001051-17
135898,"Lisa  Olano, PhD",38451947.0,10.1073/pnas.2322574121,AI001051-17
135898,"Lisa  Olano, PhD",38030609.0,10.1038/s41467-023-43588-2,AI001051-17
135898,"Lisa  Olano, PhD",37587458.0,10.1186/s12864-023-09561-5,AI001051-17
135898,"Lisa  Olano, PhD",38437239.0,10.1371/journal.ppat.1011879,AI001051-17
135898,"Lisa  Olano, PhD",38916317.0,10.1128/spectrum.00486-24,AI001051-17
135898,"Lisa  Olano, PhD",38678364.0,10.1016/j.xhgg.2024.100300,AI001051-17
135898,"Lisa  Olano, PhD",37990257.0,10.1186/s12969-023-00911-x,AI001051-17
135898,"Lisa  Olano, PhD",37477943.0,10.1093/infdis/jiad283,AI001051-17
135898,"Lisa  Olano, PhD",37348869.0,10.1093/infdis/jiad228,AI001051-17
135898,"Lisa  Olano, PhD",38743047.0,10.1080/19490976.2024.2353394,AI001051-17
135898,"Lisa  Olano, PhD",39025963.0,10.1038/s41590-024-01910-0,AI001051-17
135898,"Lisa  Olano, PhD",37655895.0,10.1128/MRA.00362-23,AI001051-17
135898,"Lisa  Olano, PhD",37219953.0,10.1172/jci.insight.134685,AI001051-17
135898,"Lisa  Olano, PhD",38026221.0,10.1016/j.isci.2023.108160,AI001051-17
135898,"Lisa  Olano, PhD",38172257.0,10.1038/s41590-023-01691-y,AI001051-17
135898,"Lisa  Olano, PhD",38009914.0,10.1128/jvi.01272-23,AI001051-17
135898,"Lisa  Olano, PhD",38809710.0,10.1073/pnas.2403796121,AI001051-17
135898,"Lisa  Olano, PhD",38416804.0,10.1038/s44298-024-00037-1,AI001051-17
135898,"Lisa  Olano, PhD",38416804.0,10.7554/eLife.87094,AI001051-17
135898,"Lisa  Olano, PhD",37852960.0,10.1038/s41467-023-42346-8,AI001051-17
135898,"Lisa  Olano, PhD",37616377.0,10.1080/22221751.2023.2252513,AI001051-17
135898,"Lisa  Olano, PhD",37878467.0,10.1097/CORR.0000000000002886,AI001051-17
135898,"Lisa  Olano, PhD",38780248.0,10.1128/jvi.00283-24,AI001051-17
135898,"Lisa  Olano, PhD",38048388.0,10.1182/bloodadvances.2023011499,AI001051-17
135898,"Lisa  Olano, PhD",37866114.0,10.1016/j.ebiom.2023.104839,AI001051-17
135898,"Lisa  Olano, PhD",38336916.0,10.1038/s41598-024-53645-5,AI001051-17
135898,"Lisa  Olano, PhD",38344971.0,10.1016/j.jaci.2023.10.012,AI001051-17
135898,"Lisa  Olano, PhD",38252532.0,10.1089/vbz.2023.0090,AI001051-17
135898,"Lisa  Olano, PhD",38149583.0,10.1089/thy.2023.0341,AI001051-17
135898,"Lisa  Olano, PhD",37698922.0,10.1172/jci.insight.172893,AI001051-17
135898,"Lisa  Olano, PhD",38903125.0,10.1101/2024.05.01.592080,AI001051-17
135898,"Lisa  Olano, PhD",38064524.0,10.1371/journal.ppat.1011860,AI001051-17
135898,"Lisa  Olano, PhD",38487996.0,10.1093/infdis/jiae056,AI001051-17
135898,"Lisa  Olano, PhD",39084187.0,10.1016/j.cellimm.2024.104860,AI001051-17
135898,"Lisa  Olano, PhD",38511932.0,10.1128/jvi.00132-24,AI001051-17
135898,"Lisa  Olano, PhD",38428508.0,10.1016/j.ibmb.2024.104097,AI001051-17
135898,"Lisa  Olano, PhD",38658802.0,10.1038/s42003-024-06178-6,AI001051-17
135898,"Lisa  Olano, PhD",38912868.0,10.4049/jimmunol.2300459,AI001051-17
135898,"Lisa  Olano, PhD",38903096.0,10.1101/2024.05.16.594397,AI001051-17
135898,"Owen M Schwartz, PhD",38502192.0,10.1172/JCI169137,AI001051-17
135898,"Owen M Schwartz, PhD",38236633.0,10.7554/eLife.91809,AI001051-17
135898,"Owen M Schwartz, PhD",37651206.0,10.1172/JCI171729,AI001051-17
135898,"Owen M Schwartz, PhD",39042728.0,10.1126/scisignal.adp8569,AI001051-17
135898,"Owen M Schwartz, PhD",38117233.0,10.1164/rccm.202306-1064OC,AI001051-17
135898,"Owen M Schwartz, PhD",37847010.0,10.1128/MRA.00521-23,AI001051-17
135898,"Owen M Schwartz, PhD",37819097.0,10.1128/MRA.00520-23,AI001051-17
135898,"Owen M Schwartz, PhD",38128541.0,10.1093/infdis/jiad595,AI001051-17
135898,"Owen M Schwartz, PhD",38174935.0,10.1128/jvi.00849-23,AI001051-17
135898,"Owen M Schwartz, PhD",37796477.0,10.1084/jem.20231242,AI001051-17
135898,"Owen M Schwartz, PhD",38611048.0,10.3390/cancers16071370,AI001051-17
135898,"Owen M Schwartz, PhD",39068290.0,10.1038/s41598-024-68405-8,AI001051-17
135898,"Owen M Schwartz, PhD",38154666.0,10.1016/j.jaci.2023.12.011,AI001051-17
135898,"Owen M Schwartz, PhD",38194689.0,10.1182/blood.2023022098,AI001051-17
135898,"Owen M Schwartz, PhD",37796973.0,10.1371/journal.pntd.0011657,AI001051-17
135898,"Owen M Schwartz, PhD",38485563.0,10.1016/j.ebiom.2024.105040,AI001051-17
135898,"Owen M Schwartz, PhD",37768797.0,10.1109/TMI.2023.3320497,AI001051-17
135898,"Owen M Schwartz, PhD",38587077.0,10.1172/jci.insight.177720,AI001051-17
135898,"Owen M Schwartz, PhD",38729611.0,10.1016/j.mucimm.2024.04.004,AI001051-17
135898,"Owen M Schwartz, PhD",38842160.0,10.1093/infdis/jiae300,AI001051-17
135898,"Owen M Schwartz, PhD",37802314.0,10.1016/j.jbc.2023.105319,AI001051-17
135898,"Owen M Schwartz, PhD",38086794.0,10.1038/s41467-023-43447-0,AI001051-17
135898,"Owen M Schwartz, PhD",37949888.0,10.1038/s41598-023-46266-x,AI001051-17
135898,"Owen M Schwartz, PhD",37730434.0,10.26508/lsa.202302003,AI001051-17
135898,"Owen M Schwartz, PhD",38722159.0,10.1128/mbio.00124-24,AI001051-17
135898,"Owen M Schwartz, PhD",37883420.0,10.1371/journal.pone.0293450,AI001051-17
135898,"Owen M Schwartz, PhD",38432633.0,10.1016/j.jbc.2024.107127,AI001051-17
135898,"Owen M Schwartz, PhD",38163367.0,10.7326/M23-2328,AI001051-17
135898,"Owen M Schwartz, PhD",38451947.0,10.1073/pnas.2322574121,AI001051-17
135898,"Owen M Schwartz, PhD",38030609.0,10.1038/s41467-023-43588-2,AI001051-17
135898,"Owen M Schwartz, PhD",37587458.0,10.1186/s12864-023-09561-5,AI001051-17
135898,"Owen M Schwartz, PhD",38437239.0,10.1371/journal.ppat.1011879,AI001051-17
135898,"Owen M Schwartz, PhD",38916317.0,10.1128/spectrum.00486-24,AI001051-17
135898,"Owen M Schwartz, PhD",38678364.0,10.1016/j.xhgg.2024.100300,AI001051-17
135898,"Owen M Schwartz, PhD",37990257.0,10.1186/s12969-023-00911-x,AI001051-17
135898,"Owen M Schwartz, PhD",37477943.0,10.1093/infdis/jiad283,AI001051-17
135898,"Owen M Schwartz, PhD",37348869.0,10.1093/infdis/jiad228,AI001051-17
135898,"Owen M Schwartz, PhD",38743047.0,10.1080/19490976.2024.2353394,AI001051-17
135898,"Owen M Schwartz, PhD",39025963.0,10.1038/s41590-024-01910-0,AI001051-17
135898,"Owen M Schwartz, PhD",37655895.0,10.1128/MRA.00362-23,AI001051-17
135898,"Owen M Schwartz, PhD",37219953.0,10.1172/jci.insight.134685,AI001051-17
135898,"Owen M Schwartz, PhD",38026221.0,10.1016/j.isci.2023.108160,AI001051-17
135898,"Owen M Schwartz, PhD",38172257.0,10.1038/s41590-023-01691-y,AI001051-17
135898,"Owen M Schwartz, PhD",38009914.0,10.1128/jvi.01272-23,AI001051-17
135898,"Owen M Schwartz, PhD",38809710.0,10.1073/pnas.2403796121,AI001051-17
135898,"Owen M Schwartz, PhD",38416804.0,10.1038/s44298-024-00037-1,AI001051-17
135898,"Owen M Schwartz, PhD",38416804.0,10.7554/eLife.87094,AI001051-17
135898,"Owen M Schwartz, PhD",37852960.0,10.1038/s41467-023-42346-8,AI001051-17
135898,"Owen M Schwartz, PhD",37616377.0,10.1080/22221751.2023.2252513,AI001051-17
135898,"Owen M Schwartz, PhD",37878467.0,10.1097/CORR.0000000000002886,AI001051-17
135898,"Owen M Schwartz, PhD",38780248.0,10.1128/jvi.00283-24,AI001051-17
135898,"Owen M Schwartz, PhD",38048388.0,10.1182/bloodadvances.2023011499,AI001051-17
135898,"Owen M Schwartz, PhD",37866114.0,10.1016/j.ebiom.2023.104839,AI001051-17
135898,"Owen M Schwartz, PhD",38336916.0,10.1038/s41598-024-53645-5,AI001051-17
135898,"Owen M Schwartz, PhD",38344971.0,10.1016/j.jaci.2023.10.012,AI001051-17
135898,"Owen M Schwartz, PhD",38252532.0,10.1089/vbz.2023.0090,AI001051-17
135898,"Owen M Schwartz, PhD",38149583.0,10.1089/thy.2023.0341,AI001051-17
135898,"Owen M Schwartz, PhD",37698922.0,10.1172/jci.insight.172893,AI001051-17
135898,"Owen M Schwartz, PhD",38903125.0,10.1101/2024.05.01.592080,AI001051-17
135898,"Owen M Schwartz, PhD",38064524.0,10.1371/journal.ppat.1011860,AI001051-17
135898,"Owen M Schwartz, PhD",38487996.0,10.1093/infdis/jiae056,AI001051-17
135898,"Owen M Schwartz, PhD",39084187.0,10.1016/j.cellimm.2024.104860,AI001051-17
135898,"Owen M Schwartz, PhD",38511932.0,10.1128/jvi.00132-24,AI001051-17
135898,"Owen M Schwartz, PhD",38428508.0,10.1016/j.ibmb.2024.104097,AI001051-17
135898,"Owen M Schwartz, PhD",38658802.0,10.1038/s42003-024-06178-6,AI001051-17
135898,"Owen M Schwartz, PhD",38912868.0,10.4049/jimmunol.2300459,AI001051-17
135898,"Owen M Schwartz, PhD",38903096.0,10.1101/2024.05.16.594397,AI001051-17
135761,"Bruce  Chesebro, MD",37910561.0,10.1371/journal.pone.0293301,AI000937-21
136034,"Matthew J Memoli, MD",36755544.0,10.1017/cts.2022.484,AI001268-05
136034,"Matthew J Memoli, MD",38694513.0,10.3389/fimmu.2024.1352330,AI001268-05
137193,Ottavia Maria Delmonte,38422122.0,10.1126/science.adh4059,AI001376-01
137193,Ottavia Maria Delmonte,38701783.0,10.1016/j.cell.2024.04.009,AI001376-01
137193,Ottavia Maria Delmonte,38015619.0,10.1172/JCI172573,AI001376-01
137193,Ottavia Maria Delmonte,37938781.0,10.1038/s41586-023-06717-x,AI001376-01
137193,Ottavia Maria Delmonte,37757827.0,10.1016/j.xcrm.2023.101205,AI001376-01
137193,Ottavia Maria Delmonte,38096800.0,10.1182/bloodadvances.2023011766,AI001376-01
137193,Ottavia Maria Delmonte,38154666.0,10.1016/j.jaci.2023.12.011,AI001376-01
137193,Ottavia Maria Delmonte,37020259.0,10.1126/sciadv.adh3150,AI001376-01
137193,Ottavia Maria Delmonte,37020259.0,10.1186/s13073-023-01173-8,AI001376-01
137193,Ottavia Maria Delmonte,38578389.0,10.1007/s10875-023-01613-5,AI001376-01
135876,"Patrizia  Farci, MD",38611048.0,10.3390/cancers16071370,AI000999-18
135876,"Patrizia  Farci, MD",37703304.0,10.1371/journal.ppat.1011664,AI000999-18
135824,"Peter D Sun, PhD",38572241.0,10.3389/fmicb.2024.1385775,AI000880-24
135824,"Peter D Sun, PhD",36780482.0,10.1371/journal.pone.0281087,AI000880-24
136098,"Eli  Boritz, MD, PhD",39174553.0,10.1038/s41467-024-51539-8,AI005157-05
135999,"Niraj Harish Tolia, PhD",37832027.0,10.1182/blood.2023020831,AI001237-07
135999,"Niraj Harish Tolia, PhD",38056457.0,10.1016/j.chom.2023.10.019,AI001237-07
135999,"Niraj Harish Tolia, PhD",38604871.0,10.1016/j.pt.2024.04.001,AI001237-07
135925,"Iain  Fraser, PhD",36624264.0,10.1038/s41418-022-01106-9,AI001107-16
135925,"Iain  Fraser, PhD",38502482.0,10.1007/978-1-0716-3766-1_8,AI001107-16
135925,"Iain  Fraser, PhD",38265935.0,,AI001107-16
135925,"Iain  Fraser, PhD",38265935.0,10.1016/j.celrep.2024.113700,AI001107-16
135778,"Ursula  Buchholz, PhD, DVM",38593167.0,10.1371/journal.pone.0301773,AI000372-42
135778,"Ursula  Buchholz, PhD, DVM",37622664.0,10.1099/jgv.0.001864,AI000372-42
135778,"Ursula  Buchholz, PhD, DVM",38739647.0,10.1371/journal.ppat.1012198,AI000372-42
135778,"Ursula  Buchholz, PhD, DVM",38932114.0,10.3390/v16060821,AI000372-42
135886,"David Harvey Margulies, PhD, MD",37726484.0,10.1038/s42003-023-05332-w,AI001028-17
135736,"Suchitra Kaveri Hourigan, MD",36988432.0,10.1093/ecco-jcc/jjad057,AI001357-03
135918,"Heinrich Ulrich Feldmann, MD, PhD",37672587.0,10.1126/sciadv.adj1428,AI001089-16
135918,"Heinrich Ulrich Feldmann, MD, PhD",38404292.0,10.3389/fcimb.2024.1341891,AI001089-16
135918,"Heinrich Ulrich Feldmann, MD, PhD",37474155.0,10.1093/infdis/jiad280,AI001089-16
135918,"Heinrich Ulrich Feldmann, MD, PhD",37756057.0,10.3390/vetsci10090536,AI001089-16
135918,"Heinrich Ulrich Feldmann, MD, PhD",37356729.0,10.1016/j.antiviral.2023.105658,AI001089-16
135918,"Heinrich Ulrich Feldmann, MD, PhD",38261786.0,10.1093/infdis/jiae018,AI001089-16
135918,"Heinrich Ulrich Feldmann, MD, PhD",37352146.0,10.1093/infdis/jiad226,AI001089-16
135918,"Heinrich Ulrich Feldmann, MD, PhD",37643006.0,10.1099/jgv.0.001873,AI001089-16
135918,"Heinrich Ulrich Feldmann, MD, PhD",38769294.0,10.1038/s41541-024-00887-z,AI001089-16
135918,"Heinrich Ulrich Feldmann, MD, PhD",37562033.0,10.1093/infdis/jiad325,AI001089-16
135918,"Heinrich Ulrich Feldmann, MD, PhD",38382314.0,10.1016/j.ebiom.2024.105017,AI001089-16
135918,"Heinrich Ulrich Feldmann, MD, PhD",38400054.0,10.3390/v16020279,AI001089-16
135918,"Heinrich Ulrich Feldmann, MD, PhD",37290042.0,10.1093/infdis/jiad208,AI001089-16
135918,"Heinrich Ulrich Feldmann, MD, PhD",37183957.0,10.1093/infdis/jiad161,AI001089-16
135918,"Heinrich Ulrich Feldmann, MD, PhD",37477943.0,10.1093/infdis/jiad283,AI001089-16
135918,"Heinrich Ulrich Feldmann, MD, PhD",37348869.0,10.1093/infdis/jiad228,AI001089-16
135918,"Heinrich Ulrich Feldmann, MD, PhD",37880247.0,10.1038/s41467-023-42526-6,AI001089-16
135918,"Heinrich Ulrich Feldmann, MD, PhD",38548922.0,10.1038/s41564-024-01672-3,AI001089-16
135918,"Heinrich Ulrich Feldmann, MD, PhD",37186162.0,10.1093/infdis/jiad121,AI001089-16
135918,"Heinrich Ulrich Feldmann, MD, PhD",38165394.0,10.1080/22221751.2023.2294860,AI001089-16
135918,"Heinrich Ulrich Feldmann, MD, PhD",37866114.0,10.1016/j.ebiom.2023.104839,AI001089-16
135918,"Heinrich Ulrich Feldmann, MD, PhD",38652660.0,10.1016/j.celrep.2024.114127,AI001089-16
135918,"Heinrich Ulrich Feldmann, MD, PhD",37596837.0,10.1093/infdis/jiad354,AI001089-16
135918,"Heinrich Ulrich Feldmann, MD, PhD",38669579.0,10.1126/science.adn3231,AI001089-16
135918,"Heinrich Ulrich Feldmann, MD, PhD",38973065.0,10.1093/infdis/jiae213,AI001089-16
135775,"Ursula  Buchholz, PhD, DVM",38861603.0,10.1073/pnas.2316376121,AI000327-43
135775,"Ursula  Buchholz, PhD, DVM",38809710.0,10.1073/pnas.2403796121,AI000327-43
136066,"Irini  Sereti, MD",38694513.0,10.3389/fimmu.2024.1352330,AI001308-05
136066,"Irini  Sereti, MD",38344971.0,10.1016/j.jaci.2023.10.012,AI001308-05
135784,"Thomas Edward Wellems, PhD, MD",38971776.0,10.1186/s13071-024-06364-9,AI000483-39
135994,"Patrick Emmet Duffy, MD",38636200.0,10.1016/j.ebiom.2024.105115,AI001228-07
135883,"Michael  Grigg, PhD",38620029.0,10.1371/journal.pntd.0011472,AI001018-18
135883,"Michael  Grigg, PhD",38798642.0,10.21203/rs.3.rs-4294842/v1,AI001018-18
135883,"Michael  Grigg, PhD",38903118.0,10.1101/2024.04.17.589752.,AI001018-18
135883,"Michael  Grigg, PhD",38903118.0,10.1101/2024.05.20.595045,AI001018-18
135883,"Michael  Grigg, PhD",38366179.0,10.1093/ismejo/wrae023,AI001018-18
135883,"Michael  Grigg, PhD",38903060.0,10.1101/2024.03.02.583119,AI001018-18
135883,"Michael  Grigg, PhD",38059179.0,,AI001018-18
135883,"Michael  Grigg, PhD",38059179.0,10.1016/j.ijppaw.2023.10.010,AI001018-18
136134,"Lingshu  Wang, PhD",37330602.0,10.1038/s41467-023-39292-w,AI005169-03
136134,"Wing Pui  Kong, PhD",37330602.0,10.1038/s41467-023-39292-w,AI005169-03
136134,"Nicole Amy Doria-Rose, PhD",37330602.0,10.1038/s41467-023-39292-w,AI005169-03
136134,"Theodore C Pierson, PhD",37330602.0,10.1038/s41467-023-39292-w,AI005169-03
135818,"Jose Marcos Chaves Ribeiro, MD, PhD",38816418.0,10.1038/s41598-024-62732-6,AI000810-28
135818,"Jose Marcos Chaves Ribeiro, MD, PhD",38110569.0,10.1038/s42003-023-05679-0,AI000810-28
135818,"Jose Marcos Chaves Ribeiro, MD, PhD",37758795.0,10.1038/s41598-023-43200-z,AI000810-28
135818,"Jose Marcos Chaves Ribeiro, MD, PhD",37624343.0,10.3390/tropicalmed8080405,AI000810-28
135818,"Jose Marcos Chaves Ribeiro, MD, PhD",38955221.0,10.1098/rsob.230437,AI000810-28
135818,"Jose Marcos Chaves Ribeiro, MD, PhD",38281054.0,10.1186/s13071-024-06136-5,AI000810-28
135820,"Brian  Kelsall, MD",38774866.0,10.3389/fimmu.2024.1380628,AI000833-27
135820,"Brian  Kelsall, MD",38030609.0,10.1038/s41467-023-43588-2,AI000833-27
135820,"Brian  Kelsall, MD",36963628.0,10.1016/j.ajpath.2023.02.016,AI000833-27
135932,"Connie Sue Schmaljohn, PhD",36943870.0,10.1016/j.celrep.2023.112266,AI009006-16
135932,"Connie Sue Schmaljohn, PhD",36966070.0,10.1016/j.acra.2023.02.027,AI009006-16
135899,"Anita L Mora, BS",37025992.0,10.3389/fimmu.2023.1078958,AI001052-17
135899,"Anita L Mora, BS",37847010.0,10.1128/MRA.00521-23,AI001052-17
135899,"Anita L Mora, BS",37819097.0,10.1128/MRA.00520-23,AI001052-17
135899,"Anita L Mora, BS",38380929.0,10.1128/mbio.03185-23,AI001052-17
135899,"Anita L Mora, BS",38816418.0,10.1038/s41598-024-62732-6,AI001052-17
135899,"Anita L Mora, BS",37821447.0,10.1038/s41467-023-42140-6,AI001052-17
135899,"Anita L Mora, BS",37796973.0,10.1371/journal.pntd.0011657,AI001052-17
135899,"Anita L Mora, BS",38485563.0,10.1016/j.ebiom.2024.105040,AI001052-17
135899,"Anita L Mora, BS",38729611.0,10.1016/j.mucimm.2024.04.004,AI001052-17
135899,"Anita L Mora, BS",38572241.0,10.3389/fmicb.2024.1385775,AI001052-17
135899,"Anita L Mora, BS",38722159.0,10.1128/mbio.00124-24,AI001052-17
135899,"Anita L Mora, BS",38916317.0,10.3389/fitd.2024.1308585,AI001052-17
135899,"Anita L Mora, BS",38916317.0,10.1128/spectrum.00486-24,AI001052-17
135899,"Anita L Mora, BS",37477943.0,10.1093/infdis/jiad283,AI001052-17
135899,"Anita L Mora, BS",37348869.0,10.1093/infdis/jiad228,AI001052-17
135899,"Anita L Mora, BS",37350974.0,10.3389/fimmu.2023.1114780,AI001052-17
135899,"Anita L Mora, BS",37655895.0,10.1128/MRA.00362-23,AI001052-17
135899,"Anita L Mora, BS",38134511.0,10.1016/j.ttbdis.2023.102301,AI001052-17
135899,"Anita L Mora, BS",37338342.0,10.1128/jvi.00600-23,AI001052-17
135899,"Anita L Mora, BS",38416804.0,10.7554/eLife.87094,AI001052-17
135899,"Anita L Mora, BS",37852960.0,10.1038/s41467-023-42346-8,AI001052-17
135899,"Anita L Mora, BS",37616377.0,10.1080/22221751.2023.2252513,AI001052-17
135899,"Anita L Mora, BS",36424123.0,10.1136/ard-2022-223269,AI001052-17
135899,"Anita L Mora, BS",38321047.0,10.1038/s41467-024-45304-0,AI001052-17
135899,"Anita L Mora, BS",38387018.0,10.1093/jme/tjae026,AI001052-17
135899,"Anita L Mora, BS",38252532.0,10.1089/vbz.2023.0090,AI001052-17
135899,"Anita L Mora, BS",36884218.0,10.1084/jem.20221755,AI001052-17
135899,"Anita L Mora, BS",37339334.0,10.1210/clinem/dgad368,AI001052-17
135899,"Anita L Mora, BS",36733941.0,10.3389/fgene.2022.1048330,AI001052-17
135899,"Anita L Mora, BS",38511932.0,10.1128/jvi.00132-24,AI001052-17
135899,"Craig  Martens, PhD",37025992.0,10.3389/fimmu.2023.1078958,AI001052-17
135899,"Craig  Martens, PhD",37847010.0,10.1128/MRA.00521-23,AI001052-17
135899,"Craig  Martens, PhD",37819097.0,10.1128/MRA.00520-23,AI001052-17
135899,"Craig  Martens, PhD",38380929.0,10.1128/mbio.03185-23,AI001052-17
135899,"Craig  Martens, PhD",38816418.0,10.1038/s41598-024-62732-6,AI001052-17
135899,"Craig  Martens, PhD",37821447.0,10.1038/s41467-023-42140-6,AI001052-17
135899,"Craig  Martens, PhD",37796973.0,10.1371/journal.pntd.0011657,AI001052-17
135899,"Craig  Martens, PhD",38485563.0,10.1016/j.ebiom.2024.105040,AI001052-17
135899,"Craig  Martens, PhD",38729611.0,10.1016/j.mucimm.2024.04.004,AI001052-17
135899,"Craig  Martens, PhD",38572241.0,10.3389/fmicb.2024.1385775,AI001052-17
135899,"Craig  Martens, PhD",38722159.0,10.1128/mbio.00124-24,AI001052-17
135899,"Craig  Martens, PhD",38916317.0,10.3389/fitd.2024.1308585,AI001052-17
135899,"Craig  Martens, PhD",38916317.0,10.1128/spectrum.00486-24,AI001052-17
135899,"Craig  Martens, PhD",37477943.0,10.1093/infdis/jiad283,AI001052-17
135899,"Craig  Martens, PhD",37348869.0,10.1093/infdis/jiad228,AI001052-17
135899,"Craig  Martens, PhD",37350974.0,10.3389/fimmu.2023.1114780,AI001052-17
135899,"Craig  Martens, PhD",37655895.0,10.1128/MRA.00362-23,AI001052-17
135899,"Craig  Martens, PhD",38134511.0,10.1016/j.ttbdis.2023.102301,AI001052-17
135899,"Craig  Martens, PhD",37338342.0,10.1128/jvi.00600-23,AI001052-17
135899,"Craig  Martens, PhD",38416804.0,10.7554/eLife.87094,AI001052-17
135899,"Craig  Martens, PhD",37852960.0,10.1038/s41467-023-42346-8,AI001052-17
135899,"Craig  Martens, PhD",37616377.0,10.1080/22221751.2023.2252513,AI001052-17
135899,"Craig  Martens, PhD",36424123.0,10.1136/ard-2022-223269,AI001052-17
135899,"Craig  Martens, PhD",38321047.0,10.1038/s41467-024-45304-0,AI001052-17
135899,"Craig  Martens, PhD",38387018.0,10.1093/jme/tjae026,AI001052-17
135899,"Craig  Martens, PhD",38252532.0,10.1089/vbz.2023.0090,AI001052-17
135899,"Craig  Martens, PhD",36884218.0,10.1084/jem.20221755,AI001052-17
135899,"Craig  Martens, PhD",37339334.0,10.1210/clinem/dgad368,AI001052-17
135899,"Craig  Martens, PhD",36733941.0,10.3389/fgene.2022.1048330,AI001052-17
135899,"Craig  Martens, PhD",38511932.0,10.1128/jvi.00132-24,AI001052-17
135899,"Elizabeth R Fischer, MA",37025992.0,10.3389/fimmu.2023.1078958,AI001052-17
135899,"Elizabeth R Fischer, MA",37847010.0,10.1128/MRA.00521-23,AI001052-17
135899,"Elizabeth R Fischer, MA",37819097.0,10.1128/MRA.00520-23,AI001052-17
135899,"Elizabeth R Fischer, MA",38380929.0,10.1128/mbio.03185-23,AI001052-17
135899,"Elizabeth R Fischer, MA",38816418.0,10.1038/s41598-024-62732-6,AI001052-17
135899,"Elizabeth R Fischer, MA",37821447.0,10.1038/s41467-023-42140-6,AI001052-17
135899,"Elizabeth R Fischer, MA",37796973.0,10.1371/journal.pntd.0011657,AI001052-17
135899,"Elizabeth R Fischer, MA",38485563.0,10.1016/j.ebiom.2024.105040,AI001052-17
135899,"Elizabeth R Fischer, MA",38729611.0,10.1016/j.mucimm.2024.04.004,AI001052-17
135899,"Elizabeth R Fischer, MA",38572241.0,10.3389/fmicb.2024.1385775,AI001052-17
135899,"Elizabeth R Fischer, MA",38722159.0,10.1128/mbio.00124-24,AI001052-17
135899,"Elizabeth R Fischer, MA",38916317.0,10.3389/fitd.2024.1308585,AI001052-17
135899,"Elizabeth R Fischer, MA",38916317.0,10.1128/spectrum.00486-24,AI001052-17
135899,"Elizabeth R Fischer, MA",37477943.0,10.1093/infdis/jiad283,AI001052-17
135899,"Elizabeth R Fischer, MA",37348869.0,10.1093/infdis/jiad228,AI001052-17
135899,"Elizabeth R Fischer, MA",37350974.0,10.3389/fimmu.2023.1114780,AI001052-17
135899,"Elizabeth R Fischer, MA",37655895.0,10.1128/MRA.00362-23,AI001052-17
135899,"Elizabeth R Fischer, MA",38134511.0,10.1016/j.ttbdis.2023.102301,AI001052-17
135899,"Elizabeth R Fischer, MA",37338342.0,10.1128/jvi.00600-23,AI001052-17
135899,"Elizabeth R Fischer, MA",38416804.0,10.7554/eLife.87094,AI001052-17
135899,"Elizabeth R Fischer, MA",37852960.0,10.1038/s41467-023-42346-8,AI001052-17
135899,"Elizabeth R Fischer, MA",37616377.0,10.1080/22221751.2023.2252513,AI001052-17
135899,"Elizabeth R Fischer, MA",36424123.0,10.1136/ard-2022-223269,AI001052-17
135899,"Elizabeth R Fischer, MA",38321047.0,10.1038/s41467-024-45304-0,AI001052-17
135899,"Elizabeth R Fischer, MA",38387018.0,10.1093/jme/tjae026,AI001052-17
135899,"Elizabeth R Fischer, MA",38252532.0,10.1089/vbz.2023.0090,AI001052-17
135899,"Elizabeth R Fischer, MA",36884218.0,10.1084/jem.20221755,AI001052-17
135899,"Elizabeth R Fischer, MA",37339334.0,10.1210/clinem/dgad368,AI001052-17
135899,"Elizabeth R Fischer, MA",36733941.0,10.3389/fgene.2022.1048330,AI001052-17
135899,"Elizabeth R Fischer, MA",38511932.0,10.1128/jvi.00132-24,AI001052-17
135899,"Iyadh  Douagi, PhD",37025992.0,10.3389/fimmu.2023.1078958,AI001052-17
135899,"Iyadh  Douagi, PhD",37847010.0,10.1128/MRA.00521-23,AI001052-17
135899,"Iyadh  Douagi, PhD",37819097.0,10.1128/MRA.00520-23,AI001052-17
135899,"Iyadh  Douagi, PhD",38380929.0,10.1128/mbio.03185-23,AI001052-17
135899,"Iyadh  Douagi, PhD",38816418.0,10.1038/s41598-024-62732-6,AI001052-17
135899,"Iyadh  Douagi, PhD",37821447.0,10.1038/s41467-023-42140-6,AI001052-17
135899,"Iyadh  Douagi, PhD",37796973.0,10.1371/journal.pntd.0011657,AI001052-17
135899,"Iyadh  Douagi, PhD",38485563.0,10.1016/j.ebiom.2024.105040,AI001052-17
135899,"Iyadh  Douagi, PhD",38729611.0,10.1016/j.mucimm.2024.04.004,AI001052-17
135899,"Iyadh  Douagi, PhD",38572241.0,10.3389/fmicb.2024.1385775,AI001052-17
135899,"Iyadh  Douagi, PhD",38722159.0,10.1128/mbio.00124-24,AI001052-17
135899,"Iyadh  Douagi, PhD",38916317.0,10.3389/fitd.2024.1308585,AI001052-17
135899,"Iyadh  Douagi, PhD",38916317.0,10.1128/spectrum.00486-24,AI001052-17
135899,"Iyadh  Douagi, PhD",37477943.0,10.1093/infdis/jiad283,AI001052-17
135899,"Iyadh  Douagi, PhD",37348869.0,10.1093/infdis/jiad228,AI001052-17
135899,"Iyadh  Douagi, PhD",37350974.0,10.3389/fimmu.2023.1114780,AI001052-17
135899,"Iyadh  Douagi, PhD",37655895.0,10.1128/MRA.00362-23,AI001052-17
135899,"Iyadh  Douagi, PhD",38134511.0,10.1016/j.ttbdis.2023.102301,AI001052-17
135899,"Iyadh  Douagi, PhD",37338342.0,10.1128/jvi.00600-23,AI001052-17
135899,"Iyadh  Douagi, PhD",38416804.0,10.7554/eLife.87094,AI001052-17
135899,"Iyadh  Douagi, PhD",37852960.0,10.1038/s41467-023-42346-8,AI001052-17
135899,"Iyadh  Douagi, PhD",37616377.0,10.1080/22221751.2023.2252513,AI001052-17
135899,"Iyadh  Douagi, PhD",36424123.0,10.1136/ard-2022-223269,AI001052-17
135899,"Iyadh  Douagi, PhD",38321047.0,10.1038/s41467-024-45304-0,AI001052-17
135899,"Iyadh  Douagi, PhD",38387018.0,10.1093/jme/tjae026,AI001052-17
135899,"Iyadh  Douagi, PhD",38252532.0,10.1089/vbz.2023.0090,AI001052-17
135899,"Iyadh  Douagi, PhD",36884218.0,10.1084/jem.20221755,AI001052-17
135899,"Iyadh  Douagi, PhD",37339334.0,10.1210/clinem/dgad368,AI001052-17
135899,"Iyadh  Douagi, PhD",36733941.0,10.3389/fgene.2022.1048330,AI001052-17
135899,"Iyadh  Douagi, PhD",38511932.0,10.1128/jvi.00132-24,AI001052-17
135838,"Silvia  Bolland, PhD",38901428.0,10.1016/j.immuni.2024.05.024,AI000912-23
135838,"Silvia  Bolland, PhD",37610299.0,10.4049/immunohorizons.2300038,AI000912-23
135940,"Amy D Klion, MD",38110118.0,10.1016/j.jaip.2023.12.020,AI001130-15
135940,"Amy D Klion, MD",38745866.0,10.1016/j.jacig.2024.100260,AI001130-15
135940,"Amy D Klion, MD",37690772.0,10.1053/j.gastro.2023.09.004,AI001130-15
135940,"Amy D Klion, MD",37951310.0,10.1016/j.jaci.2023.11.002,AI001130-15
135940,"Amy D Klion, MD",37336228.0,10.1016/S2468-1253(23)00145-0,AI001130-15
135940,"Amy D Klion, MD",37507068.0,10.1016/j.jaip.2023.07.026,AI001130-15
135940,"Amy D Klion, MD",37487654.0,10.1111/cea.14376,AI001130-15
135940,"Amy D Klion, MD",37285821.0,10.1159/000528046,AI001130-15
135940,"Amy D Klion, MD",38928133.0,10.3390/ijms25126427,AI001130-15
135940,"Amy D Klion, MD",36652685.0,10.1182/bloodadvances.2022009061,AI001130-15
135940,"Amy D Klion, MD",38666394.0,10.1002/cyto.b.22174,AI001130-15
135940,"Amy D Klion, MD",38838942.0,10.1016/j.anai.2024.05.015,AI001130-15
135940,"Amy D Klion, MD",36621605.0,10.1016/j.jaip.2022.12.028,AI001130-15
135940,"Amy D Klion, MD",37984795.0,10.1016/j.jaip.2023.11.020,AI001130-15
136129,"Michael C Sneller, MD",37348524.0,10.1016/S2213-2600(23)00147-9,AI001354-04
136129,"Clifford  Lane, MD",37348524.0,10.1016/S2213-2600(23)00147-9,AI001354-04
135848,"Daniel C Douek, MD, PhD",36599978.0,10.1038/s41586-022-05556-6,AI005031-23
136138,"Suchitra Kaveri Hourigan, MD",37422700.0,10.1111/all.15806,AI001362-03
136138,"Suchitra Kaveri Hourigan, MD",36988432.0,10.1093/ecco-jcc/jjad057,AI001362-03
136138,"Suchitra Kaveri Hourigan, MD",36893732.0,10.1016/j.chom.2023.02.007,AI001362-03
136138,"Suchitra Kaveri Hourigan, MD",37096914.0,10.1080/19490976.2023.2203969,AI001362-03
135847,"Richard A Koup, MD",37224227.0,10.1126/scitranslmed.adf3309,AI005015-23
135847,"Richard A Koup, MD",37520703.0,10.1016/j.isci.2023.107261,AI005015-23
135847,"Richard A Koup, MD",37075129.0,10.1126/scitranslmed.ade4790,AI005015-23
136046,"Stephen H Leppla, PhD",38110611.0,10.1038/s41598-023-49881-w,AI001283-05
136046,"Stephen H Leppla, PhD",37194248.0,10.1021/acs.bioconjchem.2c00609,AI001283-05
136113,"Pamela  Frischmeyer-Guerrerio, MD",38460680.0,10.1016/j.jaci.2024.03.001,AI001336-04
135756,Kathryn Elizabeth Foulds,37861342.0,10.4049/jimmunol.2300424,AI005103-16
135756,Kathryn Elizabeth Foulds,38294906.0,10.1016/j.celrep.2024.113706,AI005103-16
135756,"Mario  Roederer, PhD",37861342.0,10.4049/jimmunol.2300424,AI005103-16
135756,"Mario  Roederer, PhD",38294906.0,10.1016/j.celrep.2024.113706,AI005103-16
135919,"Mark  Connors, MD",37349337.0,10.1038/s41467-023-39265-z,AI001090-16
135913,"Kirk Matthew Druey, MD",38502192.0,10.1172/JCI169137,AI001083-16
135913,"Kirk Matthew Druey, MD",37976351.0,10.1126/sciadv.adi1394,AI001083-16
135913,"Kirk Matthew Druey, MD",37304620.0,10.1016/j.jacig.2023.100116,AI001083-16
135964,"Heinrich Ulrich Feldmann, MD, PhD",38834052.0,10.4269/ajtmh.23-0803,AI001189-11
135964,"Heinrich Ulrich Feldmann, MD, PhD",38404292.0,10.3389/fcimb.2024.1341891,AI001189-11
135964,"Heinrich Ulrich Feldmann, MD, PhD",37643006.0,10.1099/jgv.0.001873,AI001189-11
135964,"Heinrich Ulrich Feldmann, MD, PhD",37083332.0,10.1016/j.celrep.2023.112418,AI001189-11
135964,"Heinrich Ulrich Feldmann, MD, PhD",38669579.0,10.1126/science.adn3231,AI001189-11
135868,"Ronald N Germain, MD, PhD",37080161.0,10.1016/j.cels.2023.03.002,AI000974-19
135868,"Ronald N Germain, MD, PhD",37796477.0,10.1084/jem.20231242,AI000974-19
135777,"Andrew  Redd, PhD",38803064.0,10.1002/sim.10112,AI000361-42
135777,"Andrew  Redd, PhD",37544771.0,10.1177/09564624231193491,AI000361-42
135777,"Andrew  Redd, PhD",37379584.0,10.1093/infdis/jiad241,AI000361-42
135777,"Andrew  Redd, PhD",37255467.0,10.1111/trf.17449,AI000361-42
135777,"Andrew  Redd, PhD",37811983.0,10.1128/spectrum.02183-23,AI000361-42
135777,"Andrew  Redd, PhD",37195924.0,10.1097/QAI.0000000000003220,AI000361-42
135777,"Andrew  Redd, PhD",38181070.0,10.1093/infdis/jiae004,AI000361-42
135777,"Andrew  Redd, PhD",38485563.0,10.1016/j.ebiom.2024.105040,AI000361-42
135777,"Andrew  Redd, PhD",39044942.0,10.1093/jamiaopen/ooae069,AI000361-42
135777,"Andrew  Redd, PhD",37724870.0,10.1128/mbio.00618-23,AI000361-42
135777,"Andrew  Redd, PhD",37744365.0,10.3389/fimmu.2023.1178520,AI000361-42
135777,"Andrew  Redd, PhD",38009954.0,10.1128/spectrum.03286-23,AI000361-42
135777,"Andrew  Redd, PhD",37620337.0,10.1038/s41467-023-40960-0,AI000361-42
135777,"Andrew  Redd, PhD",37534607.0,10.1111/trf.17485,AI000361-42
135777,"Andrew  Redd, PhD",38813260.0,10.1093/ofid/ofae207,AI000361-42
135777,"Andrew  Redd, PhD",38189332.0,10.1128/spectrum.03253-23,AI000361-42
135777,"Andrew  Redd, PhD",39106267.0,10.1371/journal.pgph.0003554,AI000361-42
135777,"Andrew  Redd, PhD",38819322.0,10.1093/infdis/jiae294,AI000361-42
135777,"Andrew  Redd, PhD",37547379.0,10.1093/ve/vead046,AI000361-42
135777,"Andrew  Redd, PhD",37705364.0,10.1002/jia2.26135,AI000361-42
135777,"Andrew  Redd, PhD",37294280.0,10.1089/apc.2023.0017,AI000361-42
135777,"Andrew  Redd, PhD",38956017.0,10.1038/s41467-024-48985-9,AI000361-42
135777,"Andrew  Redd, PhD",38052974.0,10.1038/s41564-023-01530-8,AI000361-42
135777,"Andrew  Redd, PhD",38408217.0,10.1097/QAI.0000000000003330,AI000361-42
135777,"Andrew  Redd, PhD",37585383.0,10.1371/journal.pgph.0001566,AI000361-42
135777,"Andrew  Redd, PhD",38444369.0,10.1080/22221751.2024.2327371,AI000361-42
135777,"Andrew  Redd, PhD",38483534.0,10.1172/jci.insight.178460,AI000361-42
135777,"Andrew  Redd, PhD",37637232.0,10.1016/j.dadr.2023.100184,AI000361-42
135777,"Andrew  Redd, PhD",38377078.0,10.1371/journal.pgph.0002891,AI000361-42
135777,"Andrew  Redd, PhD",38114162.0,10.1093/cid/ciad773,AI000361-42
135777,"Andrew  Redd, PhD",37395255.0,10.1097/QAD.0000000000003593,AI000361-42
135777,"Andrew  Redd, PhD",38332519.0,10.1002/jia2.26200,AI000361-42
135777,"Andrew  Redd, PhD",38423018.0,10.1016/j.xcrm.2024.101442,AI000361-42
135777,"Andrew  Redd, PhD",36889304.0,10.1097/QAI.0000000000003182,AI000361-42
135777,"Andrew  Redd, PhD",37380166.0,10.1093/infdis/jiad245,AI000361-42
135777,"Andrew  Redd, PhD",38109082.0,10.1001/jamapediatrics.2023.5238,AI000361-42
135777,"Andrew  Redd, PhD",37079374.0,10.1093/infdis/jiad113,AI000361-42
135777,"Andrew  Redd, PhD",38057307.0,10.1038/s41467-023-43881-0,AI000361-42
135777,"Andrew  Redd, PhD",37659419.0,10.1016/S2666-5247(23)00171-4,AI000361-42
135777,"Andrew  Redd, PhD",39007069.0,10.1016/j.eclinm.2024.102690,AI000361-42
135946,"Patrick Emmet Duffy, MD",38194272.0,10.1172/JCI169060,AI001147-14
136032,"Helen C Su, MD, PhD",38175961.0,10.1084/jem.20231353,AI001265-05
136032,"Helen C Su, MD, PhD",38154666.0,10.1016/j.jaci.2023.12.011,AI001265-05
136032,"Helen C Su, MD, PhD",37938781.0,10.1038/s41586-023-06717-x,AI001265-05
135759,"Clifford  Lane, MD",38383504.0,10.1186/s13054-024-04819-0,AI000936-21
135759,"Clifford  Lane, MD",37348524.0,10.1016/S2213-2600(23)00147-9,AI000936-21
135759,"Clifford  Lane, MD",37275364.0,10.3389/fmed.2023.1140100,AI000936-21
135759,"Clifford  Lane, MD",39018444.0,10.1093/cid/ciae324,AI000936-21
135759,"Clifford  Lane, MD",37441774.0,10.7189/jogh.13.03031,AI000936-21
135759,"Clifford  Lane, MD",38657001.0,10.1093/infdis/jiae198,AI000936-21
136080,"Elodie  Ghedin, PhD",38978558.0,10.1183/23120541.00789-2023,AI001324-05
136080,"Elodie  Ghedin, PhD",38946967.0,10.1101/2024.06.14.24308523,AI001324-05
135904,"Tovi  Lehmann, PhD",38455906.0,10.3389/fepid.2023.1243691,AI001062-17
135904,"Tovi  Lehmann, PhD",38261617.0,10.1073/pnas.2316304121,AI001062-17
135904,"Tovi  Lehmann, PhD",38018102.0,10.1098/rspb.2023.1581,AI001062-17
135904,"Tovi  Lehmann, PhD",38279124.0,10.1186/s13063-023-07808-w,AI001062-17
135904,"Hans Christian Ackerman, BS, MSc, DPhil, MD",38455906.0,10.3389/fepid.2023.1243691,AI001062-17
135904,"Hans Christian Ackerman, BS, MSc, DPhil, MD",38261617.0,10.1073/pnas.2316304121,AI001062-17
135904,"Hans Christian Ackerman, BS, MSc, DPhil, MD",38018102.0,10.1098/rspb.2023.1581,AI001062-17
135904,"Hans Christian Ackerman, BS, MSc, DPhil, MD",38279124.0,10.1186/s13063-023-07808-w,AI001062-17
135904,"Jesus Gilberto Valenzuela, PhD",38455906.0,10.3389/fepid.2023.1243691,AI001062-17
135904,"Jesus Gilberto Valenzuela, PhD",38261617.0,10.1073/pnas.2316304121,AI001062-17
135904,"Jesus Gilberto Valenzuela, PhD",38018102.0,10.1098/rspb.2023.1581,AI001062-17
135904,"Jesus Gilberto Valenzuela, PhD",38279124.0,10.1186/s13063-023-07808-w,AI001062-17
135904,"Carolina V Barillas-Mury, PhD, MD, BS",38455906.0,10.3389/fepid.2023.1243691,AI001062-17
135904,"Carolina V Barillas-Mury, PhD, MD, BS",38261617.0,10.1073/pnas.2316304121,AI001062-17
135904,"Carolina V Barillas-Mury, PhD, MD, BS",38018102.0,10.1098/rspb.2023.1581,AI001062-17
135904,"Carolina V Barillas-Mury, PhD, MD, BS",38279124.0,10.1186/s13063-023-07808-w,AI001062-17
135855,"Jesus Gilberto Valenzuela, PhD",38633260.0,10.3389/fimmu.2024.1335307,AI000932-22
135855,"Jesus Gilberto Valenzuela, PhD",38751433.0,10.3389/fimmu.2024.1368066,AI000932-22
135855,"Jesus Gilberto Valenzuela, PhD",38990838.0,10.1371/journal.pntd.0012276,AI000932-22
135855,"Jesus Gilberto Valenzuela, PhD",39033080.0,10.1016/j.vaccine.2024.07.042,AI000932-22
135855,"Jesus Gilberto Valenzuela, PhD",37919280.0,10.1038/s41467-023-42732-2,AI000932-22
135855,"Jesus Gilberto Valenzuela, PhD",37043542.0,10.1371/journal.pntd.0010862,AI000932-22
136126,"Sonja  Best, PhD",38392905.0,10.3390/pathogens13020167,AI001349-04
136043,"Jason Michael Brenchley, MS, PhD",38976733.0,10.1073/pnas.2310421121,AI001280-05
136028,"Patrick Emmet Duffy, MD",38455906.0,10.3389/fepid.2023.1243691,AI001261-05
135852,"Lesia Kizyma Dropulic, MD",38587079.0,10.1172/jci.insight.175375,AI005048-22
135844,"Nicole Amy Doria-Rose, PhD",37989731.0,10.1038/s41467-023-42098-5,AI005010-23
135844,"Nicole Amy Doria-Rose, PhD",39198422.0,10.1038/s41467-024-51848-y,AI005010-23
135844,"Nicole Amy Doria-Rose, PhD",38914562.0,10.1038/s41467-024-49676-1,AI005010-23
135844,"Nicole Amy Doria-Rose, PhD",37349337.0,10.1038/s41467-023-39265-z,AI005010-23
135844,"Nicole Amy Doria-Rose, PhD",38773089.0,10.1038/s41467-024-48514-8,AI005010-23
135916,"Byron  Caughey, BS, PhD",37747931.0,10.1371/journal.ppat.1011487,AI001086-16
135916,"Byron  Caughey, BS, PhD",38072056.0,10.1016/j.jbc.2023.105545,AI001086-16
135916,"Byron  Caughey, BS, PhD",38884646.0,10.1007/s00401-024-02752-8,AI001086-16
135916,"Byron  Caughey, BS, PhD",38640117.0,10.1371/journal.ppat.1012175,AI001086-16
135977,Rosemarie D Mason,37783968.0,10.1038/s41591-023-02570-7,AI005126-10
135977,Rosemarie D Mason,38895320.0,10.1101/2024.05.30.593694,AI005126-10
135977,Rosemarie D Mason,38903070.0,10.1101/2024.06.11.598384,AI005126-10
135977,"Mario  Roederer, PhD",37783968.0,10.1038/s41591-023-02570-7,AI005126-10
135977,"Mario  Roederer, PhD",38895320.0,10.1101/2024.05.30.593694,AI005126-10
135977,"Mario  Roederer, PhD",38903070.0,10.1101/2024.06.11.598384,AI005126-10
135875,"Elizabeth M Kang, MD, BA",37659505.0,10.1016/j.jaci.2023.07.022,AI000989-18
135875,"Elizabeth M Kang, MD, BA",38290608.0,10.1016/j.jaci.2024.01.013,AI000989-18
135875,"Elizabeth M Kang, MD, BA",37562003.0,10.1182/blood.2022019586,AI000989-18
135875,"Elizabeth M Kang, MD, BA",37620741.0,10.1007/s10875-023-01570-z,AI000989-18
135875,"Harry Lewis Malech, MD, BA",37659505.0,10.1016/j.jaci.2023.07.022,AI000989-18
135875,"Harry Lewis Malech, MD, BA",38290608.0,10.1016/j.jaci.2024.01.013,AI000989-18
135875,"Harry Lewis Malech, MD, BA",37562003.0,10.1182/blood.2022019586,AI000989-18
135875,"Harry Lewis Malech, MD, BA",37620741.0,10.1007/s10875-023-01570-z,AI000989-18
135867,"Ethan M Shevach, MD",38236633.0,10.7554/eLife.91809,AI000959-19
136010,"Alexandra  Freeman, MD",37683824.0,10.1016/j.jaip.2023.08.044,AI001247-06
136010,"Alexandra  Freeman, MD",38946991.0,10.1101/2024.06.11.24308709,AI001247-06
136010,"Alexandra  Freeman, MD",37824621.0,10.1126/sciadv.adh3150,AI001247-06
136079,"Elodie  Ghedin, PhD",38785423.0,10.1128/jvi.01778-23,AI001323-05
136079,"Elodie  Ghedin, PhD",39089348.0,10.1016/j.clim.2024.110333,AI001323-05
136079,"Elodie  Ghedin, PhD",37677136.0,10.1164/rccm.202210-1865OC,AI001323-05
135767,"Thomas Bruce Nutman, MD",38587077.0,10.1172/jci.insight.177720,AI000197-45
135767,"Thomas Bruce Nutman, MD",38564496.0,10.1371/journal.pntd.0012048,AI000197-45
135802,"Clifton Earl Barry, BS, PhD",39026652.0,10.1039/d3md00642e,AI000693-32
135802,"Clifton Earl Barry, BS, PhD",37948640.0,10.1021/acs.jmedchem.3c01514,AI000693-32
136112,"Emily Elizabeth Ricotta, ScM, PhD",37824621.0,10.1126/sciadv.adh3150,AI001335-04
136112,"Steven M Holland, MD",37824621.0,10.1126/sciadv.adh3150,AI001335-04
136023,"P'ng  Loke, PhD",38180236.0,10.4049/jimmunol.2300451,AI001256-05
136023,"P'ng  Loke, PhD",37466391.0,10.4049/jimmunol.2300166,AI001256-05
136023,"P'ng  Loke, PhD",37524800.0,10.1038/s41590-023-01561-7,AI001256-05
135998,"Niraj Harish Tolia, PhD",38218737.0,10.1038/s41598-024-51820-2,AI001236-07
135998,"Niraj Harish Tolia, PhD",37660103.0,10.1038/s41467-023-40878-7,AI001236-07
135998,"Niraj Harish Tolia, PhD",39209843.0,,AI001236-07
135998,"Niraj Harish Tolia, PhD",39209843.0,10.1038/s41467-024-51701-2,AI001236-07
135947,"Paneez  Khoury, MD",38663723.0,10.1016/j.anai.2024.04.024,AI001148-14
135785,"David  Sacks, PhD",38030609.0,10.1038/s41467-023-43588-2,AI000494-38
135872,"Richard T Davey, MD",37474251.0,10.1093/infdis/jiad279,AI000984-18
135872,"Richard T Davey, MD",36801946.0,10.1093/infdis/jiad045,AI000984-18
135872,"Richard T Davey, MD",38981485.0,10.1016/j.xcrm.2024.101642,AI000984-18
135872,"Richard T Davey, MD",37383244.0,10.1093/ofid/ofad290,AI000984-18
135872,"Richard T Davey, MD",36725433.0,10.1016/j.vaccine.2023.01.059,AI000984-18
135872,"Richard T Davey, MD",38361992.0,10.1016/j.eclinm.2024.102472,AI000984-18
135839,"Jeffrey  Cohen, MD",37487610.0,10.1136/ard-2023-224123,AI000913-23
135749,"Warren  Strober, MD",38696257.0,10.1172/JCI176142,AI000903-22
135749,"Warren  Strober, MD",38278170.0,10.1016/S0140-6736(23)02358-9,AI000903-22
136005,"Bibiana  Bielekova, MD",37184659.0,10.1007/s00415-023-11768-1,AI001242-06
136005,"Bibiana  Bielekova, MD",38923692.0,10.1002/alz.13915,AI001242-06
135758,"Tae-Wook  Chun, PhD",38128541.0,10.1093/infdis/jiad595,AI000851-24
135758,"Tae-Wook  Chun, PhD",36719383.0,10.1172/JCI165446,AI000851-24
135758,"Tae-Wook  Chun, PhD",36596305.0,10.1016/j.chom.2022.12.002,AI000851-24
135758,"Tae-Wook  Chun, PhD",37440409.0,10.1016/j.celrep.2023.112780,AI000851-24
135758,"Tae-Wook  Chun, PhD",37022144.0,10.1093/infdis/jiad096,AI000851-24
135758,"Tae-Wook  Chun, PhD",36780482.0,10.1371/journal.pone.0281087,AI000851-24
135758,"Tae-Wook  Chun, PhD",36599977.0,10.1038/s41586-022-05538-8,AI000851-24
135770,"Hirsh David Komarow, MD",36997122.0,10.1016/j.jaip.2023.03.037,AI000249-43
135770,"Hirsh David Komarow, MD",38817344.0,10.1016/j.jacig.2024.100273,AI000249-43
135770,"Hirsh David Komarow, MD",39037378.0,10.1016/j.jacig.2024.100296,AI000249-43
135770,"Hirsh David Komarow, MD",39037378.0,10.18632/oncotarget.28614,AI000249-43
135770,"Hirsh David Komarow, MD",38666394.0,10.1002/cyto.b.22174,AI000249-43
136044,"Catharine Mans Bosio, PhD",38786655.0,10.1096/fj.202302202RR,AI001281-05
135840,"Cheng  Cheng, PhD",37345226.0,10.1080/19420862.2023.2223350,AI005002-23
135840,"Cheng  Cheng, PhD",37349337.0,10.1038/s41467-023-39265-z,AI005002-23
135840,"Cheng  Cheng, PhD",37554450.0,10.1016/j.isci.2023.107403,AI005002-23
135840,"Cheng  Cheng, PhD",37098956.0,10.1128/jvi.01604-22,AI005002-23
135840,"Cheng  Cheng, PhD",37436899.0,10.1016/j.celrep.2023.112755,AI005002-23
135840,"Cheng  Cheng, PhD",38753806.0,10.1126/scitranslmed.adn0223,AI005002-23
135840,"Cheng  Cheng, PhD",38318357.0,10.1016/j.isci.2024.108877,AI005002-23
135840,"Cheng  Cheng, PhD",38177144.0,10.1038/s41467-023-44534-y,AI005002-23
135840,"Cheng  Cheng, PhD",37553406.0,10.1038/s41541-023-00707-w,AI005002-23
135840,"Cheng  Cheng, PhD",38704686.0,10.1002/advs.202309268,AI005002-23
135840,"Cheng  Cheng, PhD",36729903.0,10.1080/19420862.2023.2165390,AI005002-23
135793,"Clifford  Lane, MD",38226493.0,10.1093/infdis/jiae009,AI000585-35
135793,"Clifford  Lane, MD",37555786.0,10.1097/QAD.0000000000003667,AI000585-35
135935,"Peter Richard Williamson, MD, PhD",37233305.0,10.3390/jof9050594,AI001124-15
135935,"Peter Richard Williamson, MD, PhD",38986025.0,10.1093/infdis/jiae354,AI001124-15
135935,"Peter Richard Williamson, MD, PhD",37606364.0,10.1093/cid/ciad440,AI001124-15
135935,"Peter Richard Williamson, MD, PhD",37316806.0,10.1186/s12879-023-08349-y,AI001124-15
135935,"Peter Richard Williamson, MD, PhD",35838483.0,10.1080/15548627.2022.2093028,AI001124-15
135881,"Patrick Emmet Duffy, MD",38531104.0,10.4269/ajtmh.23-0719,AI001009-18
136026,"Emmie  De Wit, PhD",38261786.0,10.1093/infdis/jiae018,AI001259-05
136026,"Emmie  De Wit, PhD",38842160.0,10.1093/infdis/jiae300,AI001259-05
136026,"Emmie  De Wit, PhD",37801035.0,10.1096/fj.202300077R,AI001259-05
135955,"Patrick Emmet Duffy, MD",38194272.0,10.1172/JCI169060,AI001170-13
135879,"Patrick Emmet Duffy, MD",39127706.0,10.1038/s41541-024-00929-6,AI001007-18
135928,"Meredith H Shaffer, PhD",38194689.0,10.1182/blood.2023022098,AI001120-16
136053,"Sonja  Best, PhD",37352333.0,10.1371/journal.ppat.1011057,AI001292-05
136053,"Sonja  Best, PhD",37491352.0,10.1038/s41467-023-40076-5,AI001292-05
136053,"Ronald N Germain, MD, PhD",37352333.0,10.1371/journal.ppat.1011057,AI001292-05
136053,"Ronald N Germain, MD, PhD",37491352.0,10.1038/s41467-023-40076-5,AI001292-05
136124,"Julie Marie Fox, PhD",37488257.0,10.1038/s41564-023-01437-4,AI001348-04
136124,"Julie Marie Fox, PhD",37251375.0,10.3389/fimmu.2023.1153108,AI001348-04
136124,"Julie Marie Fox, PhD",37295404.0,10.1016/j.cell.2023.05.019,AI001348-04
135831,"Susan  Pierce, PhD",38502693.0,10.1073/pnas.2313672121,AI000898-24
135831,"Susan  Pierce, PhD",37751477.0,10.1126/scisignal.abq5096,AI000898-24
135738,"Reda  Rawi, PhD",37989731.0,10.1038/s41467-023-42098-5,AI005140-05
135738,"Reda  Rawi, PhD",38704686.0,10.1002/advs.202309268,AI005140-05
135978,"Katrin Doris Mayer-Barber, PhD",38066332.0,10.1038/s41564-023-01523-7,AI001207-10
135978,"Katrin Doris Mayer-Barber, PhD",37720210.0,10.3389/fimmu.2023.1240419,AI001207-10
135978,"Katrin Doris Mayer-Barber, PhD",38363547.0,10.1084/jem.20230679,AI001207-10
135766,"Jeffrey  Cohen, MD",37595007.0,,AI000058-50
135766,"Jeffrey  Cohen, MD",37595007.0,10.1371/journal.ppat.1011544,AI000058-50
135962,"Helen C Su, MD, PhD",38041964.0,10.1016/j.jneuroim.2023.578251,AI001187-12
137194,"Joseph M Rocco, MD",37577116.0,10.1093/ofid/ofad408,AI001377-01
137194,"Joseph M Rocco, MD",38900479.0,10.1182/blood.2023023384,AI001377-01
137194,"Joseph M Rocco, MD",38941593.0,10.1182/blood.2024024144,AI001377-01
137194,"Joseph M Rocco, MD",38694513.0,10.3389/fimmu.2024.1352330,AI001377-01
137194,"Joseph M Rocco, MD",38344971.0,10.1016/j.jaci.2023.10.012,AI001377-01
137194,"Joseph M Rocco, MD",37389815.0,10.1182/bloodadvances.2023010708,AI001377-01
137194,"Joseph M Rocco, MD",37040388.0,10.1093/infdis/jiad059,AI001377-01
137194,"Joseph M Rocco, MD",38564303.0,10.1172/jci.insight.174783,AI001377-01
135801,"Klaus  Strebel, PhD",36602307.0,10.1128/mbio.02973-22,AI000669-32
135801,"Klaus  Strebel, PhD",38005838.0,10.3390/v15112160,AI000669-32
135801,"Klaus  Strebel, PhD",38078733.0,10.1128/jvi.01702-23,AI000669-32
135801,"Klaus  Strebel, PhD",38443376.0,10.1038/s41467-024-46306-8,AI000669-32
135801,"Klaus  Strebel, PhD",37896833.0,10.3390/v15102057,AI000669-32
136041,"Heather Dawn Hickman, PhD",38950078.0,10.1371/journal.ppat.1012339,AI001278-05
135769,"Louis Howard Miller, MD",38261617.0,10.1073/pnas.2316304121,AI000241-43
135769,"Louis Howard Miller, MD",38279124.0,10.1186/s13063-023-07808-w,AI000241-43
135877,"John F Andersen, PhD",38802531.0,10.1038/s42003-024-06351-x,AI001012-18
135877,"John F Andersen, PhD",38110569.0,10.1038/s42003-023-05679-0,AI001012-18
135877,"Jose Marcos Chaves Ribeiro, MD, PhD",38802531.0,10.1038/s42003-024-06351-x,AI001012-18
135877,"Jose Marcos Chaves Ribeiro, MD, PhD",38110569.0,10.1038/s42003-023-05679-0,AI001012-18
135817,"Thomas Bruce Nutman, MD",38066332.0,10.1038/s41564-023-01523-7,AI000805-28
135817,"Thomas Bruce Nutman, MD",38587077.0,10.1172/jci.insight.177720,AI000805-28
135817,"Thomas Bruce Nutman, MD",37781651.0,10.1016/j.jacig.2023.100131,AI000805-28
135949,"Michal  Fried, PhD",38114057.0,10.1016/j.ijid.2023.12.005,AI001153-14
135949,"Michal  Fried, PhD",38854427.0,10.3389/fgene.2024.1390786,AI001153-14
135957,"Michail S Lionakis, MD",37443284.0,10.1038/s41590-023-01553-7,AI001175-13
135957,"Michail S Lionakis, MD",38637498.0,10.1038/s41467-024-47057-2,AI001175-13
135957,"Michail S Lionakis, MD",38710903.0,10.1038/s41598-024-61054-x,AI001175-13
135957,"Michail S Lionakis, MD",38810185.0,10.1056/NEJMoa2312665,AI001175-13
135957,"Michail S Lionakis, MD",37564740.0,10.1093/ofid/ofad410,AI001175-13
135957,"Michail S Lionakis, MD",38861030.0,10.1084/jem.20232091,AI001175-13
135957,"Michail S Lionakis, MD",37824621.0,10.1126/sciadv.adh3150,AI001175-13
135799,"Steven M Holland, MD",38324638.0,10.1126/scitranslmed.adh8162,AI000646-33
135799,"Steven M Holland, MD",38946991.0,10.1101/2024.06.11.24308709,AI000646-33
135799,"Steven M Holland, MD",38961223.0,10.1038/s41591-024-03092-6,AI000646-33
135969,"Tovi  Lehmann, PhD",37094808.0,10.1093/jme/tjad033,AI001196-11
135969,"Tovi  Lehmann, PhD",38455906.0,10.3389/fepid.2023.1243691,AI001196-11
135969,"Tovi  Lehmann, PhD",37104473.0,10.1073/pnas.2301666120,AI001196-11
135969,"Tovi  Lehmann, PhD",38018102.0,10.1098/rspb.2023.1581,AI001196-11
136027,"Joshua  Tan, PhD",39059380.0,10.1016/j.cell.2024.06.015,AI001260-05
136027,"Joshua  Tan, PhD",38228150.0,10.1016/j.immuni.2023.12.010,AI001260-05
136027,"Joshua  Tan, PhD",39059381.0,10.1016/j.cell.2024.06.037,AI001260-05
136087,"Tongqing  Zhou, PhD",38042809.0,10.1038/s41467-023-43420-x,AI005149-05
136087,"Tongqing  Zhou, PhD",38250850.0,10.3390/vaccines12010037,AI005149-05
136087,"Peter D Kwong, PhD",38042809.0,10.1038/s41467-023-43420-x,AI005149-05
136087,"Peter D Kwong, PhD",38250850.0,10.3390/vaccines12010037,AI005149-05
136142,"Emily Elizabeth Ricotta, ScM, PhD",37286807.0,10.1038/s41591-023-02375-8,AI001367-02
135874,"Stephen S Whitehead, PhD",37971871.0,10.1172/JCI173328,AI000987-18
136144,"Farinaz  Safavi, MD, PhD",38383456.0,10.1038/s41467-024-45107-3,AI001369-02
135976,"Ana  Olivera, PhD",38938682.0,10.1002/jex2.139,AI001206-10
135890,"D. Rebecca  Prevots, PhD, MPH",37083882.0,10.1093/cid/ciad214,AI001035-17
135890,"D. Rebecca  Prevots, PhD, MPH",37840858.0,10.1097/EE9.0000000000000266,AI001035-17
135890,"D. Rebecca  Prevots, PhD, MPH",37488500.0,10.1186/s12879-023-08468-6,AI001035-17
135890,"D. Rebecca  Prevots, PhD, MPH",38448840.0,10.1186/s12879-024-09059-9,AI001035-17
135890,"D. Rebecca  Prevots, PhD, MPH",36706504.0,10.1016/j.tube.2023.102305,AI001035-17
135798,"Suk See  De Ravin, MD, PhD",36685559.0,10.3389/fimmu.2022.1067417,AI000645-33
135798,"Suk See  De Ravin, MD, PhD",38324638.0,10.1126/scitranslmed.adh8162,AI000645-33
135798,"Suk See  De Ravin, MD, PhD",37659505.0,10.1016/j.jaci.2023.07.022,AI000645-33
135798,"Suk See  De Ravin, MD, PhD",38508195.0,10.1016/j.stem.2024.02.010,AI000645-33
135798,"Suk See  De Ravin, MD, PhD",36638922.0,10.1016/j.jaci.2022.12.822,AI000645-33
135798,"Harry Lewis Malech, MD, BA",36685559.0,10.3389/fimmu.2022.1067417,AI000645-33
135798,"Harry Lewis Malech, MD, BA",38324638.0,10.1126/scitranslmed.adh8162,AI000645-33
135798,"Harry Lewis Malech, MD, BA",37659505.0,10.1016/j.jaci.2023.07.022,AI000645-33
135798,"Harry Lewis Malech, MD, BA",38508195.0,10.1016/j.stem.2024.02.010,AI000645-33
135798,"Harry Lewis Malech, MD, BA",36638922.0,10.1016/j.jaci.2022.12.822,AI000645-33
136086,"Tongqing  Zhou, PhD",39134521.0,10.1038/s41467-024-51046-w,AI005147-05
136086,"Tongqing  Zhou, PhD",38042809.0,10.1038/s41467-023-43420-x,AI005147-05
136086,"Tongqing  Zhou, PhD",38250850.0,10.3390/vaccines12010037,AI005147-05
136086,"Peter D Kwong, PhD",39134521.0,10.1038/s41467-024-51046-w,AI005147-05
136086,"Peter D Kwong, PhD",38042809.0,10.1038/s41467-023-43420-x,AI005147-05
136086,"Peter D Kwong, PhD",38250850.0,10.3390/vaccines12010037,AI005147-05
135815,"Helen C Su, MD, PhD",38278170.0,10.1016/S0140-6736(23)02358-9,AI000769-28
136114,"Lucas  Tirloni, PhD",37996063.0,10.1016/j.jid.2023.10.026,AI001337-04
136114,"Lucas  Tirloni, PhD",38281054.0,10.1186/s13071-024-06136-5,AI001337-04
136114,"Lucas  Tirloni, PhD",39060200.0,10.1016/j.vaccine.2024.126161,AI001337-04
136114,"Lucas  Tirloni, PhD",38816418.0,10.1038/s41598-024-62732-6,AI001337-04
136114,"Lucas  Tirloni, PhD",37708803.0,10.1016/j.ttbdis.2023.102251,AI001337-04
136114,"Lucas  Tirloni, PhD",38159432.0,10.1016/j.ttbdis.2023.102304,AI001337-04
136114,"Lucas  Tirloni, PhD",38394332.0,10.1371/journal.ppat.1012032,AI001337-04
135891,"Thomas C Quinn, MSc, MD",37366802.0,10.1089/jir.2023.0014,AI001040-17
135891,"Thomas C Quinn, MSc, MD",37544771.0,10.1177/09564624231193491,AI001040-17
135891,"Thomas C Quinn, MSc, MD",37255467.0,10.1111/trf.17449,AI001040-17
135891,"Thomas C Quinn, MSc, MD",36595676.0,10.1073/pnas.2211055120,AI001040-17
135891,"Thomas C Quinn, MSc, MD",37195924.0,10.1097/QAI.0000000000003220,AI001040-17
135891,"Thomas C Quinn, MSc, MD",38485563.0,10.1016/j.ebiom.2024.105040,AI001040-17
135891,"Thomas C Quinn, MSc, MD",39044942.0,10.1093/jamiaopen/ooae069,AI001040-17
135891,"Thomas C Quinn, MSc, MD",38940866.0,10.1007/s11306-024-02130-1,AI001040-17
135891,"Thomas C Quinn, MSc, MD",37547379.0,10.1093/ve/vead046,AI001040-17
135891,"Thomas C Quinn, MSc, MD",37705364.0,10.1002/jia2.26135,AI001040-17
135891,"Thomas C Quinn, MSc, MD",37294280.0,10.1089/apc.2023.0017,AI001040-17
135891,"Thomas C Quinn, MSc, MD",38956017.0,10.1038/s41467-024-48985-9,AI001040-17
135891,"Thomas C Quinn, MSc, MD",38182727.0,10.1038/s42003-023-05701-5,AI001040-17
135891,"Thomas C Quinn, MSc, MD",37170392.0,10.1080/09540121.2023.2206092,AI001040-17
135891,"Thomas C Quinn, MSc, MD",38052974.0,10.1038/s41564-023-01530-8,AI001040-17
135891,"Thomas C Quinn, MSc, MD",38444369.0,10.1080/22221751.2024.2327371,AI001040-17
135891,"Thomas C Quinn, MSc, MD",38377078.0,10.1371/journal.pgph.0002891,AI001040-17
135891,"Thomas C Quinn, MSc, MD",38114162.0,10.1093/cid/ciad773,AI001040-17
135891,"Thomas C Quinn, MSc, MD",37395255.0,10.1097/QAD.0000000000003593,AI001040-17
135891,"Thomas C Quinn, MSc, MD",38332519.0,10.1002/jia2.26200,AI001040-17
135891,"Thomas C Quinn, MSc, MD",36889304.0,10.1097/QAI.0000000000003182,AI001040-17
135891,"Thomas C Quinn, MSc, MD",37079374.0,10.1093/infdis/jiad113,AI001040-17
135891,"Thomas C Quinn, MSc, MD",38057307.0,10.1038/s41467-023-43881-0,AI001040-17
135891,"Steven James Reynolds, MD, MPH",37366802.0,10.1089/jir.2023.0014,AI001040-17
135891,"Steven James Reynolds, MD, MPH",37544771.0,10.1177/09564624231193491,AI001040-17
135891,"Steven James Reynolds, MD, MPH",37255467.0,10.1111/trf.17449,AI001040-17
135891,"Steven James Reynolds, MD, MPH",36595676.0,10.1073/pnas.2211055120,AI001040-17
135891,"Steven James Reynolds, MD, MPH",37195924.0,10.1097/QAI.0000000000003220,AI001040-17
135891,"Steven James Reynolds, MD, MPH",38485563.0,10.1016/j.ebiom.2024.105040,AI001040-17
135891,"Steven James Reynolds, MD, MPH",39044942.0,10.1093/jamiaopen/ooae069,AI001040-17
135891,"Steven James Reynolds, MD, MPH",38940866.0,10.1007/s11306-024-02130-1,AI001040-17
135891,"Steven James Reynolds, MD, MPH",37547379.0,10.1093/ve/vead046,AI001040-17
135891,"Steven James Reynolds, MD, MPH",37705364.0,10.1002/jia2.26135,AI001040-17
135891,"Steven James Reynolds, MD, MPH",37294280.0,10.1089/apc.2023.0017,AI001040-17
135891,"Steven James Reynolds, MD, MPH",38956017.0,10.1038/s41467-024-48985-9,AI001040-17
135891,"Steven James Reynolds, MD, MPH",38182727.0,10.1038/s42003-023-05701-5,AI001040-17
135891,"Steven James Reynolds, MD, MPH",37170392.0,10.1080/09540121.2023.2206092,AI001040-17
135891,"Steven James Reynolds, MD, MPH",38052974.0,10.1038/s41564-023-01530-8,AI001040-17
135891,"Steven James Reynolds, MD, MPH",38444369.0,10.1080/22221751.2024.2327371,AI001040-17
135891,"Steven James Reynolds, MD, MPH",38377078.0,10.1371/journal.pgph.0002891,AI001040-17
135891,"Steven James Reynolds, MD, MPH",38114162.0,10.1093/cid/ciad773,AI001040-17
135891,"Steven James Reynolds, MD, MPH",37395255.0,10.1097/QAD.0000000000003593,AI001040-17
135891,"Steven James Reynolds, MD, MPH",38332519.0,10.1002/jia2.26200,AI001040-17
135891,"Steven James Reynolds, MD, MPH",36889304.0,10.1097/QAI.0000000000003182,AI001040-17
135891,"Steven James Reynolds, MD, MPH",37079374.0,10.1093/infdis/jiad113,AI001040-17
135891,"Steven James Reynolds, MD, MPH",38057307.0,10.1038/s41467-023-43881-0,AI001040-17
135936,"Sonja  Best, PhD",36697369.0,10.1111/nyas.14957,AI001125-15
135936,"Sonja  Best, PhD",36897927.0,10.1371/journal.ppat.1010843,AI001125-15
135936,"Sonja  Best, PhD",37352333.0,10.1371/journal.ppat.1011057,AI001125-15
135936,"Sonja  Best, PhD",37491352.0,10.1038/s41467-023-40076-5,AI001125-15
135936,"Sonja  Best, PhD",38392905.0,10.3390/pathogens13020167,AI001125-15
135936,"Sonja  Best, PhD",36949107.0,10.1038/s41598-023-31894-0,AI001125-15
135806,"Alison Anne McBride, PhD",36793865.0,,AI000713-31
135806,"Alison Anne McBride, PhD",36793865.0,10.7150/thno.78091,AI000713-31
135806,"Alison Anne McBride, PhD",38980042.0,10.1128/mra.00448-24,AI000713-31
135902,"Helen C Su, MD, PhD",37757827.0,10.1016/j.xcrm.2023.101205,AI001059-17
135902,"Helen C Su, MD, PhD",38172257.0,10.1038/s41590-023-01691-y,AI001059-17
135960,"Steven M Holland, MD",36856712.0,10.1513/AnnalsATS.202212-1019ST,AI001182-12
135871,"Bruce  Chesebro, MD",37616303.0,10.1371/journal.pone.0290325,AI000983-19
136093,"Carrie Mae  Long, PhD",38267444.0,10.1038/s41467-023-43972-y,AI001331-05
135924,"Iain  Fraser, PhD",36624264.0,10.1038/s41418-022-01106-9,AI001106-16
135924,"Iain  Fraser, PhD",38502482.0,10.1007/978-1-0716-3766-1_8,AI001106-16
135924,"Iain  Fraser, PhD",38265935.0,,AI001106-16
135924,"Iain  Fraser, PhD",38265935.0,10.1016/j.celrep.2024.113700,AI001106-16
135788,"Ronald N Germain, MD, PhD",37468619.0,10.1038/s41592-023-01846-7,AI000545-36
135788,"Ronald N Germain, MD, PhD",38428410.0,10.1016/j.ccell.2024.02.001,AI000545-36
135788,"Ronald N Germain, MD, PhD",38168288.0,10.1101/2023.12.08.570837,AI000545-36
135985,"Joseph  Marcotrigiano, PhD",36702826.0,10.1038/s41467-023-36183-y,AI001217-08
135985,"Joseph  Marcotrigiano, PhD",38479361.0,10.1016/j.immuni.2024.02.008,AI001217-08
135882,"Michael  Grigg, PhD",38778039.0,10.1038/s41467-024-47625-6,AI001017-18
135882,"Michael  Grigg, PhD",38900844.0,10.1371/journal.pcbi.1012208,AI001017-18
135901,"Nicole Amy Doria-Rose, PhD",37989731.0,10.1038/s41467-023-42098-5,AI005095-17
135836,"Michael  Otto, PhD",37627756.0,10.3390/antibiotics12081336,AI000904-23
135836,"Michael  Otto, PhD",38391516.0,10.3390/antibiotics13020130,AI000904-23
135836,"Michael  Otto, PhD",37795985.0,10.1128/mbio.01748-23,AI000904-23
136020,Sarah Faith Andrews,38587079.0,10.1172/jci.insight.175375,AI005143-06
136020,Sarah Faith Andrews,37989731.0,10.1038/s41467-023-42098-5,AI005143-06
136020,Sarah Faith Andrews,38318357.0,10.1016/j.isci.2024.108877,AI005143-06
136020,Sarah Faith Andrews,36709074.0,10.1038/s43588-022-00375-1,AI005143-06
136020,Sarah Faith Andrews,36709074.0,10.1016/S0140-6736(22)02400-X,AI005143-06
136020,Sarah Faith Andrews,37436900.0,10.1016/j.celrep.2023.112711,AI005143-06
136020,Sarah Faith Andrews,38669354.0,10.1056/NEJMoa2312775,AI005143-06
136020,Sarah Faith Andrews,37345226.0,10.1080/19420862.2023.2223350,AI005143-06
136020,Sarah Faith Andrews,38430907.0,10.1016/j.immuni.2024.02.003,AI005143-06
136020,Sarah Faith Andrews,38019653.0,10.1016/j.celrep.2023.113450,AI005143-06
136020,Sarah Faith Andrews,37639457.0,10.1371/journal.ppat.1011514,AI005143-06
136020,Sarah Faith Andrews,37544326.0,10.1016/S1473-3099(23)00344-4,AI005143-06
136020,Sarah Faith Andrews,37554450.0,10.1016/j.isci.2023.107403,AI005143-06
136020,Sarah Faith Andrews,38873606.0,10.3389/fimmu.2024.1399960,AI005143-06
136020,Sarah Faith Andrews,37098956.0,10.1128/jvi.01604-22,AI005143-06
136020,Sarah Faith Andrews,38773089.0,10.1038/s41467-024-48514-8,AI005143-06
136020,Sarah Faith Andrews,37075129.0,10.1126/scitranslmed.ade4790,AI005143-06
136020,Sarah Faith Andrews,38704686.0,10.1002/advs.202309268,AI005143-06
136020,Sarah Faith Andrews,38717904.0,10.1016/j.celrep.2024.114171,AI005143-06
135938,"Reda  Rawi, PhD",39174553.0,10.1038/s41467-024-51539-8,AI005112-15
135938,"Reda  Rawi, PhD",38019653.0,10.1016/j.celrep.2023.113450,AI005112-15
135938,"Reda  Rawi, PhD",38250850.0,10.3390/vaccines12010037,AI005112-15
136001,"Laura E Via, PhD, BS",38404200.0,10.1002/psp4.13117,AI001239-07
136001,"Laura E Via, PhD, BS",38530888.0,10.1073/pnas.2321336121,AI001239-07
136001,"Laura E Via, PhD, BS",38670948.0,10.1038/s41467-024-47784-6,AI001239-07
136001,"Laura E Via, PhD, BS",38937448.0,10.1038/s41467-024-48691-6,AI001239-07
136001,"Laura E Via, PhD, BS",38950078.0,10.1371/journal.ppat.1012339,AI001239-07
136001,"Steven M Holland, MD",38404200.0,10.1002/psp4.13117,AI001239-07
136001,"Steven M Holland, MD",38530888.0,10.1073/pnas.2321336121,AI001239-07
136001,"Steven M Holland, MD",38670948.0,10.1038/s41467-024-47784-6,AI001239-07
136001,"Steven M Holland, MD",38937448.0,10.1038/s41467-024-48691-6,AI001239-07
136001,"Steven M Holland, MD",38950078.0,10.1371/journal.ppat.1012339,AI001239-07
135819,"Susan  Moir, PhD",38061025.0,10.1097/QAD.0000000000003734,AI000825-27
135819,"Susan  Moir, PhD",38128541.0,10.1093/infdis/jiad595,AI000825-27
135819,"Susan  Moir, PhD",38572241.0,10.3389/fmicb.2024.1385775,AI000825-27
135819,"Susan  Moir, PhD",38728839.0,10.1016/j.ebiom.2024.105151,AI000825-27
135819,"Susan  Moir, PhD",38961223.0,10.1038/s41591-024-03092-6,AI000825-27
135860,"Marshall  Bloom, MD",38134511.0,10.1016/j.ttbdis.2023.102301,AI000940-21
135860,"Marshall  Bloom, MD",36809119.0,10.1128/mbio.03606-22,AI000940-21
135860,"Marshall  Bloom, MD",38829668.0,10.1001/jamainternmed.2024.1754,AI000940-21
135860,"Marshall  Bloom, MD",36949107.0,10.1038/s41598-023-31894-0,AI000940-21
136030,"Peter D Sun, PhD",37821447.0,10.1038/s41467-023-42140-6,AI001263-05
135835,"Tongqing  Zhou, PhD",38177144.0,10.1038/s41467-023-44534-y,AI005024-23
135835,"Tongqing  Zhou, PhD",38430907.0,10.1016/j.immuni.2024.02.003,AI005024-23
135835,"Tongqing  Zhou, PhD",38873606.0,10.3389/fimmu.2024.1399960,AI005024-23
135835,"Tongqing  Zhou, PhD",37098956.0,10.1128/jvi.01604-22,AI005024-23
135835,"Tongqing  Zhou, PhD",36976017.0,10.1128/jvi.01864-22,AI005024-23
135835,"Tongqing  Zhou, PhD",38773089.0,10.1038/s41467-024-48514-8,AI005024-23
135835,"Tongqing  Zhou, PhD",38250850.0,10.3390/vaccines12010037,AI005024-23
135835,"Tongqing  Zhou, PhD",38704686.0,10.1002/advs.202309268,AI005024-23
135835,"Peter D Kwong, PhD",38177144.0,10.1038/s41467-023-44534-y,AI005024-23
135835,"Peter D Kwong, PhD",38430907.0,10.1016/j.immuni.2024.02.003,AI005024-23
135835,"Peter D Kwong, PhD",38873606.0,10.3389/fimmu.2024.1399960,AI005024-23
135835,"Peter D Kwong, PhD",37098956.0,10.1128/jvi.01604-22,AI005024-23
135835,"Peter D Kwong, PhD",36976017.0,10.1128/jvi.01864-22,AI005024-23
135835,"Peter D Kwong, PhD",38773089.0,10.1038/s41467-024-48514-8,AI005024-23
135835,"Peter D Kwong, PhD",38250850.0,10.3390/vaccines12010037,AI005024-23
135835,"Peter D Kwong, PhD",38704686.0,10.1002/advs.202309268,AI005024-23
136038,"John H Kehrl, MD",38507462.0,10.7554/eLife.86764,AI001272-05
136120,"Tais B Berelli Saito, PhD, BS",38693565.0,10.1186/s12977-024-00641-2,AI001344-04
136141,Li  Yin,37251388.0,10.3389/fimmu.2023.1152538,AI001366-02
136141,"Maureen M Goodenow, PhD",37251388.0,10.3389/fimmu.2023.1152538,AI001366-02
135981,"Jonathan Wilson Yewdell, MD, PhD",37402742.0,10.1038/s41467-023-39592-1,AI001211-09
135981,"Jonathan Wilson Yewdell, MD, PhD",36960051.0,10.3389/fimmu.2023.919800,AI001211-09
135807,"Helen C Su, MD, PhD",37797893.0,10.1016/j.jaci.2023.09.032,AI000717-30
135807,"Helen C Su, MD, PhD",38460050.0,10.1007/s00401-024-02700-6,AI000717-30
135922,"Karin E Peterson, PhD",37796973.0,10.1371/journal.pntd.0011657,AI001102-16
135922,"Karin E Peterson, PhD",38321047.0,10.1038/s41467-024-45304-0,AI001102-16
135922,"Karin E Peterson, PhD",38658802.0,10.1038/s42003-024-06178-6,AI001102-16
135846,"Richard A Koup, MD",37349337.0,10.1038/s41467-023-39265-z,AI005014-23
135822,"Victor  Lobanenkov, PhD",38297316.0,10.1186/s13059-024-03175-0,AI000860-25
136054,"Katrin Doris Mayer-Barber, PhD",37578898.0,10.1165/rcmb.2023-0007OC,AI001293-05
136054,"Katrin Doris Mayer-Barber, PhD",37720210.0,10.3389/fimmu.2023.1240419,AI001293-05
136054,"Katrin Doris Mayer-Barber, PhD",38086794.0,10.1038/s41467-023-43447-0,AI001293-05
135743,"James  Cherry, PhD",38291301.0,10.1038/s41591-023-02761-2,AI001226-07
135743,"James  Cherry, PhD",38961223.0,10.1038/s41591-024-03092-6,AI001226-07
135743,"James  Cherry, PhD",38383456.0,10.1038/s41467-024-45107-3,AI001226-07
136136,"Patrick Timothy Dolan, PhD",37487061.0,10.1073/pnas.2304667120,AI001360-03
136136,"Patrick Timothy Dolan, PhD",38896609.0,10.1126/sciadv.ado1693,AI001360-03
136136,"Patrick Timothy Dolan, PhD",39149309.0,10.1101/2024.07.23.604823,AI001360-03
136136,"Patrick Timothy Dolan, PhD",37809077.0,10.3389/fimmu.2023.1236595,AI001360-03
135783,"Thomas Bruce Nutman, MD",38266286.0,10.4269/ajtmh.23-0469,AI000439-40
135783,"Thomas Bruce Nutman, MD",37058547.0,10.1371/journal.pntd.0011250,AI000439-40
135783,"Thomas Bruce Nutman, MD",38185496.0,10.1016/j.jaip.2023.09.028,AI000439-40
135783,"Thomas Bruce Nutman, MD",37285529.0,10.1056/NEJMcpc2201248,AI000439-40
135783,"Thomas Bruce Nutman, MD",38754459.0,10.1016/S2214-109X(24)00102-5,AI000439-40
135887,"Jason Michael Brenchley, MS, PhD",39089468.0,10.1016/j.mucimm.2024.07.008,AI001029-17
135887,"Jason Michael Brenchley, MS, PhD",38976733.0,10.1073/pnas.2310421121,AI001029-17
135887,"Jason Michael Brenchley, MS, PhD",36848230.0,10.1016/j.celrep.2023.112020,AI001029-17
135887,"Jason Michael Brenchley, MS, PhD",38780248.0,10.1101/2022.12.19.521067,AI001029-17
135887,"Jason Michael Brenchley, MS, PhD",38780248.0,10.1128/jvi.00283-24,AI001029-17
135739,"Andrea  Marzi, PhD",37672587.0,10.1126/sciadv.adj1428,AI001254-05
135739,"Andrea  Marzi, PhD",38140590.0,10.3390/v15122349,AI001254-05
135739,"Andrea  Marzi, PhD",38512815.0,10.1371/journal.ppat.1012065,AI001254-05
135739,"Andrea  Marzi, PhD",38861571.0,10.1371/journal.ppat.1012290,AI001254-05
135739,"Andrea  Marzi, PhD",39078193.0,10.1128/spectrum.00269-24,AI001254-05
135739,"Andrea  Marzi, PhD",37562033.0,10.1093/infdis/jiad325,AI001254-05
135739,"Andrea  Marzi, PhD",38400054.0,10.3390/v16020279,AI001254-05
135739,"Andrea  Marzi, PhD",37183957.0,10.1093/infdis/jiad161,AI001254-05
135739,"Andrea  Marzi, PhD",39081315.0,10.3389/fimmu.2024.1429909,AI001254-05
135739,"Andrea  Marzi, PhD",37616377.0,10.3390/ijms25158516,AI001254-05
135739,"Andrea  Marzi, PhD",37616377.0,10.1080/22221751.2023.2252513,AI001254-05
135739,"Andrea  Marzi, PhD",38652660.0,10.1016/j.celrep.2024.114127,AI001254-05
135739,"Andrea  Marzi, PhD",37596837.0,10.1093/infdis/jiad354,AI001254-05
135739,"Andrea  Marzi, PhD",38487996.0,10.1093/infdis/jiae056,AI001254-05
135800,"Steven M Holland, MD",36856712.0,10.1513/AnnalsATS.202212-1019ST,AI000647-33
135800,"Steven M Holland, MD",38903073.0,10.3389/fimmu.2024.1445711,AI000647-33
135800,"Steven M Holland, MD",38903073.0,10.1101/2024.05.08.593223,AI000647-33
135800,"Steven M Holland, MD",37938781.0,10.1038/s41586-023-06717-x,AI000647-33
135800,"Steven M Holland, MD",37824621.0,10.1126/sciadv.adh3150,AI000647-33
136137,"Suchitra Kaveri Hourigan, MD",36893732.0,10.1016/j.chom.2023.02.007,AI001361-03
136137,"Suchitra Kaveri Hourigan, MD",37074174.0,10.1128/mbio.00491-23,AI001361-03
136137,"Suchitra Kaveri Hourigan, MD",38743047.0,10.1080/19490976.2024.2353394,AI001361-03
136009,"Eric  Calvo, BSc, PhD",38751433.0,10.3389/fimmu.2024.1368066,AI001246-06
136009,"Eric  Calvo, BSc, PhD",36862755.0,10.1371/journal.ppat.1010538,AI001246-06
136009,"Eric  Calvo, BSc, PhD",38261617.0,10.1073/pnas.2316304121,AI001246-06
136009,"Eric  Calvo, BSc, PhD",37909749.0,10.1128/mbio.02289-23,AI001246-06
136009,"Eric  Calvo, BSc, PhD",38809710.0,10.1073/pnas.2403796121,AI001246-06
136009,"Eric  Calvo, BSc, PhD",38321047.0,10.1038/s41467-024-45304-0,AI001246-06
136009,"Eric  Calvo, BSc, PhD",38188518.0,10.1016/j.isci.2023.108620,AI001246-06
136009,"Eric  Calvo, BSc, PhD",38428508.0,10.1016/j.ibmb.2024.104097,AI001246-06
135923,"Suzette  Priola, PhD",37099550.0,10.1093/jb/mvad032,AI001105-16
135923,"Suzette  Priola, PhD",38718859.0,10.1016/j.jbc.2024.107346,AI001105-16
136149,"Michael Scott Abers, MD",38154666.0,10.1016/j.jaci.2023.12.011,AI001375-02
136149,"Michael Scott Abers, MD",38194689.0,10.1182/blood.2023022098,AI001375-02
136149,"Michael Scott Abers, MD",37443284.0,10.1038/s41590-023-01553-7,AI001375-02
136149,"Michael Scott Abers, MD",37406177.0,10.1182/bloodadvances.2023010105,AI001375-02
136069,"Steven M Holland, MD",37824621.0,10.1126/sciadv.adh3150,AI001312-05
135954,"Jinfang  Zhu, PhD",38677292.0,10.1016/j.immuni.2024.04.001,AI001169-13
135954,"Jinfang  Zhu, PhD",38838155.0,10.1126/sciadv.adk2693,AI001169-13
135954,"Jinfang  Zhu, PhD",38614090.0,10.1016/j.immuni.2024.03.018,AI001169-13
135954,"Jinfang  Zhu, PhD",38723629.0,10.1016/j.devcel.2024.04.015,AI001169-13
135954,"Jinfang  Zhu, PhD",38283350.0,10.3389/fimmu.2023.1335326,AI001169-13
135954,"Jinfang  Zhu, PhD",38359797.0,10.1016/j.chom.2024.01.009,AI001169-13
135954,"Jinfang  Zhu, PhD",38903096.0,10.1101/2024.05.16.594397,AI001169-13
135980,"Jonathan Wilson Yewdell, MD, PhD",38512721.0,10.7554/eLife.89015,AI001210-09
135914,"Aleksandra Urszula Nita-Lazar, PhD",37949888.0,10.1038/s41598-023-46266-x,AI001084-16
135914,"Aleksandra Urszula Nita-Lazar, PhD",38568811.0,10.1016/j.celrep.2024.114033,AI001084-16
135914,"Aleksandra Urszula Nita-Lazar, PhD",37239864.0,10.3390/ijms24108517,AI001084-16
135914,"Aleksandra Urszula Nita-Lazar, PhD",38527097.0,10.1021/acs.jproteome.3c00838,AI001084-16
135914,"Aleksandra Urszula Nita-Lazar, PhD",37373287.0,10.3390/ijms241210139,AI001084-16
135786,"Thomas Bruce Nutman, MD",38096317.0,10.1371/journal.pntd.0011815,AI000512-37
135786,"Thomas Bruce Nutman, MD",36949937.0,10.3389/fimmu.2023.1102344,AI000512-37
135903,"Thomas L Leto, PhD",38194689.0,10.1182/blood.2023022098,AI001060-17
135903,"Thomas L Leto, PhD",38516355.0,10.3389/fped.2024.1365187,AI001060-17
135997,"Thomas Bruce Nutman, MD",38680612.0,10.1093/ofid/ofae176,AI001234-07
135997,"Thomas Bruce Nutman, MD",37499679.0,10.1016/S1473-3099(23)00276-1,AI001234-07
135997,"Thomas Bruce Nutman, MD",37347506.0,10.3201/eid2907.230364,AI001234-07
135745,"Pamela  Frischmeyer-Guerrerio, MD",37558059.0,10.1016/j.jaci.2023.07.014,AI001202-10
135745,"Pamela  Frischmeyer-Guerrerio, MD",37946302.0,10.1186/s13059-023-03090-w,AI001202-10
135745,"Pamela  Frischmeyer-Guerrerio, MD",38548091.0,10.1016/j.jaci.2024.02.024,AI001202-10
135745,"Pamela  Frischmeyer-Guerrerio, MD",37738626.0,10.1182/blood.2023019746,AI001202-10
135828,"Stephen S Whitehead, PhD",38953379.0,10.1128/jvi.00681-24,AI000891-24
135828,"Stephen S Whitehead, PhD",37857747.0,10.1038/s43856-023-00378-7,AI000891-24
135959,"Audray  Harris, PhD",37639457.0,10.1371/journal.ppat.1011514,AI001180-12
135959,"Audray  Harris, PhD",36997521.0,10.1038/s41467-023-37162-z,AI001180-12
135986,"Cathryn Louise Haigh, PhD",37883332.0,10.1371/journal.ppat.1011714,AI001219-08
135986,"Cathryn Louise Haigh, PhD",37802314.0,10.1016/j.jbc.2023.105319,AI001219-08
135986,"Cathryn Louise Haigh, PhD",38781931.0,10.3201/eid3006.231568,AI001219-08
135986,"Cathryn Louise Haigh, PhD",38980441.0,10.1007/s00401-024-02763-5,AI001219-08
135986,"Cathryn Louise Haigh, PhD",38049877.0,10.1186/s13287-023-03591-2,AI001219-08
135878,"Catharine Mans Bosio, PhD",37883420.0,10.1371/journal.pone.0293450,AI001013-18
135878,"Catharine Mans Bosio, PhD",38172257.0,10.1038/s41590-023-01691-y,AI001013-18
135878,"Catharine Mans Bosio, PhD",38336916.0,10.1038/s41598-024-53645-5,AI001013-18
135878,"Catharine Mans Bosio, PhD",38394123.0,10.1371/journal.pone.0298095,AI001013-18
135857,"Richard A Koup, MD",37075127.0,10.1126/scitranslmed.ade9078,AI005073-21
135741,"Hans Christian Ackerman, BS, MSc, DPhil, MD",38123476.0,10.1136/bmjresp-2023-001714,AI001150-12
135741,"Hans Christian Ackerman, BS, MSc, DPhil, MD",38426210.0,,AI001150-12
135741,"Hans Christian Ackerman, BS, MSc, DPhil, MD",38426210.0,10.3389/fphys.2024.1300667,AI001150-12
135741,"Hans Christian Ackerman, BS, MSc, DPhil, MD",39070798.0,,AI001150-12
135741,"Hans Christian Ackerman, BS, MSc, DPhil, MD",39070798.0,10.3389/fphar.2024.1414406,AI001150-12
135870,"Jeffrey  Cohen, MD",38479361.0,,AI000978-19
135870,"Jeffrey  Cohen, MD",38479361.0,10.1016/j.immuni.2024.02.008,AI000978-19
135768,"Ethan M Shevach, MD",37756526.0,10.4049/jimmunol.2300184,AI000224-43
136097,"Eli  Boritz, MD, PhD",39198422.0,10.1038/s41467-024-51848-y,AI005156-05
136097,"Eli  Boritz, MD, PhD",39131331.0,10.1101/2024.07.31.605954,AI005156-05
135942,"Yasmine  Belkaid, PhD",38677292.0,10.1016/j.immuni.2024.04.001,AI001133-15
135942,"Yasmine  Belkaid, PhD",38011570.0,10.1073/pnas.2304905120,AI001133-15
135942,"Yasmine  Belkaid, PhD",38291301.0,10.1038/s41591-023-02761-2,AI001133-15
135942,"Michail S Lionakis, MD",38677292.0,10.1016/j.immuni.2024.04.001,AI001133-15
135942,"Michail S Lionakis, MD",38011570.0,10.1073/pnas.2304905120,AI001133-15
135942,"Michail S Lionakis, MD",38291301.0,10.1038/s41591-023-02761-2,AI001133-15
136029,"Niraj Harish Tolia, PhD",38901738.0,10.1016/j.antiviral.2024.105937,AI001262-05
136029,"Niraj Harish Tolia, PhD",38250850.0,10.3390/vaccines12010037,AI001262-05
135850,"Daniel C Douek, MD, PhD",36599978.0,10.1038/s41586-022-05556-6,AI005034-23
135850,"Daniel C Douek, MD, PhD",36599367.0,10.1038/s41586-022-05613-0,AI005034-23
136059,"Philip M Murphy, MD",38154666.0,10.1016/j.jaci.2023.12.011,AI001299-05
135958,"Patrick Emmet Duffy, MD",37932470.0,10.1038/s41684-023-01274-2,AI001176-13
135958,"Patrick Emmet Duffy, MD",38437239.0,10.1371/journal.ppat.1011879,AI001176-13
135958,"Patrick Emmet Duffy, MD",38274790.0,10.3389/fimmu.2023.1330962,AI001176-13
135958,"Michal  Fried, PhD",37932470.0,10.1038/s41684-023-01274-2,AI001176-13
135958,"Michal  Fried, PhD",38437239.0,10.1371/journal.ppat.1011879,AI001176-13
135958,"Michal  Fried, PhD",38274790.0,10.3389/fimmu.2023.1330962,AI001176-13
136067,"Andrea  Lisco, PhD, MD",38154666.0,10.1016/j.jaci.2023.12.011,AI001309-05
136067,"Andrea  Lisco, PhD, MD",38694513.0,10.3389/fimmu.2024.1352330,AI001309-05
136067,"Andrea  Lisco, PhD, MD",38344971.0,10.1016/j.jaci.2023.10.012,AI001309-05
136090,"Robert Alan Seder, MD",39134521.0,10.1038/s41467-024-51046-w,AI005150-05
135937,"Chen-Hsiang  Shen, PhD",37989731.0,10.1038/s41467-023-42098-5,AI005111-15
135937,"Chen-Hsiang  Shen, PhD",38318357.0,10.1016/j.isci.2024.108877,AI005111-15
135937,"Chen-Hsiang  Shen, PhD",39134521.0,10.1038/s41467-024-51046-w,AI005111-15
135937,"Chen-Hsiang  Shen, PhD",38177144.0,10.1038/s41467-023-44534-y,AI005111-15
135937,"Chen-Hsiang  Shen, PhD",38670948.0,10.1038/s41467-024-47784-6,AI005111-15
135937,"Chen-Hsiang  Shen, PhD",38042809.0,10.1038/s41467-023-43420-x,AI005111-15
135937,"Chen-Hsiang  Shen, PhD",38250850.0,10.3390/vaccines12010037,AI005111-15
135937,"Chen-Hsiang  Shen, PhD",38704686.0,10.1002/advs.202309268,AI005111-15
136011,"Christa  Zerbe, MD",38434609.0,10.1093/ofid/ofae016,AI001248-06
136130,"Daniel C Douek, MD, PhD",38177144.0,10.1038/s41467-023-44534-y,AI005166-03
135811,"John H Kehrl, MD",38729611.0,10.1016/j.mucimm.2024.04.004,AI000738-29
135754,"Irini  Sereti, MD",38941593.0,10.1182/blood.2024024144,AI001121-15
135754,"Irini  Sereti, MD",38564303.0,10.1172/jci.insight.174783,AI001121-15
135754,"Irini  Sereti, MD",37918403.0,10.1016/j.celrep.2023.113336,AI001121-15
135754,"Irini  Sereti, MD",37133586.0,10.1056/NEJMoa2202348,AI001121-15
135754,"Irini  Sereti, MD",37450602.0,10.1097/QAD.0000000000003656,AI001121-15
135754,"Irini  Sereti, MD",37322122.0,10.1038/s41591-023-02387-4,AI001121-15
135754,"Irini  Sereti, MD",37577116.0,10.1093/ofid/ofad408,AI001121-15
135754,"Irini  Sereti, MD",38557723.0,10.1084/jem.20231044,AI001121-15
135754,"Irini  Sereti, MD",37213420.0,10.1093/ofid/ofad208,AI001121-15
135754,"Irini  Sereti, MD",38226493.0,10.1093/infdis/jiae009,AI001121-15
135754,"Irini  Sereti, MD",38742044.0,10.3389/fneur.2024.1360128,AI001121-15
135906,"Thomas Bruce Nutman, MD",37745942.0,10.1016/j.ijregi.2023.08.009,AI001065-17
135906,"Thomas Bruce Nutman, MD",38913614.0,10.1371/journal.pone.0305819,AI001065-17
135906,"Thomas Bruce Nutman, MD",36977151.0,10.3390/tropicalmed8030150,AI001065-17
135906,"Thomas Bruce Nutman, MD",36814914.0,10.3389/fimmu.2023.1093640,AI001065-17
135906,"Thomas Bruce Nutman, MD",37324745.0,10.3389/fnut.2023.1194682,AI001065-17
135906,"Thomas Bruce Nutman, MD",38005840.0,10.3390/v15112162,AI001065-17
135906,"Thomas Bruce Nutman, MD",38975122.0,10.1016/j.heliyon.2024.e32643,AI001065-17
135906,"Thomas Bruce Nutman, MD",38116577.0,10.3389/fped.2023.1235342,AI001065-17
135906,"Thomas Bruce Nutman, MD",37173394.0,10.1038/s41598-023-34847-9,AI001065-17
135906,"Thomas Bruce Nutman, MD",39028003.0,10.1093/infdis/jiae365,AI001065-17
135906,"Thomas Bruce Nutman, MD",38415923.0,10.1002/iid3.1167,AI001065-17
135906,"Thomas Bruce Nutman, MD",36961465.0,10.1001/jamanetworkopen.2023.1713,AI001065-17
135906,"Thomas Bruce Nutman, MD",37013538.0,10.1186/s12887-023-03971-w,AI001065-17
135906,"Thomas Bruce Nutman, MD",38205253.0,10.1016/j.isci.2023.108662,AI001065-17
135906,"Thomas Bruce Nutman, MD",36646786.0,10.1038/s41598-023-27895-8,AI001065-17
135906,"Thomas Bruce Nutman, MD",37149713.0,10.1038/s41598-023-34530-z,AI001065-17
135906,"Thomas Bruce Nutman, MD",37354752.0,10.1016/j.dsx.2023.102801,AI001065-17
135814,"Suzette  Priola, PhD",38394123.0,10.1371/journal.pone.0298095,AI000752-29
135804,"Peter D Sun, PhD",37821447.0,10.1038/s41467-023-42140-6,AI000697-31
135804,"Peter D Sun, PhD",36780482.0,10.1371/journal.pone.0281087,AI000697-31
135893,"Ian A Myles, MD",37422700.0,10.1111/all.15806,AI001043-17
135893,"Ian A Myles, MD",38262502.0,10.1016/j.jaci.2023.11.926,AI001043-17
135893,"Ian A Myles, MD",38637696.0,10.1038/s43856-024-00500-3,AI001043-17
135893,"Ian A Myles, MD",36608129.0,10.1126/sciadv.ade8898,AI001043-17
135893,"Ian A Myles, MD",37692200.0,10.1021/acs.estlett.3c00142,AI001043-17
135963,"Heinrich Ulrich Feldmann, MD, PhD",38769294.0,10.1038/s41541-024-00887-z,AI001188-11
135963,"Heinrich Ulrich Feldmann, MD, PhD",38382314.0,10.1016/j.ebiom.2024.105017,AI001188-11
135963,"Heinrich Ulrich Feldmann, MD, PhD",37880247.0,10.1038/s41467-023-42526-6,AI001188-11
135963,"Heinrich Ulrich Feldmann, MD, PhD",38548922.0,10.1038/s41564-024-01672-3,AI001188-11
135963,"Heinrich Ulrich Feldmann, MD, PhD",37866114.0,10.1016/j.ebiom.2023.104839,AI001188-11
136118,"Mattia  Bonsignori, MD",38174935.0,10.1128/jvi.00849-23,AI001342-04
135952,"Matthew J Memoli, MD",36702771.0,10.1093/infdis/jiad021,AI001157-13
135956,"Daniel Leo Barber, BS, PhD",38066332.0,10.1038/s41564-023-01523-7,AI001171-13
135956,"Daniel Leo Barber, BS, PhD",38680611.0,10.1093/ofid/ofae183,AI001171-13
135956,"Daniel Leo Barber, BS, PhD",37097292.0,10.1084/jem.20222090,AI001171-13
135956,"Daniel Leo Barber, BS, PhD",36880755.0,10.1128/mbio.00220-23,AI001171-13
135956,"Daniel Leo Barber, BS, PhD",36998631.0,10.1093/ofid/ofad128,AI001171-13
135956,"Daniel Leo Barber, BS, PhD",38196575.0,10.21203/rs.3.rs-3601404/v1,AI001171-13
135956,"Daniel Leo Barber, BS, PhD",36920308.0,10.1084/jem.20221392,AI001171-13
136154,"John J O'Shea, MD",37256972.0,10.1056/NEJMoa2202318,AR041106-30
136157,"Maria Irene Morasso, PhD",38142927.0,10.1016/j.jim.2023.113605,AR041124-25
136157,"Maria Irene Morasso, PhD",37516309.0,10.1016/j.jid.2023.06.202,AR041124-25
136157,"Maria Irene Morasso, PhD",36708949.0,10.1016/j.jid.2022.12.020,AR041124-25
136157,"Maria Irene Morasso, PhD",37443031.0,10.1186/s13046-023-02737-7,AR041124-25
136157,"Maria Irene Morasso, PhD",39121214.0,10.1126/sciadv.adl4893,AR041124-25
136202,"Sarfaraz Ahmed Hasni, MD",33452005.0,10.1136/annrheumdis-2020-219648,AR041232-03
136202,"Sarfaraz Ahmed Hasni, MD",38527764.0,10.1136/ard-2023-224842,AR041232-03
136180,"Markus  Hafner, PhD",38969660.0,10.1038/s41467-024-50011-x,AR041206-09
136180,"Markus  Hafner, PhD",39005319.0,10.1101/2023.07.08.548206,AR041206-09
136180,"Markus  Hafner, PhD",37805600.0,10.1038/s41467-023-41844-z,AR041206-09
136184,"Luis Miguel Franco, MD",38502482.0,10.1007/978-1-0716-3766-1_8,AR041213-05
136184,"Luis Miguel Franco, MD",38696257.0,10.1172/JCI176142,AR041213-05
136167,"Hong-Wei  Sun, PhD",36990659.0,10.1136/rmdopen-2022-002935,AR041173-17
136167,"Hong-Wei  Sun, PhD",38453480.0,10.1101/gad.351428.123,AR041173-17
136167,"Hong-Wei  Sun, PhD",36932076.0,10.1038/s41467-023-36941-y,AR041173-17
136167,"Hong-Wei  Sun, PhD",37105173.0,10.1016/j.devcel.2023.04.005,AR041173-17
136167,"Hong-Wei  Sun, PhD",37192048.0,10.1016/j.xpro.2023.102307,AR041173-17
136167,"Hong-Wei  Sun, PhD",37357228.0,10.1038/s41598-023-37320-9,AR041173-17
136167,"Hong-Wei  Sun, PhD",37310381.0,10.1084/jem.20220381,AR041173-17
136167,"Hong-Wei  Sun, PhD",38697116.0,10.1016/j.immuni.2024.04.007,AR041173-17
136167,"Hong-Wei  Sun, PhD",36708949.0,10.1016/j.jid.2022.12.020,AR041173-17
136167,"Hong-Wei  Sun, PhD",37928541.0,10.3389/fimmu.2023.1265404,AR041173-17
136167,"Hong-Wei  Sun, PhD",37443031.0,10.1186/s13046-023-02737-7,AR041173-17
136167,"Hong-Wei  Sun, PhD",38357212.0,10.1016/j.xjidi.2023.100246,AR041173-17
136167,"Hong-Wei  Sun, PhD",37756335.0,10.1073/pnas.2306761120,AR041173-17
136167,"Hong-Wei  Sun, PhD",36726110.0,10.1186/s13046-023-02608-1,AR041173-17
136167,"Hong-Wei  Sun, PhD",37488248.0,10.1038/s41435-023-00214-x,AR041173-17
136167,"Hong-Wei  Sun, PhD",38343435.0,10.3389/fimmu.2023.1321370,AR041173-17
136158,"Vittorio  Sartorelli, MD",37105173.0,10.1016/j.devcel.2023.04.005,AR041126-25
136158,"Vittorio  Sartorelli, MD",36607809.0,10.1016/j.xpro.2022.102001,AR041126-25
136158,"Vittorio  Sartorelli, MD",37192048.0,10.1016/j.xpro.2023.102307,AR041126-25
136158,"Vittorio  Sartorelli, MD",39121214.0,10.1126/sciadv.adl4893,AR041126-25
136152,"Luis Miguel Franco, MD",38502482.0,10.1007/978-1-0716-3766-1_8,AR041210-05
136190,"Heidi H Kong, MD, BS",38126779.0,10.1128/msystems.00632-23,AR041219-03
136190,"Heidi H Kong, MD, BS",37757827.0,10.1016/j.xcrm.2023.101205,AR041219-03
136190,"Heidi H Kong, MD, BS",37956283.0,10.1073/pnas.2310585120,AR041219-03
136190,"Heidi H Kong, MD, BS",37054678.0,10.1016/j.chom.2023.03.010,AR041219-03
136190,"Heidi H Kong, MD, BS",37946302.0,10.1186/s13059-023-03090-w,AR041219-03
136203,"Heidi H Kong, MD, BS",37495514.0,10.1111/pde.15380,AR041234-02
136160,"John J O'Shea, MD",37256972.0,10.1056/NEJMoa2202318,AR041159-17
136160,"John J O'Shea, MD",37443284.0,10.1038/s41590-023-01553-7,AR041159-17
136160,"John J O'Shea, MD",37552767.0,10.1126/scisignal.ade0385,AR041159-17
136160,"John J O'Shea, MD",38697116.0,10.1016/j.immuni.2024.04.007,AR041159-17
136160,"John J O'Shea, MD",37559725.0,10.3389/fimmu.2023.1212190,AR041159-17
136160,"John J O'Shea, MD",36884218.0,10.1084/jem.20221755,AR041159-17
136160,"John J O'Shea, MD",39121214.0,10.1126/sciadv.adl4893,AR041159-17
136160,"John J O'Shea, MD",37540600.0,10.1016/j.celrep.2023.112924,AR041159-17
136177,"Andrew Lee Mammen, MD, PhD",38926363.0,10.1038/s41467-024-49460-1,AR041203-10
136177,"Andrew Lee Mammen, MD, PhD",36762496.0,10.1002/art.42474,AR041203-10
136177,"Andrew Lee Mammen, MD, PhD",36923454.0,10.1016/s2665-9913(23)00003-6,AR041203-10
136177,"Andrew Lee Mammen, MD, PhD",36913182.0,10.1002/acr.25114,AR041203-10
136177,"Andrew Lee Mammen, MD, PhD",36690456.0,10.1212/WNL.0000000000206777,AR041203-10
136177,"Andrew Lee Mammen, MD, PhD",39073022.0,10.1002/acr2.11724,AR041203-10
136177,"Andrew Lee Mammen, MD, PhD",38902010.0,10.1136/ard-2024-225773,AR041203-10
136177,"Andrew Lee Mammen, MD, PhD",36801811.0,10.1136/ard-2022-223792,AR041203-10
136177,"Andrew Lee Mammen, MD, PhD",38272842.0,10.1002/art.42813,AR041203-10
136177,"Andrew Lee Mammen, MD, PhD",36996276.0,10.1002/art.42512,AR041203-10
136177,"Andrew Lee Mammen, MD, PhD",38059274.0,10.1002/art.42768,AR041203-10
136177,"Andrew Lee Mammen, MD, PhD",38383456.0,10.1038/s41467-024-45107-3,AR041203-10
136179,"Markus  Hafner, PhD",39153475.0,10.1016/j.molcel.2024.07.025,AR041205-09
136179,"Markus  Hafner, PhD",38277395.0,10.1371/journal.pone.0297262,AR041205-09
136179,"Markus  Hafner, PhD",36912080.0,10.1093/nar/gkad140,AR041205-09
136179,"Markus  Hafner, PhD",37805600.0,10.1038/s41467-023-41844-z,AR041205-09
136179,"Markus  Hafner, PhD",36924503.0,10.1016/j.celrep.2023.112260,AR041205-09
136176,"Markus  Hafner, PhD",39153475.0,10.1016/j.molcel.2024.07.025,AR041201-11
136176,"Markus  Hafner, PhD",38277395.0,10.1371/journal.pone.0297262,AR041201-11
136176,"Markus  Hafner, PhD",36912080.0,10.1093/nar/gkad140,AR041201-11
136176,"Markus  Hafner, PhD",37592256.0,10.1186/s12860-023-00488-z,AR041201-11
136176,"Markus  Hafner, PhD",37805600.0,10.1038/s41467-023-41844-z,AR041201-11
136176,"Markus  Hafner, PhD",38372062.0,10.1080/15476286.2024.2314846,AR041201-11
136176,"Markus  Hafner, PhD",36924503.0,10.1016/j.celrep.2023.112260,AR041201-11
136153,"Paul T Wingfield, PhD",38748579.0,10.1073/pnas.2400426121,AR027002-46
136170,"Massimo Giulio Gadina, PhD",37256972.0,10.1056/NEJMoa2202318,AR041181-16
136170,"Massimo Giulio Gadina, PhD",36657109.0,10.1002/art.42450,AR041181-16
136170,"Massimo Giulio Gadina, PhD",38007359.0,10.1016/j.semarthrit.2023.152327,AR041181-16
136170,"Massimo Giulio Gadina, PhD",38049983.0,10.1136/ard-2023-224933,AR041181-16
136170,"Massimo Giulio Gadina, PhD",38408849.0,10.1136/ard-2023-225085,AR041181-16
136170,"Massimo Giulio Gadina, PhD",37681930.0,10.3390/cells12172198,AR041181-16
136170,"Massimo Giulio Gadina, PhD",37756335.0,10.1073/pnas.2306761120,AR041181-16
136185,"Laura Beth Lewandowski, MD",38807125.0,10.1186/s12969-024-00994-0,AR041214-04
136189,"Heidi H Kong, MD, BS",37683824.0,10.1016/j.jaip.2023.08.044,AR041218-03
136189,"Heidi H Kong, MD, BS",38435320.0,10.1016/j.rare.2024.100019,AR041218-03
136189,"Heidi H Kong, MD, BS",38810185.0,10.1056/NEJMoa2312665,AR041218-03
136189,"Heidi H Kong, MD, BS",37054678.0,10.1016/j.chom.2023.03.010,AR041218-03
136159,"John J O'Shea, MD",39121214.0,10.1126/sciadv.adl4893,AR041148-20
136159,"John J O'Shea, MD",38955181.0,10.1016/j.molcel.2024.06.006,AR041148-20
136178,"Peter C Grayson, MD",38225170.0,10.1002/art.42802,AR041204-10
136178,"Peter C Grayson, MD",36828585.0,10.1136/ard-2022-223429,AR041204-10
136178,"Peter C Grayson, MD",38049983.0,10.1136/ard-2023-224933,AR041204-10
136178,"Peter C Grayson, MD",38343337.0,10.1002/art.42817,AR041204-10
136197,"Keisuke  Nagao, MD",37757827.0,10.1016/j.xcrm.2023.101205,AR041226-03
136197,"Keisuke  Nagao, MD",38357212.0,10.1016/j.xjidi.2023.100246,AR041226-03
136197,"Keisuke  Nagao, MD",36971661.0,10.1002/cpz1.709,AR041226-03
136197,"Keisuke  Nagao, MD",36938663.0,10.1111/1346-8138.16785,AR041226-03
136197,"Keisuke  Nagao, MD",37922339.0,10.1126/sciimmunol.adi8217,AR041226-03
136155,"Paul T Wingfield, PhD",37384752.0,10.1371/journal.pone.0286370,AR041115-29
136199,"Edward W Cowen, MD",37738626.0,10.1182/blood.2023019746,AR041229-03
136199,"Edward W Cowen, MD",38759225.0,10.1001/jamadermatol.2024.1804,AR041229-03
136172,"Davide  Randazzo, PhD",37256972.0,10.1056/NEJMoa2202318,AR041186-15
136172,"Davide  Randazzo, PhD",37572662.0,10.1016/j.str.2023.07.009,AR041186-15
136172,"Davide  Randazzo, PhD",37105173.0,10.1016/j.devcel.2023.04.005,AR041186-15
136172,"Davide  Randazzo, PhD",38408849.0,10.1136/ard-2023-225085,AR041186-15
136172,"Davide  Randazzo, PhD",37463048.0,10.1172/jci.insight.170199,AR041186-15
136172,"Davide  Randazzo, PhD",37435833.0,10.1002/dvdy.642,AR041186-15
136172,"Davide  Randazzo, PhD",38811719.0,10.1038/s41598-024-62940-0,AR041186-15
136172,"Davide  Randazzo, PhD",37255439.0,10.1128/jvi.00493-23,AR041186-15
136194,"Isaac Franklin Brownell, MD, PhD",38170500.0,10.1001/jamadermatol.2023.5362,AR041223-03
136174,"Mariana Julieta Kaplan, MD",37098006.0,10.1371/journal.pbio.3002084,AR041199-11
136174,"Mariana Julieta Kaplan, MD",38696257.0,10.1172/JCI176142,AR041199-11
136174,"Mariana Julieta Kaplan, MD",33452005.0,10.1136/annrheumdis-2020-219648,AR041199-11
136174,"Mariana Julieta Kaplan, MD",38527764.0,10.1136/ard-2023-224842,AR041199-11
136174,"Mariana Julieta Kaplan, MD",38828730.0,10.1172/JCI182287,AR041199-11
136174,"Mariana Julieta Kaplan, MD",36737106.0,10.1136/ard-2022-223568,AR041199-11
136161,"Vittorio  Sartorelli, MD",38453480.0,10.1101/gad.351428.123,AR041164-17
136195,"Isaac Franklin Brownell, MD, PhD",39153475.0,10.1016/j.molcel.2024.07.025,AR041224-03
136195,"Isaac Franklin Brownell, MD, PhD",36937405.0,10.3389/fonc.2023.1126476,AR041224-03
136193,"Isaac Franklin Brownell, MD, PhD",38266271.0,10.1093/bjd/ljae018,AR041222-03
136193,"Isaac Franklin Brownell, MD, PhD",38170500.0,10.1001/jamadermatol.2023.5362,AR041222-03
136193,"Isaac Franklin Brownell, MD, PhD",36920369.0,10.1001/jamadermatol.2023.0061,AR041222-03
136193,"Isaac Franklin Brownell, MD, PhD",37755087.0,10.3390/md21090474,AR041222-03
136193,"Isaac Franklin Brownell, MD, PhD",38398178.0,10.3390/cancers16040788,AR041222-03
136186,"Hanna  Kim, MD",36657109.0,10.1002/art.42450,AR041215-04
136186,"Hanna  Kim, MD",36929918.0,10.1093/rheumatology/kead111,AR041215-04
136186,"Hanna  Kim, MD",36661295.0,10.1093/rheumatology/kead033,AR041215-04
136186,"Hanna  Kim, MD",36929923.0,10.1093/rheumatology/kead110,AR041215-04
136186,"Hanna  Kim, MD",36609397.0,10.1186/s12969-022-00785-5,AR041215-04
136171,"Robert A Colbert, MD, PhD",36319008.0,10.3899/jrheum.220509,AR041184-16
136171,"Robert A Colbert, MD, PhD",37737377.0,10.1002/jbmr.4915,AR041184-16
136171,"Robert A Colbert, MD, PhD",38811719.0,10.1038/s41598-024-62940-0,AR041184-16
136171,"Robert A Colbert, MD, PhD",38564998.0,10.1016/j.semarthrit.2024.152437,AR041184-16
136198,"Edward W Cowen, MD",38357212.0,10.1016/j.xjidi.2023.100246,AR041227-03
136173,"Michael Joseph Ombrello, MD",37769878.0,,AR041198-11
136173,"Michael Joseph Ombrello, MD",37769878.0,10.1016/j.jaci.2023.08.036,AR041198-11
136173,"Michael Joseph Ombrello, MD",37990257.0,10.1186/s12969-023-00911-x,AR041198-11
137373,"Thomas J Pohida, MS",38903106.0,10.1101/2024.03.19.585805,EB000103-01
137373,"Thomas J Pohida, MS",36650008.0,10.1093/g3journal/jkad012,EB000103-01
137373,"Thomas J Pohida, MS",38455403.0,10.62347/NDII9862,EB000103-01
137373,"Thomas J Pohida, MS",38302573.0,10.1038/s41598-024-52788-9,EB000103-01
136214,"M. Okan  Irfanoglu, PhD",38497797.0,10.1001/jama.2024.2413,EB000088-08
136214,"M. Okan  Irfanoglu, PhD",38291798.0,10.1002/jmri.29248,EB000088-08
136214,"M. Okan  Irfanoglu, PhD",38726888.0,10.1002/hbm.26697,EB000088-08
136214,"Carlo  Pierpaoli, MD, PhD",38497797.0,10.1001/jama.2024.2413,EB000088-08
136214,"Carlo  Pierpaoli, MD, PhD",38291798.0,10.1002/jmri.29248,EB000088-08
136214,"Carlo  Pierpaoli, MD, PhD",38726888.0,10.1002/hbm.26697,EB000088-08
136211,"Emilios K Dimitriadis, PhD",37117231.0,10.1038/s41598-023-33686-y,EB000085-12
136211,"Emilios K Dimitriadis, PhD",38582148.0,10.1016/j.jmb.2024.168557,EB000085-12
136211,"Emilios K Dimitriadis, PhD",38285943.0,10.1073/pnas.2314309121,EB000085-12
136212,"Richard D Leapman, PhD",37010311.0,10.3791/64985,EB000086-12
136212,"Richard D Leapman, PhD",37933490.0,10.1080/09537104.2023.2264978,EB000086-12
136212,"Richard D Leapman, PhD",36865905.0,10.1016/j.rpth.2023.100058,EB000086-12
136204,"Peter W Schuck, PhD",38336934.0,10.1038/s41467-024-45627-y,EB000051-17
136204,"Peter W Schuck, PhD",36737758.0,10.1186/s12964-023-01042-2,EB000051-17
136204,"Peter W Schuck, PhD",37669309.0,10.1371/journal.pcbi.1011454,EB000051-17
136204,"Peter W Schuck, PhD",38967176.0,10.1021/acsnano.4c05322,EB000051-17
136206,"Albert J Jin, PhD",37061547.0,10.1038/s41541-023-00655-5,EB000015-18
136217,"Peter W Schuck, PhD",38587193.0,10.1093/nar/gkae256,EB000095-05
136205,"Nicole Yen-I Morgan, PhD",38600167.0,10.1038/s41593-024-01619-1,EB000012-18
136205,"Nicole Yen-I Morgan, PhD",38455403.0,10.62347/NDII9862,EB000012-18
137374,Harshad Dilip Vishwasrao,38502707.0,10.1073/pnas.2400584121,EB000104-01
137374,Harshad Dilip Vishwasrao,38941236.0,10.7554/eLife.94836,EB000104-01
137374,Harshad Dilip Vishwasrao,39107416.0,10.1038/s41598-024-68918-2,EB000104-01
137374,Harshad Dilip Vishwasrao,38321040.0,10.1038/s41598-024-52663-7,EB000104-01
137374,Harshad Dilip Vishwasrao,38017066.0,10.1038/s42003-023-05582-8,EB000104-01
137374,Harshad Dilip Vishwasrao,37670571.0,10.1093/nar/gkad735,EB000104-01
137374,Harshad Dilip Vishwasrao,38903092.0,10.1101/2024.03.27.587046,EB000104-01
136209,"Heather R Kalish, PhD",37824621.0,10.1126/sciadv.adh3150,EB000076-14
136216,"Alexander Xavier Cartagena-Rivera, PhD",37481704.0,10.1016/j.ymthe.2023.07.014,EB000094-05
136216,"Alexander Xavier Cartagena-Rivera, PhD",38706694.0,10.1038/s42254-024-00707-2,EB000094-05
136216,"Alexander Xavier Cartagena-Rivera, PhD",38741699.0,10.1038/s43246-024-00444-0,EB000094-05
136216,"Alexander Xavier Cartagena-Rivera, PhD",38170778.0,10.1126/sciadv.adi1788,EB000094-05
136215,"Kaitlyn Noelle Sadtler, PhD",38192168.0,10.1002/advs.202306961,EB000093-05
136218,"Peter W Schuck, PhD",38941236.0,10.7554/eLife.94836,EB000099-03
136218,"Peter W Schuck, PhD",38018991.0,10.1128/mbio.02388-23,EB000099-03
136260,"Roberto Jose Romero, MD",37806612.0,10.1016/j.ajog.2023.10.002,HD002400-33
136260,"Roberto Jose Romero, MD",37944273.0,10.1016/j.ebiom.2023.104865,HD002400-33
136260,"Roberto Jose Romero, MD",38047079.0,10.1016/j.isci.2023.108341,HD002400-33
136260,"Roberto Jose Romero, MD",38198568.0,10.1126/scitranslmed.adh8335,HD002400-33
136260,"Roberto Jose Romero, MD",38134931.0,10.1016/j.xcrm.2023.101350,HD002400-33
136260,"Roberto Jose Romero, MD",37647360.0,10.4049/jimmunol.2300201,HD002400-33
136260,"Roberto Jose Romero, MD",38913421.0,10.7554/eLife.90943,HD002400-33
136317,"Timothy James Petros, PhD",38419656.0,10.3389/fncel.2024.1334244,HD008962-08
136317,"Timothy James Petros, PhD",38354736.0,10.1016/j.ajhg.2024.01.005,HD008962-08
136317,"Timothy James Petros, PhD",36520627.0,10.1016/j.xpro.2022.101944,HD008962-08
136317,"Timothy James Petros, PhD",36717694.0,10.1038/s41588-022-01295-6,HD008962-08
136326,"Stephen Edward Gilman, ScD",35567646.0,10.1007/s00787-022-01999-4,HD008976-07
136326,"Stephen Edward Gilman, ScD",37310302.0,10.1017/S0033291721004311,HD008976-07
136326,"Stephen Edward Gilman, ScD",38805237.0,10.1001/jamapediatrics.2024.1318,HD008976-07
136227,"Y. Peng  Loh, PhD",37100779.0,10.1038/s41398-023-02429-y,HD000056-49
136227,"Y. Peng  Loh, PhD",37078547.0,10.1096/fj.202300128R,HD000056-49
136227,"Y. Peng  Loh, PhD",37369719.0,10.1186/s12964-023-01195-0,HD000056-49
136227,"Y. Peng  Loh, PhD",37369719.0,10.1038/s41380-023-02135-7,HD000056-49
136334,"Forbes D Porter, MD, PhD",36470574.0,10.1016/j.gim.2022.11.017,HD008989-05
136334,"Forbes D Porter, MD, PhD",36721240.0,10.1186/s40364-023-00448-x,HD008989-05
136334,"Forbes D Porter, MD, PhD",37517328.0,10.1016/j.ymgme.2023.107656,HD008989-05
136334,"Forbes D Porter, MD, PhD",37065726.0,10.12688/wellcomeopenres.17261.2,HD008989-05
136334,"Forbes D Porter, MD, PhD",37086568.0,10.1016/j.ymgme.2023.107584,HD008989-05
136334,"Forbes D Porter, MD, PhD",36719165.0,10.1002/jimd.12595,HD008989-05
136334,"Forbes D Porter, MD, PhD",37338096.0,10.1021/acs.jproteome.3c00199,HD008989-05
136334,"Forbes D Porter, MD, PhD",38673803.0,10.3390/ijms25084217,HD008989-05
136334,"Forbes D Porter, MD, PhD",38236648.0,10.1172/JCI167633,HD008989-05
136334,"Forbes D Porter, MD, PhD",36638187.0,10.1002/pmic.202200378,HD008989-05
136334,"Forbes D Porter, MD, PhD",36461157.0,10.1002/ajmg.a.63064,HD008989-05
136334,"Forbes D Porter, MD, PhD",37587458.0,10.1186/s12864-023-09561-5,HD008989-05
136334,"Forbes D Porter, MD, PhD",39048052.0,10.1016/j.jlr.2024.100600,HD008989-05
136334,"Forbes D Porter, MD, PhD",37662495.0,10.1016/j.ymgmr.2023.101001,HD008989-05
136334,"Forbes D Porter, MD, PhD",38863022.0,10.1186/s13023-024-03241-7,HD008989-05
136224,"Peter Joel Basser, AB, SM, PhD",36590291.0,10.3389/fnins.2022.1054509,HD008978-06
136224,"Peter Joel Basser, AB, SM, PhD",37953850.0,10.1093/braincomms/fcad258,HD008978-06
136224,"Peter Joel Basser, AB, SM, PhD",36907281.0,10.1016/j.neuroimage.2023.120003,HD008978-06
136225,"Fasil  Tekola-Ayele, PhD",36443208.0,10.1016/j.jacl.2022.10.013,HD008967-07
136225,"Fasil  Tekola-Ayele, PhD",36617561.0,10.1186/s12916-022-02701-w,HD008967-07
136225,"Fasil  Tekola-Ayele, PhD",39030631.0,10.1186/s40246-024-00645-1,HD008967-07
136225,"Fasil  Tekola-Ayele, PhD",38012987.0,10.1016/j.ajogmf.2023.101237,HD008967-07
136310,"Edwina Ho Yee Yeung, PhD",38052982.0,10.1038/s41380-023-02331-5,HD008949-10
136310,"Edwina Ho Yee Yeung, PhD",38474842.0,10.3390/nu16050714,HD008949-10
136310,"Edwina Ho Yee Yeung, PhD",38936550.0,10.1016/j.tjnut.2024.06.014,HD008949-10
136310,"Edwina Ho Yee Yeung, PhD",37697338.0,10.1186/s13148-023-01542-5,HD008949-10
136310,"Edwina Ho Yee Yeung, PhD",36617164.0,10.1093/hmg/ddac302,HD008949-10
136310,"Edwina Ho Yee Yeung, PhD",37992405.0,10.1080/15592294.2023.2282319,HD008949-10
136310,"Edwina Ho Yee Yeung, PhD",37935839.0,10.1093/humrep/dead227,HD008949-10
136310,"Edwina Ho Yee Yeung, PhD",38808605.0,10.1111/acel.14194,HD008949-10
136310,"Edwina Ho Yee Yeung, PhD",36972758.0,10.1016/j.annepidem.2023.03.006,HD008949-10
136330,"Veronica  Gomez-Lobo, MD",38972510.0,10.1016/j.jtct.2024.06.029,HD008985-06
136330,"Veronica  Gomez-Lobo, MD",39008499.0,10.1371/journal.pone.0306237,HD008985-06
136330,"Veronica  Gomez-Lobo, MD",38752206.0,10.1210/jendso/bvae089,HD008985-06
136252,"Leonid V Chernomordik, DSc, PhD",38378678.0,10.1038/s41413-023-00311-7,HD001501-33
136252,"Leonid V Chernomordik, DSc, PhD",38903088.0,10.1101/2024.05.02.592254,HD001501-33
136242,"Alan G Hinnebusch, PhD",37043534.0,10.1073/pnas.2300521120,HD001004-41
136242,"Alan G Hinnebusch, PhD",37266577.0,10.7554/eLife.85545,HD001004-41
136242,"Alan G Hinnebusch, PhD",37439347.0,10.1093/nar/gkad584,HD001004-41
136242,"Alan G Hinnebusch, PhD",38266075.0,10.7554/eLife.92916,HD001004-41
136242,"Alan G Hinnebusch, PhD",38573742.0,10.7554/eLife.93255,HD001004-41
136280,"Gisela  Storz, PhD",37487082.0,10.1073/pnas.2307382120,HD008855-17
136255,"Gisela  Storz, PhD",37402717.0,10.1038/s41467-023-39576-1,HD001608-33
136255,"Gisela  Storz, PhD",38011569.0,10.1073/pnas.2311509120,HD001608-33
136255,"Gisela  Storz, PhD",37843988.0,10.7554/eLife.87151,HD001608-33
136298,"Anirban  Banerjee, PhD, MS",38599239.0,10.1038/s41586-024-07373-5,HD008928-12
136298,"Anirban  Banerjee, PhD, MS",37774000.0,10.1021/jacs.3c04359,HD008928-12
136344,"Veronica  Gomez-Lobo, MD",37301425.0,10.1016/j.jpag.2023.06.001,HD009006-03
136344,"Veronica  Gomez-Lobo, MD",39008499.0,10.1371/journal.pone.0306237,HD009006-03
136344,"Veronica  Gomez-Lobo, MD",38752206.0,10.1210/jendso/bvae089,HD009006-03
136275,"Tracey Ann Rouault, MD",38950322.0,10.1172/JCI179559,HD008814-18
136299,"Todd Scott Macfarlan, PhD",36806146.0,10.1101/gr.277150.122,HD008933-12
136299,"Todd Scott Macfarlan, PhD",39091844.0,10.1101/2024.07.21.604490,HD008933-12
136259,"Yun-Bo  Shi, PhD",38334640.0,10.3390/cells13030247,HD001901-29
136259,"Yun-Bo  Shi, PhD",38401883.0,10.1016/j.mce.2024.112193,HD001901-29
136259,"Yun-Bo  Shi, PhD",37717995.0,10.1016/bs.vh.2023.02.003,HD001901-29
136259,"Yun-Bo  Shi, PhD",37153451.0,10.1016/j.isci.2023.106301,HD001901-29
136259,"Yun-Bo  Shi, PhD",36823612.0,10.1186/s13578-023-00989-6,HD001901-29
136285,"Mihaela  Serpe, PhD",38569548.0,10.1016/j.devcel.2024.03.016,HD008869-16
136223,"Philip P Adams, PhD",37402717.0,10.1038/s41467-023-39576-1,HD008995-04
136343,"Veronica  Gomez-Lobo, MD",38972510.0,10.1016/j.jtct.2024.06.029,HD009005-03
136343,"Veronica  Gomez-Lobo, MD",36579945.0,10.1089/jayao.2022.0114,HD009005-03
136343,"Veronica  Gomez-Lobo, MD",36787466.0,10.1089/jayao.2022.0127,HD009005-03
136343,"Veronica  Gomez-Lobo, MD",38597904.0,10.1089/jayao.2023.0148,HD009005-03
136229,"Stanko S Stojilkovic, PhD",38923438.0,10.1210/endocr/bqae076,HD000195-31
136229,"Stanko S Stojilkovic, PhD",37935042.0,10.1210/endocr/bqad168,HD000195-31
136307,"Jack A Yanovski, MD, PhD",39103247.0,10.1111/ijpo.13154,HD008944-11
136237,"Jack A Yanovski, MD, PhD",36750741.0,10.1038/s41390-023-02503-7,HD000641-29
136237,"Jack A Yanovski, MD, PhD",37013719.0,10.1080/14656566.2023.2199152,HD000641-29
136237,"Jack A Yanovski, MD, PhD",38987029.0,10.1016/j.orcp.2024.07.001,HD000641-29
136237,"Jack A Yanovski, MD, PhD",36161713.0,10.1111/ijpo.12984,HD000641-29
136237,"Jack A Yanovski, MD, PhD",37100994.0,10.1038/s42255-023-00782-2,HD000641-29
136237,"Jack A Yanovski, MD, PhD",38658523.0,10.1111/ijpo.13123,HD000641-29
136237,"Jack A Yanovski, MD, PhD",37791340.0,10.12938/bmfh.2023-001,HD000641-29
136237,"Jack A Yanovski, MD, PhD",38637284.0,10.1093/jpepsy/jsae024,HD000641-29
136237,"Jack A Yanovski, MD, PhD",37943608.0,10.1089/chi.2023.0086,HD000641-29
136237,"Jack A Yanovski, MD, PhD",37754655.0,10.3390/ijerph20186796,HD000641-29
136237,"Jack A Yanovski, MD, PhD",37987184.0,10.1002/oby.23893,HD000641-29
136237,"Jack A Yanovski, MD, PhD",37062516.0,10.1016/j.physbeh.2023.114198,HD000641-29
136237,"Jack A Yanovski, MD, PhD",37965354.0,10.3389/fpsyt.2023.1276300,HD000641-29
136237,"Jack A Yanovski, MD, PhD",38600832.0,10.1002/eat.24217,HD000641-29
136237,"Jack A Yanovski, MD, PhD",37536224.0,10.1016/j.eatbeh.2023.101790,HD000641-29
136237,"Jack A Yanovski, MD, PhD",38640597.0,10.1016/j.eatbeh.2024.101877,HD000641-29
136237,"Jack A Yanovski, MD, PhD",36639249.0,10.1210/clinem/dgad014,HD000641-29
136237,"Jack A Yanovski, MD, PhD",38671361.0,10.1186/s11689-024-09536-x,HD000641-29
136237,"Jack A Yanovski, MD, PhD",36628649.0,10.1002/oby.23632,HD000641-29
136237,"Jack A Yanovski, MD, PhD",39103247.0,10.1111/ijpo.13154,HD000641-29
136237,"Jack A Yanovski, MD, PhD",36648999.0,10.3390/tomography9010012,HD000641-29
136237,"Jack A Yanovski, MD, PhD",38271099.0,10.1172/jci.insight.174097,HD000641-29
136237,"Jack A Yanovski, MD, PhD",38165046.0,10.1172/JCI178008,HD000641-29
136237,"Jack A Yanovski, MD, PhD",37428754.0,10.1371/journal.pone.0282401,HD000641-29
136292,"Alan G Hinnebusch, PhD",36864781.0,10.1093/nar/gkad099,HD008899-15
136295,"Mihaela  Serpe, PhD",38903091.0,10.1101/2024.04.22.590603,HD008914-14
136295,"Mihaela  Serpe, PhD",38569548.0,10.1016/j.devcel.2024.03.016,HD008914-14
136295,"Mihaela  Serpe, PhD",39025931.0,10.1038/s41467-024-50462-2,HD008914-14
136261,"Roberto Jose Romero, MD",38423450.0,10.1016/j.ajog.2024.02.289,HD002401-32
136261,"Roberto Jose Romero, MD",37985885.0,10.1038/s41598-023-47536-4,HD002401-32
134051,"Leah Francesca Rosin, PhD",39067449.0,10.1016/j.cub.2024.07.001,HD009019-01
134051,"Leah Francesca Rosin, PhD",38913752.0,10.1371/journal.pgen.1011329,HD009019-01
136279,"Katherine  Grantz, MD, MS",38569506.0,10.1055/a-2298-5245,HD008852-17
136279,"Katherine  Grantz, MD, MS",38151220.0,10.1016/j.ajog.2023.12.034,HD008852-17
136279,"Katherine  Grantz, MD, MS",36928064.0,10.1371/journal.pone.0282791,HD008852-17
136279,"Katherine  Grantz, MD, MS",37946325.0,10.1093/aje/kwad210,HD008852-17
136279,"Katherine  Grantz, MD, MS",38838912.0,10.1016/j.ajog.2024.05.049,HD008852-17
136279,"Katherine  Grantz, MD, MS",33940642.0,10.1055/s-0041-1728837,HD008852-17
136279,"Katherine  Grantz, MD, MS",38078856.0,10.1111/ppe.13019,HD008852-17
136279,"Katherine  Grantz, MD, MS",37224071.0,10.1289/EHP11606,HD008852-17
136279,"Katherine  Grantz, MD, MS",36822279.0,10.1016/j.annepidem.2023.02.008,HD008852-17
136279,"Katherine  Grantz, MD, MS",35240706.0,10.1055/a-1787-6991,HD008852-17
136279,"Katherine  Grantz, MD, MS",38012987.0,10.1016/j.ajogmf.2023.101237,HD008852-17
136279,"Katherine  Grantz, MD, MS",36617561.0,10.1186/s12916-022-02701-w,HD008852-17
136279,"Katherine  Grantz, MD, MS",35952840.0,10.1016/j.ajog.2022.08.007,HD008852-17
136305,"Tonja Renae Nansel, PhD",37741977.0,10.1186/s12884-023-06005-6,HD008942-11
136305,"Tonja Renae Nansel, PhD",38187988.0,10.1016/j.cdnut.2023.102051,HD008942-11
136253,"Tracey Ann Rouault, MD",37607904.0,10.1038/s41467-023-40738-4,HD001602-40
136253,"Tracey Ann Rouault, MD",38732071.0,,HD001602-40
136253,"Tracey Ann Rouault, MD",38732071.0,10.3390/ijms25094852,HD001602-40
136333,"Forbes D Porter, MD, PhD",36721240.0,10.1186/s40364-023-00448-x,HD008988-05
136333,"Forbes D Porter, MD, PhD",37517328.0,10.1016/j.ymgme.2023.107656,HD008988-05
136333,"Forbes D Porter, MD, PhD",37338096.0,10.1021/acs.jproteome.3c00199,HD008988-05
136333,"Forbes D Porter, MD, PhD",38673803.0,10.3390/ijms25084217,HD008988-05
136333,"Forbes D Porter, MD, PhD",38236648.0,10.1172/JCI167633,HD008988-05
136333,"Forbes D Porter, MD, PhD",36638187.0,10.1002/pmic.202200378,HD008988-05
136333,"Forbes D Porter, MD, PhD",39048052.0,10.1016/j.jlr.2024.100600,HD008988-05
136333,"Forbes D Porter, MD, PhD",38895471.0,10.1101/2024.06.07.597901,HD008988-05
136333,"Forbes D Porter, MD, PhD",37662495.0,10.1016/j.ymgmr.2023.101001,HD008988-05
136250,"Joshua  Zimmerberg, PhD, MD",38938682.0,10.1002/jex2.139,HD001415-34
136337,"Doreen  Matthies, PhD",37938562.0,10.1038/s41467-023-42599-3,HD008998-04
136337,"Doreen  Matthies, PhD",36695574.0,10.7554/eLife.84477,HD008998-04
136337,"Doreen  Matthies, PhD",37156797.0,10.1038/s41467-023-37702-7,HD008998-04
136337,"Doreen  Matthies, PhD",37036445.0,10.1083/jcb.202207130,HD008998-04
136263,"Karel  Pacak, MD, PhD",36854674.0,10.1038/s41467-023-36769-6,HD008735-24
136263,"Karel  Pacak, MD, PhD",38625612.0,10.1007/s00330-024-10652-4,HD008735-24
136276,"Keiko  Ozato, PhD",38993671.0,10.1016/j.isci.2024.109797,HD008815-18
136232,"Amir Hossein Gandjbakhche, PhD",37420758.0,10.3390/s23125592,HD000261-27
136232,"Amir Hossein Gandjbakhche, PhD",39061791.0,10.3390/bioengineering11070709,HD000261-27
136288,"Amir Hossein Gandjbakhche, PhD",37190612.0,10.3390/brainsci13040647,HD008882-16
136323,"Peter Joel Basser, AB, SM, PhD",36976252.0,10.7554/eLife.81982,HD008972-07
136323,"Peter Joel Basser, AB, SM, PhD",36970182.0,10.1093/pnasnexus/pgad056,HD008972-07
136331,"Ryan K Dale, MS, PhD",36899892.0,10.3390/cells12050756,HD008986-06
136331,"Ryan K Dale, MS, PhD",36721240.0,10.1186/s40364-023-00448-x,HD008986-06
136331,"Ryan K Dale, MS, PhD",36717694.0,10.1038/s41588-022-01295-6,HD008986-06
136331,"Ryan K Dale, MS, PhD",38600167.0,10.1038/s41593-024-01619-1,HD008986-06
136331,"Ryan K Dale, MS, PhD",37348683.0,10.1016/j.matbio.2023.06.004,HD008986-06
136331,"Ryan K Dale, MS, PhD",39005447.0,10.1101/2024.06.29.601340,HD008986-06
136331,"Ryan K Dale, MS, PhD",37402717.0,10.1038/s41467-023-39576-1,HD008986-06
136331,"Ryan K Dale, MS, PhD",37709732.0,10.1038/s41467-023-41349-9,HD008986-06
136331,"Ryan K Dale, MS, PhD",38274045.0,10.3389/fphys.2023.1316635,HD008986-06
136331,"Ryan K Dale, MS, PhD",38419656.0,10.3389/fncel.2024.1334244,HD008986-06
136331,"Ryan K Dale, MS, PhD",37153451.0,10.1096/fj.202300128R,HD008986-06
136331,"Ryan K Dale, MS, PhD",37153451.0,10.1016/j.isci.2023.106301,HD008986-06
136331,"Ryan K Dale, MS, PhD",37388215.0,10.3389/fendo.2023.1166076,HD008986-06
136331,"Ryan K Dale, MS, PhD",36864781.0,10.1093/nar/gkad099,HD008986-06
136342,"Bobby K Cheon, PhD",38706540.0,,HD009004-03
136342,"Bobby K Cheon, PhD",38706540.0,10.1016/j.foodqual.2024.105173,HD009004-03
136342,"Bobby K Cheon, PhD",38637284.0,10.1093/jpepsy/jsae024,HD009004-03
136342,"Bobby K Cheon, PhD",37943608.0,10.1089/chi.2023.0086,HD009004-03
136342,"Bobby K Cheon, PhD",37573949.0,10.1016/j.annepidem.2023.08.002,HD009004-03
136342,"Bobby K Cheon, PhD",37365621.0,10.1007/s12144-023-05074-2,HD009004-03
136342,"Bobby K Cheon, PhD",37365621.0,10.1111/spc3.12854,HD009004-03
136342,"Bobby K Cheon, PhD",37365621.0,10.1186/s12889-023-16138-0,HD009004-03
136342,"Bobby K Cheon, PhD",37471399.0,10.1111/spc3.12819,HD009004-03
136342,"Bobby K Cheon, PhD",37471399.0,10.1186/s12888-023-04867-w,HD009004-03
136342,"Bobby K Cheon, PhD",37471399.0,10.1371/journal.pone.0286208,HD009004-03
136231,"Sergey S Leikin, PhD",38477760.0,10.1093/jbmr/zjad004,HD000256-27
136231,"Sergey S Leikin, PhD",36699640.0,10.1002/jbm4.10701,HD000256-27
136245,"Brant M Weinstein, PhD",39091802.0,10.1101/2024.07.25.605139,HD001011-28
136245,"Brant M Weinstein, PhD",37979772.0,10.1016/j.jid.2023.10.015,HD001011-28
136245,"Brant M Weinstein, PhD",38903077.0,10.1101/2024.04.01.587559,HD001011-28
136245,"Brant M Weinstein, PhD",37353106.0,10.1016/j.ydbio.2023.06.012,HD001011-28
136318,"Claire Eliane Le Pichon, PhD",36731429.0,10.1016/j.neuron.2023.01.007,HD008966-08
136266,"Mark A Stopfer, PhD",36719272.0,10.7554/eLife.79152,HD008760-22
136266,"Mark A Stopfer, PhD",36587060.0,10.1038/s41598-022-27199-3,HD008760-22
136266,"Mark A Stopfer, PhD",37428771.0,10.1371/journal.pone.0284641,HD008760-22
136266,"Mark A Stopfer, PhD",38297144.0,10.1038/s41598-024-52879-7,HD008760-22
136257,"Paul E Love, MD, PhD",37067793.0,10.1084/jem.20221649,HD001803-31
136257,"Paul E Love, MD, PhD",37159521.0,10.1126/scisignal.ade1274,HD001803-31
136257,"Paul E Love, MD, PhD",37945821.0,10.1038/s41590-023-01663-2,HD001803-31
136257,"Paul E Love, MD, PhD",37938555.0,10.1038/s41467-023-42578-8,HD001803-31
136303,"Jon Reis Lorsch, PhD",38573742.0,10.7554/eLife.93255,HD008940-11
136296,"Brant M Weinstein, PhD",37979772.0,10.1016/j.jid.2023.10.015,HD008915-14
136238,"Andres  Buonanno, PhD",36769244.0,10.3390/ijms24032908,HD000711-35
136341,Sarah Elizabeth Sheppard,37861066.0,10.1002/ajmg.a.63450,HD009003-03
136241,"Janice  Chou, PhD",35961004.0,10.1093/hmg/ddac197,HD000912-45
136241,"Janice  Chou, PhD",37666439.0,10.1016/j.bbadis.2023.166874,HD000912-45
136241,"Janice  Chou, PhD",37467014.0,10.1002/jimd.12660,HD000912-45
136244,"Thomas E Dever, PhD",39026837.0,10.1101/2024.07.10.602410,HD001010-30
136336,"Jeffrey Allen Farrell, PhD",37995681.0,10.1016/j.devcel.2023.11.001,HD008997-04
136336,"Jeffrey Allen Farrell, PhD",38600066.0,10.1038/s41467-024-47290-9,HD008997-04
136226,"Dan L Sackett, PhD",37448631.0,10.1016/j.ymgmr.2023.100990,HD008765-22
136226,"Dan L Sackett, PhD",37238704.0,10.3390/biom13050834,HD008765-22
136301,"Edwina Ho Yee Yeung, PhD",36602298.0,10.1111/ppe.12933,HD008938-11
136301,"Edwina Ho Yee Yeung, PhD",37866371.0,10.1016/S0140-6736(23)01517-9,HD008938-11
136301,"Edwina Ho Yee Yeung, PhD",36883452.0,10.1161/CIRCULATIONAHA.122.062177,HD008938-11
136301,"Edwina Ho Yee Yeung, PhD",37969031.0,10.1111/ppe.13020,HD008938-11
136256,"Mary Anne Lilly, PhD",38325378.0,10.1016/j.molcel.2024.01.012,HD001613-27
136270,"David Johannes Clark, PhD",38634798.0,10.1093/nar/gkae288,HD008775-20
136277,"Edwina Ho Yee Yeung, PhD",36788284.0,10.1111/aji.13688,HD008826-18
136277,"Edwina Ho Yee Yeung, PhD",37660974.0,10.1016/j.jpeds.2023.113720,HD008826-18
136277,"Edwina Ho Yee Yeung, PhD",37419197.0,10.1016/j.envres.2023.116528,HD008826-18
136277,"Edwina Ho Yee Yeung, PhD",38220066.0,10.1016/j.jpeds.2024.113909,HD008826-18
136277,"Edwina Ho Yee Yeung, PhD",35986149.0,10.1038/s41390-022-02261-y,HD008826-18
136277,"Edwina Ho Yee Yeung, PhD",38677086.0,10.1016/j.envint.2024.108692,HD008826-18
136277,"Edwina Ho Yee Yeung, PhD",38815746.0,10.1016/j.jpeds.2024.114121,HD008826-18
136340,"Katherine Wallace Rogers, PhD",38323609.0,10.7554/eLife.80803,HD009002-03
136247,"Chris James McBain, PhD",38211592.0,10.1016/j.crmeth.2023.100684,HD001205-32
136247,"Chris James McBain, PhD",37723282.0,10.1038/s42003-023-05298-9,HD001205-32
136247,"Chris James McBain, PhD",37776852.0,10.1016/j.neuron.2023.09.005,HD001205-32
136322,"Peter Joel Basser, AB, SM, PhD",35953450.0,10.1093/brain/awac298,HD008971-07
136322,"Peter Joel Basser, AB, SM, PhD",37953850.0,10.1093/braincomms/fcad258,HD008971-07
136322,"Peter Joel Basser, AB, SM, PhD",36907281.0,10.1016/j.neuroimage.2023.120003,HD008971-07
136240,"Anil B Mukherjee, MD, PhD",38211816.0,10.1016/j.jbc.2024.105641,HD000910-45
136332,"Diana  Blithe, PhD",38838028.0,10.1371/journal.pone.0304552,HD008987-06
136332,"Diana  Blithe, PhD",38431257.0,10.1016/j.contraception.2024.110415,HD008987-06
136332,"Diana  Blithe, PhD",38663539.0,10.1016/j.contraception.2024.110474,HD008987-06
136332,"Diana  Blithe, PhD",38670302.0,10.1016/j.contraception.2024.110475,HD008987-06
136332,"Diana  Blithe, PhD",37484873.0,10.3389/frph.2023.1147628,HD008987-06
136254,"Juan S Bonifacino, PhD",38600167.0,10.1038/s41593-024-01619-1,HD001607-33
136254,"Juan S Bonifacino, PhD",38128568.0,10.1093/brain/awad427,HD001607-33
136254,"Juan S Bonifacino, PhD",38772452.0,10.1016/j.nbd.2024.106537,HD001607-33
136254,"Juan S Bonifacino, PhD",38281682.0,10.1016/j.pneurobio.2024.102575,HD001607-33
136254,"Juan S Bonifacino, PhD",38903077.0,10.1101/2024.04.01.587559,HD001607-33
136254,"Juan S Bonifacino, PhD",37322239.0,10.1038/s41594-023-01014-7,HD001607-33
136254,"Juan S Bonifacino, PhD",37213076.0,10.1083/jcb.202209084,HD001607-33
136254,"Juan S Bonifacino, PhD",36951961.0,10.1172/JCI164575,HD001607-33
136254,"Juan S Bonifacino, PhD",36640308.0,10.1016/j.celrep.2022.111969,HD001607-33
136269,"Rajeshwari  Sundaram, PhD",36617164.0,,HD008770-21
136269,"Rajeshwari  Sundaram, PhD",36617164.0,10.1093/hmg/ddac302,HD008770-21
136249,"Joshua  Zimmerberg, PhD, MD",39116647.0,10.1016/j.virol.2024.110198,HD001409-39
136328,"Diana  Blithe, PhD",37669128.0,10.1093/biolre/ioad111,HD008981-06
136328,"Diana  Blithe, PhD",37484873.0,10.3389/frph.2023.1147628,HD008981-06
136282,"Yun-Bo  Shi, PhD",38617535.0,10.7150/ijbs.94297,HD008858-17
136282,"Yun-Bo  Shi, PhD",38334640.0,10.3390/cells13030247,HD008858-17
136282,"Yun-Bo  Shi, PhD",38835047.0,10.1186/s13578-024-01257-x,HD008858-17
136282,"Yun-Bo  Shi, PhD",38169732.0,10.7150/ijbs.89958,HD008858-17
136282,"Yun-Bo  Shi, PhD",38401883.0,10.1016/j.mce.2024.112193,HD008858-17
136282,"Yun-Bo  Shi, PhD",37717995.0,10.1016/bs.vh.2023.02.003,HD008858-17
136282,"Yun-Bo  Shi, PhD",37153451.0,10.1016/j.isci.2023.106301,HD008858-17
136248,"Keiko  Ozato, PhD",37429920.0,10.1038/s41598-023-38301-8,HD001310-38
136248,"Keiko  Ozato, PhD",38239832.0,10.3389/fnins.2023.1234215,HD001310-38
136325,"Pedro  Rocha, PhD",36717694.0,10.1038/s41588-022-01295-6,HD008975-07
136325,"Pedro  Rocha, PhD",38657072.0,10.1126/sciadv.adn1837,HD008975-07
136313,"Alexander J Sodt, PhD",36588341.0,10.1016/j.bpj.2022.12.024,HD008955-09
136313,"Alexander J Sodt, PhD",38818047.0,10.1021/jacsau.4c00041,HD008955-09
136313,"Alexander J Sodt, PhD",38889363.0,10.1021/acs.jpcb.3c08117,HD008955-09
136313,"Alexander J Sodt, PhD",39116647.0,10.1016/j.virol.2024.110198,HD008955-09
136313,"Alexander J Sodt, PhD",38574162.0,10.1371/journal.pone.0295103,HD008955-09
136313,"Alexander J Sodt, PhD",37329029.0,10.1103/PhysRevE.107.054403,HD008955-09
136321,"Ferenc  Horkay, PhD",37427607.0,,HD008970-07
136321,"Ferenc  Horkay, PhD",37427607.0,10.1039/d3sm00666b,HD008970-07
136321,"Peter Joel Basser, AB, SM, PhD",37427607.0,,HD008970-07
136321,"Peter Joel Basser, AB, SM, PhD",37427607.0,10.1039/d3sm00666b,HD008970-07
136236,"Jeffrey  Baron, MD",36927955.0,10.1172/jci.insight.167074,HD000640-29
136236,"Jeffrey  Baron, MD",38152138.0,10.3389/fendo.2023.1258313,HD000640-29
136243,"Henry L Levin, PhD",36367221.0,10.15252/embr.202255197,HD001009-32
136243,"Henry L Levin, PhD",39005447.0,10.1101/2024.06.29.601340,HD001009-32
136274,"Brant M Weinstein, PhD",39091802.0,10.1101/2024.07.25.605139,HD008808-18
136274,"Brant M Weinstein, PhD",37979772.0,10.1016/j.jid.2023.10.015,HD008808-18
136349,"Rena N D'Souza, PhD, DDS",37709732.0,10.1038/s41467-023-41349-9,HD009015-03
136349,"Rena N D'Souza, PhD, DDS",38274045.0,10.1177/00220345241256600,HD009015-03
136349,"Rena N D'Souza, PhD, DDS",38274045.0,10.3389/fphys.2023.1316635,HD009015-03
136349,"Sergey S Leikin, PhD",37709732.0,10.1038/s41467-023-41349-9,HD009015-03
136349,"Sergey S Leikin, PhD",38274045.0,10.1177/00220345241256600,HD009015-03
136349,"Sergey S Leikin, PhD",38274045.0,10.3389/fphys.2023.1316635,HD009015-03
136234,"Richard J Maraia, MD",36739273.0,,HD000412-37
136234,"Richard J Maraia, MD",36739273.0,10.1038/s41467-023-36168-x,HD000412-37
136251,"Roger  Woodgate, PhD",37935254.0,10.1016/j.jmb.2023.168353,HD001500-42
136251,"Roger  Woodgate, PhD",38705361.0,10.1016/j.bbamcr.2024.119743,HD001500-42
136251,"Roger  Woodgate, PhD",39029375.0,10.1016/j.dnarep.2024.103715,HD001500-42
136230,"Tamas  Balla, MD, PhD, DMedSc",36988887.0,10.1007/978-3-031-21547-6_12,HD000196-27
136230,"Tamas  Balla, MD, PhD, DMedSc",37935042.0,10.1210/endocr/bqad168,HD000196-27
136230,"Tamas  Balla, MD, PhD, DMedSc",38627600.0,10.1038/s44318-024-00096-3,HD000196-27
136230,"Tamas  Balla, MD, PhD, DMedSc",38918635.0,10.1038/s44318-024-00151-z,HD000196-27
136314,"Katherine  Grantz, MD, MS",37946325.0,10.1093/aje/kwad210,HD008956-09
136314,"Katherine  Grantz, MD, MS",38838912.0,10.1016/j.ajog.2024.05.049,HD008956-09
136291,"Matthias Peter Machner, PhD",38095310.0,10.7554/eLife.86903,HD008893-15
136291,"Matthias Peter Machner, PhD",38568811.0,10.1016/j.celrep.2024.114033,HD008893-15
136351,"Christina  Tatsi, PhD, MD",38097317.0,10.1016/S2352-4642(23)00264-X,HD009017-03
136351,"Christina  Tatsi, PhD, MD",38633897.0,10.1210/jendso/bvae064,HD009017-03
136351,"Christina  Tatsi, PhD, MD",38626285.0,10.1210/clinem/dgae253,HD009017-03
136351,"Christina  Tatsi, PhD, MD",37153111.0,10.1210/jendso/bvad046,HD009017-03
136351,"Christina  Tatsi, PhD, MD",38096802.0,10.1159/000533338,HD009017-03
136351,"Christina  Tatsi, PhD, MD",37388215.0,10.3389/fendo.2023.1166076,HD009017-03
136351,"Christina  Tatsi, PhD, MD",36846212.0,10.1210/jendso/bvad025,HD009017-03
136351,"Christina  Tatsi, PhD, MD",37261392.0,10.1210/clinem/dgad309,HD009017-03
136264,"Alan Hersh Decherney, MD",39105065.0,10.1016/j.crwh.2024.e00636,HD008737-24
136264,"Alan Hersh Decherney, MD",38756303.0,10.7759/cureus.58387,HD008737-24
136264,"Alan Hersh Decherney, MD",37398620.0,10.1016/j.xfre.2023.02.012,HD008737-24
136329,"Tonja Renae Nansel, PhD",37669768.0,10.1111/cob.12620,HD008983-06
136329,"Tonja Renae Nansel, PhD",39037866.0,10.1001/jamapediatrics.2024.2171,HD008983-06
136377,"Yeka  Aponte, PhD",37490921.0,10.1016/j.cub.2023.06.070,DA000595-12
136366,"Michael Howard Baumann, BS, MS, PhD",38481684.0,10.1021/acsptsci.3c00192,DA000522-17
136366,"Michael Howard Baumann, BS, MS, PhD",38272669.0,10.1124/jpet.123.001837,DA000522-17
136366,"Michael Howard Baumann, BS, MS, PhD",38189238.0,10.1021/acschemneuro.3c00610,DA000522-17
136378,"Carl R Lupica, BA, MA, PhD",36730201.0,10.1073/pnas.2114204120,DA000599-11
136395,"Carl R Lupica, BA, MA, PhD",39155312.0,10.1038/s41386-024-01963-7,DA000643-03
136394,"Thorsten  Kahnt, PhD",37620443.0,10.1038/s41593-023-01414-4,DA000642-03
136394,"Thorsten  Kahnt, PhD",38402210.0,10.1038/s41467-024-45880-1,DA000642-03
136394,"Thorsten  Kahnt, PhD",37804827.0,10.1016/j.cub.2023.09.033,DA000642-03
136394,"Thorsten  Kahnt, PhD",37603693.0,10.1002/alz.13426,DA000642-03
136394,"Thorsten  Kahnt, PhD",37796827.0,10.1093/chemse/bjad039,DA000642-03
136394,"Thorsten  Kahnt, PhD",38755004.0,10.1523/JNEUROSCI.2342-23.2024,DA000642-03
136379,"George Frederick Koob, PhD",38796563.0,10.1038/s42003-024-06303-5,DA000602-10
136379,"George Frederick Koob, PhD",38413576.0,10.1038/s41398-024-02830-1,DA000602-10
136379,"George Frederick Koob, PhD",38794765.0,10.3390/nu16101527,DA000602-10
136379,"George Frederick Koob, PhD",38128767.0,10.1016/j.pbb.2023.173694,DA000602-10
136381,"Lei  Shi, PhD",38927116.0,10.3390/biom14060713,DA000606-10
136381,"Lei  Shi, PhD",38357284.0,10.1021/acsptsci.3c00322,DA000606-10
136381,"Lei  Shi, PhD",38191696.0,10.1007/s00018-023-05023-z,DA000606-10
136381,"Lei  Shi, PhD",37847546.0,10.1021/acschemneuro.3c00530,DA000606-10
136381,"Lei  Shi, PhD",37792512.0,10.1073/pnas.2304089120,DA000606-10
136381,"Lei  Shi, PhD",37629030.0,10.3390/ijms241612848,DA000606-10
136381,"Lei  Shi, PhD",37599183.0,10.1016/j.tips.2023.08.002,DA000606-10
136380,"Da-Ting  Lin, BS, PhD",38660044.0,10.1016/j.mex.2024.102721,DA000603-10
136380,"Da-Ting  Lin, BS, PhD",38680653.0,10.1016/j.addicn.2024.100154,DA000603-10
136375,"Eugene A Kiyatkin, MD, PhD",38863429.0,10.1152/jn.00177.2024,DA000566-15
136364,"Sergi  Ferre, MD, PhD",38145984.0,10.1038/s41380-023-02353-z,DA000493-19
136364,"Sergi  Ferre, MD, PhD",37464153.0,10.1007/s12035-023-03476-8,DA000493-19
136359,"Yavin  Shaham, PhD",36898838.0,10.1523/JNEUROSCI.0034-23.2023,DA000434-25
136359,"Yavin  Shaham, PhD",37291212.0,10.1038/s41591-023-02381-w,DA000434-25
136357,"Amy  Newman, PhD",37466616.0,10.1021/acschemneuro.3c00354,DA000389-29
136357,"Amy  Newman, PhD",38357284.0,10.1021/acsptsci.3c00322,DA000389-29
136353,"David H Epstein, PhD",37316576.0,,DA000499-17
136353,"David H Epstein, PhD",37316576.0,10.1038/s41386-023-01601-8,DA000499-17
136353,"David H Epstein, PhD",37981240.0,,DA000499-17
136353,"David H Epstein, PhD",37981240.0,10.1016/j.josat.2023.209219,DA000499-17
136353,"David H Epstein, PhD",38948457.0,10.3389/fphar.2024.1412397,DA000499-17
136353,"David H Epstein, PhD",38788532.0,10.1016/j.drugalcdep.2024.111329,DA000499-17
136353,"David H Epstein, PhD",37213182.0,10.1007/s40429-023-00474-7,DA000499-17
136353,"David H Epstein, PhD",37213182.0,10.1037/pha0000656,DA000499-17
136353,"David H Epstein, PhD",37214465.0,10.3389/fphar.2023.1174139,DA000499-17
136353,"David H Epstein, PhD",38277146.0,10.1001/jamanetworkopen.2023.53401,DA000499-17
136353,"David H Epstein, PhD",38174871.0,10.1097/ADM.0000000000001259,DA000499-17
136353,"David H Epstein, PhD",38497810.0,10.1080/15389588.2024.2327827,DA000499-17
136392,"Yihong  Yang, PhD",39117899.0,10.1038/s41386-024-01952-w,DA000638-04
136392,"Yihong  Yang, PhD",39079555.0,10.1088/1741-2552/ad692f,DA000638-04
136392,"Yihong  Yang, PhD",38917939.0,10.1016/j.neuropharm.2024.110051,DA000638-04
136372,"Tsung Ping  Su, PhD",38191696.0,10.1007/s00018-023-05023-z,DA000549-16
136372,"Tsung Ping  Su, PhD",35507432.0,10.1080/15548627.2022.2063003,DA000549-16
136361,"Bruce  Hope, PhD",36603188.0,10.1073/pnas.2209382119,DA000467-21
136361,"Bruce  Hope, PhD",37160369.0,10.1523/JNEUROSCI.0927-22.2023,DA000467-21
136390,"Lorenzo  Leggio, MD, PhD",38776446.0,10.1097/ADM.0000000000001332,DA000635-05
136390,"Lorenzo  Leggio, MD, PhD",38197836.0,10.1111/add.16409,DA000635-05
136390,"Lorenzo  Leggio, MD, PhD",37993282.0,10.1136/bmjment-2023-300852,DA000635-05
136390,"Lorenzo  Leggio, MD, PhD",38234369.0,10.1016/j.dadr.2023.100214,DA000635-05
136390,"Lorenzo  Leggio, MD, PhD",38796563.0,10.1038/s42003-024-06303-5,DA000635-05
136390,"Lorenzo  Leggio, MD, PhD",38305357.0,10.1093/alcalc/agae003,DA000635-05
136390,"Lorenzo  Leggio, MD, PhD",38305356.0,10.1093/alcalc/agae002,DA000635-05
136390,"Lorenzo  Leggio, MD, PhD",38640709.0,10.1016/j.biopha.2024.116595,DA000635-05
136390,"Lorenzo  Leggio, MD, PhD",38865325.0,10.1371/journal.pone.0302195,DA000635-05
136390,"Lorenzo  Leggio, MD, PhD",38409282.0,10.1038/s41386-024-01821-6,DA000635-05
136390,"Lorenzo  Leggio, MD, PhD",37833300.0,10.1038/s41398-023-02605-0,DA000635-05
136390,"Lorenzo  Leggio, MD, PhD",38831763.0,10.1097/CLD.0000000000000177,DA000635-05
136376,"Geoffrey Mark Schoenbaum, MD",38346894.0,10.1523/JNEUROSCI.1887-23.2024,DA000587-13
136376,"Geoffrey Mark Schoenbaum, MD",38853878.0,10.1101/2024.06.02.597025,DA000587-13
136376,"Geoffrey Mark Schoenbaum, MD",38402210.0,10.1038/s41467-024-45880-1,DA000587-13
136376,"Geoffrey Mark Schoenbaum, MD",38582939.0,10.1038/s41386-024-01858-7,DA000587-13
136376,"Geoffrey Mark Schoenbaum, MD",37081296.0,10.1038/s41593-023-01310-x,DA000587-13
136376,"Geoffrey Mark Schoenbaum, MD",37804827.0,10.1016/j.cub.2023.09.033,DA000587-13
136373,"Satoshi  Ikemoto, PhD",38615102.0,10.1038/s41380-024-02553-1,DA000550-16
136382,"Michael  Michaelides, BS, PhD",37494470.0,10.1126/scitranslmed.add1014,DA000069-09
136382,"Michael  Michaelides, BS, PhD",36717230.0,10.1523/JNEUROSCI.2049-22.2023,DA000069-09
136382,"Michael  Michaelides, BS, PhD",38291050.0,10.1038/s41467-024-45157-7,DA000069-09
136382,"Michael  Michaelides, BS, PhD",37311803.0,10.1038/s41398-023-02493-4,DA000069-09
136382,"Michael  Michaelides, BS, PhD",37294760.0,10.1126/sciadv.adf3525,DA000069-09
136382,"Michael  Michaelides, BS, PhD",38796563.0,10.1038/s42003-024-06303-5,DA000069-09
136382,"Michael  Michaelides, BS, PhD",37872145.0,10.1038/s41467-023-42288-1,DA000069-09
136382,"Michael  Michaelides, BS, PhD",37490921.0,10.1016/j.cub.2023.06.070,DA000069-09
136382,"Michael  Michaelides, BS, PhD",38145984.0,10.1038/s41380-023-02353-z,DA000069-09
136382,"Michael  Michaelides, BS, PhD",37438422.0,10.1038/s41386-023-01652-x,DA000069-09
136382,"Michael  Michaelides, BS, PhD",38796702.0,10.1016/j.ymthe.2024.05.031,DA000069-09
136382,"Michael  Michaelides, BS, PhD",37848025.0,10.1016/j.neuron.2023.09.017,DA000069-09
136382,"Michael  Michaelides, BS, PhD",38020807.0,10.1016/j.crneur.2023.100111,DA000069-09
136382,"Michael  Michaelides, BS, PhD",38253691.0,10.1038/s41598-024-51307-0,DA000069-09
136382,"Michael  Michaelides, BS, PhD",36434081.0,10.1038/s41386-022-01507-x,DA000069-09
136396,"Leandro Franco Vendruscolo, RN",37270620.0,10.1038/s41386-023-01620-5,DA000644-02
136396,"Leandro Franco Vendruscolo, RN",37192005.0,10.1172/jci.insight.170671,DA000644-02
136396,"Leandro Franco Vendruscolo, RN",38796563.0,10.1038/s42003-024-06303-5,DA000644-02
136396,"Leandro Franco Vendruscolo, RN",36683829.0,10.1016/j.addicn.2022.100057,DA000644-02
136396,"Leandro Franco Vendruscolo, RN",39103497.0,10.1038/s41386-024-01949-5,DA000644-02
136396,"Leandro Franco Vendruscolo, RN",38413576.0,10.1038/s41398-024-02830-1,DA000644-02
136396,"Leandro Franco Vendruscolo, RN",38794765.0,10.3390/nu16101527,DA000644-02
136356,"Tsung Ping  Su, PhD",38191696.0,10.1007/s00018-023-05023-z,DA000206-39
136358,"Amy  Newman, PhD",37646374.0,10.1021/acs.jmedchem.3c00734,DA000424-26
136358,"Amy  Newman, PhD",37467430.0,10.1021/acs.jmedchem.3c00417,DA000424-26
136358,"Amy  Newman, PhD",36661568.0,10.1021/acs.jmedchem.2c01624,DA000424-26
136365,"Marisela  Morales, PhD",37270620.0,10.1038/s41386-023-01620-5,DA000511-18
136365,"Marisela  Morales, PhD",38926603.0,10.1038/s41386-024-01905-3,DA000511-18
136365,"Marisela  Morales, PhD",38195566.0,10.1038/s41467-023-44633-w,DA000511-18
136365,"Marisela  Morales, PhD",37632750.0,10.1016/j.celrep.2023.113029,DA000511-18
136365,"Marisela  Morales, PhD",37494470.0,10.1126/scitranslmed.add1014,DA000511-18
136365,"Marisela  Morales, PhD",37160369.0,10.1523/JNEUROSCI.0927-22.2023,DA000511-18
136365,"Marisela  Morales, PhD",37739964.0,10.1038/s41467-023-41581-3,DA000511-18
136365,"Marisela  Morales, PhD",38216113.0,10.1016/j.pneurobio.2024.102568,DA000511-18
136393,Amy  Janes,38324323.0,10.1001/jamapsychiatry.2023.5483,DA000641-03
136393,Amy  Janes,38407905.0,10.1001/jamanetworkopen.2024.0376,DA000641-03
136393,Amy  Janes,38280945.0,10.1038/s41386-024-01802-9,DA000641-03
136393,Amy  Janes,38206627.0,10.1001/jamanetworkopen.2023.51132,DA000641-03
136393,Amy  Janes,38017638.0,10.1111/adb.13338,DA000641-03
136384,"Brandon K Harvey, PhD",38491746.0,10.1111/jnc.16093,DA000618-08
136368,"Kenner C Rice, PhD",38067439.0,10.3390/molecules28237709,DA000527-17
136368,"Kenner C Rice, PhD",37759895.0,10.3390/brainsci13091294,DA000527-17
136368,"Kenner C Rice, PhD",39064909.0,10.3390/molecules29143331,DA000527-17
136368,"Kenner C Rice, PhD",38731416.0,10.3390/molecules29091926,DA000527-17
136368,"Kenner C Rice, PhD",38637015.0,10.1124/jpet.124.002153,DA000527-17
136368,"Kenner C Rice, PhD",37381112.0,10.1002/prp2.1111,DA000527-17
136368,"Kenner C Rice, PhD",38113481.0,10.1021/acs.bioconjchem.3c00415,DA000527-17
136367,"Michael Howard Baumann, BS, MS, PhD",37847546.0,10.1021/acschemneuro.3c00530,DA000523-17
136387,"Brenda Lynette Curtis, PhD, MSPH",37993282.0,10.1136/bmjment-2023-300852,DA000628-06
136387,"Brenda Lynette Curtis, PhD, MSPH",37095253.0,10.1038/s41386-023-01585-5,DA000628-06
136387,"Brenda Lynette Curtis, PhD, MSPH",39006169.0,10.1037/tmb0000119,DA000628-06
136387,"Brenda Lynette Curtis, PhD, MSPH",37270657.0,10.1038/s41598-023-34468-2,DA000628-06
136387,"Brenda Lynette Curtis, PhD, MSPH",37097736.0,10.1093/alcalc/agad028,DA000628-06
136387,"Brenda Lynette Curtis, PhD, MSPH",36867991.0,10.1016/j.healthplace.2023.102997,DA000628-06
136387,"Brenda Lynette Curtis, PhD, MSPH",36882633.0,10.1038/s41746-023-00776-0,DA000628-06
136387,"Brenda Lynette Curtis, PhD, MSPH",37192690.0,10.1016/j.jad.2023.05.029,DA000628-06
136387,"Brenda Lynette Curtis, PhD, MSPH",38530887.0,10.1073/pnas.2319837121,DA000628-06
136387,"Brenda Lynette Curtis, PhD, MSPH",37132649.0,10.1017/S0033291721001896,DA000628-06
136387,"Brenda Lynette Curtis, PhD, MSPH",38609548.0,10.1038/s44184-023-00041-y,DA000628-06
136387,"Brenda Lynette Curtis, PhD, MSPH",37132202.0,10.1176/appi.ajp.21111097,DA000628-06
136387,"Brenda Lynette Curtis, PhD, MSPH",38055637.0,10.1097/HC9.0000000000000329,DA000628-06
136398,"Brenda Lynette Curtis, PhD, MSPH",36867991.0,10.1016/j.healthplace.2023.102997,DA000646-02
136398,"Brenda Lynette Curtis, PhD, MSPH",38530887.0,10.1073/pnas.2319837121,DA000646-02
136362,"Yihong  Yang, PhD",38419897.0,10.3389/fpsyt.2024.1341908,DA000469-21
136362,"Yihong  Yang, PhD",37769982.0,10.1016/j.biopsych.2023.08.028,DA000469-21
136362,"Yihong  Yang, PhD",38359839.0,10.1016/j.medj.2024.01.008,DA000469-21
136383,"Gianluigi  Tanda, PhD",37311803.0,10.1038/s41398-023-02493-4,DA000611-09
136383,"Gianluigi  Tanda, PhD",37466616.0,10.1021/acschemneuro.3c00354,DA000611-09
136383,"Gianluigi  Tanda, PhD",38444104.0,10.1111/ejn.16293,DA000611-09
136383,"Gianluigi  Tanda, PhD",38838841.0,10.1016/j.biopsych.2024.05.020,DA000611-09
136386,"David H Epstein, PhD",38965184.0,,DA000624-07
136386,"David H Epstein, PhD",38965184.0,10.1007/s10461-024-04413-z,DA000624-07
136374,"Jean Lud L Cadet, MD",38467480.0,10.1016/bs.apha.2023.08.002,DA000552-16
136374,"Jean Lud L Cadet, MD",38351172.0,10.1038/s41380-024-02455-2,DA000552-16
136389,"Zheng-Xiong  Xi, PhD",37479780.0,10.1038/s41380-023-02182-0,DA000633-05
136389,"Zheng-Xiong  Xi, PhD",38374108.0,10.1038/s41398-024-02820-3,DA000633-05
136389,"Zheng-Xiong  Xi, PhD",38600154.0,10.1038/s41386-024-01861-y,DA000633-05
136389,"Zheng-Xiong  Xi, PhD",38631564.0,10.1016/j.neuropharm.2024.109947,DA000633-05
136408,"Thomas B Friedman, PhD",38454547.0,10.1111/cge.14514,DC000048-27
136408,"Thomas B Friedman, PhD",36807241.0,10.1111/cge.14312,DC000048-27
136408,"Thomas B Friedman, PhD",39062623.0,10.3390/genes15070845,DC000048-27
136408,"Thomas B Friedman, PhD",38826223.0,10.21203/rs.3.rs-4369958/v1,DC000048-27
136408,"Thomas B Friedman, PhD",37668839.0,10.1007/s00439-023-02581-x,DC000048-27
136408,"Thomas B Friedman, PhD",38321040.0,10.1038/s41598-024-52663-7,DC000048-27
136418,"Michael  Hoa, MD",38516320.0,10.1097/ONO.0000000000000027,DC000088-10
136418,"Michael  Hoa, MD",38497797.0,10.1001/jama.2024.2413,DC000088-10
136418,"Michael  Hoa, MD",38085763.0,10.1097/MAO.0000000000004058,DC000088-10
136418,"Michael  Hoa, MD",39062623.0,10.3390/genes15070845,DC000088-10
136418,"Michael  Hoa, MD",37733989.0,10.1097/MAO.0000000000004016,DC000088-10
136418,"Michael  Hoa, MD",38516318.0,10.1097/ONO.0000000000000028,DC000088-10
136418,"Michael  Hoa, MD",37154552.0,10.3791/65254,DC000088-10
136418,"Michael  Hoa, MD",38321040.0,10.1038/s41598-024-52663-7,DC000088-10
136422,"Ronna P Hertzano, MD",38816375.0,10.1038/s41467-024-48821-0,DC000094-02
136422,"Ronna P Hertzano, MD",38330941.0,10.1016/j.ajhg.2024.01.008,DC000094-02
136422,"Ronna P Hertzano, MD",38826689.0,10.3389/fauot.2024.1400576,DC000094-02
136422,"Ronna P Hertzano, MD",37390046.0,10.1371/journal.pbio.3002133,DC000094-02
136422,"Ronna P Hertzano, MD",37952154.0,10.1016/j.celrep.2023.113421,DC000094-02
136422,"Ronna P Hertzano, MD",37641232.0,10.1097/MAO.0000000000004002,DC000094-02
136422,"Ronna P Hertzano, MD",38183347.0,10.1002/advs.202306683,DC000094-02
136422,"Ronna P Hertzano, MD",37720106.0,10.1016/j.isci.2023.107769,DC000094-02
136422,"Ronna P Hertzano, MD",38464021.0,10.1101/2024.02.26.581612,DC000094-02
136410,"Gayla Louise Poling, PhD",38497797.0,10.1001/jama.2024.2413,DC000064-24
136410,"Gayla Louise Poling, PhD",38641994.0,10.1016/j.gim.2024.101144,DC000064-24
136410,"Gayla Louise Poling, PhD",37109107.0,10.3390/jcm12082767,DC000064-24
136410,"Gayla Louise Poling, PhD",36807241.0,10.1111/cge.14312,DC000064-24
136410,"Gayla Louise Poling, PhD",36583617.0,10.1002/lary.30522,DC000064-24
136410,"Gayla Louise Poling, PhD",37561579.0,10.1172/JCI164918,DC000064-24
136410,"Gayla Louise Poling, PhD",37668839.0,10.1007/s00439-023-02581-x,DC000064-24
136410,"Gayla Louise Poling, PhD",37386251.0,10.1038/s41588-023-01424-9,DC000064-24
136410,"Gayla Louise Poling, PhD",36951427.0,10.1080/13816810.2022.2089360,DC000064-24
136410,"Gayla Louise Poling, PhD",2023005101.0,,DC000064-24
137916,"Joshua M Levy, MD, MPH",38500996.0,10.1016/j.heliyon.2024.e27188,DC000098-01
137916,"Joshua M Levy, MD, MPH",37786945.0,10.1152/ajplung.00381.2022,DC000098-01
137916,"Joshua M Levy, MD, MPH",38445151.0,10.7759/cureus.53523,DC000098-01
136407,"Thomas B Friedman, PhD",38454547.0,10.1111/cge.14514,DC000039-28
136407,"Thomas B Friedman, PhD",36807241.0,10.1111/cge.14312,DC000039-28
136407,"Thomas B Friedman, PhD",39062623.0,10.3390/genes15070845,DC000039-28
136407,"Thomas B Friedman, PhD",38826223.0,10.21203/rs.3.rs-4369958/v1,DC000039-28
136416,"Ronna P Hertzano, MD",37481704.0,10.1016/j.ymthe.2023.07.014,DC000082-13
136416,"Ronna P Hertzano, MD",37693946.0,10.1016/j.omtm.2023.08.012,DC000082-13
136420,"Catherine Jeanne Chalenski Weisz, PhD",38937103.0,10.1523/JNEUROSCI.0382-24.2024,DC000091-09
136420,"Catherine Jeanne Chalenski Weisz, PhD",39185230.0,10.1101/2024.08.12.607644,DC000091-09
136420,"Catherine Jeanne Chalenski Weisz, PhD",36876911.0,10.7554/eLife.83855,DC000091-09
136413,"Lisa Lynn Cunningham, PhD, MA",38653806.0,10.1038/s41597-024-03218-y,DC000079-14
136413,"Lisa Lynn Cunningham, PhD, MA",39047106.0,10.1126/sciadv.adk9878,DC000079-14
136424,"Angela  Ballesteros, PhD",38653806.0,10.1038/s41597-024-03218-y,DC000096-02
136424,"Angela  Ballesteros, PhD",39121996.0,10.1016/j.jbc.2024.107638,DC000096-02
136424,"Angela  Ballesteros, PhD",39091850.0,10.1101/2024.07.25.604863,DC000096-02
136404,"Robert J Morell, PhD",38454547.0,10.1111/cge.14514,DC000086-10
136404,"Robert J Morell, PhD",39062623.0,10.3390/genes15070845,DC000086-10
136404,"Robert J Morell, PhD",37977818.0,10.1093/brain/awad314,DC000086-10
136404,"Robert J Morell, PhD",38196575.0,10.21203/rs.3.rs-3601404/v1,DC000086-10
136404,"Robert J Morell, PhD",37668839.0,10.1007/s00439-023-02581-x,DC000086-10
136439,"Wanjun  Chen, MD",39083380.0,10.1016/j.celrep.2024.114565,DE000101-21
136439,"Wanjun  Chen, MD",37914710.0,10.1038/s41398-023-02636-7,DE000101-21
136439,"Wanjun  Chen, MD",37552767.0,10.1126/scisignal.ade0385,DE000101-21
136439,"Wanjun  Chen, MD",36814928.0,10.3389/fimmu.2023.1049713,DE000101-21
136439,"Wanjun  Chen, MD",37843279.0,10.1172/JCI166628,DE000101-21
136439,"Wanjun  Chen, MD",37253786.0,10.1038/s41421-023-00542-2,DE000101-21
136441,"Kelly G Ten Hagen, BS, PhD",39098533.0,10.1016/j.jbc.2024.107628,DE000713-20
136441,"Kelly G Ten Hagen, BS, PhD",38484798.0,10.1016/j.jbc.2024.107164,DE000713-20
136441,"Kelly G Ten Hagen, BS, PhD",38285943.0,10.1073/pnas.2314309121,DE000713-20
136441,"Kelly G Ten Hagen, BS, PhD",39189023.0,10.1093/pnasnexus/pgae322,DE000713-20
136451,"Shmuel  Muallem, PhD",37607230.0,10.1073/pnas.2301410120,DE000735-15
136451,"Shmuel  Muallem, PhD",38557489.0,10.1172/JCI169428,DE000735-15
136433,"Michael T Collins, MD",38378678.0,10.1038/s41413-023-00311-7,DE000649-30
136433,"Michael T Collins, MD",38727310.0,10.3390/cells13090774,DE000649-30
136433,"Michael T Collins, MD",39108358.0,10.1093/jbmrpl/ziae089,DE000649-30
136433,"Michael T Collins, MD",39273006.0,10.3390/cells13171434,DE000649-30
136433,"Michael T Collins, MD",39046425.0,10.1093/jbmr/zjae115,DE000649-30
136433,"Michael T Collins, MD",38660800.0,10.1161/ATVBAHA.123.320455,DE000649-30
136433,"Michael T Collins, MD",38484798.0,10.1016/j.jbc.2024.107164,DE000649-30
136463,"Roxane  Tussiwand, PhD",36827419.0,10.1126/sciimmunol.add4132,DE000752-06
136463,"Roxane  Tussiwand, PhD",38926424.0,10.1038/s41467-024-49820-x,DE000752-06
136427,"Wanjun  Chen, MD",37552767.0,10.1126/scisignal.ade0385,DE000737-04
136427,"Wanjun  Chen, MD",37253786.0,10.1038/s41421-023-00542-2,DE000737-04
136427,"Wanjun  Chen, MD",39083380.0,10.1016/j.celrep.2024.114565,DE000737-04
136427,"Wanjun  Chen, MD",36814928.0,10.3389/fimmu.2023.1049713,DE000737-04
136427,"Wanjun  Chen, MD",37843279.0,10.1172/JCI166628,DE000737-04
136457,"Janice Sin-Ee Lee, DDS, MS, MD",38630439.0,10.1097/ACM.0000000000005738,DE000746-10
136457,"Janice Sin-Ee Lee, DDS, MS, MD",38876998.0,10.1038/s41467-024-49037-y,DE000746-10
136457,"Janice Sin-Ee Lee, DDS, MS, MD",38791829.0,10.3390/ijerph21050615,DE000746-10
136457,"Janice Sin-Ee Lee, DDS, MS, MD",39108358.0,10.1093/jbmrpl/ziae089,DE000746-10
136457,"Janice Sin-Ee Lee, DDS, MS, MD",36271817.0,10.1002/ajmg.a.63009,DE000746-10
136457,"Janice Sin-Ee Lee, DDS, MS, MD",38990647.0,10.1172/jci.insight.178578,DE000746-10
136457,"Janice Sin-Ee Lee, DDS, MS, MD",36891503.0,10.1117/1.JMI.10.2.024002,DE000746-10
136469,"Alison Marie Boyce, MD",37823398.0,10.1002/hed.27546,DE000758-04
136469,"Alison Marie Boyce, MD",36812441.0,10.1056/NEJMc2214862,DE000758-04
136469,"Alison Marie Boyce, MD",38378678.0,10.1038/s41413-023-00311-7,DE000758-04
136469,"Alison Marie Boyce, MD",37804088.0,10.1210/clinem/dgad589,DE000758-04
136469,"Alison Marie Boyce, MD",37975816.0,10.1210/clinem/dgad671,DE000758-04
136469,"Alison Marie Boyce, MD",38727310.0,10.3390/cells13090774,DE000758-04
136469,"Alison Marie Boyce, MD",36871185.0,10.1111/all.15696,DE000758-04
136469,"Alison Marie Boyce, MD",37477421.0,10.1002/jbmr.4886,DE000758-04
136469,"Alison Marie Boyce, MD",38041865.0,10.1210/clinem/dgad657,DE000758-04
136469,"Alison Marie Boyce, MD",37091244.0,10.1016/j.isci.2023.106470,DE000758-04
136453,"Lawrence Allan Tabak, DDS, PhD",39098533.0,10.1016/j.jbc.2024.107628,DE000739-13
136453,"Lawrence Allan Tabak, DDS, PhD",37862385.0,10.1073/pnas.2303703120,DE000739-13
136434,"Ashok Balkrishna Kulkarni, PhD",37984376.0,10.1002/cpz1.929,DE000664-29
136434,"Ashok Balkrishna Kulkarni, PhD",37982142.0,10.1177/17448069231218353,DE000664-29
136444,"Kenneth Manao Yamada, MD, PhD",37887318.0,10.3390/cells12202474,DE000719-18
136444,"Kenneth Manao Yamada, MD, PhD",37906629.0,10.1126/scisignal.adf8299,DE000719-18
136430,"Kenneth Manao Yamada, MD, PhD",37887318.0,10.3390/cells12202474,DE000524-34
136430,"Kenneth Manao Yamada, MD, PhD",37906629.0,10.1126/scisignal.adf8299,DE000524-34
136430,"Kenneth Manao Yamada, MD, PhD",37482770.0,10.1080/08989621.2023.2236553,DE000524-34
136458,"Jacqueline W Mays, DDS, PhD",39156641.0,,DE000747-09
136458,"Jacqueline W Mays, DDS, PhD",39156641.0,10.1016/j.isci.2024.110525,DE000747-09
136458,"Jacqueline W Mays, DDS, PhD",39017661.0,10.1158/1078-0432.CCR-24-0875,DE000747-09
136436,"Thomas H Bugge, PhD",38614208.0,10.1016/j.jbc.2024.107284,DE000699-25
136436,"Thomas H Bugge, PhD",38381848.0,10.1126/scitranslmed.adh0027,DE000699-25
136426,"Akintunde  Emiola, PhD",38245560.0,10.1038/s41467-024-45068-7,DE000762-03
136428,"Pamela Gehron Robey, PhD",37362901.0,10.1177/20417314231177136,DE000380-41
136428,"Pamela Gehron Robey, PhD",38201241.0,10.3390/cells13010037,DE000380-41
136428,"Pamela Gehron Robey, PhD",39193188.0,10.1016/j.isci.2024.110537,DE000380-41
136428,"Pamela Gehron Robey, PhD",38727310.0,10.3390/cells13090774,DE000380-41
136428,"Pamela Gehron Robey, PhD",37686058.0,10.3390/ijms241713258,DE000380-41
136428,"Pamela Gehron Robey, PhD",37159663.0,10.1016/j.crmeth.2023.100460,DE000380-41
136445,"Mark A Hoon, PhD",38805282.0,10.1073/pnas.2314213121,DE000721-18
136445,"Mark A Hoon, PhD",36894654.0,10.1038/s41593-023-01268-w,DE000721-18
136431,"Kenneth Manao Yamada, MD, PhD",38715201.0,10.1177/00220345241247484,DE000525-34
136431,"Kenneth Manao Yamada, MD, PhD",38103869.0,10.1016/j.cdev.2023.203898,DE000525-34
136431,"Kenneth Manao Yamada, MD, PhD",37741818.0,10.1038/s41467-023-41384-6,DE000525-34
136432,"Nicholas  Ryba, DPhil",37616369.0,10.1126/science.adg0144,DE000561-32
136429,"Indu Suresh Ambudkar, PhD",38753510.0,10.1073/pnas.2318874121,DE000438-38
136462,Yan  Wang,38360993.0,10.1038/s44318-024-00046-z,DE000751-06
136462,Yan  Wang,38646944.0,10.1002/cpz1.1028,DE000751-06
136462,Yan  Wang,38727273.0,10.3390/cells13090738,DE000751-06
136462,Yan  Wang,38280375.0,10.1016/j.cell.2024.01.001,DE000751-06
136462,Yan  Wang,39011118.0,10.21203/rs.3.rs-4590410/v1,DE000751-06
136462,Yan  Wang,38727310.0,10.3390/cells13090774,DE000751-06
136459,"Laura Kaarina Kerosuo, PhD",37495603.0,10.1038/s41467-023-40223-y,DE000748-07
136459,"Laura Kaarina Kerosuo, PhD",37741818.0,10.1038/s41467-023-41384-6,DE000748-07
136459,"Laura Kaarina Kerosuo, PhD",37821496.0,10.1038/s41598-023-44093-8,DE000748-07
136438,"Blake Matthew Warner, DDS, PhD",38196575.0,10.21203/rs.3.rs-3601404/v1,DE000704-23
136438,"Blake Matthew Warner, DDS, PhD",38527764.0,10.1136/ard-2023-224842,DE000704-23
136438,"Blake Matthew Warner, DDS, PhD",36963628.0,10.1016/j.ajpath.2023.02.016,DE000704-23
136438,"Blake Matthew Warner, DDS, PhD",38810185.0,10.1056/NEJMoa2312665,DE000704-23
136438,"Blake Matthew Warner, DDS, PhD",36008132.0,10.1136/ard-2022-222441,DE000704-23
136438,"Blake Matthew Warner, DDS, PhD",36821638.0,10.1371/journal.pone.0282227,DE000704-23
136438,"Blake Matthew Warner, DDS, PhD",37096570.0,10.1002/art.42540,DE000704-23
136438,"Blake Matthew Warner, DDS, PhD",36788255.0,10.1038/s41598-023-28857-w,DE000704-23
136460,"Achim  Werner, PhD",37495603.0,10.1038/s41467-023-40223-y,DE000749-07
136460,"Achim  Werner, PhD",37621214.0,10.15252/embj.2023113491,DE000749-07
136460,"Achim  Werner, PhD",36898370.0,10.1016/j.molcel.2023.02.023,DE000749-07
136460,"Achim  Werner, PhD",36762418.0,10.1002/art.42471,DE000749-07
136460,"Achim  Werner, PhD",38360993.0,10.1038/s44318-024-00046-z,DE000749-07
136452,"Niki  Moutsopoulos, DDS, PhD",38142927.0,10.1016/j.jim.2023.113605,DE000736-15
136452,"Niki  Moutsopoulos, DDS, PhD",38513665.0,10.1016/j.immuni.2024.02.020,DE000736-15
136452,"Niki  Moutsopoulos, DDS, PhD",38381848.0,10.1126/scitranslmed.adh0027,DE000736-15
136435,"Jay A Chiorini, PhD",38196575.0,10.21203/rs.3.rs-3601404/v1,DE000695-25
136468,"Yuanyuan  Liu, PhD",37857906.0,10.1038/s41592-023-02020-9,DE000757-05
136468,"Yuanyuan  Liu, PhD",37023756.0,10.1016/j.neuron.2023.03.013,DE000757-05
136468,"Yuanyuan  Liu, PhD",37612268.0,10.1038/s41467-023-40860-3,DE000757-05
136468,"Yuanyuan  Liu, PhD",38092914.0,10.1038/s41586-023-06817-8,DE000757-05
136443,"Kenneth Manao Yamada, MD, PhD",37887318.0,10.3390/cells12202474,DE000718-18
136450,"Niki  Moutsopoulos, DDS, PhD",38185798.0,10.1111/jcpe.13940,DE000732-15
136450,"Niki  Moutsopoulos, DDS, PhD",37220746.0,10.1016/j.cell.2023.04.031,DE000732-15
136450,"Niki  Moutsopoulos, DDS, PhD",38810185.0,10.1056/NEJMoa2312665,DE000732-15
136465,"Nadine Laure Samara, PhD",38416819.0,10.1126/sciadv.adj8829,DE000754-05
136465,"Nadine Laure Samara, PhD",38710711.0,10.1038/s41467-024-48253-w,DE000754-05
136654,"Nicholas Raymond Guydosh, PhD",37917585.0,10.1016/j.celrep.2023.113359,DK075132-09
136654,"Nicholas Raymond Guydosh, PhD",38823018.0,10.1016/j.celrep.2024.114287,DK075132-09
136654,"Nicholas Raymond Guydosh, PhD",39131278.0,10.1101/2024.08.02.606199,DK075132-09
136546,"Lee Scott Weinstein, BS, MD",38879678.0,10.1038/s41467-024-49537-x,DK043318-18
136506,"Robert  Jensen, MD",38123151.0,10.1111/bph.16177,DK053101-36
136561,"Kevin Dennis Hall, BSc, PhD",37482779.0,10.1098/rstb.2022.0200,DK013036-18
136561,"Kevin Dennis Hall, BSc, PhD",36695055.0,10.1002/oby.23633,DK013036-18
136561,"Kevin Dennis Hall, BSc, PhD",38644683.0,10.1002/oby.24027,DK013036-18
136561,"Kevin Dennis Hall, BSc, PhD",39113385.0,10.1002/oby.24104,DK013036-18
136561,"Kevin Dennis Hall, BSc, PhD",37276937.0,10.1016/j.tjnut.2023.06.003,DK013036-18
136623,"Marc Lionel Reitman, BS, MD, PhD",38657735.0,10.1016/j.molmet.2024.101946,DK075062-13
136623,"Marc Lionel Reitman, BS, MD, PhD",39067024.0,10.1016/j.celrep.2024.114501,DK075062-13
136623,"Marc Lionel Reitman, BS, MD, PhD",37812612.0,10.1371/journal.pone.0292610,DK075062-13
136641,"Robert  Best, PhD",38461354.0,10.1038/s42003-024-05910-6,DK075104-12
136641,"Robert  Best, PhD",38776371.0,10.1073/pnas.2319249121,DK075104-12
136650,"Lynnette K Nieman, MD",39013141.0,10.1210/clinem/dgae497,DK075121-09
136650,"Lynnette K Nieman, MD",37261392.0,10.1210/clinem/dgad309,DK075121-09
136650,"Lynnette K Nieman, MD",36846212.0,10.1210/jendso/bvad025,DK075121-09
136639,"Vipul  Periwal, BS, MA, PhD",38903748.0,,DK075091-12
136658,"Arthur Stewart Sherman, PhD",38054972.0,10.1152/ajpendo.00189.2023,DK075137-09
136658,"Arthur Stewart Sherman, PhD",39172553.0,10.1210/clinem/dgae582,DK075137-09
136658,"Arthur Stewart Sherman, PhD",39069090.0,10.1016/j.diabres.2024.111792,DK075137-09
136614,"Ann  Dean, PhD",38722661.0,10.1182/blood.2024024191,DK075033-16
136614,"Ann  Dean, PhD",38447046.0,10.1182/blood.2023021287,DK075033-16
136614,"Ann  Dean, PhD",38889007.0,10.1016/j.celrep.2024.114378,DK075033-16
136493,"Kenneth A Jacobson, BA, MS, PhD",36918461.0,10.1007/s11302-023-09929-y,DK031115-41
136493,"Kenneth A Jacobson, BA, MS, PhD",37603740.0,10.1073/pnas.2305037120,DK031115-41
136493,"Kenneth A Jacobson, BA, MS, PhD",36926457.0,10.1021/acsptsci.2c00250,DK031115-41
136493,"Kenneth A Jacobson, BA, MS, PhD",38959401.0,10.1021/acs.jmedchem.4c00944,DK031115-41
136493,"Kenneth A Jacobson, BA, MS, PhD",39118542.0,10.1021/acsinfecdis.4c00394,DK031115-41
136597,"Robert  Tycko, PhD",37424505.0,10.15252/embr.202357003,DK029061-18
136597,"Robert  Tycko, PhD",36893281.0,10.1073/pnas.2218831120,DK029061-18
136597,"Robert  Tycko, PhD",38348474.0,10.1021/acs.jpcb.3c07867,DK029061-18
136526,"Rodolfo  Ghirlando, PhD",39128719.0,10.1016/j.jbc.2024.107675,DK033007-20
136526,"Rodolfo  Ghirlando, PhD",38762033.0,10.1016/j.jmb.2024.168616,DK033007-20
136526,"Rodolfo  Ghirlando, PhD",38582148.0,10.1016/j.jmb.2024.168557,DK033007-20
136526,"Rodolfo  Ghirlando, PhD",37433222.0,10.1021/acschemneuro.3c00169,DK033007-20
136526,"Rodolfo  Ghirlando, PhD",39075051.0,10.1038/s41467-024-50730-1,DK033007-20
136526,"Rodolfo  Ghirlando, PhD",37788367.0,10.1021/acs.biochem.3c00349,DK033007-20
136592,"Rebecca J Brown, MD, MHSc",38234231.0,10.1002/ajmg.a.63533,DK047050-18
136592,"Rebecca J Brown, MD, MHSc",37313426.0,10.1210/jcemcr/luad066,DK047050-18
136592,"Rebecca J Brown, MD, MHSc",36719974.0,10.1097/RLI.0000000000000952,DK047050-18
136592,"Rebecca J Brown, MD, MHSc",38271099.0,10.1172/jci.insight.174097,DK047050-18
136592,"Rebecca J Brown, MD, MHSc",36869714.0,10.1210/clinem/dgad125,DK047050-18
136592,"Rebecca J Brown, MD, MHSc",37595266.0,10.1210/clinem/dgad491,DK047050-18
136592,"Rebecca J Brown, MD, MHSc",37794082.0,10.1038/s43856-023-00368-9,DK047050-18
136584,"Mark A Levine, MD",39076107.0,10.1016/j.freeradbiomed.2024.07.008,DK053212-18
136584,"Mark A Levine, MD",39076107.0,10.1158/2767-9764.CRC-24-0225,DK053212-18
136479,"Daniel C Masison, PhD",37759770.0,10.3390/biom13091370,DK024954-15
136505,"Robert  Jensen, MD",38123151.0,10.1111/bph.16177,DK053100-36
136512,"Barbara  Rehermann, MD",38750319.0,10.1038/s41590-024-01842-9,DK054508-27
136504,"Robert  Star, MD",39047106.0,10.1126/sciadv.adk9878,DK043403-25
136515,"Jenny E Hinshaw, PhD",38663399.0,10.1016/j.devcel.2024.04.008,DK060100-29
136562,"Kevin Dennis Hall, BSc, PhD",37482779.0,10.1098/rstb.2022.0200,DK013037-18
136562,"Kevin Dennis Hall, BSc, PhD",36695055.0,10.1002/oby.23633,DK013037-18
136562,"Kevin Dennis Hall, BSc, PhD",38644683.0,10.1002/oby.24027,DK013037-18
136562,"Kevin Dennis Hall, BSc, PhD",39113385.0,10.1002/oby.24104,DK013037-18
136562,"Kevin Dennis Hall, BSc, PhD",36897799.0,10.1093/chemse/bjad007,DK013037-18
136562,"Kevin Dennis Hall, BSc, PhD",38291301.0,10.1038/s41591-023-02761-2,DK013037-18
136562,"Kevin Dennis Hall, BSc, PhD",38831164.0,10.1038/s41577-024-01049-x,DK013037-18
136562,"Kevin Dennis Hall, BSc, PhD",37276937.0,10.1016/j.tjnut.2023.06.003,DK013037-18
136631,"Robert L Hanson, MD",38780785.0,10.1007/s00125-024-06178-5,DK075078-13
136533,"Theo  Heller, MD",37488949.0,10.1002/art.42664,DK075008-19
136533,"Theo  Heller, MD",37743535.0,10.1111/jgh.16342,DK075008-19
136533,"Theo  Heller, MD",37659505.0,10.1016/j.jaci.2023.07.022,DK075008-19
136533,"Theo  Heller, MD",37738626.0,10.1182/blood.2023019746,DK075008-19
136533,"Theo  Heller, MD",37114910.0,10.14309/ctg.0000000000000591,DK075008-19
136533,"Theo  Heller, MD",36875114.0,10.3389/fimmu.2023.1133387,DK075008-19
136533,"Theo  Heller, MD",38304571.0,10.1159/000536117,DK075008-19
136533,"Theo  Heller, MD",38682079.0,10.14309/crj.0000000000001336,DK075008-19
136533,"Theo  Heller, MD",37132021.0,10.1177/23247096231171251,DK075008-19
136533,"Theo  Heller, MD",38810185.0,10.1056/NEJMoa2312665,DK075008-19
136533,"Theo  Heller, MD",36745932.0,10.1097/LVT.0000000000000079,DK075008-19
136533,"Theo  Heller, MD",37208598.0,10.1186/s12876-023-02782-8,DK075008-19
136533,"Theo  Heller, MD",37184208.0,10.1097/HEP.0000000000000461,DK075008-19
136679,"Stephanie Therese Chung, MD, BA",36909343.0,10.3389/fendo.2023.1125187,DK075163-04
136649,"Aaron Martin Cypess, MMSc, MD, PhD",38683977.0,10.1073/pnas.2311116121,DK075116-10
136649,"Aaron Martin Cypess, MMSc, MD, PhD",38038135.0,10.1172/JCI175282,DK075116-10
136649,"Aaron Martin Cypess, MMSc, MD, PhD",38198796.0,10.1210/clinem/dgae016,DK075116-10
136580,"Adriaan  Bax, PhD",38232960.0,10.1021/acschembio.3c00720,DK029046-18
136580,"Adriaan  Bax, PhD",37548612.0,10.1021/jacs.3c05710,DK029046-18
136580,"Adriaan  Bax, PhD",38663546.0,10.1016/j.jmb.2024.168587,DK029046-18
136580,"Adriaan  Bax, PhD",37448874.0,10.1063/4.0000192,DK029046-18
136580,"Adriaan  Bax, PhD",37330294.0,10.1016/j.jmb.2023.168067,DK029046-18
136520,"Leslie Joan Baier, PhD",38776413.0,10.2337/db23-0690,DK069071-28
136520,"Leslie Joan Baier, PhD",36862161.0,10.1007/s00125-023-05870-2,DK069071-28
136520,"Leslie Joan Baier, PhD",38530923.0,10.2337/db23-0925,DK069071-28
136520,"Clifton  Bogardus, MD",38776413.0,10.2337/db23-0690,DK069071-28
136520,"Clifton  Bogardus, MD",36862161.0,10.1007/s00125-023-05870-2,DK069071-28
136520,"Clifton  Bogardus, MD",38530923.0,10.2337/db23-0925,DK069071-28
136577,"Theo  Heller, MD",37987359.0,10.3390/mps6060112,DK054514-18
136577,"Theo  Heller, MD",38623149.0,10.1097/CLD.0000000000000138,DK054514-18
136577,"Theo  Heller, MD",38967598.0,10.1097/HC9.0000000000000478,DK054514-18
136577,"Theo  Heller, MD",39168375.0,10.1016/j.virusres.2024.199451,DK054514-18
136577,"Theo  Heller, MD",38533303.0,10.1007/s11901-024-00643-w,DK054514-18
136577,"Theo  Heller, MD",37089591.0,10.3389/fmed.2023.1082069,DK054514-18
136577,"Theo  Heller, MD",38088382.0,10.14309/ctg.0000000000000666,DK054514-18
136577,"Theo  Heller, MD",37663553.0,10.1097/CLD.0000000000000027,DK054514-18
136492,"Philip A Anfinrud, PhD",37548612.0,10.1021/jacs.3c05710,DK029031-26
136492,"Philip A Anfinrud, PhD",38346015.0,10.1021/acs.jpclett.3c03563,DK029031-26
136492,"Philip A Anfinrud, PhD",38663546.0,10.1016/j.jmb.2024.168587,DK029031-26
136605,"Mary F Walter, PhD",38962799.0,10.1007/s41105-023-00505-w,DK071006-17
136605,"Mary F Walter, PhD",39113385.0,10.1002/oby.24104,DK071006-17
136605,"Mary F Walter, PhD",37595266.0,10.1210/clinem/dgad491,DK071006-17
136605,"Christopher  Koh, MD",38962799.0,10.1007/s41105-023-00505-w,DK071006-17
136605,"Christopher  Koh, MD",39113385.0,10.1002/oby.24104,DK071006-17
136605,"Christopher  Koh, MD",37595266.0,10.1210/clinem/dgad491,DK071006-17
136563,"Kevin Dennis Hall, BSc, PhD",37485302.0,10.1093/lifemeta/load013,DK013038-18
136563,"Kevin Dennis Hall, BSc, PhD",36858190.0,10.1016/j.molmet.2023.101699,DK013038-18
136494,"Kenneth A Jacobson, BA, MS, PhD",38123151.0,10.1111/bph.16177,DK031116-37
136494,"Kenneth A Jacobson, BA, MS, PhD",38526670.0,10.1007/s11302-024-10003-4,DK031116-37
136494,"Kenneth A Jacobson, BA, MS, PhD",37382926.0,10.1021/acs.jmedchem.3c00664,DK031116-37
136629,"Sushil Gopal Rane, MS, PhD",38329121.0,10.1172/jci.insight.168443,DK075073-13
136629,"Sushil Gopal Rane, MS, PhD",37712417.0,10.1172/JCI166490,DK075073-13
136624,"Marc Lionel Reitman, BS, MD, PhD",38657735.0,10.1016/j.molmet.2024.101946,DK075063-13
136624,"Marc Lionel Reitman, BS, MD, PhD",38683977.0,10.1073/pnas.2311116121,DK075063-13
136624,"Marc Lionel Reitman, BS, MD, PhD",39067024.0,10.1016/j.celrep.2024.114501,DK075063-13
136624,"Marc Lionel Reitman, BS, MD, PhD",36858190.0,10.1016/j.molmet.2023.101699,DK075063-13
136634,"Sunita K Agarwal, PhD",39056049.0,10.1210/jcemcr/luae115,DK075085-12
136648,"Aaron Martin Cypess, MMSc, MD, PhD",37944134.0,10.1210/endocr/bqad161,DK075115-10
136648,"Aaron Martin Cypess, MMSc, MD, PhD",38198796.0,10.1210/clinem/dgae016,DK075115-10
136539,"Douglas  Forrest, PhD",38081939.0,10.1038/s42003-023-05546-y,DK047037-18
136655,"Stephanie Therese Chung, MD, BA",37624230.0,10.1210/clinem/dgad508,DK075133-09
136655,"Stephanie Therese Chung, MD, BA",37967247.0,10.1210/clinem/dgad669,DK075133-09
136655,"Stephanie Therese Chung, MD, BA",38054972.0,10.1152/ajpendo.00189.2023,DK075133-09
136655,"Stephanie Therese Chung, MD, BA",39103247.0,10.1111/ijpo.13154,DK075133-09
137293,"Meryl A Waldman, MD",36821613.0,10.34067/KID.0005112022,DK075181-01
136514,"Karen P Usdin, PhD",38303711.0,10.1016/j.isci.2024.108814,DK057602-28
136601,"Jonathan Adam Krakoff, MD",37356515.0,10.1016/j.physbeh.2023.114281,DK069029-17
136601,"Jonathan Adam Krakoff, MD",38650517.0,10.1002/oby.24011,DK069029-17
136601,"Clifton  Bogardus, MD",37356515.0,10.1016/j.physbeh.2023.114281,DK069029-17
136601,"Clifton  Bogardus, MD",38650517.0,10.1002/oby.24011,DK069029-17
136620,"Lee Scott Weinstein, BS, MD",38175730.0,10.1172/JCI165418,DK075056-14
136610,"Jurgen  Wess, PhD",38853101.0,10.1016/j.tips.2024.05.010,DK075020-16
136564,"Jonathan Adam Krakoff, MD",39151649.0,10.1016/j.bbr.2024.115201,DK069088-18
136564,"Clifton  Bogardus, MD",39151649.0,10.1016/j.bbr.2024.115201,DK069088-18
136617,"Peter Jonathan Walter, PhD",36859526.0,10.1038/s41598-023-28190-2,DK075039-16
136617,"Peter Jonathan Walter, PhD",38865325.0,10.1371/journal.pone.0302195,DK075039-16
136617,"Peter Jonathan Walter, PhD",39111550.0,10.1016/j.ajcnut.2024.08.001,DK075039-16
136617,"Peter Jonathan Walter, PhD",37764650.0,10.3390/nu15183867,DK075039-16
136651,"Lynnette K Nieman, MD",37531629.0,10.1210/clinem/dgad454,DK075122-09
136651,"Lynnette K Nieman, MD",38915761.0,10.1210/jcemcr/luae094,DK075122-09
136478,"Mark A Levine, MD",37127137.0,10.1016/j.tjnut.2023.04.018,DK053213-17
136483,"Oksana  Gavrilova, PhD",38657735.0,10.1016/j.molmet.2024.101946,DK070002-20
136483,"Oksana  Gavrilova, PhD",37309259.0,10.1111/jne.13286,DK070002-20
136483,"Oksana  Gavrilova, PhD",38271099.0,10.1172/jci.insight.174097,DK070002-20
136483,"Oksana  Gavrilova, PhD",38175730.0,10.1172/JCI165418,DK070002-20
136483,"Oksana  Gavrilova, PhD",38116442.0,10.1021/acsmedchemlett.3c00315,DK070002-20
136483,"Oksana  Gavrilova, PhD",37812612.0,10.1371/journal.pone.0292610,DK070002-20
136483,"Oksana  Gavrilova, PhD",36781825.0,10.1007/s11302-023-09924-3,DK070002-20
136594,"Robert  Craigie, PhD",38582148.0,10.1016/j.jmb.2024.168557,DK036169-18
136594,"Robert  Craigie, PhD",38346249.0,10.1021/acsinfecdis.3c00525,DK036169-18
136602,"Ranganath  Muniyappa, MD, PhD",38198796.0,10.1210/clinem/dgae016,DK075100-17
136532,"Ranganath  Muniyappa, MD, PhD",36636252.0,10.1210/jendso/bvac189,DK075007-20
136643,"Kevin Dennis Hall, BSc, PhD",39108535.0,10.1101/2024.06.24.24309440,DK075107-11
136643,"Kevin Dennis Hall, BSc, PhD",37345661.0,10.1172/jci.insight.169759,DK075107-11
136643,"Kevin Dennis Hall, BSc, PhD",36897799.0,10.1093/chemse/bjad007,DK075107-11
136518,"Robert L Hanson, MD",39166750.0,10.14309/ctg.0000000000000763,DK069028-36
136518,"Robert L Hanson, MD",39018443.0,10.1210/clinem/dgae498,DK069028-36
136518,"Robert L Hanson, MD",38229171.0,10.1186/s13059-023-03136-z,DK069028-36
136518,"Robert L Hanson, MD",38776413.0,10.2337/db23-0690,DK069028-36
136518,"Robert L Hanson, MD",39192769.0,10.1002/oby.24101,DK069028-36
136518,"Robert L Hanson, MD",38483351.0,10.1093/hmg/ddae030,DK069028-36
136518,"Robert L Hanson, MD",38164708.0,10.1136/bmjdrc-2023-003700,DK069028-36
136518,"Robert L Hanson, MD",38530923.0,10.2337/db23-0925,DK069028-36
136491,"Robert  Tycko, PhD",37221174.0,10.1038/s41467-023-38494-6,DK029029-28
136491,"Robert  Tycko, PhD",38335342.0,10.1103/PhysRevLett.132.048402,DK029029-28
136673,"Ross William Cheloha, PhD",38088474.0,10.1002/pro.4866,DK075157-04
136673,"Ross William Cheloha, PhD",38164609.0,10.1124/molpharm.123.000797,DK075157-04
136673,"Ross William Cheloha, PhD",36997331.0,10.2967/jnumed.122.265171,DK075157-04
136673,"Ross William Cheloha, PhD",37268817.0,10.1038/s42003-023-04966-0,DK075157-04
136673,"Ross William Cheloha, PhD",38824166.0,10.1038/s41467-024-49068-5,DK075157-04
136484,"Brian Clay Oliver, PhD",37036230.0,10.3791/65029,DK015600-29
136484,"Brian Clay Oliver, PhD",37232385.0,10.1093/bib/bbad177,DK015600-29
136484,"Brian Clay Oliver, PhD",36650008.0,10.1093/g3journal/jkad012,DK015600-29
136484,"Brian Clay Oliver, PhD",36795469.0,10.7554/eLife.82201,DK015600-29
136589,"William A Eaton, MD, PhD",38450513.0,10.3324/haematol.2023.284831,DK029053-18
136589,"William A Eaton, MD, PhD",38181784.0,10.1182/bloodadvances.2023011397,DK029053-18
136589,"William A Eaton, MD, PhD",38118071.0,10.1182/blood.2023021167,DK029053-18
136490,"Marius  Clore, MD, PhD",38501482.0,10.1002/pro.4922,DK029023-34
136490,"Marius  Clore, MD, PhD",39088556.0,10.1021/acs.biochem.4c00258,DK029023-34
136490,"Marius  Clore, MD, PhD",36806683.0,10.1016/j.jbc.2023.103037,DK029023-34
136490,"Marius  Clore, MD, PhD",37186848.0,10.1073/pnas.2305823120,DK029023-34
136490,"Marius  Clore, MD, PhD",36745787.0,10.1073/pnas.2221036120,DK029023-34
136490,"Marius  Clore, MD, PhD",37681752.0,10.1021/acs.jpcb.3c05301,DK029023-34
136490,"Marius  Clore, MD, PhD",38888555.0,10.1021/jacs.4c03916,DK029023-34
136490,"Marius  Clore, MD, PhD",38857530.0,10.1021/acs.jpclett.4c01410,DK029023-34
136490,"Marius  Clore, MD, PhD",38476051.0,10.1002/advs.202309217,DK029023-34
136638,"Michael J Krashes, PhD",37442130.0,10.1016/j.neuron.2023.06.006,DK075090-12
136612,"Adriaan  Bax, PhD",37225764.0,10.1038/s42003-023-04923-x,DK075023-16
136536,"Yaron  Rotman, MD",38407839.0,10.1097/MEG.0000000000002713,DK075013-19
136536,"Yaron  Rotman, MD",37540183.0,10.1097/HEP.0000000000000545,DK075013-19
136536,"Yaron  Rotman, MD",37126039.0,10.1249/MSS.0000000000003199,DK075013-19
136529,"Carson C Chow, BASc, PhD",37098064.0,10.1073/pnas.2207537120,DK013022-21
136657,"Jinwei  Zhang, PhD",39163341.0,10.1073/pnas.2409628121,DK075136-09
136657,"Jinwei  Zhang, PhD",38981655.0,10.1261/rna.080071.124,DK075136-09
136657,"Jinwei  Zhang, PhD",37673863.0,10.1038/s41467-023-41155-3,DK075136-09
136657,"Jinwei  Zhang, PhD",39075051.0,10.1038/s41467-024-50730-1,DK075136-09
136523,"William F Simonds, MD",36961765.0,10.1210/endrev/bnad009,DK043012-23
136523,"William F Simonds, MD",39056049.0,10.1210/jcemcr/luae115,DK043012-23
136523,"William F Simonds, MD",36935552.0,10.1210/clinem/dgad136,DK043012-23
136523,"William F Simonds, MD",39044678.0,10.1210/clinem/dgae506,DK043012-23
136523,"William F Simonds, MD",37339334.0,10.1210/clinem/dgad368,DK043012-23
136626,"Carson C Chow, BASc, PhD",39121214.0,10.1126/sciadv.adl4893,DK075069-13
136548,"Kenneth A Jacobson, BA, MS, PhD",38182432.0,10.1124/molpharm.123.000784,DK031126-18
136548,"Kenneth A Jacobson, BA, MS, PhD",37603705.0,10.1021/acs.jmedchem.3c00806,DK031126-18
136548,"Kenneth A Jacobson, BA, MS, PhD",38845345.0,10.1021/acs.jmedchem.4c01003,DK031126-18
136548,"Kenneth A Jacobson, BA, MS, PhD",38959401.0,10.1021/acs.jmedchem.4c00944,DK031126-18
136548,"Kenneth A Jacobson, BA, MS, PhD",38526670.0,10.1007/s11302-024-10003-4,DK031126-18
136548,"Kenneth A Jacobson, BA, MS, PhD",38401537.0,10.1016/j.str.2024.01.013,DK031126-18
136548,"Kenneth A Jacobson, BA, MS, PhD",36781870.0,10.1038/s41467-023-36425-z,DK031126-18
136548,"Kenneth A Jacobson, BA, MS, PhD",37705595.0,10.1021/acsptsci.3c00126,DK031126-18
136548,"Kenneth A Jacobson, BA, MS, PhD",39022354.0,10.1021/acsptsci.4c00223,DK031126-18
136609,"Kai  Ge, PhD",38063851.0,10.1242/dev.202110,DK075017-16
136609,"Kai  Ge, PhD",38012390.0,10.1038/s41418-023-01244-8,DK075017-16
136590,"Elissa P Lei, BS, PhD",38853900.0,10.1101/2024.05.27.596084,DK015602-18
136590,"Elissa P Lei, BS, PhD",37745315.0,10.1101/2023.09.14.557757,DK015602-18
136590,"Elissa P Lei, BS, PhD",38913752.0,10.1371/journal.pgen.1011329,DK015602-18
136555,"Reed Brendon Wickner, MD",37903258.0,10.1073/pnas.2314781120,DK024950-18
136555,"Reed Brendon Wickner, MD",37141188.0,10.1371/journal.ppat.1011333,DK024950-18
136555,"Reed Brendon Wickner, MD",37440568.0,10.1073/pnas.2309329120,DK024950-18
136489,"Attila  Szabo, PhD",36987692.0,10.1002/bip.23533,DK029019-44
136608,"Kong Yin Chen, PhD",38657735.0,10.1016/j.molmet.2024.101946,DK071014-17
136608,"Kong Yin Chen, PhD",38683977.0,10.1073/pnas.2311116121,DK071014-17
136608,"Kong Yin Chen, PhD",36729673.0,10.1249/MSS.0000000000003102,DK071014-17
136608,"Kong Yin Chen, PhD",38695352.0,10.1152/japplphysiol.00763.2023,DK071014-17
136622,"Leslie Joan Baier, PhD",39018443.0,10.1210/clinem/dgae498,DK075058-14
136622,"Leslie Joan Baier, PhD",38776413.0,10.2337/db23-0690,DK075058-14
136622,"Leslie Joan Baier, PhD",37148359.0,10.1007/s00125-023-05912-9,DK075058-14
136622,"Leslie Joan Baier, PhD",36862161.0,10.1007/s00125-023-05870-2,DK075058-14
136622,"Leslie Joan Baier, PhD",38530923.0,10.2337/db23-0925,DK075058-14
136622,"Clifton  Bogardus, MD",39018443.0,10.1210/clinem/dgae498,DK075058-14
136622,"Clifton  Bogardus, MD",38776413.0,10.2337/db23-0690,DK075058-14
136622,"Clifton  Bogardus, MD",37148359.0,10.1007/s00125-023-05912-9,DK075058-14
136622,"Clifton  Bogardus, MD",36862161.0,10.1007/s00125-023-05870-2,DK075058-14
136622,"Clifton  Bogardus, MD",38530923.0,10.2337/db23-0925,DK075058-14
136516,"Lothar  Hennighausen, PhD",39175109.0,10.1093/nar/gkae697,DK061000-27
136516,"Lothar  Hennighausen, PhD",38414855.0,10.1016/j.isci.2024.109177,DK061000-27
136516,"Lothar  Hennighausen, PhD",38765560.0,10.1016/j.ekir.2024.01.010,DK061000-27
136475,"Yihong  Ye, PhD",38489364.0,10.1126/sciadv.adk2542,DK033008-14
136487,"Constance Tom Noguchi, PhD",36895793.0,10.3389/fcell.2023.1144110,DK025021-49
136487,"Constance Tom Noguchi, PhD",38628440.0,10.3389/fphys.2024.1338476,DK025021-49
136487,"Constance Tom Noguchi, PhD",38784116.0,10.3389/fphys.2024.1352242,DK025021-49
136557,"Arthur Stewart Sherman, PhD",37802364.0,10.1016/j.mbs.2023.109085,DK013027-18
136557,"Arthur Stewart Sherman, PhD",37983196.0,10.1113/JP284982,DK013027-18
136557,"Arthur Stewart Sherman, PhD",38640066.0,10.2337/db24-0131,DK013027-18
136542,"Sushil Gopal Rane, MS, PhD",37395281.0,10.1172/JCI162479,DK055107-18
136542,"Sushil Gopal Rane, MS, PhD",38329121.0,10.1172/jci.insight.168443,DK055107-18
136588,"Carole A Bewley, PhD",37488207.0,10.1038/s41598-023-38042-8,DK031135-18
136588,"Carole A Bewley, PhD",37552767.0,10.1126/scisignal.ade0385,DK031135-18
136588,"Carole A Bewley, PhD",37335229.0,10.1002/anie.202307053,DK031135-18
136588,"Carole A Bewley, PhD",38903092.0,10.1101/2024.03.27.587046,DK031135-18
136540,"Carson C Chow, BASc, PhD",37202424.0,10.1038/s41467-023-38529-y,DK013024-18
136682,Andrew  Lutas,38642553.0,10.1016/j.neuron.2024.03.027,DK075168-03
136682,Andrew  Lutas,38417435.0,10.1016/j.neuron.2024.02.002,DK075168-03
136496,"Carole A Bewley, PhD",37552767.0,10.1126/scisignal.ade0385,DK032103-25
136582,"Mark A Levine, MD",36897309.0,10.1097/MPH.0000000000002631,DK053218-18
136582,"Mark A Levine, MD",37229630.0,10.1016/j.tjnut.2022.12.009,DK053218-18
136553,"John Allan Hanover, PhD",38416332.0,10.1007/s11302-024-09992-z,DK060102-18
136553,"John Allan Hanover, PhD",37282749.0,10.1002/advs.202206068,DK060102-18
136553,"John Allan Hanover, PhD",36255737.0,10.1093/hmg/ddac255,DK060102-18
136521,"Clifton  Bogardus, MD",39018443.0,10.1210/clinem/dgae498,DK069075-27
137213,"Meryl A Waldman, MD",36821613.0,10.34067/KID.0005112022,DK075179-01
136666,"Behdad  Afzali, PhD, MBBS",38245224.0,10.1016/j.kint.2023.08.020,DK075149-06
136666,"Behdad  Afzali, PhD, MBBS",38810185.0,10.1056/NEJMoa2312665,DK075149-06
136666,"Behdad  Afzali, PhD, MBBS",39179644.0,10.1038/s41467-024-51859-9,DK075149-06
136508,"T. Jake  Liang, MD",37154158.0,10.1172/jci.insight.162404,DK054500-28
136508,"T. Jake  Liang, MD",36896966.0,10.1097/HEP.0000000000000335,DK054500-28
136508,"T. Jake  Liang, MD",38015841.0,10.1073/pnas.2306390120,DK054500-28
136499,"Smita  Jha, MBBS",37284613.0,10.1210/jendso/bvad055,DK043006-48
136499,"Smita  Jha, MBBS",37307230.0,10.1210/clinem/dgad315,DK043006-48
136499,"Smita  Jha, MBBS",38174154.0,10.1210/jendso/bvad158,DK043006-48
136499,"Smita  Jha, MBBS",36961765.0,10.1210/endrev/bnad009,DK043006-48
136499,"Smita  Jha, MBBS",36935552.0,10.1210/clinem/dgad136,DK043006-48
136499,"Smita  Jha, MBBS",37339334.0,10.1210/clinem/dgad368,DK043006-48
136499,"Smita  Jha, MBBS",37288292.0,10.3389/fendo.2023.1171052,DK043006-48
136499,"Lee Scott Weinstein, BS, MD",37284613.0,10.1210/jendso/bvad055,DK043006-48
136499,"Lee Scott Weinstein, BS, MD",37307230.0,10.1210/clinem/dgad315,DK043006-48
136499,"Lee Scott Weinstein, BS, MD",38174154.0,10.1210/jendso/bvad158,DK043006-48
136499,"Lee Scott Weinstein, BS, MD",36961765.0,10.1210/endrev/bnad009,DK043006-48
136499,"Lee Scott Weinstein, BS, MD",36935552.0,10.1210/clinem/dgad136,DK043006-48
136499,"Lee Scott Weinstein, BS, MD",37339334.0,10.1210/clinem/dgad368,DK043006-48
136499,"Lee Scott Weinstein, BS, MD",37288292.0,10.3389/fendo.2023.1171052,DK043006-48
136681,Andrew  Lutas,38417435.0,10.1016/j.neuron.2024.02.002,DK075167-03
136662,"Adriaan  Bax, PhD",37548612.0,10.1021/jacs.3c05710,DK075141-08
136662,"Adriaan  Bax, PhD",38346015.0,10.1021/acs.jpclett.3c03563,DK075141-08
136662,"Adriaan  Bax, PhD",38663546.0,10.1016/j.jmb.2024.168587,DK075141-08
136687,"William F Simonds, MD",36255737.0,10.1093/hmg/ddac255,DK075174-02
136687,"William F Simonds, MD",38354736.0,10.1016/j.ajhg.2024.01.005,DK075174-02
136579,"Marc Gregory Ghany, MD",37184524.0,10.1097/HC9.0000000000000116,DK054517-18
136579,"Marc Gregory Ghany, MD",37074026.0,10.1097/HEP.0000000000000413,DK054517-18
136579,"Marc Gregory Ghany, MD",36890337.0,10.1111/jgh.16167,DK054517-18
136579,"Marc Gregory Ghany, MD",35770681.0,10.1002/hep.32634,DK054517-18
136535,"Leslie Joan Baier, PhD",39018443.0,10.1210/clinem/dgae498,DK075012-19
136535,"Leslie Joan Baier, PhD",36806387.0,10.1038/s41366-023-01278-5,DK075012-19
136535,"Leslie Joan Baier, PhD",38776413.0,10.2337/db23-0690,DK075012-19
136535,"Clifton  Bogardus, MD",39018443.0,10.1210/clinem/dgae498,DK075012-19
136535,"Clifton  Bogardus, MD",36806387.0,10.1038/s41366-023-01278-5,DK075012-19
136535,"Clifton  Bogardus, MD",38776413.0,10.2337/db23-0690,DK075012-19
136541,"Sushil Gopal Rane, MS, PhD",37712417.0,10.1172/JCI166490,DK055105-18
136677,"Vipul  Periwal, BS, MA, PhD",38774487.0,10.1016/j.jocs.2024.102290,DK075161-04
136677,"Vipul  Periwal, BS, MA, PhD",37943957.0,10.1371/journal.pcbi.1011617,DK075161-04
136552,"John Allan Hanover, PhD",38143802.0,10.3389/fmolb.2023.1286690,DK060101-18
136552,"John Allan Hanover, PhD",38416332.0,10.1007/s11302-024-09992-z,DK060101-18
136552,"John Allan Hanover, PhD",37930118.0,10.1097/HC9.0000000000000283,DK060101-18
136552,"John Allan Hanover, PhD",37282749.0,10.1002/advs.202206068,DK060101-18
136552,"John Allan Hanover, PhD",38026167.0,10.1016/j.isci.2023.108184,DK060101-18
136552,"John Allan Hanover, PhD",36255737.0,10.1093/hmg/ddac255,DK060101-18
136672,"Lothar  Hennighausen, PhD",36630562.0,10.1182/bloodadvances.2022008445,DK075155-05
136672,"Lothar  Hennighausen, PhD",38414855.0,10.1016/j.isci.2024.109177,DK075155-05
136674,"Priyanka Sivakami Narayan, PhD",38387456.0,10.1016/j.neuron.2024.01.026,DK075158-04
136680,"John M Louis, PhD",37957287.0,10.1038/s42003-023-05469-8,DK075166-03
136680,"John M Louis, PhD",38762033.0,10.1016/j.jmb.2024.168616,DK075166-03
136583,"Mark A Levine, MD",37264998.0,10.1093/cid/ciad333,DK053211-18
136501,"William F Simonds, MD",37219953.0,10.1172/jci.insight.134685,DK043304-31
136621,"Marc Lionel Reitman, BS, MD, PhD",38657735.0,10.1016/j.molmet.2024.101946,DK075057-14
136600,"David Eric Anderson, PhD",37540694.0,10.1371/journal.pone.0289778,DK062009-17
136600,"David Eric Anderson, PhD",38015841.0,10.1073/pnas.2306390120,DK062009-17
136600,"Michael W Krause, PhD",37540694.0,10.1371/journal.pone.0289778,DK062009-17
136600,"Michael W Krause, PhD",38015841.0,10.1073/pnas.2306390120,DK062009-17
136593,"Rebecca J Brown, MD, MHSc",38757950.0,10.1210/clinem/dgae335,DK047052-18
136593,"Rebecca J Brown, MD, MHSc",37515588.0,10.1210/clinem/dgad445,DK047052-18
136495,"Kenneth A Jacobson, BA, MS, PhD",36918461.0,10.1007/s11302-023-09929-y,DK031117-37
136495,"Kenneth A Jacobson, BA, MS, PhD",38182432.0,10.1124/molpharm.123.000784,DK031117-37
136495,"Kenneth A Jacobson, BA, MS, PhD",38416332.0,10.1007/s11302-024-09992-z,DK031117-37
136495,"Kenneth A Jacobson, BA, MS, PhD",37404375.0,10.1016/j.isci.2023.107178,DK031117-37
136495,"Kenneth A Jacobson, BA, MS, PhD",39300608.0,10.1111/bph.17319,DK031117-37
136495,"Kenneth A Jacobson, BA, MS, PhD",37741687.0,10.1016/bs.irn.2023.08.001,DK031117-37
136495,"Kenneth A Jacobson, BA, MS, PhD",37603705.0,10.1021/acs.jmedchem.3c00806,DK031117-37
136495,"Kenneth A Jacobson, BA, MS, PhD",38845345.0,10.1021/acs.jmedchem.4c01003,DK031117-37
136495,"Kenneth A Jacobson, BA, MS, PhD",38229744.0,10.1021/acsmedchemlett.3c00427,DK031117-37
136495,"Kenneth A Jacobson, BA, MS, PhD",37541364.0,10.1016/j.ejphar.2023.175943,DK031117-37
136495,"Kenneth A Jacobson, BA, MS, PhD",38116442.0,10.1021/acsmedchemlett.3c00315,DK031117-37
136495,"Kenneth A Jacobson, BA, MS, PhD",37705594.0,10.1021/acsptsci.3c00071,DK031117-37
136495,"Kenneth A Jacobson, BA, MS, PhD",38959401.0,10.1021/acs.jmedchem.4c00944,DK031117-37
136495,"Kenneth A Jacobson, BA, MS, PhD",39388845.0,10.1016/j.envint.2024.109058,DK031117-37
136495,"Kenneth A Jacobson, BA, MS, PhD",39118542.0,10.1021/acsinfecdis.4c00394,DK031117-37
136495,"Kenneth A Jacobson, BA, MS, PhD",37605951.0,10.1017/neu.2023.30,DK031117-37
136495,"Kenneth A Jacobson, BA, MS, PhD",38691673.0,10.1097/j.pain.0000000000003242,DK031117-37
136495,"Kenneth A Jacobson, BA, MS, PhD",38709489.0,10.1097/j.pain.0000000000003265,DK031117-37
136495,"Kenneth A Jacobson, BA, MS, PhD",38401537.0,10.1016/j.str.2024.01.013,DK031117-37
136495,"Kenneth A Jacobson, BA, MS, PhD",36781870.0,10.1038/s41467-023-36425-z,DK031117-37
136495,"Kenneth A Jacobson, BA, MS, PhD",37562117.0,10.1016/j.ejmech.2023.115691,DK031117-37
136495,"Kenneth A Jacobson, BA, MS, PhD",37705595.0,10.1021/acsptsci.3c00126,DK031117-37
136495,"Kenneth A Jacobson, BA, MS, PhD",39022354.0,10.1021/acsptsci.4c00223,DK031117-37
136495,"Kenneth A Jacobson, BA, MS, PhD",36781825.0,10.1007/s11302-023-09924-3,DK031117-37
136507,"Robert  Jensen, MD",39000391.0,,DK053200-33
136507,"Robert  Jensen, MD",39000391.0,10.3390/ijms25137286,DK053200-33
136636,"Michael J Krashes, PhD",37442130.0,10.1016/j.neuron.2023.06.006,DK075088-12
136644,"Astrid Desiree Haase, PhD",39153475.0,10.1016/j.molcel.2024.07.025,DK075111-10
136635,"Michael J Krashes, PhD",37442130.0,10.1016/j.neuron.2023.06.006,DK075087-12
136591,"Jurrien  Dean, MD",38426493.0,10.1172/JCI174194,DK015603-18
136591,"Jurrien  Dean, MD",39162228.0,10.1093/nar/gkae712,DK015603-18
136591,"Jurrien  Dean, MD",38953252.0,10.1242/dev.202579,DK015603-18
136481,"Michael W Krause, PhD",38489364.0,10.1126/sciadv.adk2542,DK036117-24
136575,"Richard Leonard Proia, PhD",37871851.0,10.1016/j.jlr.2023.100463,DK056014-18
136575,"Richard Leonard Proia, PhD",35917044.0,10.1007/s10571-022-01245-0,DK056014-18
136575,"Richard Leonard Proia, PhD",36753412.0,10.1096/fj.202201821R,DK056014-18
136575,"Richard Leonard Proia, PhD",36709532.0,10.1016/j.ymgme.2023.107508,DK056014-18
136660,"Joanna  Klubo-Gwiezdzinska, PhD, MD",38421044.0,10.1210/clinem/dgae114,DK075139-08
136574,"Jurgen A Heymann, PhD",38961841.0,10.1152/ajprenal.00061.2024,DK043412-18
136574,"Jeffrey Burnett Kopp, MD",38961841.0,10.1152/ajprenal.00061.2024,DK043412-18
136522,"Anne Elizabeth Sumner, MD",37693326.0,10.2147/DMSO.S426406,DK047023-23
136522,"Anne Elizabeth Sumner, MD",38054972.0,10.1152/ajpendo.00189.2023,DK047023-23
136522,"Anne Elizabeth Sumner, MD",39069090.0,10.1016/j.diabres.2024.111792,DK047023-23
136554,"John Allan Hanover, PhD",38416332.0,10.1007/s11302-024-09992-z,DK060103-18
136554,"John Allan Hanover, PhD",38143802.0,10.3389/fmolb.2023.1286690,DK060103-18
136554,"John Allan Hanover, PhD",37930118.0,10.1097/HC9.0000000000000283,DK060103-18
136554,"John Allan Hanover, PhD",37282749.0,10.1002/advs.202206068,DK060103-18
136554,"John Allan Hanover, PhD",38026167.0,10.1016/j.isci.2023.108184,DK060103-18
136554,"John Allan Hanover, PhD",36255737.0,10.1093/hmg/ddac255,DK060103-18
136480,"Stephen Arnold Wank, MD",36936198.0,10.1177/17588359231156871,DK075050-12
136632,"Ahmed Medhat Gharib, MD",39069898.0,10.1161/CIRCRESAHA.124.324272,DK075083-12
136632,"Ahmed Medhat Gharib, MD",38573125.0,10.1148/ryct.230102,DK075083-12
136632,"Ahmed Medhat Gharib, MD",36719974.0,10.1097/RLI.0000000000000952,DK075083-12
136510,"T. Jake  Liang, MD",37579205.0,10.1093/cid/ciad343,DK054505-28
136510,"T. Jake  Liang, MD",37579208.0,10.1093/cid/ciad336,DK054505-28
136510,"T. Jake  Liang, MD",37579202.0,10.1093/cid/ciad382,DK054505-28
136567,"Robert L Hanson, MD",38419421.0,10.1111/dom.15505,DK069094-18
136637,"Michael J Krashes, PhD",37442130.0,10.1016/j.neuron.2023.06.006,DK075089-12
136640,"Jonathan Adam Krakoff, MD",38285957.0,10.2337/dc23-1782,DK075092-12
136640,"Jonathan Adam Krakoff, MD",38227900.0,10.2337/dc23-1401,DK075092-12
136640,"Jonathan Adam Krakoff, MD",38190619.0,10.2337/dc23-1059,DK075092-12
136640,"Clifton  Bogardus, MD",38285957.0,10.2337/dc23-1782,DK075092-12
136640,"Clifton  Bogardus, MD",38227900.0,10.2337/dc23-1401,DK075092-12
136640,"Clifton  Bogardus, MD",38190619.0,10.2337/dc23-1059,DK075092-12
136525,"Lee Scott Weinstein, BS, MD",38879678.0,10.1038/s41467-024-49537-x,DK043313-20
136525,"Lee Scott Weinstein, BS, MD",38375634.0,10.1161/CIRCRESAHA.123.323156,DK043313-20
136525,"Lee Scott Weinstein, BS, MD",37482187.0,10.1016/j.molmet.2023.101780,DK043313-20
136538,"Douglas  Forrest, PhD",39018199.0,10.1073/pnas.2402560121,DK047036-18
136684,"Yekaterina Andreevna Miroshnikova, PhD",36930528.0,10.1242/dev.201139,DK075170-03
136524,"Kevin F O'Connell, BA, PhD",38744971.0,10.1038/s44319-024-00157-y,DK024151-22
136559,"Fred P Dyda, PhD",37491363.0,10.1038/s41467-023-40210-3,DK036153-18
136570,"Karen P Usdin, PhD",37120588.0,10.1038/s41598-023-33528-x,DK057808-18
136570,"Karen P Usdin, PhD",35913761.0,10.1093/hmg/ddac173,DK057808-18
136570,"Karen P Usdin, PhD",38877099.0,10.1038/s41598-024-64480-z,DK057808-18
136570,"Karen P Usdin, PhD",38937606.0,10.1038/s41588-024-01808-5,DK057808-18
136570,"Karen P Usdin, PhD",39006414.0,10.1101/2024.07.01.24309777,DK057808-18
136570,"Karen P Usdin, PhD",37443745.0,10.3390/cells12131711,DK057808-18
136570,"Karen P Usdin, PhD",39185211.0,10.1101/2024.08.13.607839,DK057808-18
136659,"Joanna  Klubo-Gwiezdzinska, PhD, MD",37886645.0,10.3389/fendo.2023.1275813,DK075138-08
136667,"Christopher  Koh, MD",38623149.0,10.1097/CLD.0000000000000138,DK075150-06
136667,"Christopher  Koh, MD",37739311.0,10.1016/j.jaip.2023.09.011,DK075150-06
136667,"Christopher  Koh, MD",38757950.0,10.1210/clinem/dgae335,DK075150-06
136667,"Christopher  Koh, MD",38900043.0,10.1148/ryai.230601,DK075150-06
136667,"Christopher  Koh, MD",37184208.0,10.1097/HEP.0000000000000461,DK075150-06
136543,"Lee Scott Weinstein, BS, MD",38879678.0,10.1038/s41467-024-49537-x,DK043315-18
136531,"Daniel  Appella, BA, PhD",38927013.0,10.3390/biom14060609,DK031143-20
136531,"Daniel  Appella, BA, PhD",38446423.0,10.1021/acssensors.3c02553,DK031143-20
136531,"Daniel  Appella, BA, PhD",37502163.0,10.1021/jacsau.3c00198,DK031143-20
136576,"Richard Leonard Proia, PhD",37871851.0,10.1016/j.jlr.2023.100463,DK056016-18
136576,"Richard Leonard Proia, PhD",39312723.0,10.1172/jci.insight.179126,DK056016-18
136576,"Richard Leonard Proia, PhD",36700853.0,10.1002/jimd.12596,DK056016-18
136576,"Richard Leonard Proia, PhD",35917044.0,10.1007/s10571-022-01245-0,DK056016-18
136576,"Richard Leonard Proia, PhD",36753412.0,10.1096/fj.202201821R,DK056016-18
136576,"Richard Leonard Proia, PhD",36709532.0,10.1016/j.ymgme.2023.107508,DK056016-18
136607,"Kong Yin Chen, PhD",38637284.0,10.1093/jpepsy/jsae024,DK071013-17
136607,"Kong Yin Chen, PhD",38100748.0,10.1002/lipd.12382,DK071013-17
136607,"Kong Yin Chen, PhD",37967247.0,10.1210/clinem/dgad669,DK071013-17
136607,"Kong Yin Chen, PhD",35348391.0,10.1177/19322968221085273,DK071013-17
136607,"Kong Yin Chen, PhD",37062516.0,10.1016/j.physbeh.2023.114198,DK071013-17
136607,"Kong Yin Chen, PhD",38271099.0,10.1172/jci.insight.174097,DK071013-17
136607,"Kong Yin Chen, PhD",38640597.0,10.1016/j.eatbeh.2024.101877,DK071013-17
136607,"Kong Yin Chen, PhD",37943608.0,10.1089/chi.2023.0086,DK071013-17
136607,"Kong Yin Chen, PhD",38528741.0,10.1177/19322968241235205,DK071013-17
136607,"Kong Yin Chen, PhD",38383456.0,10.1038/s41467-024-45107-3,DK071013-17
136665,"Katherine Han Needles McJunkin, PhD",38471816.0,10.1093/nar/gkae170,DK075147-08
136573,"Jurgen A Heymann, PhD",39032602.0,10.1016/j.ajpath.2024.06.006,DK043411-18
136573,"Jurgen A Heymann, PhD",39207915.0,10.7554/eLife.91260,DK043411-18
136573,"Jeffrey Burnett Kopp, MD",39032602.0,10.1016/j.ajpath.2024.06.006,DK043411-18
136573,"Jeffrey Burnett Kopp, MD",39207915.0,10.7554/eLife.91260,DK043411-18
136517,"Jonathan Adam Krakoff, MD",39166750.0,10.14309/ctg.0000000000000763,DK069015-42
136517,"Jonathan Adam Krakoff, MD",38776413.0,10.2337/db23-0690,DK069015-42
136517,"Jonathan Adam Krakoff, MD",38677522.0,10.1016/j.ajcnut.2024.04.024,DK069015-42
136517,"Jonathan Adam Krakoff, MD",38987291.0,10.1038/s41387-024-00269-3,DK069015-42
136517,"Jonathan Adam Krakoff, MD",38419421.0,10.1111/dom.15505,DK069015-42
136569,"Harris D Bernstein, PhD",38782915.0,10.1038/s41467-024-48756-6,DK052037-18
136569,"Harris D Bernstein, PhD",39174534.0,10.1038/s41467-024-51628-8,DK052037-18
136565,"Jonathan Adam Krakoff, MD",38933891.0,10.3389/fnut.2024.1374386,DK069091-18
136565,"Jonathan Adam Krakoff, MD",38474737.0,10.3390/nu16050610,DK069091-18
136565,"Jonathan Adam Krakoff, MD",38398850.0,10.3390/nu16040526,DK069091-18
136565,"Jonathan Adam Krakoff, MD",36539161.0,10.1016/j.appet.2022.106429,DK069091-18
136565,"Jonathan Adam Krakoff, MD",38650517.0,10.1002/oby.24011,DK069091-18
136565,"Clifton  Bogardus, MD",38933891.0,10.3389/fnut.2024.1374386,DK069091-18
136565,"Clifton  Bogardus, MD",38474737.0,10.3390/nu16050610,DK069091-18
136565,"Clifton  Bogardus, MD",38398850.0,10.3390/nu16040526,DK069091-18
136565,"Clifton  Bogardus, MD",36539161.0,10.1016/j.appet.2022.106429,DK069091-18
136565,"Clifton  Bogardus, MD",38650517.0,10.1002/oby.24011,DK069091-18
136528,"Kai  Ge, PhD",38579707.0,10.1016/j.str.2024.03.005,DK075003-21
136528,"Kai  Ge, PhD",38198888.0,10.1016/j.devcel.2023.12.007,DK075003-21
136528,"Kai  Ge, PhD",38063851.0,10.1242/dev.202110,DK075003-21
136528,"Kai  Ge, PhD",37822508.0,10.1016/j.isci.2023.107831,DK075003-21
136528,"Kai  Ge, PhD",38012390.0,10.1038/s41418-023-01244-8,DK075003-21
136528,"Kai  Ge, PhD",38849395.0,10.1038/s41467-024-49391-x,DK075003-21
136502,"Jurgen A Heymann, PhD",38709562.0,10.1681/ASN.0000000000000370,DK043308-29
136502,"Jeffrey Burnett Kopp, MD",38709562.0,10.1681/ASN.0000000000000370,DK043308-29
136645,"Aaron Martin Cypess, MMSc, MD, PhD",38683977.0,10.1073/pnas.2311116121,DK075112-10
136645,"Aaron Martin Cypess, MMSc, MD, PhD",37944134.0,10.1210/endocr/bqad161,DK075112-10
136645,"Aaron Martin Cypess, MMSc, MD, PhD",38198796.0,10.1210/clinem/dgae016,DK075112-10
136683,Andrew  Lutas,38642553.0,10.1016/j.neuron.2024.03.027,DK075169-03
136683,Andrew  Lutas,38417435.0,10.1016/j.neuron.2024.02.002,DK075169-03
136596,"Joanna  Klubo-Gwiezdzinska, PhD, MD",38991747.0,10.2967/jnumed.123.266955,DK047053-18
136596,"Joanna  Klubo-Gwiezdzinska, PhD, MD",39115341.0,10.1210/clinem/dgae537,DK047053-18
136596,"Joanna  Klubo-Gwiezdzinska, PhD, MD",36777465.0,10.1210/jendso/bvad005,DK047053-18
136596,"Joanna  Klubo-Gwiezdzinska, PhD, MD",36969797.0,10.1089/ct.2022;34.161-164,DK047053-18
136596,"Joanna  Klubo-Gwiezdzinska, PhD, MD",36937987.0,10.1089/ct.2022;34.286-289,DK047053-18
136611,"Jurgen  Wess, PhD",38853101.0,10.1016/j.tips.2024.05.010,DK075021-16
136530,"Caroline C Philpott, MD",37127137.0,,DK054510-20
136530,"Caroline C Philpott, MD",37127137.0,10.1016/j.tjnut.2023.04.018,DK054510-20
136530,"Caroline C Philpott, MD",37624904.0,10.1182/blood.2023020504,DK054510-20
136656,"Daniel  Appella, BA, PhD",37024617.0,10.1038/s41564-023-01353-7,DK075135-09
136656,"Daniel  Appella, BA, PhD",38250006.0,10.1021/acsptsci.3c00260,DK075135-09
136488,"Constance Tom Noguchi, PhD",38628440.0,10.3389/fphys.2024.1338476,DK025061-49
136488,"Constance Tom Noguchi, PhD",38784116.0,10.3389/fphys.2024.1352242,DK025061-49
136625,"Marc Lionel Reitman, BS, MD, PhD",38657735.0,10.1016/j.molmet.2024.101946,DK075064-13
136625,"Marc Lionel Reitman, BS, MD, PhD",38683977.0,10.1073/pnas.2311116121,DK075064-13
136625,"Marc Lionel Reitman, BS, MD, PhD",39067024.0,10.1016/j.celrep.2024.114501,DK075064-13
136625,"Marc Lionel Reitman, BS, MD, PhD",37812612.0,10.1371/journal.pone.0292610,DK075064-13
136509,"T. Jake  Liang, MD",37154158.0,10.1172/jci.insight.162404,DK054503-28
136509,"T. Jake  Liang, MD",37225764.0,10.1038/s42003-023-04923-x,DK054503-28
136509,"T. Jake  Liang, MD",36896966.0,10.1097/HEP.0000000000000335,DK054503-28
136549,"Kenneth A Jacobson, BA, MS, PhD",37683539.0,10.1016/j.bioorg.2023.106796,DK031127-18
136549,"Kenneth A Jacobson, BA, MS, PhD",39112705.0,10.1038/s41586-024-07739-9,DK031127-18
136818,"Angela Patricia King-Herbert, DVM",38232086.0,10.1371/journal.pone.0296699,ES103376-03
136818,"Angela Patricia King-Herbert, DVM",37578898.0,10.1165/rcmb.2023-0007OC,ES103376-03
136818,"Angela Patricia King-Herbert, DVM",38719065.0,10.1016/j.envres.2024.119075,ES103376-03
136818,"Angela Patricia King-Herbert, DVM",37158481.0,10.1177/01926233231171101,ES103376-03
136818,"Angela Patricia King-Herbert, DVM",36749982.0,10.22427/NTP-TOX-106,ES103376-03
136818,"Angela Patricia King-Herbert, DVM",36999846.0,10.22427/NTP-TOX-98,ES103376-03
136818,"Angela Patricia King-Herbert, DVM",36843608.0,10.3389/fendo.2023.1090081,ES103376-03
136818,"Angela Patricia King-Herbert, DVM",37009983.0,10.1177/01926233231157322,ES103376-03
136818,"Arun Kumar Reddy Pandiri, PhD, BVSc, MS",38232086.0,10.1371/journal.pone.0296699,ES103376-03
136818,"Arun Kumar Reddy Pandiri, PhD, BVSc, MS",37578898.0,10.1165/rcmb.2023-0007OC,ES103376-03
136818,"Arun Kumar Reddy Pandiri, PhD, BVSc, MS",38719065.0,10.1016/j.envres.2024.119075,ES103376-03
136818,"Arun Kumar Reddy Pandiri, PhD, BVSc, MS",37158481.0,10.1177/01926233231171101,ES103376-03
136818,"Arun Kumar Reddy Pandiri, PhD, BVSc, MS",36749982.0,10.22427/NTP-TOX-106,ES103376-03
136818,"Arun Kumar Reddy Pandiri, PhD, BVSc, MS",36999846.0,10.22427/NTP-TOX-98,ES103376-03
136818,"Arun Kumar Reddy Pandiri, PhD, BVSc, MS",36843608.0,10.3389/fendo.2023.1090081,ES103376-03
136818,"Arun Kumar Reddy Pandiri, PhD, BVSc, MS",37009983.0,10.1177/01926233231157322,ES103376-03
136818,"Gregory  Travlos, DVM",38232086.0,10.1371/journal.pone.0296699,ES103376-03
136818,"Gregory  Travlos, DVM",37578898.0,10.1165/rcmb.2023-0007OC,ES103376-03
136818,"Gregory  Travlos, DVM",38719065.0,10.1016/j.envres.2024.119075,ES103376-03
136818,"Gregory  Travlos, DVM",37158481.0,10.1177/01926233231171101,ES103376-03
136818,"Gregory  Travlos, DVM",36749982.0,10.22427/NTP-TOX-106,ES103376-03
136818,"Gregory  Travlos, DVM",36999846.0,10.22427/NTP-TOX-98,ES103376-03
136818,"Gregory  Travlos, DVM",36843608.0,10.3389/fendo.2023.1090081,ES103376-03
136818,"Gregory  Travlos, DVM",37009983.0,10.1177/01926233231157322,ES103376-03
136818,"Mark  Cesta, DVM, PhD",38232086.0,10.1371/journal.pone.0296699,ES103376-03
136818,"Mark  Cesta, DVM, PhD",37578898.0,10.1165/rcmb.2023-0007OC,ES103376-03
136818,"Mark  Cesta, DVM, PhD",38719065.0,10.1016/j.envres.2024.119075,ES103376-03
136818,"Mark  Cesta, DVM, PhD",37158481.0,10.1177/01926233231171101,ES103376-03
136818,"Mark  Cesta, DVM, PhD",36749982.0,10.22427/NTP-TOX-106,ES103376-03
136818,"Mark  Cesta, DVM, PhD",36999846.0,10.22427/NTP-TOX-98,ES103376-03
136818,"Mark  Cesta, DVM, PhD",36843608.0,10.3389/fendo.2023.1090081,ES103376-03
136818,"Mark  Cesta, DVM, PhD",37009983.0,10.1177/01926233231157322,ES103376-03
136818,"Ronald Austin Herbert, BS, DVM, PhD",38232086.0,10.1371/journal.pone.0296699,ES103376-03
136818,"Ronald Austin Herbert, BS, DVM, PhD",37578898.0,10.1165/rcmb.2023-0007OC,ES103376-03
136818,"Ronald Austin Herbert, BS, DVM, PhD",38719065.0,10.1016/j.envres.2024.119075,ES103376-03
136818,"Ronald Austin Herbert, BS, DVM, PhD",37158481.0,10.1177/01926233231171101,ES103376-03
136818,"Ronald Austin Herbert, BS, DVM, PhD",36749982.0,10.22427/NTP-TOX-106,ES103376-03
136818,"Ronald Austin Herbert, BS, DVM, PhD",36999846.0,10.22427/NTP-TOX-98,ES103376-03
136818,"Ronald Austin Herbert, BS, DVM, PhD",36843608.0,10.3389/fendo.2023.1090081,ES103376-03
136818,"Ronald Austin Herbert, BS, DVM, PhD",37009983.0,10.1177/01926233231157322,ES103376-03
136724,"Perry Justin Blackshear, DPhil, MD",37462673.0,10.1096/fj.202300757R,ES090080-27
136724,"Perry Justin Blackshear, DPhil, MD",37824071.0,10.1007/978-1-0716-3481-3_11,ES090080-27
136724,"Perry Justin Blackshear, DPhil, MD",37903626.0,10.26508/lsa.202302222,ES090080-27
136724,"Perry Justin Blackshear, DPhil, MD",37535204.0,10.1007/s11357-023-00879-2,ES090080-27
136724,"Perry Justin Blackshear, DPhil, MD",38883724.0,10.21203/rs.3.rs-4414130/v1,ES090080-27
136724,"Perry Justin Blackshear, DPhil, MD",39117638.0,10.1038/s41419-024-06964-4,ES090080-27
136724,"Perry Justin Blackshear, DPhil, MD",38038723.0,10.1096/fj.202301703R,ES090080-27
136766,"Shanshan  Zhao, PhD",38755683.0,10.1186/s12940-024-01088-w,ES103307-10
136739,"Carmen Judson Williams, BSEE, MD, PhD",37856394.0,,ES102405-17
136739,"Carmen Judson Williams, BSEE, MD, PhD",37856394.0,10.1016/B978-0-443-21477-6.00065-1,ES102405-17
136739,"Carmen Judson Williams, BSEE, MD, PhD",37856394.0,10.1371/journal.pbio.3002334,ES102405-17
136739,"Carmen Judson Williams, BSEE, MD, PhD",38227347.0,10.1289/EHP12996,ES102405-17
136797,"Anant Bhikhu Parekh, PhD",37841523.0,10.1093/function/zqad047,ES103353-05
136797,"Anant Bhikhu Parekh, PhD",38054814.0,10.1113/JP284931,ES103353-05
136731,"Leping  Li, PhD",37841286.0,10.3389/fncel.2023.1259380,ES101765-21
136731,"Leping  Li, PhD",37581941.0,10.1172/jci.insight.168161,ES101765-21
136731,"Leping  Li, PhD",38901189.0,10.1016/j.compbiomed.2024.108777,ES101765-21
136731,"Leping  Li, PhD",37476396.0,10.3389/frsle.2023.1102391,ES101765-21
136731,"Leping  Li, PhD",38410055.0,10.1111/jsr.14187,ES101765-21
136798,"Janet E Hall, MD",38643701.0,10.1016/j.ijmedinf.2024.105461,ES103354-05
136798,"Janet E Hall, MD",38425336.0,10.1093/exposome/osae003,ES103354-05
136798,"Janet E Hall, MD",38450326.0,10.1093/exposome/osae002,ES103354-05
136798,"Janet E Hall, MD",36460922.0,10.1038/s41370-022-00502-0,ES103354-05
136770,"Natalie Dara Shaw, MD",37283961.0,10.1210/jendso/bvac146,ES103315-09
136812,"Carlos Manuel Guardia, PhD",38934375.0,10.1096/fj.202302267R,ES103370-03
136812,"Carlos Manuel Guardia, PhD",37122256.0,10.1098/rspb.2023.0124,ES103370-03
136812,"Carlos Manuel Guardia, PhD",35838483.0,10.1080/15548627.2022.2093028,ES103370-03
136747,"Negin  Martin, PhD",38880195.0,10.1016/j.antiviral.2024.105934,ES102506-17
136747,"Negin  Martin, PhD",37085578.0,10.1038/s42003-023-04814-1,ES102506-17
136747,"Negin  Martin, PhD",37762531.0,10.3390/ijms241814228,ES102506-17
136747,"Jerrel Louis Yakel, PhD",38880195.0,10.1016/j.antiviral.2024.105934,ES102506-17
136747,"Jerrel Louis Yakel, PhD",37085578.0,10.1038/s42003-023-04814-1,ES102506-17
136747,"Jerrel Louis Yakel, PhD",37762531.0,10.3390/ijms241814228,ES102506-17
136823,"Stephen  Ferguson, PhD",37555834.0,10.1093/toxsci/kfad080,ES103381-03
136823,"Stephen  Ferguson, PhD",37900350.0,10.1017/cts.2023.619,ES103381-03
136823,"Stephen  Ferguson, PhD",38898799.0,10.14573/altex.2403261,ES103381-03
136823,"Stephen  Ferguson, PhD",37892925.0,10.3390/bioengineering10101195,ES103381-03
136823,"Stephen  Ferguson, PhD",38917890.0,10.1016/j.taap.2024.117015,ES103381-03
136823,"Stephen  Ferguson, PhD",38776814.0,10.1016/j.jhazmat.2024.134642,ES103381-03
136823,"Stephen  Ferguson, PhD",37910202.0,10.1007/s00216-023-05004-y,ES103381-03
136823,"Stephen  Ferguson, PhD",38626992.0,10.1124/dmd.124.001488,ES103381-03
136823,"Scott Alexander Masten, PhD",37555834.0,10.1093/toxsci/kfad080,ES103381-03
136823,"Scott Alexander Masten, PhD",37900350.0,10.1017/cts.2023.619,ES103381-03
136823,"Scott Alexander Masten, PhD",38898799.0,10.14573/altex.2403261,ES103381-03
136823,"Scott Alexander Masten, PhD",37892925.0,10.3390/bioengineering10101195,ES103381-03
136823,"Scott Alexander Masten, PhD",38917890.0,10.1016/j.taap.2024.117015,ES103381-03
136823,"Scott Alexander Masten, PhD",38776814.0,10.1016/j.jhazmat.2024.134642,ES103381-03
136823,"Scott Alexander Masten, PhD",37910202.0,10.1007/s00216-023-05004-y,ES103381-03
136823,"Scott Alexander Masten, PhD",38626992.0,10.1124/dmd.124.001488,ES103381-03
136823,"Suril Snehal Mehta, DrPH",37555834.0,10.1093/toxsci/kfad080,ES103381-03
136823,"Suril Snehal Mehta, DrPH",37900350.0,10.1017/cts.2023.619,ES103381-03
136823,"Suril Snehal Mehta, DrPH",38898799.0,10.14573/altex.2403261,ES103381-03
136823,"Suril Snehal Mehta, DrPH",37892925.0,10.3390/bioengineering10101195,ES103381-03
136823,"Suril Snehal Mehta, DrPH",38917890.0,10.1016/j.taap.2024.117015,ES103381-03
136823,"Suril Snehal Mehta, DrPH",38776814.0,10.1016/j.jhazmat.2024.134642,ES103381-03
136823,"Suril Snehal Mehta, DrPH",37910202.0,10.1007/s00216-023-05004-y,ES103381-03
136823,"Suril Snehal Mehta, DrPH",38626992.0,10.1124/dmd.124.001488,ES103381-03
136819,"Mary Smith Wolfe, PhD",37988482.0,,ES103377-03
136819,"Mary Smith Wolfe, PhD",37584675.0,10.1093/toxsci/kfad083,ES103377-03
136819,"Mary Smith Wolfe, PhD",38127057.0,10.22427/NTP-TR-603,ES103377-03
136819,"Mary Smith Wolfe, PhD",38809813.0,10.22427/NTP-TR-604,ES103377-03
136819,"Nigel John Walker, PhD",37988482.0,,ES103377-03
136819,"Nigel John Walker, PhD",37584675.0,10.1093/toxsci/kfad083,ES103377-03
136819,"Nigel John Walker, PhD",38127057.0,10.22427/NTP-TR-603,ES103377-03
136819,"Nigel John Walker, PhD",38809813.0,10.22427/NTP-TR-604,ES103377-03
136819,"Scott Alexander Masten, PhD",37988482.0,,ES103377-03
136819,"Scott Alexander Masten, PhD",37584675.0,10.1093/toxsci/kfad083,ES103377-03
136819,"Scott Alexander Masten, PhD",38127057.0,10.22427/NTP-TR-603,ES103377-03
136819,"Scott Alexander Masten, PhD",38809813.0,10.22427/NTP-TR-604,ES103377-03
136737,"Clarice  Weinberg, PhD",38723632.0,10.1016/j.ajhg.2024.04.011,ES102245-18
136737,"Clarice  Weinberg, PhD",38266360.0,10.1016/j.maturitas.2024.107916,ES102245-18
136737,"Clarice  Weinberg, PhD",37467056.0,10.1093/jnci/djad117,ES102245-18
136737,"Clarice  Weinberg, PhD",38358741.0,10.1001/jamanetworkopen.2023.56113,ES102245-18
136737,"Clarice  Weinberg, PhD",37451831.0,10.1136/jmg-2023-109185,ES102245-18
136737,"Clarice  Weinberg, PhD",37559094.0,10.1186/s13058-023-01691-8,ES102245-18
136737,"Clarice  Weinberg, PhD",36703164.0,10.1186/s13073-022-01152-5,ES102245-18
136737,"Clarice  Weinberg, PhD",38748950.0,10.1200/JCO.23.02037,ES102245-18
136737,"Clarice  Weinberg, PhD",38263910.0,10.1093/hmg/ddae002,ES102245-18
136737,"Clarice  Weinberg, PhD",38377945.0,10.1016/j.canep.2024.102545,ES102245-18
136737,"Clarice  Weinberg, PhD",37828137.0,10.1038/s41598-023-42993-3,ES102245-18
136737,"Clarice  Weinberg, PhD",38242893.0,10.1038/s41598-023-50506-5,ES102245-18
136737,"Clarice  Weinberg, PhD",38112642.0,10.1158/2767-9764.CRC-23-0205,ES102245-18
136737,"Clarice  Weinberg, PhD",38405619.0,10.1016/j.envadv.2024.100496,ES102245-18
136737,"Clarice  Weinberg, PhD",36623243.0,10.1200/JCO.22.01239,ES102245-18
136816,"Kristen Rae Ryan, PhD",37998895.0,10.3390/jof9111090,ES103374-03
136816,"Michelle Jeannette Hooth, PhD",37998895.0,10.3390/jof9111090,ES103374-03
136830,"Shyamal  Peddada, PhD",38158428.0,10.1038/s41592-023-02092-7,ES103389-02
136830,"Shyamal  Peddada, PhD",37372419.0,10.3390/genes14061239,ES103389-02
136771,"Kelly Kay Ferguson, PhD",37708814.0,10.1016/j.envint.2023.108194,ES103321-09
136771,"Kelly Kay Ferguson, PhD",38968832.0,10.1016/j.envint.2024.108866,ES103321-09
136771,"Kelly Kay Ferguson, PhD",38968089.0,10.1289/EHP14647,ES103321-09
136771,"Kelly Kay Ferguson, PhD",38782334.0,10.1016/j.envres.2024.119205,ES103321-09
136771,"Kelly Kay Ferguson, PhD",37634691.0,10.1016/j.envres.2023.116967,ES103321-09
136771,"Kelly Kay Ferguson, PhD",38768789.0,10.1016/j.chemosphere.2024.142363,ES103321-09
136771,"Kelly Kay Ferguson, PhD",38262546.0,10.1016/j.freeradbiomed.2024.01.022,ES103321-09
136771,"Kelly Kay Ferguson, PhD",38117586.0,10.1289/EHP12831,ES103321-09
136768,"Guohong  Cui, MD, PhD",38547869.0,10.1016/j.neuron.2024.03.001,ES103310-09
136768,"Guohong  Cui, MD, PhD",36623805.0,10.1016/j.neuropharm.2022.109397,ES103310-09
136721,"Trevor Keith Archer, BSc, PhD",36801810.0,10.26508/lsa.202201770,ES071006-26
136721,"Trevor Keith Archer, BSc, PhD",38427725.0,10.1126/sciadv.adj5107,ES071006-26
136721,"Trevor Keith Archer, BSc, PhD",38625038.0,10.1158/2767-9764.CRC-23-0476,ES071006-26
136721,"Trevor Keith Archer, BSc, PhD",38811575.0,10.1038/s41467-024-48911-z,ES071006-26
136721,"Trevor Keith Archer, BSc, PhD",38825983.0,10.1093/stmcls/sxae039,ES071006-26
136821,"Andrew Anthony Rooney, PhD",38574841.0,10.1016/j.yrtph.2024.105614,ES103379-03
136821,"Andrew Anthony Rooney, PhD",38043324.0,10.1016/j.envint.2023.108298,ES103379-03
136821,"Andrew Anthony Rooney, PhD",37972849.0,10.1016/j.yrtph.2023.105525,ES103379-03
136821,"Andrew Anthony Rooney, PhD",38349723.0,10.1289/EHP13215,ES103379-03
136821,"Andrew Anthony Rooney, PhD",38306193.0,10.1289/EHP13882,ES103379-03
136821,"Andrew Anthony Rooney, PhD",36345811.0,10.1002/bdr2.2120,ES103379-03
136821,"Andrew Anthony Rooney, PhD",38555664.0,10.1016/j.envint.2024.108602,ES103379-03
136821,"Andrew Anthony Rooney, PhD",37584675.0,10.1093/toxsci/kfad083,ES103379-03
136821,"Andrew Anthony Rooney, PhD",37152101.0,10.1080/26895293.2023.2167869,ES103379-03
136821,"Andrew Anthony Rooney, PhD",38378618.0,10.1186/s13321-024-00814-3,ES103379-03
136821,"Andrew Anthony Rooney, PhD",39106156.0,10.1289/EHP14001,ES103379-03
136821,"Andrew Anthony Rooney, PhD",37783441.0,10.1016/j.ntt.2023.107301,ES103379-03
136821,"Andrew Anthony Rooney, PhD",37762531.0,10.3390/ijms241814228,ES103379-03
136821,"Andrew Anthony Rooney, PhD",39152469.0,10.1186/s13321-024-00894-1,ES103379-03
136821,"Andrew Anthony Rooney, PhD",36749982.0,10.22427/NTP-TOX-106,ES103379-03
136821,"Andrew Anthony Rooney, PhD",36849026.0,10.1016/j.tiv.2023.105577,ES103379-03
136821,"Andrew Anthony Rooney, PhD",38810806.0,10.1016/j.chemosphere.2024.142442,ES103379-03
136821,"Andrew Anthony Rooney, PhD",37250531.0,10.1016/j.toxrep.2023.05.003,ES103379-03
136821,"Andrew Anthony Rooney, PhD",37754843.0,10.3390/jox13030031,ES103379-03
136821,"Andrew Anthony Rooney, PhD",38227347.0,10.1289/EHP12996,ES103379-03
136821,"Andrew Anthony Rooney, PhD",38264543.0,10.1080/2833373x.2023.2232415,ES103379-03
136821,"Andrew Anthony Rooney, PhD",38811800.0,10.1038/s41370-024-00690-x,ES103379-03
136821,"Andrew Anthony Rooney, PhD",37948866.0,10.1016/j.envint.2023.108307,ES103379-03
136821,"Andrew Anthony Rooney, PhD",37009983.0,10.1177/01926233231157322,ES103379-03
136821,"Andrew Anthony Rooney, PhD",38964352.0,10.1093/toxsci/kfae083,ES103379-03
136821,"Kyla Welch Taylor, PhD",38574841.0,10.1016/j.yrtph.2024.105614,ES103379-03
136821,"Kyla Welch Taylor, PhD",38043324.0,10.1016/j.envint.2023.108298,ES103379-03
136821,"Kyla Welch Taylor, PhD",37972849.0,10.1016/j.yrtph.2023.105525,ES103379-03
136821,"Kyla Welch Taylor, PhD",38349723.0,10.1289/EHP13215,ES103379-03
136821,"Kyla Welch Taylor, PhD",38306193.0,10.1289/EHP13882,ES103379-03
136821,"Kyla Welch Taylor, PhD",36345811.0,10.1002/bdr2.2120,ES103379-03
136821,"Kyla Welch Taylor, PhD",38555664.0,10.1016/j.envint.2024.108602,ES103379-03
136821,"Kyla Welch Taylor, PhD",37584675.0,10.1093/toxsci/kfad083,ES103379-03
136821,"Kyla Welch Taylor, PhD",37152101.0,10.1080/26895293.2023.2167869,ES103379-03
136821,"Kyla Welch Taylor, PhD",38378618.0,10.1186/s13321-024-00814-3,ES103379-03
136821,"Kyla Welch Taylor, PhD",39106156.0,10.1289/EHP14001,ES103379-03
136821,"Kyla Welch Taylor, PhD",37783441.0,10.1016/j.ntt.2023.107301,ES103379-03
136821,"Kyla Welch Taylor, PhD",37762531.0,10.3390/ijms241814228,ES103379-03
136821,"Kyla Welch Taylor, PhD",39152469.0,10.1186/s13321-024-00894-1,ES103379-03
136821,"Kyla Welch Taylor, PhD",36749982.0,10.22427/NTP-TOX-106,ES103379-03
136821,"Kyla Welch Taylor, PhD",36849026.0,10.1016/j.tiv.2023.105577,ES103379-03
136821,"Kyla Welch Taylor, PhD",38810806.0,10.1016/j.chemosphere.2024.142442,ES103379-03
136821,"Kyla Welch Taylor, PhD",37250531.0,10.1016/j.toxrep.2023.05.003,ES103379-03
136821,"Kyla Welch Taylor, PhD",37754843.0,10.3390/jox13030031,ES103379-03
136821,"Kyla Welch Taylor, PhD",38227347.0,10.1289/EHP12996,ES103379-03
136821,"Kyla Welch Taylor, PhD",38264543.0,10.1080/2833373x.2023.2232415,ES103379-03
136821,"Kyla Welch Taylor, PhD",38811800.0,10.1038/s41370-024-00690-x,ES103379-03
136821,"Kyla Welch Taylor, PhD",37948866.0,10.1016/j.envint.2023.108307,ES103379-03
136821,"Kyla Welch Taylor, PhD",37009983.0,10.1177/01926233231157322,ES103379-03
136821,"Kyla Welch Taylor, PhD",38964352.0,10.1093/toxsci/kfae083,ES103379-03
136836,Mary Vanellys Diaz-Santana,38863127.0,10.1093/aje/kwae104,ES103395-02
136829,"Benedict Nchang Anchang, PhD",38113074.0,10.1093/bib/bbad455,ES103388-03
136744,"Carl  Bortner, PhD",36800423.0,10.1126/sciadv.abq7744,ES102486-17
136744,"Carl  Bortner, PhD",37371096.0,10.3390/cells12121626,ES102486-17
136744,"Carl  Bortner, PhD",37903626.0,10.26508/lsa.202302222,ES102486-17
136740,"Manas Kumar Ray, PhD",37742819.0,10.1016/j.vph.2023.107235,ES102425-17
136740,"Manas Kumar Ray, PhD",37489832.0,10.1096/fj.202300862R,ES102425-17
136740,"Manas Kumar Ray, PhD",38703044.0,10.1002/dvg.23601,ES102425-17
136740,"Manas Kumar Ray, PhD",36741535.0,10.1039/d2sc05147h,ES102425-17
136802,"Elizabeta  Gjoneska, PhD",37642942.0,10.1084/jem.20222105,ES103359-05
136728,"Serena Marie Dudek, PhD",38807480.0,10.1002/rcm.9775,ES100221-23
136728,"Serena Marie Dudek, PhD",38497661.0,10.1002/cne.25603,ES100221-23
136698,"David Miley Kurtz, PhD, DVM",35981855.0,10.30802/AALAS-CM-21-000092,ES022120-27
136698,"David Miley Kurtz, PhD, DVM",36755207.0,10.30802/AALAS-JAALAS-22-000066,ES022120-27
136791,"Kelly Kay Ferguson, PhD",38970902.0,10.1093/humrep/deae152,ES103344-05
136741,"Kevin E Gerrish, PhD",38075021.0,10.1016/j.ynstr.2023.100589,ES102445-17
136741,"Kevin E Gerrish, PhD",38791569.0,10.3390/ijms25105522,ES102445-17
136741,"Kevin E Gerrish, PhD",38706609.0,10.3389/fonc.2024.1393930,ES102445-17
136741,"Kevin E Gerrish, PhD",37903626.0,10.26508/lsa.202302222,ES102445-17
136741,"Kevin E Gerrish, PhD",38825983.0,10.1093/stmcls/sxae039,ES102445-17
136736,"Xiaoling  Li, PhD",37996424.0,10.1038/s41419-023-06221-0,ES102205-18
136736,"Xiaoling  Li, PhD",38175716.0,10.1172/JCI170490,ES102205-18
136719,"Roeland  Schaaper, PhD",36738688.0,10.1016/j.dnarep.2023.103462,ES065086-29
136776,"Mario J Borgnia, DSc",37832548.0,10.1016/j.molcel.2023.09.024,ES103326-08
136776,"Mario J Borgnia, DSc",38545462.0,10.1016/j.bbrep.2024.101687,ES103326-08
136776,"Mario J Borgnia, DSc",37231153.0,10.1038/s41594-023-00991-z,ES103326-08
136776,"Mario J Borgnia, DSc",38915480.0,10.1101/2024.06.14.599074,ES103326-08
136776,"Mario J Borgnia, DSc",39106165.0,10.1093/nar/gkae670,ES103326-08
136776,"Mario J Borgnia, DSc",38932681.0,10.1093/nar/gkae539,ES103326-08
136776,"Mario J Borgnia, DSc",39083421.0,10.1021/acscatal.4c00677,ES103326-08
136776,"Mario J Borgnia, DSc",39083421.0,10.1073/pnas.2314087121,ES103326-08
136790,"Stavros  Garantziotis, MD, PhD",36719087.0,10.1152/ajplung.00282.2022,ES103342-05
136800,Matthew Wayne Wheeler,37061082.0,10.1016/j.yrtph.2023.105389,ES103357-05
136800,Matthew Wayne Wheeler,36589902.0,10.1002/env.2728,ES103357-05
136753,"Lars  Pedersen, PhD",38428373.0,10.1016/j.dnarep.2024.103645,ES102645-16
136753,"Lars  Pedersen, PhD",38002285.0,10.3390/biom13111603,ES102645-16
136753,"Lars  Pedersen, PhD",38265424.0,10.7554/eLife.90192,ES102645-16
136753,"Lars  Pedersen, PhD",38346116.0,10.1093/cei/uxae005,ES102645-16
136753,"Lars  Pedersen, PhD",38168500.0,10.1111/cea.14433,ES102645-16
136754,"David Benjamin Resnik, PhD",38010310.0,10.1080/08989621.2023.2287046,ES102646-16
136754,"David Benjamin Resnik, PhD",37994350.0,,ES102646-16
136754,"David Benjamin Resnik, PhD",38770187.0,10.1007/s43681-023-00277-6,ES102646-16
136754,"David Benjamin Resnik, PhD",36843654.0,10.1007/s10838-022-09633-2,ES102646-16
136699,"Darryl Craig Zeldin, MD",38574841.0,10.1016/j.yrtph.2024.105614,ES025034-30
136699,"Darryl Craig Zeldin, MD",38679211.0,10.1016/j.bcp.2024.116237,ES025034-30
136699,"Darryl Craig Zeldin, MD",38786655.0,10.1096/fj.202302202RR,ES025034-30
136727,"Anton Marinus Jetten, PhD",38281222.0,10.1007/s00018-024-05113-6,ES100485-23
136727,"Anton Marinus Jetten, PhD",37524076.0,10.1021/jasms.3c00220,ES100485-23
136727,"Anton Marinus Jetten, PhD",38693102.0,10.1038/s41467-024-48025-6,ES100485-23
136767,"Shanshan  Zhao, PhD",37821066.0,10.1016/j.envres.2023.117349,ES103308-10
136767,"Shanshan  Zhao, PhD",38052359.0,10.1016/j.envres.2023.117819,ES103308-10
136767,"Shanshan  Zhao, PhD",38199042.0,10.1016/j.ebiom.2023.104956,ES103308-10
136767,"Shanshan  Zhao, PhD",38755683.0,10.1186/s12940-024-01088-w,ES103308-10
136767,"Shanshan  Zhao, PhD",37415812.0,10.3389/fmicb.2023.1202194,ES103308-10
136767,"Shanshan  Zhao, PhD",36606409.0,10.1111/biom.13821,ES103308-10
136746,"Jason Grant Williams, PhD",37832548.0,10.1016/j.molcel.2023.09.024,ES102488-17
136746,"Jason Grant Williams, PhD",37231153.0,10.1038/s41594-023-00991-z,ES102488-17
136746,"Jason Grant Williams, PhD",38932681.0,10.1093/nar/gkae539,ES102488-17
136746,"Jason Grant Williams, PhD",37824216.0,10.1172/jci.insight.164380,ES102488-17
136746,"Leesa Jean Deterding, PhD",37832548.0,10.1016/j.molcel.2023.09.024,ES102488-17
136746,"Leesa Jean Deterding, PhD",37231153.0,10.1038/s41594-023-00991-z,ES102488-17
136746,"Leesa Jean Deterding, PhD",38932681.0,10.1093/nar/gkae539,ES102488-17
136746,"Leesa Jean Deterding, PhD",37824216.0,10.1172/jci.insight.164380,ES102488-17
136755,"Patricia  Jensen, PhD",38703044.0,10.1002/dvg.23601,ES102805-15
136755,"Patricia  Jensen, PhD",38908504.0,10.1016/j.pnpbp.2024.111063,ES102805-15
136755,"Patricia  Jensen, PhD",38058990.0,10.1016/j.bpsgos.2023.10.001,ES102805-15
136822,"Georgia Kate Roberts, PhD",38349723.0,10.1289/EHP13215,ES103380-03
136822,"Georgia Kate Roberts, PhD",37892925.0,10.3390/bioengineering10101195,ES103380-03
136822,"Georgia Kate Roberts, PhD",38917890.0,10.1016/j.taap.2024.117015,ES103380-03
136822,"Georgia Kate Roberts, PhD",37783441.0,10.1016/j.ntt.2023.107301,ES103380-03
136822,"Georgia Kate Roberts, PhD",38626992.0,10.1124/dmd.124.001488,ES103380-03
136822,"Michelle Jeannette Hooth, PhD",38349723.0,10.1289/EHP13215,ES103380-03
136822,"Michelle Jeannette Hooth, PhD",37892925.0,10.3390/bioengineering10101195,ES103380-03
136822,"Michelle Jeannette Hooth, PhD",38917890.0,10.1016/j.taap.2024.117015,ES103380-03
136822,"Michelle Jeannette Hooth, PhD",37783441.0,10.1016/j.ntt.2023.107301,ES103380-03
136822,"Michelle Jeannette Hooth, PhD",38626992.0,10.1124/dmd.124.001488,ES103380-03
136822,"Mark Frederick Miller, PhD",38349723.0,10.1289/EHP13215,ES103380-03
136822,"Mark Frederick Miller, PhD",37892925.0,10.3390/bioengineering10101195,ES103380-03
136822,"Mark Frederick Miller, PhD",38917890.0,10.1016/j.taap.2024.117015,ES103380-03
136822,"Mark Frederick Miller, PhD",37783441.0,10.1016/j.ntt.2023.107301,ES103380-03
136822,"Mark Frederick Miller, PhD",38626992.0,10.1124/dmd.124.001488,ES103380-03
136822,"Scott Alexander Masten, PhD",38349723.0,10.1289/EHP13215,ES103380-03
136822,"Scott Alexander Masten, PhD",37892925.0,10.3390/bioengineering10101195,ES103380-03
136822,"Scott Alexander Masten, PhD",38917890.0,10.1016/j.taap.2024.117015,ES103380-03
136822,"Scott Alexander Masten, PhD",37783441.0,10.1016/j.ntt.2023.107301,ES103380-03
136822,"Scott Alexander Masten, PhD",38626992.0,10.1124/dmd.124.001488,ES103380-03
136785,"Alison A Motsinger-Reif, PhD",38113074.0,10.1093/bib/bbad455,ES103337-06
136785,"Alison A Motsinger-Reif, PhD",38344436.0,10.1093/exposome/osae001,ES103337-06
136785,"Alison A Motsinger-Reif, PhD",38872937.0,10.1016/j.comtox.2023.100294,ES103337-06
136785,"Alison A Motsinger-Reif, PhD",36638125.0,10.1371/journal.pone.0280387,ES103337-06
136785,"Alison A Motsinger-Reif, PhD",36909352.0,10.1016/j.comtox.2022.100259,ES103337-06
136705,"Lalith   Perera, PHD",38002285.0,10.3390/biom13111603,ES043010-39
136705,"William Chenery Copeland, PhD",38002285.0,10.3390/biom13111603,ES043010-39
136720,"Thomas Anthony Kunkel, PhD",39016170.0,10.1093/nar/gkae616,ES065089-28
136779,"Jesse Daniel Cushman, PhD",38810714.0,10.1016/j.physbeh.2024.114595,ES103330-07
136779,"Jesse Daniel Cushman, PhD",38406178.0,10.1117/1.NPh.11.1.014305,ES103330-07
136779,"Jesse Daniel Cushman, PhD",38331584.0,10.1523/JNEUROSCI.1313-23.2024,ES103330-07
136779,"Jesse Daniel Cushman, PhD",37838945.0,10.1016/j.celrep.2023.113267,ES103330-07
136779,"Jesse Daniel Cushman, PhD",37216102.0,10.1016/j.isci.2023.106732,ES103330-07
136779,"Jesse Daniel Cushman, PhD",37746145.0,10.3389/fnins.2023.1244118,ES103330-07
136779,"Jesse Daniel Cushman, PhD",38533639.0,10.1161/CIRCRESAHA.123.323464,ES103330-07
136779,"Jesse Daniel Cushman, PhD",38058990.0,10.1016/j.bpsgos.2023.10.001,ES103330-07
136779,"Jerrel Louis Yakel, PhD",38810714.0,10.1016/j.physbeh.2024.114595,ES103330-07
136779,"Jerrel Louis Yakel, PhD",38406178.0,10.1117/1.NPh.11.1.014305,ES103330-07
136779,"Jerrel Louis Yakel, PhD",38331584.0,10.1523/JNEUROSCI.1313-23.2024,ES103330-07
136779,"Jerrel Louis Yakel, PhD",37838945.0,10.1016/j.celrep.2023.113267,ES103330-07
136779,"Jerrel Louis Yakel, PhD",37216102.0,10.1016/j.isci.2023.106732,ES103330-07
136779,"Jerrel Louis Yakel, PhD",37746145.0,10.3389/fnins.2023.1244118,ES103330-07
136779,"Jerrel Louis Yakel, PhD",38533639.0,10.1161/CIRCRESAHA.123.323464,ES103330-07
136779,"Jerrel Louis Yakel, PhD",38058990.0,10.1016/j.bpsgos.2023.10.001,ES103330-07
136745,"Robert Michael Petrovich, PhD",38168500.0,10.1111/cea.14433,ES102487-17
136714,"Dale   Sandler, PhD",36629488.0,10.1093/jnci/djac242,ES049030-28
136714,"Dale   Sandler, PhD",38055050.0,10.1289/EHP12834,ES049030-28
136714,"Dale   Sandler, PhD",38191926.0,10.1038/s41370-023-00625-y,ES049030-28
136714,"Dale   Sandler, PhD",38354883.0,10.1016/j.envres.2024.118464,ES049030-28
136714,"Dale   Sandler, PhD",38052359.0,10.1016/j.envres.2023.117819,ES049030-28
136714,"Dale   Sandler, PhD",37659638.0,10.1016/j.envres.2023.117063,ES049030-28
136714,"Dale   Sandler, PhD",39026261.0,10.1186/s40168-024-01823-y,ES049030-28
136714,"Dale   Sandler, PhD",37862860.0,10.1016/j.envint.2023.108251,ES049030-28
136714,"Dale   Sandler, PhD",38381478.0,10.1289/EHP13684,ES049030-28
136714,"Dale   Sandler, PhD",37415812.0,10.3389/fmicb.2023.1202194,ES049030-28
136693,"Guang  Hu, PhD",37694147.0,10.1016/j.isci.2023.107616,ES102745-15
136734,"Michael  Fessler, MD",37578898.0,10.1165/rcmb.2023-0007OC,ES102005-19
136734,"Michael  Fessler, MD",38236648.0,10.1172/JCI167633,ES102005-19
136734,"Michael  Fessler, MD",38386777.0,10.1165/rcmb.2023-0390OC,ES102005-19
136712,"Stephanie Joan London, MD, PhD",38052982.0,10.1038/s41380-023-02331-5,ES049019-29
136712,"Stephanie Joan London, MD, PhD",36974632.0,10.2217/epi-2022-0427,ES049019-29
136712,"Stephanie Joan London, MD, PhD",37697338.0,10.1186/s13148-023-01542-5,ES049019-29
136712,"Stephanie Joan London, MD, PhD",36962417.0,10.1371/journal.pgph.0000419,ES049019-29
136712,"Stephanie Joan London, MD, PhD",38195839.0,10.1038/s42003-023-05698-x,ES049019-29
136712,"Stephanie Joan London, MD, PhD",38808605.0,10.1111/acel.14194,ES049019-29
136780,"Joseph  Rodriguez, PhD",38755200.0,10.1038/s41467-024-48562-0,ES103331-06
136780,"Joseph  Rodriguez, PhD",39162226.0,10.1093/nar/gkae696,ES103331-06
136697,"Darlene  Dixon, DVM, PhD",38901254.0,10.1016/j.jhazmat.2024.134772,ES021196-31
136697,"Darlene  Dixon, DVM, PhD",37152101.0,10.1080/26895293.2023.2167869,ES021196-31
136730,"Lisa Georgianne Rider, MD",36657109.0,10.1002/art.42450,ES101081-23
136730,"Lisa Georgianne Rider, MD",36929923.0,10.1093/rheumatology/kead110,ES101081-23
136730,"Lisa Georgianne Rider, MD",36929918.0,10.1093/rheumatology/kead111,ES101081-23
136730,"Lisa Georgianne Rider, MD",37286372.0,10.1093/rheumatology/kead256,ES101081-23
136730,"Lisa Georgianne Rider, MD",36661295.0,10.1093/rheumatology/kead033,ES101081-23
136761,"Carmen Judson Williams, BSEE, MD, PhD",37824328.0,10.1016/j.celrep.2023.113232,ES102985-14
136761,"Carmen Judson Williams, BSEE, MD, PhD",38509386.0,10.1038/s41588-024-01692-z,ES102985-14
136715,"Traci Mariye Tanaka Hall, PhD",38915480.0,10.1101/2024.06.14.599074,ES050165-27
136715,"Traci Mariye Tanaka Hall, PhD",37953271.0,10.1038/s41467-023-43098-1,ES050165-27
136828,"Christopher A McPherson, PhD",38922117.0,10.3390/toxics12060437,ES103387-03
136828,"Christopher A McPherson, PhD",38810714.0,10.1016/j.physbeh.2024.114595,ES103387-03
136828,"Helena Therese Hogberg-Durdock, PhD",38922117.0,10.3390/toxics12060437,ES103387-03
136828,"Helena Therese Hogberg-Durdock, PhD",38810714.0,10.1016/j.physbeh.2024.114595,ES103387-03
136828,"Jui-Hua  Hsieh, PhD",38922117.0,10.3390/toxics12060437,ES103387-03
136828,"Jui-Hua  Hsieh, PhD",38810714.0,10.1016/j.physbeh.2024.114595,ES103387-03
136694,"Scott  Williams, PhD",37592734.0,,ES102765-15
136694,"Scott  Williams, PhD",37592734.0,10.1093/nar/gkad679,ES102765-15
136726,"Douglas  Bell, PhD",37507442.0,10.1038/s41598-023-39313-0,ES100475-23
136726,"Douglas  Bell, PhD",37231515.0,10.1186/s13148-023-01507-8,ES100475-23
136733,"Paul Allen Wade, PhD",37122023.0,10.1186/s13059-023-02938-5,ES101965-20
136733,"Paul Allen Wade, PhD",37020391.0,10.2217/epi-2023-0034,ES101965-20
136733,"Paul Allen Wade, PhD",38281186.0,10.1093/nar/gkae025,ES101965-20
136807,"Charles Patrick Schmitt, PhD",38643701.0,10.1016/j.ijmedinf.2024.105461,ES103364-04
136827,"Helena Therese Hogberg-Durdock, PhD",38574841.0,10.1016/j.yrtph.2024.105614,ES103386-03
136827,"Helena Therese Hogberg-Durdock, PhD",38378618.0,10.1186/s13321-024-00814-3,ES103386-03
136827,"Helena Therese Hogberg-Durdock, PhD",39106156.0,10.1289/EHP14001,ES103386-03
136827,"Helena Therese Hogberg-Durdock, PhD",39152469.0,10.1186/s13321-024-00894-1,ES103386-03
136827,Kamel  Mansouri,38574841.0,10.1016/j.yrtph.2024.105614,ES103386-03
136827,Kamel  Mansouri,38378618.0,10.1186/s13321-024-00814-3,ES103386-03
136827,Kamel  Mansouri,39106156.0,10.1289/EHP14001,ES103386-03
136827,Kamel  Mansouri,39152469.0,10.1186/s13321-024-00894-1,ES103386-03
136827,"Nicole Churchill Kleinstreuer, PhD",38574841.0,10.1016/j.yrtph.2024.105614,ES103386-03
136827,"Nicole Churchill Kleinstreuer, PhD",38378618.0,10.1186/s13321-024-00814-3,ES103386-03
136827,"Nicole Churchill Kleinstreuer, PhD",39106156.0,10.1289/EHP14001,ES103386-03
136827,"Nicole Churchill Kleinstreuer, PhD",39152469.0,10.1186/s13321-024-00894-1,ES103386-03
136827,"Pei-Li  Yao, PhD",38574841.0,10.1016/j.yrtph.2024.105614,ES103386-03
136827,"Pei-Li  Yao, PhD",38378618.0,10.1186/s13321-024-00814-3,ES103386-03
136827,"Pei-Li  Yao, PhD",39106156.0,10.1289/EHP14001,ES103386-03
136827,"Pei-Li  Yao, PhD",39152469.0,10.1186/s13321-024-00894-1,ES103386-03
136749,"Kevin E Gerrish, PhD",37833956.0,10.3390/ijms241914507,ES102546-17
136749,"Kevin E Gerrish, PhD",37890265.0,10.1016/j.envint.2023.108270,ES102546-17
136749,"Kevin E Gerrish, PhD",38358741.0,10.1001/jamanetworkopen.2023.56113,ES102546-17
136749,"Kevin E Gerrish, PhD",38702768.0,10.1093/bioinformatics/btae302,ES102546-17
136758,"Geoffrey  Mueller, BS, PhD",38697404.0,10.1016/j.jaci.2024.04.017,ES102906-15
136758,"Geoffrey  Mueller, BS, PhD",38574841.0,10.1016/j.yrtph.2024.105614,ES102906-15
136758,"Geoffrey  Mueller, BS, PhD",38346116.0,10.1093/cei/uxae005,ES102906-15
136758,"Geoffrey  Mueller, BS, PhD",38168500.0,10.1111/cea.14433,ES102906-15
136716,"Thomas Anthony Kunkel, PhD",38428373.0,10.1016/j.dnarep.2024.103645,ES065070-34
136716,"Thomas Anthony Kunkel, PhD",37968395.0,10.1038/s41586-023-06729-7,ES065070-34
136738,"Stephanie Joan London, MD, PhD",38052359.0,10.1016/j.envres.2023.117819,ES102385-17
136738,"Stephanie Joan London, MD, PhD",38199042.0,10.1016/j.ebiom.2023.104956,ES102385-17
136738,"Stephanie Joan London, MD, PhD",39026261.0,10.1186/s40168-024-01823-y,ES102385-17
136738,"Stephanie Joan London, MD, PhD",38263798.0,10.1111/all.16000,ES102385-17
136831,"Shyamal  Peddada, PhD",37246224.0,10.1186/s12967-023-04199-z,ES103390-02
136825,"Arun Kumar Reddy Pandiri, PhD, BVSc, MS",38232086.0,10.1371/journal.pone.0296699,ES103383-03
136825,"Arun Kumar Reddy Pandiri, PhD, BVSc, MS",37368980.0,10.22427/NTP-TR-602,ES103383-03
136825,"Arun Kumar Reddy Pandiri, PhD, BVSc, MS",37009983.0,10.1177/01926233231157322,ES103383-03
136825,"Hui Shan  Wang, PhD",38232086.0,10.1371/journal.pone.0296699,ES103383-03
136825,"Hui Shan  Wang, PhD",37368980.0,10.22427/NTP-TR-602,ES103383-03
136825,"Hui Shan  Wang, PhD",37009983.0,10.1177/01926233231157322,ES103383-03
136825,"Warren Michael Casey, PhD",38232086.0,10.1371/journal.pone.0296699,ES103383-03
136825,"Warren Michael Casey, PhD",37368980.0,10.22427/NTP-TR-602,ES103383-03
136825,"Warren Michael Casey, PhD",37009983.0,10.1177/01926233231157322,ES103383-03
136764,"David Martin Umbach, PhD, BA, MS",39026261.0,10.1186/s40168-024-01823-y,ES103126-13
136764,"David Martin Umbach, PhD, BA, MS",38901189.0,10.1016/j.compbiomed.2024.108777,ES103126-13
136764,"David Martin Umbach, PhD, BA, MS",38410055.0,10.1111/jsr.14187,ES103126-13
136833,"Francisco Alejandro Montiel Ishino, PhD",38843512.0,10.2196/48076,ES103392-02
136833,"Francisco Alejandro Montiel Ishino, PhD",38509221.0,10.1038/s41598-024-57064-4,ES103392-02
136833,"Francisco Alejandro Montiel Ishino, PhD",37792892.0,10.7189/jogh.13.03051,ES103392-02
136833,"Francisco Alejandro Montiel Ishino, PhD",37097810.0,10.2196/43672,ES103392-02
136833,"Francisco Alejandro Montiel Ishino, PhD",36962397.0,10.1371/journal.pgph.0000831,ES103392-02
136833,"Francisco Alejandro Montiel Ishino, PhD",36600698.0,10.3389/fpsyg.2022.948474,ES103392-02
136826,"Vickie  Walker, BS",38574841.0,10.1016/j.yrtph.2024.105614,ES103385-03
136826,"Vickie  Walker, BS",37194699.0,10.1093/nar/gkad380,ES103385-03
136826,"Vickie  Walker, BS",36702196.0,10.1016/j.yrtph.2023.105340,ES103385-03
136826,"Vickie  Walker, BS",37441091.0,10.3389/ftox.2023.1147608,ES103385-03
136826,"Vickie  Walker, BS",38872937.0,10.1016/j.comtox.2023.100294,ES103385-03
136826,"Vickie  Walker, BS",38349723.0,10.1289/EHP13215,ES103385-03
136826,"Vickie  Walker, BS",39255309.0,10.1371/journal.pcbi.1012423,ES103385-03
136826,"Vickie  Walker, BS",38903859.0,10.3389/ftox.2024.1390196,ES103385-03
136826,"Vickie  Walker, BS",38555664.0,10.1016/j.envint.2024.108602,ES103385-03
136826,"Vickie  Walker, BS",38922117.0,10.3390/toxics12060437,ES103385-03
136826,"Vickie  Walker, BS",38378618.0,10.1186/s13321-024-00814-3,ES103385-03
136826,"Vickie  Walker, BS",37754843.0,10.3390/jox13030031,ES103385-03
136826,"Vickie  Walker, BS",38166637.0,10.1186/s12859-023-05617-1,ES103385-03
136826,"Vickie  Walker, BS",38482198.0,10.3389/ftox.2024.1321857,ES103385-03
136826,"Vickie  Walker, BS",38964352.0,10.1093/toxsci/kfae083,ES103385-03
136826,"Vickie  Walker, BS",36909352.0,10.1016/j.comtox.2022.100259,ES103385-03
136826,"David Michael Reif, PhD",38574841.0,10.1016/j.yrtph.2024.105614,ES103385-03
136826,"David Michael Reif, PhD",37194699.0,10.1093/nar/gkad380,ES103385-03
136826,"David Michael Reif, PhD",36702196.0,10.1016/j.yrtph.2023.105340,ES103385-03
136826,"David Michael Reif, PhD",37441091.0,10.3389/ftox.2023.1147608,ES103385-03
136826,"David Michael Reif, PhD",38872937.0,10.1016/j.comtox.2023.100294,ES103385-03
136826,"David Michael Reif, PhD",38349723.0,10.1289/EHP13215,ES103385-03
136826,"David Michael Reif, PhD",39255309.0,10.1371/journal.pcbi.1012423,ES103385-03
136826,"David Michael Reif, PhD",38903859.0,10.3389/ftox.2024.1390196,ES103385-03
136826,"David Michael Reif, PhD",38555664.0,10.1016/j.envint.2024.108602,ES103385-03
136826,"David Michael Reif, PhD",38922117.0,10.3390/toxics12060437,ES103385-03
136826,"David Michael Reif, PhD",38378618.0,10.1186/s13321-024-00814-3,ES103385-03
136826,"David Michael Reif, PhD",37754843.0,10.3390/jox13030031,ES103385-03
136826,"David Michael Reif, PhD",38166637.0,10.1186/s12859-023-05617-1,ES103385-03
136826,"David Michael Reif, PhD",38482198.0,10.3389/ftox.2024.1321857,ES103385-03
136826,"David Michael Reif, PhD",38964352.0,10.1093/toxsci/kfae083,ES103385-03
136826,"David Michael Reif, PhD",36909352.0,10.1016/j.comtox.2022.100259,ES103385-03
136691,"Robin Evans Stanley, PhD",36671538.0,10.3390/biom13010153,ES103247-10
136702,"Stephanie Joan London, MD, PhD",39153120.0,10.1007/s00408-024-00738-7,ES025045-25
136763,"Clarice  Weinberg, PhD",34839469.0,10.1055/s-0041-1740072,ES103086-13
136763,"Clarice  Weinberg, PhD",37426660.0,10.3389/fimmu.2023.1186439,ES103086-13
136763,"Clarice  Weinberg, PhD",38117586.0,10.1289/EHP12831,ES103086-13
136710,"David Martin Umbach, PhD, BA, MS",38818880.0,10.1111/andr.13669,ES049004-33
136710,"David Martin Umbach, PhD, BA, MS",38719065.0,10.1016/j.envres.2024.119075,ES049004-33
136710,"David Martin Umbach, PhD, BA, MS",38753668.0,10.1210/clinem/dgae307,ES049004-33
136783,"Alison A Motsinger-Reif, PhD",38162683.0,10.3389/fgene.2023.1278215,ES103335-06
136783,"Alison A Motsinger-Reif, PhD",38052359.0,10.1016/j.envres.2023.117819,ES103335-06
136783,"Alison A Motsinger-Reif, PhD",38199042.0,10.1016/j.ebiom.2023.104956,ES103335-06
136783,"Alison A Motsinger-Reif, PhD",38263798.0,10.1111/all.16000,ES103335-06
136783,"Alison A Motsinger-Reif, PhD",37415812.0,10.3389/fmicb.2023.1202194,ES103335-06
136775,"Chandra Latoya Jackson, PhD",37385129.0,,ES103325-08
136775,"Chandra Latoya Jackson, PhD",37385129.0,10.1016/j.healthplace.2023.103066,ES103325-08
136775,"Chandra Latoya Jackson, PhD",38416540.0,10.1289/EHP13183,ES103325-08
136775,"Chandra Latoya Jackson, PhD",38799263.0,10.1097/EE9.0000000000000311,ES103325-08
136775,"Chandra Latoya Jackson, PhD",38953171.0,10.1002/ajim.23634,ES103325-08
136775,"Chandra Latoya Jackson, PhD",39076610.0,10.1093/sleepadvances/zpae045,ES103325-08
136775,"Chandra Latoya Jackson, PhD",37978840.0,10.1177/07487304231207330,ES103325-08
136775,"Chandra Latoya Jackson, PhD",38698385.0,10.1186/s12889-024-18655-y,ES103325-08
136775,"Chandra Latoya Jackson, PhD",38415184.0,10.3389/fgwh.2023.1286142,ES103325-08
136775,"Chandra Latoya Jackson, PhD",38270531.0,10.1093/sleep/zsae021,ES103325-08
136775,"Chandra Latoya Jackson, PhD",37126156.0,10.1007/s40615-023-01614-5,ES103325-08
136775,"Chandra Latoya Jackson, PhD",38811800.0,10.1038/s41370-024-00690-x,ES103325-08
136775,"Chandra Latoya Jackson, PhD",37948866.0,10.1016/j.envint.2023.108307,ES103325-08
136775,"Chandra Latoya Jackson, PhD",37837808.0,10.1016/j.canep.2023.102471,ES103325-08
136794,"Michael  Fessler, MD",37578898.0,10.1165/rcmb.2023-0007OC,ES103347-05
136789,"Mario J Borgnia, DSc",37291422.0,10.1038/s41594-023-01017-4,ES103341-05
136735,"Donald Nelson Cook, PhD",38834865.0,10.1038/s41590-024-01856-3,ES102025-19
136735,"Donald Nelson Cook, PhD",37804001.0,10.1111/all.15908,ES102025-19
136735,"Donald Nelson Cook, PhD",37415598.0,10.3389/fgene.2023.1173676,ES102025-19
136735,"Donald Nelson Cook, PhD",37956733.0,10.1172/jci.insight.168161,ES102025-19
136735,"Donald Nelson Cook, PhD",37956733.0,10.1016/j.jaci.2023.10.024,ES102025-19
136735,"Donald Nelson Cook, PhD",37382926.0,10.1021/acs.jmedchem.3c00664,ES102025-19
136815,"Cynthia Vanessa Rider, PhD",38968090.0,10.1016/B978-0-323-95488-4.00072-3,ES103373-03
136815,"Cynthia Vanessa Rider, PhD",38968090.0,10.1289/EHP14340,ES103373-03
136815,"Cynthia Vanessa Rider, PhD",37972849.0,10.1016/j.yrtph.2023.105525,ES103373-03
136815,"Cynthia Vanessa Rider, PhD",39106156.0,10.1289/EHP14001,ES103373-03
136815,"Cynthia Vanessa Rider, PhD",38953246.0,10.1021/jasms.4c00125,ES103373-03
136815,"Cynthia Vanessa Rider, PhD",38127057.0,10.22427/NTP-TR-603,ES103373-03
136815,"Cynthia Vanessa Rider, PhD",37910202.0,10.1007/s00216-023-05004-y,ES103373-03
136815,"Cynthia Vanessa Rider, PhD",37516304.0,10.1016/j.yrtph.2023.105464,ES103373-03
136815,"Cynthia Vanessa Rider, PhD",37948866.0,10.1016/j.envint.2023.108307,ES103373-03
136815,"Cynthia Vanessa Rider, PhD",38417538.0,10.1016/j.fct.2024.114537,ES103373-03
136815,"Cynthia Vanessa Rider, PhD",37866700.0,10.1016/j.yrtph.2023.105500,ES103373-03
136815,"Nigel John Walker, PhD",38968090.0,10.1016/B978-0-323-95488-4.00072-3,ES103373-03
136815,"Nigel John Walker, PhD",38968090.0,10.1289/EHP14340,ES103373-03
136815,"Nigel John Walker, PhD",37972849.0,10.1016/j.yrtph.2023.105525,ES103373-03
136815,"Nigel John Walker, PhD",39106156.0,10.1289/EHP14001,ES103373-03
136815,"Nigel John Walker, PhD",38953246.0,10.1021/jasms.4c00125,ES103373-03
136815,"Nigel John Walker, PhD",38127057.0,10.22427/NTP-TR-603,ES103373-03
136815,"Nigel John Walker, PhD",37910202.0,10.1007/s00216-023-05004-y,ES103373-03
136815,"Nigel John Walker, PhD",37516304.0,10.1016/j.yrtph.2023.105464,ES103373-03
136815,"Nigel John Walker, PhD",37948866.0,10.1016/j.envint.2023.108307,ES103373-03
136815,"Nigel John Walker, PhD",38417538.0,10.1016/j.fct.2024.114537,ES103373-03
136815,"Nigel John Walker, PhD",37866700.0,10.1016/j.yrtph.2023.105500,ES103373-03
136820,"David Michael Crizer, PhD",37018437.0,,ES103378-03
136820,"David Michael Crizer, PhD",37018435.0,,ES103378-03
136820,"David Michael Crizer, PhD",37018438.0,,ES103378-03
136820,"David Michael Crizer, PhD",37018436.0,,ES103378-03
136820,"David Michael Crizer, PhD",37235222.0,10.3390/toxics11050407,ES103378-03
136820,"David Michael Crizer, PhD",37261896.0,10.7554/eLife.83532,ES103378-03
136820,"David Michael Crizer, PhD",38791569.0,10.3390/ijms25105522,ES103378-03
136820,"David Michael Crizer, PhD",38706609.0,10.3389/fonc.2024.1393930,ES103378-03
136820,"David Michael Crizer, PhD",38842447.0,10.1021/acs.chemrestox.4c00002,ES103378-03
136820,"David Michael Crizer, PhD",38368582.0,10.1007/s00204-024-03680-y,ES103378-03
136820,"Georgia Kate Roberts, PhD",37018437.0,,ES103378-03
136820,"Georgia Kate Roberts, PhD",37018435.0,,ES103378-03
136820,"Georgia Kate Roberts, PhD",37018438.0,,ES103378-03
136820,"Georgia Kate Roberts, PhD",37018436.0,,ES103378-03
136820,"Georgia Kate Roberts, PhD",37235222.0,10.3390/toxics11050407,ES103378-03
136820,"Georgia Kate Roberts, PhD",37261896.0,10.7554/eLife.83532,ES103378-03
136820,"Georgia Kate Roberts, PhD",38791569.0,10.3390/ijms25105522,ES103378-03
136820,"Georgia Kate Roberts, PhD",38706609.0,10.3389/fonc.2024.1393930,ES103378-03
136820,"Georgia Kate Roberts, PhD",38842447.0,10.1021/acs.chemrestox.4c00002,ES103378-03
136820,"Georgia Kate Roberts, PhD",38368582.0,10.1007/s00204-024-03680-y,ES103378-03
136820,"Darlene  Dixon, DVM, PhD",37018437.0,,ES103378-03
136820,"Darlene  Dixon, DVM, PhD",37018435.0,,ES103378-03
136820,"Darlene  Dixon, DVM, PhD",37018438.0,,ES103378-03
136820,"Darlene  Dixon, DVM, PhD",37018436.0,,ES103378-03
136820,"Darlene  Dixon, DVM, PhD",37235222.0,10.3390/toxics11050407,ES103378-03
136820,"Darlene  Dixon, DVM, PhD",37261896.0,10.7554/eLife.83532,ES103378-03
136820,"Darlene  Dixon, DVM, PhD",38791569.0,10.3390/ijms25105522,ES103378-03
136820,"Darlene  Dixon, DVM, PhD",38706609.0,10.3389/fonc.2024.1393930,ES103378-03
136820,"Darlene  Dixon, DVM, PhD",38842447.0,10.1021/acs.chemrestox.4c00002,ES103378-03
136820,"Darlene  Dixon, DVM, PhD",38368582.0,10.1007/s00204-024-03680-y,ES103378-03
136729,"Lisa Georgianne Rider, MD",37229703.0,10.1002/art.42615,ES101074-23
136729,"Lisa Georgianne Rider, MD",38272842.0,10.1002/art.42813,ES101074-23
136729,"Lisa Georgianne Rider, MD",38059274.0,10.1002/art.42768,ES101074-23
136729,"Lisa Georgianne Rider, MD",36996276.0,10.1002/art.42512,ES101074-23
136729,"Lisa Georgianne Rider, MD",38997299.0,10.1038/s41598-024-60225-0,ES101074-23
136729,"Lisa Georgianne Rider, MD",39044428.0,10.1016/j.xhgg.2024.100336,ES101074-23
136729,"Lisa Georgianne Rider, MD",37144941.0,10.1093/rheumatology/kead203,ES101074-23
136729,"Lisa Georgianne Rider, MD",35961028.0,10.1093/rheumatology/keac428,ES101074-23
136786,"Alison A Motsinger-Reif, PhD",38909264.0,10.1186/s40246-024-00639-z,ES103338-06
136700,"Darryl Craig Zeldin, MD",38187868.0,10.1016/j.jacig.2023.100192,ES025041-27
136760,"Humphrey H-C Yao, PhD",38315794.0,,ES102965-14
136760,"Humphrey H-C Yao, PhD",38315794.0,10.1093/biolre/ioae023,ES102965-14
136760,"Humphrey H-C Yao, PhD",37099375.0,10.1093/nar/gkad271,ES102965-14
136760,"Humphrey H-C Yao, PhD",39190000.0,10.1530/REP-24-0239,ES102965-14
136781,"Alexandra Jayne White, PhD",38346713.0,10.1093/jnci/djae031,ES103332-06
136781,"Alexandra Jayne White, PhD",37594315.0,10.1289/EHP12066,ES103332-06
136781,"Alexandra Jayne White, PhD",37821066.0,10.1016/j.envres.2023.117349,ES103332-06
136781,"Alexandra Jayne White, PhD",38400646.0,10.1093/aje/kwae010,ES103332-06
136781,"Alexandra Jayne White, PhD",38799263.0,10.1097/EE9.0000000000000311,ES103332-06
136781,"Alexandra Jayne White, PhD",38908662.0,10.1016/j.envres.2024.119466,ES103332-06
136781,"Alexandra Jayne White, PhD",38306193.0,10.1289/EHP13882,ES103332-06
136781,"Alexandra Jayne White, PhD",37224678.0,10.1016/j.envint.2023.107984,ES103332-06
136781,"Alexandra Jayne White, PhD",36222982.0,10.1007/s10552-022-01632-4,ES103332-06
136781,"Alexandra Jayne White, PhD",37542784.0,10.1016/j.envint.2023.108128,ES103332-06
136781,"Alexandra Jayne White, PhD",36642125.0,10.1016/j.envres.2023.115297,ES103332-06
136781,"Alexandra Jayne White, PhD",37018759.0,10.1093/sleep/zsad100,ES103332-06
136781,"Alexandra Jayne White, PhD",36917478.0,10.1289/EHP11045,ES103332-06
136781,"Alexandra Jayne White, PhD",38242893.0,10.1038/s41598-023-50506-5,ES103332-06
136781,"Alexandra Jayne White, PhD",38566558.0,10.1158/1055-9965.EPI-23-1237,ES103332-06
136781,"Alexandra Jayne White, PhD",37691174.0,10.1093/jnci/djad170,ES103332-06
136781,"Alexandra Jayne White, PhD",38405619.0,10.1016/j.envadv.2024.100496,ES103332-06
136835,"Alison A Motsinger-Reif, PhD",38344436.0,10.1093/exposome/osae001,ES103394-02
136835,"Alison A Motsinger-Reif, PhD",37415598.0,10.3389/fgene.2023.1173676,ES103394-02
136835,"Alison A Motsinger-Reif, PhD",38425336.0,10.1093/exposome/osae003,ES103394-02
136835,"Alison A Motsinger-Reif, PhD",38450326.0,10.1093/exposome/osae002,ES103394-02
136725,"Jerrel Louis Yakel, PhD",38880195.0,10.1016/j.antiviral.2024.105934,ES090089-28
136725,"Jerrel Louis Yakel, PhD",38331584.0,10.1523/JNEUROSCI.1313-23.2024,ES090089-28
136725,"Jerrel Louis Yakel, PhD",37838945.0,10.1016/j.celrep.2023.113267,ES090089-28
136725,"Jerrel Louis Yakel, PhD",37746145.0,10.3389/fnins.2023.1244118,ES090089-28
136725,"Jerrel Louis Yakel, PhD",36739463.0,10.1038/s41598-023-29118-6,ES090089-28
136725,"Jerrel Louis Yakel, PhD",38942474.0,10.1523/ENEURO.0542-23.2024,ES090089-28
136718,"William Chenery Copeland, PhD",39106165.0,,ES065080-30
136718,"William Chenery Copeland, PhD",39106165.0,10.1093/nar/gkae670,ES065080-30
136803,"Min  Shi, PhD",36962417.0,10.1371/journal.pgph.0000419,ES103360-04
136713,"Dale   Sandler, PhD",37958403.0,10.3390/cancers15215231,ES049028-28
136713,"Dale   Sandler, PhD",38002248.0,10.3390/biom13111566,ES049028-28
136769,"Francesco John Demayo, PhD",37528140.0,10.1038/s41467-023-40395-7,ES103311-09
136769,"Francesco John Demayo, PhD",37489832.0,10.1096/fj.202300862R,ES103311-09
136769,"Francesco John Demayo, PhD",38523431.0,10.1002/dvg.23589,ES103311-09
136769,"Francesco John Demayo, PhD",37962238.0,10.1096/fj.202301581R,ES103311-09
136756,"Donna Rae Webb, DVM",38679211.0,10.1016/j.bcp.2024.116237,ES102825-15
136756,"Donna Rae Webb, DVM",38533639.0,10.1161/CIRCRESAHA.123.323464,ES102825-15
136805,"Geoffrey  Mueller, BS, PhD",37910202.0,10.1007/s00216-023-05004-y,ES103362-04
136805,"Geoffrey  Mueller, BS, PhD",38383456.0,10.1038/s41467-024-45107-3,ES103362-04
136751,"Stavros  Garantziotis, MD, PhD",37810883.0,10.3389/fendo.2023.1220622,ES102605-17
136751,"Stavros  Garantziotis, MD, PhD",38513665.0,10.1016/j.immuni.2024.02.020,ES102605-17
136751,"Stavros  Garantziotis, MD, PhD",37415598.0,10.3389/fgene.2023.1173676,ES102605-17
136751,"Stavros  Garantziotis, MD, PhD",36719087.0,10.1152/ajplung.00282.2022,ES102605-17
136751,"Stavros  Garantziotis, MD, PhD",38217501.0,10.1021/acs.est.3c05092,ES102605-17
136751,"Stavros  Garantziotis, MD, PhD",37824216.0,10.1172/jci.insight.164380,ES102605-17
136782,"Anne Marie  Jukic, PhD",37845729.0,10.1186/s12940-023-01021-7,ES103333-06
136782,"Anne Marie  Jukic, PhD",38266360.0,10.1016/j.maturitas.2024.107916,ES103333-06
136782,"Anne Marie  Jukic, PhD",37861803.0,10.1289/EHP12980,ES103333-06
136782,"Anne Marie  Jukic, PhD",38103472.0,10.1016/j.ijheh.2023.114308,ES103333-06
136782,"Anne Marie  Jukic, PhD",37248288.0,10.1038/s41746-023-00848-1,ES103333-06
136782,"Anne Marie  Jukic, PhD",37403415.0,10.1093/aje/kwad153,ES103333-06
136782,"Anne Marie  Jukic, PhD",37751914.0,10.1111/ppe.13008,ES103333-06
136782,"Anne Marie  Jukic, PhD",38809557.0,10.1001/jamanetworkopen.2024.12854,ES103333-06
136782,"Anne Marie  Jukic, PhD",38700861.0,10.1001/jamanetworkopen.2024.9657,ES103333-06
136782,"Anne Marie  Jukic, PhD",38117586.0,10.1289/EHP12831,ES103333-06
136795,"Benedict Nchang Anchang, PhD",38113074.0,10.1093/bib/bbad455,ES103350-05
136696,"Anton Marinus Jetten, PhD",38334631.0,10.3390/cells13030239,ES101586-22
136696,"Anton Marinus Jetten, PhD",36793061.0,10.1186/s13578-023-00979-8,ES101586-22
136696,"Anton Marinus Jetten, PhD",37895177.0,10.3390/ijms242015496,ES101586-22
136696,"Anton Marinus Jetten, PhD",37791933.0,10.1016/j.jid.2023.07.003,ES101586-22
137834,Mandy  Goldberg,38043324.0,10.1016/j.envint.2023.108298,ES103399-01
137834,Mandy  Goldberg,38719065.0,10.1016/j.envres.2024.119075,ES103399-01
137834,Mandy  Goldberg,38306193.0,10.1289/EHP13882,ES103399-01
137834,Mandy  Goldberg,38753668.0,10.1210/clinem/dgae307,ES103399-01
136723,"John Anthony Cidlowski, PhD",37738419.0,10.1210/endocr/bqad143,ES090057-29
136723,"John Anthony Cidlowski, PhD",37336437.0,10.1016/j.jtha.2023.06.012,ES090057-29
136711,"Donna Day Baird, PhD",38631496.0,10.1016/j.chemosphere.2024.142050,ES049013-30
136711,"Donna Day Baird, PhD",36104525.0,10.1038/s41370-022-00477-y,ES049013-30
136711,"Donna Day Baird, PhD",38298165.0,10.1210/clinem/dgae036,ES049013-30
136711,"Donna Day Baird, PhD",38781223.0,10.1371/journal.pone.0303823,ES049013-30
136711,"Donna Day Baird, PhD",37751677.0,10.1016/j.rbmo.2023.103323,ES049013-30
136711,"Donna Day Baird, PhD",38568693.0,10.1001/jamanetworkopen.2024.4185,ES049013-30
136711,"Donna Day Baird, PhD",37598998.0,10.1016/j.ajog.2023.08.014,ES049013-30
136711,"Donna Day Baird, PhD",36588050.0,10.1016/j.whi.2022.11.010,ES049013-30
136711,"Donna Day Baird, PhD",38642767.0,10.1016/j.scitotenv.2024.172445,ES049013-30
136711,"Donna Day Baird, PhD",38803157.0,10.1093/aje/kwae088,ES049013-30
136711,"Donna Day Baird, PhD",38145700.0,10.1016/j.fertnstert.2023.12.023,ES049013-30
136711,"Donna Day Baird, PhD",38811800.0,10.1038/s41370-024-00690-x,ES049013-30
136711,"Chandra Latoya Jackson, PhD",38631496.0,10.1016/j.chemosphere.2024.142050,ES049013-30
136711,"Chandra Latoya Jackson, PhD",36104525.0,10.1038/s41370-022-00477-y,ES049013-30
136711,"Chandra Latoya Jackson, PhD",38298165.0,10.1210/clinem/dgae036,ES049013-30
136711,"Chandra Latoya Jackson, PhD",38781223.0,10.1371/journal.pone.0303823,ES049013-30
136711,"Chandra Latoya Jackson, PhD",37751677.0,10.1016/j.rbmo.2023.103323,ES049013-30
136711,"Chandra Latoya Jackson, PhD",38568693.0,10.1001/jamanetworkopen.2024.4185,ES049013-30
136711,"Chandra Latoya Jackson, PhD",37598998.0,10.1016/j.ajog.2023.08.014,ES049013-30
136711,"Chandra Latoya Jackson, PhD",36588050.0,10.1016/j.whi.2022.11.010,ES049013-30
136711,"Chandra Latoya Jackson, PhD",38642767.0,10.1016/j.scitotenv.2024.172445,ES049013-30
136711,"Chandra Latoya Jackson, PhD",38803157.0,10.1093/aje/kwae088,ES049013-30
136711,"Chandra Latoya Jackson, PhD",38145700.0,10.1016/j.fertnstert.2023.12.023,ES049013-30
136711,"Chandra Latoya Jackson, PhD",38811800.0,10.1038/s41370-024-00690-x,ES049013-30
136711,"Anne Marie  Jukic, PhD",38631496.0,10.1016/j.chemosphere.2024.142050,ES049013-30
136711,"Anne Marie  Jukic, PhD",36104525.0,10.1038/s41370-022-00477-y,ES049013-30
136711,"Anne Marie  Jukic, PhD",38298165.0,10.1210/clinem/dgae036,ES049013-30
136711,"Anne Marie  Jukic, PhD",38781223.0,10.1371/journal.pone.0303823,ES049013-30
136711,"Anne Marie  Jukic, PhD",37751677.0,10.1016/j.rbmo.2023.103323,ES049013-30
136711,"Anne Marie  Jukic, PhD",38568693.0,10.1001/jamanetworkopen.2024.4185,ES049013-30
136711,"Anne Marie  Jukic, PhD",37598998.0,10.1016/j.ajog.2023.08.014,ES049013-30
136711,"Anne Marie  Jukic, PhD",36588050.0,10.1016/j.whi.2022.11.010,ES049013-30
136711,"Anne Marie  Jukic, PhD",38642767.0,10.1016/j.scitotenv.2024.172445,ES049013-30
136711,"Anne Marie  Jukic, PhD",38803157.0,10.1093/aje/kwae088,ES049013-30
136711,"Anne Marie  Jukic, PhD",38145700.0,10.1016/j.fertnstert.2023.12.023,ES049013-30
136711,"Anne Marie  Jukic, PhD",38811800.0,10.1038/s41370-024-00690-x,ES049013-30
136813,Jian-Liang  Li,38232086.0,10.1371/journal.pone.0296699,ES103371-03
136813,Jian-Liang  Li,37694147.0,10.1016/j.isci.2023.107616,ES103371-03
136813,Jian-Liang  Li,38528062.0,10.1038/s41598-024-57439-7,ES103371-03
136813,Jian-Liang  Li,38507406.0,10.1016/j.celrep.2024.113973,ES103371-03
136813,Jian-Liang  Li,37783441.0,10.1016/j.ntt.2023.107301,ES103371-03
136813,Jian-Liang  Li,38263798.0,10.1111/all.16000,ES103371-03
136813,Jian-Liang  Li,37824216.0,10.1172/jci.insight.164380,ES103371-03
136813,Jian-Liang  Li,38953252.0,10.1242/dev.202579,ES103371-03
136717,"William Chenery Copeland, PhD",37255483.0,10.1002/ana.26716,ES065078-31
136717,"William Chenery Copeland, PhD",39106165.0,10.1093/nar/gkae670,ES065078-31
136717,"William Chenery Copeland, PhD",38932681.0,10.1093/nar/gkae539,ES065078-31
136717,"William Chenery Copeland, PhD",37592734.0,10.1093/nar/gkad679,ES065078-31
136778,"Paul William Doetsch, PhD",37078607.0,10.1093/nar/gkad305,ES103328-07
136778,"Paul William Doetsch, PhD",38615146.0,10.1038/s41598-024-59188-z,ES103328-07
136778,"Paul William Doetsch, PhD",38384388.0,10.1093/narcan/zcae006,ES103328-07
136784,"Alison A Motsinger-Reif, PhD",37242509.0,10.3390/ph16050726,ES103336-06
136784,"Alison A Motsinger-Reif, PhD",37242540.0,10.3390/ph16050757,ES103336-06
136784,"Alison A Motsinger-Reif, PhD",37371044.0,10.3390/cells12121574,ES103336-06
136695,"Kelly Kay Ferguson, PhD",37606291.0,10.1289/EHP12267,ES101575-22
136695,"Kelly Kay Ferguson, PhD",39042458.0,10.1097/EDE.0000000000001772,ES101575-22
136777,"Natalie Dara Shaw, MD",37127649.0,10.1038/s41598-023-32922-9,ES103327-08
136762,"Jason Grant Williams, PhD",36822325.0,10.1016/j.jbc.2023.103049,ES103005-14
136762,"Jason Grant Williams, PhD",38679211.0,10.1016/j.bcp.2024.116237,ES103005-14
136762,"Jason Grant Williams, PhD",38786655.0,10.1096/fj.202302202RR,ES103005-14
136762,"Jason Grant Williams, PhD",38483511.0,10.1172/JCI165689,ES103005-14
136762,"Jason Grant Williams, PhD",37824216.0,10.1172/jci.insight.164380,ES103005-14
136762,"Leesa Jean Deterding, PhD",36822325.0,10.1016/j.jbc.2023.103049,ES103005-14
136762,"Leesa Jean Deterding, PhD",38679211.0,10.1016/j.bcp.2024.116237,ES103005-14
136762,"Leesa Jean Deterding, PhD",38786655.0,10.1096/fj.202302202RR,ES103005-14
136762,"Leesa Jean Deterding, PhD",38483511.0,10.1172/JCI165689,ES103005-14
136762,"Leesa Jean Deterding, PhD",37824216.0,10.1172/jci.insight.164380,ES103005-14
136706,"Stephanie Joan London, MD, PhD",39033027.0,10.1136/thorax-2023-220731,ES043012-26
136706,"Stephanie Joan London, MD, PhD",38097206.0,10.1183/13993003.00337-2023,ES043012-26
136706,"Stephanie Joan London, MD, PhD",37392093.0,10.1093/aje/kwad140,ES043012-26
136706,"Stephanie Joan London, MD, PhD",38848187.0,10.3233/JAD-240162,ES043012-26
136706,"Stephanie Joan London, MD, PhD",36914875.0,10.1038/s41588-023-01314-0,ES043012-26
136706,"Stephanie Joan London, MD, PhD",38263798.0,10.1111/all.16000,ES043012-26
136707,"Dale   Sandler, PhD",38346713.0,10.1093/jnci/djae031,ES044005-26
136707,"Dale   Sandler, PhD",37611509.0,10.1016/j.parkreldis.2023.105815,ES044005-26
136707,"Dale   Sandler, PhD",38043324.0,10.1016/j.envint.2023.108298,ES044005-26
136707,"Dale   Sandler, PhD",38799263.0,10.1097/EE9.0000000000000311,ES044005-26
136707,"Dale   Sandler, PhD",38964382.0,10.1016/j.scitotenv.2024.174475,ES044005-26
136707,"Dale   Sandler, PhD",38908662.0,10.1016/j.envres.2024.119466,ES044005-26
136707,"Dale   Sandler, PhD",38723632.0,10.1016/j.ajhg.2024.04.011,ES044005-26
136707,"Dale   Sandler, PhD",37935791.0,10.1038/s41380-023-02310-w,ES044005-26
136707,"Dale   Sandler, PhD",37991758.0,10.1001/jamanetworkopen.2023.44707,ES044005-26
136707,"Dale   Sandler, PhD",38306193.0,10.1289/EHP13882,ES044005-26
136707,"Dale   Sandler, PhD",38758104.0,10.1097/HEP.0000000000000748,ES044005-26
136707,"Dale   Sandler, PhD",38741014.0,10.1038/s41588-024-01736-4,ES044005-26
136707,"Dale   Sandler, PhD",38266360.0,10.1016/j.maturitas.2024.107916,ES044005-26
136707,"Dale   Sandler, PhD",38951643.0,10.1038/s41588-024-01798-4,ES044005-26
136707,"Dale   Sandler, PhD",37890265.0,10.1016/j.envint.2023.108270,ES044005-26
136707,"Dale   Sandler, PhD",38358741.0,10.1001/jamanetworkopen.2023.56113,ES044005-26
136707,"Dale   Sandler, PhD",38564089.0,10.1007/s12282-024-01569-3,ES044005-26
136707,"Dale   Sandler, PhD",38748950.0,10.1200/JCO.23.02037,ES044005-26
136707,"Dale   Sandler, PhD",38110618.0,10.1093/ije/dyad172,ES044005-26
136707,"Dale   Sandler, PhD",38263910.0,10.1093/hmg/ddae002,ES044005-26
136707,"Dale   Sandler, PhD",37598998.0,10.1016/j.ajog.2023.08.014,ES044005-26
136707,"Dale   Sandler, PhD",38697998.0,10.1038/s41467-024-47650-5,ES044005-26
136707,"Dale   Sandler, PhD",38036213.0,10.1016/j.envres.2023.117785,ES044005-26
136707,"Dale   Sandler, PhD",38832928.0,10.1158/0008-5472.CAN-23-3854,ES044005-26
136707,"Dale   Sandler, PhD",37018759.0,10.1093/sleep/zsad100,ES044005-26
136707,"Dale   Sandler, PhD",39049451.0,10.1093/aje/kwae235,ES044005-26
136707,"Dale   Sandler, PhD",38079601.0,10.1200/JCO.23.01101,ES044005-26
136707,"Dale   Sandler, PhD",37851582.0,10.1289/EHP12212,ES044005-26
136707,"Dale   Sandler, PhD",38377945.0,10.1016/j.canep.2024.102545,ES044005-26
136707,"Dale   Sandler, PhD",38242893.0,10.1038/s41598-023-50506-5,ES044005-26
136707,"Dale   Sandler, PhD",38112642.0,10.1158/2767-9764.CRC-23-0205,ES044005-26
136707,"Dale   Sandler, PhD",38053627.0,10.1016/j.ssmph.2023.101556,ES044005-26
136707,"Dale   Sandler, PhD",37837808.0,10.1016/j.canep.2023.102471,ES044005-26
136707,"Dale   Sandler, PhD",38260971.0,10.1158/1055-9965.EPI-23-1014,ES044005-26
136806,Alan Keith Jarmusch,38123557.0,10.1038/s41467-023-44035-y,ES103363-04
136806,Alan Keith Jarmusch,37978828.0,10.1210/clinem/dgad675,ES103363-04
136806,Alan Keith Jarmusch,38052229.0,10.1038/s41586-023-06906-8,ES103363-04
136806,Alan Keith Jarmusch,38807480.0,10.1002/rcm.9775,ES103363-04
136806,Alan Keith Jarmusch,38009914.0,10.1128/jvi.01272-23,ES103363-04
136806,Alan Keith Jarmusch,37910202.0,10.1007/s00216-023-05004-y,ES103363-04
136759,"Dale   Sandler, PhD",37224072.0,10.1289/EHP11859,ES102945-15
136759,"Dale   Sandler, PhD",37149022.0,10.1016/j.envres.2023.116069,ES102945-15
136759,"Dale   Sandler, PhD",37935791.0,10.1038/s41380-023-02310-w,ES102945-15
136759,"Dale   Sandler, PhD",39038796.0,10.1093/aje/kwae200,ES102945-15
136759,"Dale   Sandler, PhD",37296232.0,10.1038/s41370-023-00560-y,ES102945-15
136759,"Dale   Sandler, PhD",38788945.0,10.1016/j.scitotenv.2024.173387,ES102945-15
136759,"Dale   Sandler, PhD",37443296.0,10.1038/s41370-023-00558-6,ES102945-15
136759,"Dale   Sandler, PhD",36586457.0,10.1016/j.annepidem.2022.12.012,ES102945-15
136759,"Dale   Sandler, PhD",38381478.0,10.1289/EHP13684,ES102945-15
136759,"Dale   Sandler, PhD",38960154.0,10.1016/j.scitotenv.2024.174434,ES102945-15
136908,"Ashura  Buckley, MD",38733760.0,10.1016/j.sleep.2024.05.008,MH002962-08
136915,"Hugo Alejandro Tejeda, PhD",37804305.0,10.1016/j.jadohealth.2023.08.033,MH002970-06
136915,"Hugo Alejandro Tejeda, PhD",39009835.0,10.1038/s41593-024-01697-1,MH002970-06
136915,"Hugo Alejandro Tejeda, PhD",38236296.0,10.1007/s00018-023-04999-y,MH002970-06
136915,"Hugo Alejandro Tejeda, PhD",39131306.0,10.1101/2024.07.29.605653,MH002970-06
136915,"Hugo Alejandro Tejeda, PhD",38614102.0,10.1016/j.neuron.2024.03.015,MH002970-06
136899,"Yogita  Chudasama, PhD",37781088.0,10.1093/noajnl/vdad108,MH002952-09
136899,"Yogita  Chudasama, PhD",38766181.0,10.1101/2024.05.08.593247,MH002952-09
136899,"Yogita  Chudasama, PhD",38552022.0,10.1126/sciadv.adh9251,MH002952-09
136899,"Yogita  Chudasama, PhD",38766011.0,10.1101/2024.07.29.605653,MH002952-09
136899,"Yogita  Chudasama, PhD",38766011.0,10.1101/2024.05.09.593389,MH002952-09
136864,"Carlos Alberto Zarate, MD",38040678.0,10.1038/s41398-023-02674-1,MH002857-20
136864,"Carlos Alberto Zarate, MD",38834540.0,10.1038/s41398-024-02956-2,MH002857-20
136864,"Carlos Alberto Zarate, MD",38402253.0,10.1038/s41598-024-54370-9,MH002857-20
136864,"Carlos Alberto Zarate, MD",38697012.0,10.1016/j.jpsychires.2024.04.028,MH002857-20
136864,"Carlos Alberto Zarate, MD",38162029.0,10.1016/j.isci.2023.108527,MH002857-20
136864,"Carlos Alberto Zarate, MD",37668277.0,10.1002/mpr.1984,MH002857-20
136911,"Elisha Prem Merriam, PhD",38127536.0,10.1037/emo0001322,MH002966-08
136911,"Elisha Prem Merriam, PhD",37699706.0,10.1523/ENEURO.0005-23.2023,MH002966-08
136911,"Elisha Prem Merriam, PhD",38438256.0,10.1523/JNEUROSCI.0296-23.2024,MH002966-08
136911,"Elisha Prem Merriam, PhD",37479723.0,10.1038/s41467-023-40144-w,MH002966-08
136911,"Elisha Prem Merriam, PhD",38809774.0,10.7554/eLife.76803,MH002966-08
136890,"Carlos Alberto Zarate, MD",38310748.0,10.1016/j.euroneuro.2023.12.002,MH002927-15
136890,"Carlos Alberto Zarate, MD",38653350.0,10.1016/j.jad.2024.04.062,MH002927-15
136890,"Carlos Alberto Zarate, MD",37536999.0,10.1111/bdi.13370,MH002927-15
136890,"Carlos Alberto Zarate, MD",38472615.0,10.3758/s13415-024-01181-0,MH002927-15
136890,"Carlos Alberto Zarate, MD",37257724.0,10.1016/j.cct.2023.107244,MH002927-15
136890,"Carlos Alberto Zarate, MD",37683231.0,10.1097/JCP.0000000000001738,MH002927-15
136875,"Jun  Shen, PhD",38389984.0,10.3389/fpsyt.2024.1304528,MH002894-18
136853,"Daniel  Pine, MD",35132952.0,10.1017/S003329172200023X,MH002782-23
136853,"Daniel  Pine, MD",37345685.0,10.1111/desc.13427,MH002782-23
136872,"Paul Andrew Taylor, BS, PhD",38709724.0,10.1371/journal.pone.0302660,MH002888-18
136872,"Paul Andrew Taylor, BS, PhD",37253795.0,10.1038/s41598-023-34822-4,MH002888-18
136872,"Paul Andrew Taylor, BS, PhD",37881548.0,10.1016/j.bpsgos.2023.01.008,MH002888-18
136872,"Paul Andrew Taylor, BS, PhD",37751811.0,10.1016/j.neuroimage.2023.120390,MH002888-18
136872,"Paul Andrew Taylor, BS, PhD",36793774.0,10.3389/fnins.2022.1073800,MH002888-18
136872,"Paul Andrew Taylor, BS, PhD",38508496.0,10.1016/j.jneumeth.2024.110112,MH002888-18
136872,"Paul Andrew Taylor, BS, PhD",37316518.0,10.1038/s41598-023-35939-2,MH002888-18
136872,"Paul Andrew Taylor, BS, PhD",38585923.0,10.1101/2024.03.27.586976,MH002888-18
136872,"Paul Andrew Taylor, BS, PhD",38141965.0,10.1016/j.neuropsychologia.2023.108763,MH002888-18
136913,"Francisco  Pereira, PhD",38458192.0,10.1016/j.cub.2024.02.037,MH002968-07
136913,"Francisco  Pereira, PhD",37734478.0,10.1016/j.bpsc.2023.09.002,MH002968-07
136913,"Francisco  Pereira, PhD",37497043.0,10.3389/fnhum.2023.1134012,MH002968-07
136913,"Francisco  Pereira, PhD",36849591.0,10.1038/s41562-023-01519-7,MH002968-07
136913,"Francisco  Pereira, PhD",38271138.0,10.2196/50150,MH002968-07
136913,"Francisco  Pereira, PhD",35584788.0,10.1093/cercor/bhac205,MH002968-07
136913,"Francisco  Pereira, PhD",37676862.0,10.1371/journal.pone.0290881,MH002968-07
136845,"Charles R Gerfen, PhD",37024449.0,10.1038/s41467-023-36795-4,MH002497-35
136845,"Charles R Gerfen, PhD",37172584.0,10.1016/j.neuron.2023.04.022,MH002497-35
136845,"Charles R Gerfen, PhD",38937102.0,10.1523/JNEUROSCI.1195-23.2024,MH002497-35
136845,"Charles R Gerfen, PhD",37963894.0,10.1038/s41467-023-43252-9,MH002497-35
136868,"Zheng  Li, PhD",37326523.0,10.1037/bne0000560,MH002881-18
136868,"Zheng  Li, PhD",38045768.0,10.1016/j.bpsgos.2023.09.007,MH002881-18
136881,"Chris Ian Baker, PhD",37662312.0,10.1101/2023.08.23.553812,MH002909-17
136881,"Chris Ian Baker, PhD",38864574.0,10.1093/cercor/bhae245,MH002909-17
136881,"Chris Ian Baker, PhD",37745325.0,10.1101/2023.09.08.556679,MH002909-17
136851,"Elisabeth Adams Murray, PhD",38062014.0,10.1038/s41467-023-43906-8,MH002736-29
136851,"Elisabeth Adams Murray, PhD",38582659.0,10.1016/j.tins.2024.03.003,MH002736-29
136851,"Elisabeth Adams Murray, PhD",36649170.0,10.1002/hipo.23499,MH002736-29
136865,"Karen F Berman, MD",38705917.0,10.1038/s41598-024-60460-5,MH002863-20
136865,"Karen F Berman, MD",38261410.0,10.1172/jci.insight.176147,MH002863-20
136865,"Karen F Berman, MD",37633900.0,10.1186/s11689-023-09493-x,MH002863-20
136865,"Karen F Berman, MD",38375233.0,10.1016/j.isci.2024.109113,MH002863-20
136900,"Kathleen R Merikangas, PhD",38058018.0,10.1093/biostatistics/kxad033,MH002954-09
136900,"Kathleen R Merikangas, PhD",38800632.0,10.1136/gpsych-2023-101239,MH002954-09
136900,"Kathleen R Merikangas, PhD",38865117.0,10.1001/jamapsychiatry.2024.1321,MH002954-09
136859,"Dietmar  Plenz, PhD",38523136.0,10.1038/s41598-024-55922-9,MH002797-23
136901,"Kathleen R Merikangas, PhD",37883086.0,10.1001/jamanetworkopen.2023.39851,MH002953-09
136901,"Kathleen R Merikangas, PhD",37980914.0,10.1016/S2214-109X(23)00462-X,MH002953-09
136901,"Kathleen R Merikangas, PhD",37680185.0,10.1017/S2045796023000616,MH002953-09
136901,"Kathleen R Merikangas, PhD",37623204.0,10.3390/ijerph20166621,MH002953-09
136909,"Theodore B Usdin, MD, PhD",37309259.0,10.1111/jne.13286,MH002963-08
136909,"Theodore B Usdin, MD, PhD",36958466.0,10.1016/j.jchemneu.2023.102259,MH002963-08
136858,"Robert  Innis, MD, PhD",37082755.0,10.1021/acsptsci.3c00003,MH002795-23
136858,"Robert  Innis, MD, PhD",37017827.0,10.1186/s13550-023-00975-6,MH002795-23
136858,"Robert  Innis, MD, PhD",38423785.0,10.2967/jnumed.123.266750,MH002795-23
136858,"Robert  Innis, MD, PhD",38796702.0,10.1016/j.ymthe.2024.05.031,MH002795-23
136858,"Robert  Innis, MD, PhD",38253691.0,10.1038/s41598-024-51307-0,MH002795-23
136898,"Yogita  Chudasama, PhD",37781088.0,10.1093/noajnl/vdad108,MH002951-09
136898,"Yogita  Chudasama, PhD",38766181.0,10.1101/2024.05.08.593247,MH002951-09
136898,"Yogita  Chudasama, PhD",38552022.0,10.1126/sciadv.adh9251,MH002951-09
136898,"Yogita  Chudasama, PhD",38766011.0,,MH002951-09
136898,"Yogita  Chudasama, PhD",38766011.0,10.1101/2024.07.29.605653,MH002951-09
136898,"Yogita  Chudasama, PhD",38766011.0,10.1016/j.crneur.2024.100136,MH002951-09
136898,"Yogita  Chudasama, PhD",38766011.0,10.1101/2024.05.09.593389,MH002951-09
136924,Tonya Jo Hanson White,38347293.0,10.1007/s40519-024-01640-0,MH002986-02
136924,Tonya Jo Hanson White,37918939.0,10.3174/ajnr.A8033,MH002986-02
136924,Tonya Jo Hanson White,37644173.0,10.1038/s41380-023-02225-6,MH002986-02
136924,Tonya Jo Hanson White,38703765.0,10.1016/j.xcrm.2024.101529,MH002986-02
136924,Tonya Jo Hanson White,37139702.0,10.1080/15592294.2023.2207253,MH002986-02
136924,Tonya Jo Hanson White,37789021.0,10.1038/s41398-023-02597-x,MH002986-02
136924,Tonya Jo Hanson White,38750701.0,10.1016/j.bbi.2024.05.014,MH002986-02
136877,"David A Leopold, PhD",36802419.0,10.1073/pnas.2214996120,MH002898-18
136877,"David A Leopold, PhD",37519457.0,10.1016/j.bpsgos.2022.03.008,MH002898-18
136877,"David A Leopold, PhD",36630962.0,10.1016/j.neuron.2022.12.021,MH002898-18
136919,"Silvia  Lopez-Guzman, MD, PhD",38617819.0,10.1016/j.joep.2024.102706,MH002981-03
136839,"Kathleen R Merikangas, PhD",38266217.0,10.1212/WNL.0000000000208102,MH002804-22
136839,"Kathleen R Merikangas, PhD",37574463.0,10.1002/brb3.3134,MH002804-22
136849,"Karen F Berman, MD",39060437.0,10.1038/s41386-024-01933-z,MH002652-32
136849,"Karen F Berman, MD",33712377.0,10.1016/j.bpsc.2020.12.006,MH002652-32
136849,"Karen F Berman, MD",36772948.0,10.1093/schbul/sbac178,MH002652-32
136849,"Karen F Berman, MD",38688917.0,10.1038/s41467-024-47456-5,MH002652-32
136897,"Mario Alexander Penzo, PhD",38458192.0,10.1016/j.cub.2024.02.037,MH002950-09
136897,"Mario Alexander Penzo, PhD",39097600.0,10.1038/s41467-024-50941-6,MH002950-09
136925,"Veronica Alicia Alvarez, PhD",38838841.0,10.1016/j.biopsych.2024.05.020,MH002987-02
136925,"Veronica Alicia Alvarez, PhD",37684522.0,10.1038/s41386-023-01731-z,MH002987-02
136925,"Veronica Alicia Alvarez, PhD",36796842.0,,MH002987-02
136925,"Veronica Alicia Alvarez, PhD",36796842.0,10.1523/JNEUROSCI.1179-22.2022,MH002987-02
136852,"Daniel  Pine, MD",35358745.0,10.1016/j.bpsc.2022.03.007,MH002781-23
136852,"Daniel  Pine, MD",38175682.0,10.2196/51125,MH002781-23
136852,"Daniel  Pine, MD",37345685.0,10.1111/desc.13427,MH002781-23
136902,"Sarah Hollingsworth Lisanby, MD",38212442.0,10.1038/s41386-023-01780-4,MH002955-09
136902,"Sarah Hollingsworth Lisanby, MD",37985787.0,10.1038/s41380-023-02318-2,MH002955-09
136902,"Sarah Hollingsworth Lisanby, MD",38709724.0,10.1371/journal.pone.0302660,MH002955-09
136902,"Sarah Hollingsworth Lisanby, MD",36780560.0,10.1371/journal.pbio.3001999,MH002955-09
136902,"Sarah Hollingsworth Lisanby, MD",37400828.0,10.1186/s13063-023-07455-1,MH002955-09
136902,"Sarah Hollingsworth Lisanby, MD",36922930.0,10.1016/j.ijchp.2023.100382,MH002955-09
136902,"Sarah Hollingsworth Lisanby, MD",38055283.0,10.1001/jamapsychiatry.2023.4599,MH002955-09
136902,"Sarah Hollingsworth Lisanby, MD",37626817.0,10.3390/biomedicines11082320,MH002955-09
136902,"Sarah Hollingsworth Lisanby, MD",38903065.0,10.1101/2024.04.26.24306462,MH002955-09
136902,"Sarah Hollingsworth Lisanby, MD",38453003.0,10.1016/j.brs.2024.02.020,MH002955-09
136902,"Sarah Hollingsworth Lisanby, MD",36746924.0,10.1038/s41398-023-02312-w,MH002955-09
136902,"Sarah Hollingsworth Lisanby, MD",37275969.0,10.3389/fpsyt.2023.1168672,MH002955-09
136902,"Sarah Hollingsworth Lisanby, MD",37217075.0,10.1016/j.brs.2023.05.011,MH002955-09
136902,"Sarah Hollingsworth Lisanby, MD",37536999.0,10.1111/bdi.13370,MH002955-09
136902,"Sarah Hollingsworth Lisanby, MD",38070470.0,10.1016/j.jpsychires.2023.11.046,MH002955-09
136902,"Sarah Hollingsworth Lisanby, MD",37196934.0,10.1016/j.jad.2023.05.042,MH002955-09
136902,"Sarah Hollingsworth Lisanby, MD",37169276.0,10.1016/j.biopsych.2023.05.001,MH002955-09
136902,"Sarah Hollingsworth Lisanby, MD",37907689.0,10.1007/s40675-024-00290-z,MH002955-09
136902,"Sarah Hollingsworth Lisanby, MD",37907689.0,10.1038/s41598-023-45602-5,MH002955-09
136902,"Sarah Hollingsworth Lisanby, MD",38812486.0,10.3389/fpsyt.2024.1397102,MH002955-09
136902,"Sarah Hollingsworth Lisanby, MD",36925066.0,10.1016/j.bpsc.2023.03.001,MH002955-09
136902,"Sarah Hollingsworth Lisanby, MD",37198960.0,10.1111/cge.14361,MH002955-09
136902,"Sarah Hollingsworth Lisanby, MD",38009970.0,10.1097/YCT.0000000000000959,MH002955-09
136902,"Sarah Hollingsworth Lisanby, MD",36878110.0,10.1016/j.mehy.2024.111403,MH002955-09
136902,"Sarah Hollingsworth Lisanby, MD",36878110.0,10.1016/j.ejpn.2023.01.013,MH002955-09
136902,"Sarah Hollingsworth Lisanby, MD",39079555.0,10.1088/1741-2552/ad692f,MH002955-09
136902,"Sarah Hollingsworth Lisanby, MD",38315887.0,10.1097/YCT.0000000000000991,MH002955-09
136902,"Sarah Hollingsworth Lisanby, MD",38389984.0,10.3389/fpsyt.2024.1304528,MH002955-09
136902,"Sarah Hollingsworth Lisanby, MD",37873560.0,10.1002/aur.3041,MH002955-09
136902,"Sarah Hollingsworth Lisanby, MD",38534532.0,10.3390/bioengineering11030258,MH002955-09
136902,"Sarah Hollingsworth Lisanby, MD",38109328.0,10.1097/YCT.0000000000000980,MH002955-09
136902,"Sarah Hollingsworth Lisanby, MD",38316038.0,10.1088/1361-6560/ad2638,MH002955-09
136893,"Maryland  Pao, BA, MD",37995942.0,10.1016/j.jaclp.2023.11.271,MH002939-12
136855,"Heather A Cameron, PhD",37699025.0,10.1371/journal.pone.0291419,MH002784-23
136855,"Heather A Cameron, PhD",37881563.0,10.1016/j.bpsgos.2023.04.003,MH002784-23
136874,"Chris Ian Baker, PhD",37852041.0,10.1016/j.cortex.2023.08.014,MH002893-18
136874,"Chris Ian Baker, PhD",38499772.0,10.1038/s41562-023-01811-6,MH002893-18
136873,"Allison Carol Nugent, PhD",37965354.0,10.3389/fpsyt.2023.1276300,MH002889-18
136873,"Allison Carol Nugent, PhD",38402253.0,10.1038/s41598-024-54370-9,MH002889-18
136896,"Armin  Raznahan, MD, PhD",38649755.0,10.1038/s41593-024-01624-4,MH002949-09
136896,"Armin  Raznahan, MD, PhD",38942023.0,10.1016/j.xgen.2024.100589,MH002949-09
136896,"Armin  Raznahan, MD, PhD",38488854.0,10.7554/eLife.92200,MH002949-09
136896,"Armin  Raznahan, MD, PhD",37480975.0,10.1016/j.biopsych.2023.07.008,MH002949-09
136896,"Armin  Raznahan, MD, PhD",38324465.0,10.7554/eLife.86933,MH002949-09
136896,"Armin  Raznahan, MD, PhD",38878300.0,10.1002/hbm.26714,MH002949-09
136850,"Karen F Berman, MD",37777515.0,10.1038/s41467-023-41897-0,MH002717-30
136850,"Karen F Berman, MD",36772948.0,10.1093/schbul/sbac178,MH002717-30
136850,"Karen F Berman, MD",38375233.0,10.1016/j.isci.2024.109113,MH002717-30
136887,"Maryland  Pao, BA, MD",38362961.0,10.1002/ana.26896,MH002922-16
136887,"Maryland  Pao, BA, MD",38782925.0,10.1038/s41467-024-48644-z,MH002922-16
136887,"Maryland  Pao, BA, MD",37688670.0,10.1007/s10597-023-01181-3,MH002922-16
136887,"Maryland  Pao, BA, MD",38271138.0,10.2196/50150,MH002922-16
136887,"Maryland  Pao, BA, MD",35924876.0,10.1080/13811118.2022.2106924,MH002922-16
136887,"Maryland  Pao, BA, MD",37105760.0,10.1212/WNL.0000000000207339,MH002922-16
136887,"Maryland  Pao, BA, MD",38511908.0,10.1002/pbc.30956,MH002922-16
136887,"Maryland  Pao, BA, MD",37992755.0,10.1111/tct.13706,MH002922-16
136910,"Samer Saleh Hattar, PhD",38552022.0,10.1126/sciadv.adh9251,MH002964-08
136910,"Samer Saleh Hattar, PhD",38048352.0,10.1371/journal.pbio.3002412,MH002964-08
136910,"Samer Saleh Hattar, PhD",36605613.0,10.3389/fncel.2022.1090037,MH002964-08
136910,"Samer Saleh Hattar, PhD",38467611.0,10.1038/s41467-024-46428-z,MH002964-08
136871,"Elisabeth Adams Murray, PhD",38502331.0,,MH002887-18
136871,"Elisabeth Adams Murray, PhD",38502331.0,10.1007/s00429-024-02776-6,MH002887-18
136871,"Elisabeth Adams Murray, PhD",38296647.0,10.1523/JNEUROSCI.1206-23.2023,MH002887-18
136871,"Elisabeth Adams Murray, PhD",38870010.0,10.1016/j.celrep.2024.114355,MH002887-18
136871,"Elisabeth Adams Murray, PhD",37141014.0,10.1037/bne0000558,MH002887-18
136854,"Peter A Bandettini, BS, PhD",38536912.0,10.1162/imag_a_00249,MH002783-23
136854,"Peter A Bandettini, BS, PhD",38536912.0,10.1162/imag_a_00140,MH002783-23
136854,"Peter A Bandettini, BS, PhD",38536912.0,10.1126/sciadv.adl0999,MH002783-23
136854,"Peter A Bandettini, BS, PhD",39101126.0,10.1093/nc/niae032,MH002783-23
136854,"Peter A Bandettini, BS, PhD",38438256.0,10.1523/JNEUROSCI.0296-23.2024,MH002783-23
136854,"Peter A Bandettini, BS, PhD",37950937.0,10.1016/j.media.2023.103010,MH002783-23
136854,"Peter A Bandettini, BS, PhD",38141965.0,10.1016/j.neuropsychologia.2023.108763,MH002783-23
136886,"Alex  Martin, PhD",37002277.0,10.1038/s41598-023-32249-5,MH002920-16
136841,"Jun  Shen, PhD",38483126.0,10.1177/0271678X241239783,MH002803-22
136841,"Jun  Shen, PhD",37183798.0,10.1002/mrm.29711,MH002803-22
136922,James Andrew Bourne,39026896.0,,MH002984-02
136922,James Andrew Bourne,39026896.0,10.1101/2024.07.10.602904,MH002984-02
136904,"Arash  Afraz, PhD",38198528.0,10.1073/pnas.2309906121,MH002958-08
136904,"Arash  Afraz, PhD",38637553.0,10.1038/s41467-024-47356-8,MH002958-08
136921,Angela Jane Langdon,38524664.0,10.1016/j.addicn.2024.100143,MH002983-02
136921,Angela Jane Langdon,39122558.0,10.1523/JNEUROSCI.0714-24.2024,MH002983-02
136921,Angela Jane Langdon,37081296.0,10.1038/s41593-023-01310-x,MH002983-02
136848,"Barry J Richmond, MD",37397813.0,10.1016/j.crneur.2023.100085,MH002619-33
136848,"Barry J Richmond, MD",37397810.0,10.1016/j.crneur.2023.100091,MH002619-33
136848,"Barry J Richmond, MD",38796702.0,10.1016/j.ymthe.2024.05.031,MH002619-33
136848,"Barry J Richmond, MD",38253691.0,10.1038/s41598-024-51307-0,MH002619-33
136848,"Barry J Richmond, MD",37983250.0,10.1371/journal.pcbi.1011618,MH002619-33
136866,"Peter J Schmidt, MD",37372414.0,10.3390/genes14061234,MH002865-19
136907,"Audrey E Thurm, PhD",37953324.0,10.1093/nar/gkad1005,MH002961-08
136907,"Audrey E Thurm, PhD",38733760.0,10.1016/j.sleep.2024.05.008,MH002961-08
136907,"Audrey E Thurm, PhD",38641994.0,10.1016/j.gim.2024.101144,MH002961-08
136907,"Audrey E Thurm, PhD",37086568.0,10.1016/j.ymgme.2023.107584,MH002961-08
136907,"Audrey E Thurm, PhD",36650450.0,10.1186/s11689-022-09474-6,MH002961-08
136907,"Audrey E Thurm, PhD",38730350.0,10.1186/s11689-024-09541-0,MH002961-08
136907,"Audrey E Thurm, PhD",37662495.0,10.1016/j.ymgmr.2023.101001,MH002961-08
136907,"Audrey E Thurm, PhD",38200289.0,10.1038/s41380-023-02385-5,MH002961-08
136907,"Audrey E Thurm, PhD",37012188.0,10.1016/j.infbeh.2023.101831,MH002961-08
136907,"Audrey E Thurm, PhD",38050135.0,10.1523/JNEUROSCI.0557-23.2023,MH002961-08
136892,"Peter J Schmidt, MD",36648999.0,10.3390/tomography9010012,MH002933-13
136892,"Peter J Schmidt, MD",38375233.0,10.1016/j.isci.2024.109113,MH002933-13
136862,"Francis Joseph McMahon, MD",37528149.0,10.1038/s41598-023-38984-z,MH002844-21
136860,"David A Leopold, PhD",38538211.0,10.1093/brain/awae096,MH002838-21
136860,"David A Leopold, PhD",36802419.0,10.1073/pnas.2214996120,MH002838-21
136860,"David A Leopold, PhD",36961903.0,10.1126/sciadv.ade4648,MH002838-21
136860,"David A Leopold, PhD",36630962.0,10.1016/j.neuron.2022.12.021,MH002838-21
136860,"David A Leopold, PhD",38991613.0,10.1016/j.cub.2024.06.034,MH002838-21
136914,"Melissa A Brotman, PhD, BA",38263879.0,10.1176/appi.ajp.20220449,MH002969-06
136914,"Melissa A Brotman, PhD, BA",37851393.0,10.1080/15374416.2023.2264385,MH002969-06
136861,"Francis Joseph McMahon, MD",37433967.0,10.1038/s41380-023-02149-1,MH002843-21
136861,"Francis Joseph McMahon, MD",36882501.0,10.1038/s41380-023-02014-1,MH002843-21
136861,"Francis Joseph McMahon, MD",38395906.0,10.1038/s41398-024-02811-4,MH002843-21
136861,"Francis Joseph McMahon, MD",39006447.0,10.1101/2024.07.03.24309466,MH002843-21
136857,"Victor W Pike, PhD",37082755.0,10.1021/acsptsci.3c00003,MH002793-23
136857,"Victor W Pike, PhD",37017827.0,10.1186/s13550-023-00975-6,MH002793-23
136857,"Victor W Pike, PhD",38577766.0,10.1039/d4cc00465e,MH002793-23
136857,"Victor W Pike, PhD",36608175.0,10.1021/acs.jmedchem.2c01745,MH002793-23
136857,"Victor W Pike, PhD",35798558.0,10.2967/jnumed.122.264061,MH002793-23
136857,"Victor W Pike, PhD",38796702.0,10.1016/j.ymthe.2024.05.031,MH002793-23
136857,"Victor W Pike, PhD",38253691.0,10.1038/s41598-024-51307-0,MH002793-23
136857,"Victor W Pike, PhD",36652272.0,10.1002/chem.202204004,MH002793-23
136857,"Victor W Pike, PhD",37249618.0,10.1007/s00259-023-06270-9,MH002793-23
136857,"Victor W Pike, PhD",38012005.0,10.1021/acs.orglett.3c03499,MH002793-23
136857,"Victor W Pike, PhD",38987549.0,10.1038/s41467-024-49975-7,MH002793-23
136840,"Francis Joseph McMahon, MD",37037607.0,10.1523/JNEUROSCI.0830-22.2023,MH002810-22
136840,"Francis Joseph McMahon, MD",37192167.0,10.1073/pnas.2218478120,MH002810-22
136840,"Francis Joseph McMahon, MD",36932057.0,10.1038/s41398-023-02392-8,MH002810-22
136891,"Bruno B Averbeck, PhD",37848282.0,10.1523/JNEUROSCI.0462-23.2023,MH002928-15
136891,"Bruno B Averbeck, PhD",38839828.0,10.1038/s41598-024-63474-1,MH002928-15
136891,"Bruno B Averbeck, PhD",38670805.0,10.1523/JNEUROSCI.1873-23.2024,MH002928-15
136891,"Bruno B Averbeck, PhD",37776852.0,10.1016/j.neuron.2023.09.005,MH002928-15
136891,"Bruno B Averbeck, PhD",37141014.0,10.1037/bne0000558,MH002928-15
136876,"David A Leopold, PhD",38870015.0,10.1016/j.celrep.2024.114359,MH002896-18
136876,"David A Leopold, PhD",38562584.0,10.1093/pnasnexus/pgae078,MH002896-18
136878,"David A Leopold, PhD",38562584.0,10.1093/pnasnexus/pgae078,MH002899-18
136878,"David A Leopold, PhD",38870015.0,10.1016/j.celrep.2024.114359,MH002899-18
136847,"Alex  Martin, PhD",36805499.0,10.1016/j.pneurobio.2023.102423,MH002588-34
136847,"Alex  Martin, PhD",38222065.0,10.1080/23273798.2023.2211691,MH002588-34
136847,"Alex  Martin, PhD",38222065.0,10.1016/j.foodqual.2023.105073,MH002588-34
136847,"Alex  Martin, PhD",38239478.0,10.3389/fpsyg.2023.1278744,MH002588-34
136844,"Lee E Eiden, PhD",37309259.0,10.1111/jne.13286,MH002386-38
136844,"Lee E Eiden, PhD",36283814.0,10.1111/jne.13202,MH002386-38
136844,"Lee E Eiden, PhD",38236296.0,10.1007/s00018-023-04999-y,MH002386-38
136844,"Lee E Eiden, PhD",37881538.0,10.1016/j.bpsgos.2023.04.001,MH002386-38
136903,"Mark H Histed, PhD",38903066.0,10.1101/2024.02.24.581890,MH002956-09
136903,"Mark H Histed, PhD",36858826.0,10.1523/ENEURO.0378-22.2023,MH002956-09
136903,"Mark H Histed, PhD",37745464.0,10.1101/2023.09.13.557650,MH002956-09
136903,"Mark H Histed, PhD",37865083.0,10.1016/j.neuron.2023.09.010,MH002956-09
136903,"Mark H Histed, PhD",37865082.0,10.1016/j.neuron.2023.09.018,MH002956-09
136842,"Benjamin H White, PhD",38602904.0,10.1073/pnas.2317083121,MH002800-22
136870,"Elisabeth Adams Murray, PhD",37583705.0,10.1093/oons/kvac016,MH002886-18
136912,"Mark H Histed, PhD",38903066.0,10.1101/2024.02.24.581890,MH002967-08
136912,"Mark H Histed, PhD",37745464.0,10.1101/2023.09.13.557650,MH002967-08
136912,"Mark H Histed, PhD",37865083.0,10.1016/j.neuron.2023.09.010,MH002967-08
136912,"Mark H Histed, PhD",37865082.0,10.1016/j.neuron.2023.09.018,MH002967-08
136935,"Faustine  Williams, PhD",38877517.0,10.1186/s13690-024-01320-6,MD000015-06
136935,"Faustine  Williams, PhD",36992166.0,10.3390/vaccines11030582,MD000015-06
136935,"Faustine  Williams, PhD",38170022.0,10.1016/j.pmedr.2023.102555,MD000015-06
136935,"Faustine  Williams, PhD",38215510.0,10.1016/j.drugalcdep.2024.111083,MD000015-06
136935,"Faustine  Williams, PhD",38491362.0,10.1186/s12889-024-18336-w,MD000015-06
136935,"Faustine  Williams, PhD",38500115.0,10.1186/s12888-024-05665-8,MD000015-06
136935,"Faustine  Williams, PhD",37822807.0,10.1016/j.ssmph.2023.101522,MD000015-06
136935,"Faustine  Williams, PhD",38509221.0,10.1038/s41598-024-57064-4,MD000015-06
136935,"Faustine  Williams, PhD",35913542.0,10.1007/s40615-022-01375-7,MD000015-06
136935,"Faustine  Williams, PhD",37067915.0,10.1158/1940-6207.CAPR-22-0472,MD000015-06
136935,"Faustine  Williams, PhD",37174168.0,10.3390/ijerph20095649,MD000015-06
136935,"Faustine  Williams, PhD",38855351.0,10.1016/j.jadr.2024.100798,MD000015-06
136935,"Faustine  Williams, PhD",38191340.0,10.1186/s12888-023-05405-4,MD000015-06
136935,"Faustine  Williams, PhD",36962397.0,10.1371/journal.pgph.0000831,MD000015-06
136935,"Faustine  Williams, PhD",37739183.0,10.1016/j.ypmed.2023.107709,MD000015-06
136935,"Faustine  Williams, PhD",37097810.0,10.2196/43672,MD000015-06
136935,"Faustine  Williams, PhD",38116249.0,10.1016/j.pmedr.2023.102523,MD000015-06
136935,"Faustine  Williams, PhD",38086590.0,10.1136/bmjopen-2023-073687,MD000015-06
136935,"Faustine  Williams, PhD",38551558.0,10.1001/jamanetworkopen.2024.4427,MD000015-06
136935,"Faustine  Williams, PhD",38851433.0,10.1016/j.jad.2024.06.002,MD000015-06
136935,"Faustine  Williams, PhD",38085206.0,10.1016/j.jadohealth.2023.10.020,MD000015-06
136935,"Faustine  Williams, PhD",38658790.0,10.1038/s41598-024-59543-0,MD000015-06
136935,"Faustine  Williams, PhD",38843512.0,10.2196/48076,MD000015-06
136935,"Faustine  Williams, PhD",37554349.0,10.1016/j.pmedr.2023.102322,MD000015-06
136935,"Faustine  Williams, PhD",37244545.0,10.1016/j.jad.2023.05.081,MD000015-06
136935,"Faustine  Williams, PhD",37473992.0,10.1016/j.jpeds.2023.113618,MD000015-06
136938,"Allana Therese Forde, PhD",38641573.0,10.1186/s12889-024-18526-6,MD000019-05
136938,"Allana Therese Forde, PhD",38567886.0,10.1097/EDE.0000000000001722,MD000019-05
136938,"Allana Therese Forde, PhD",37900019.0,10.3389/fpubh.2023.1192748,MD000019-05
136938,"Allana Therese Forde, PhD",38819825.0,10.1001/jamanetworkopen.2024.12880,MD000019-05
136938,"Allana Therese Forde, PhD",37991758.0,10.1001/jamanetworkopen.2023.44707,MD000019-05
136938,"Allana Therese Forde, PhD",37126156.0,10.1007/s40615-023-01614-5,MD000019-05
136941,"Jinani C Jayasekera, PhD",38010458.0,10.1007/s11606-023-08518-4,MD000022-02
136941,"Jinani C Jayasekera, PhD",37947337.0,10.1093/jncimonographs/lgad023,MD000022-02
136941,"Jinani C Jayasekera, PhD",38227031.0,10.1001/jama.2023.25881,MD000022-02
136941,"Jinani C Jayasekera, PhD",37947339.0,10.1093/jncimonographs/lgad017,MD000022-02
136933,"Sherine Mahfouz El-Toukhy, PhD",39150750.0,10.2196/57382,MD000011-07
136933,"Sherine Mahfouz El-Toukhy, PhD",38124887.0,10.1136/bmjph-2023-000222,MD000011-07
136933,"Sherine Mahfouz El-Toukhy, PhD",37747771.0,10.2196/47567,MD000011-07
136933,"Sherine Mahfouz El-Toukhy, PhD",37042413.0,10.1111/jrh.12759,MD000011-07
136933,"Sherine Mahfouz El-Toukhy, PhD",37709268.0,10.1177/1357633X231199522,MD000011-07
136933,"Sherine Mahfouz El-Toukhy, PhD",38099902.0,10.1016/j.jadohealth.2023.09.021,MD000011-07
136939,"Kosuke  Tamura, PhD",38374312.0,10.1007/s10900-024-01332-x,MD000020-04
136939,"Kosuke  Tamura, PhD",37193404.0,10.1093/sleepadvances/zpac032,MD000020-04
136928,"Kelvin  Choi, BS, PhD",35672144.0,10.1136/tobaccocontrol-2022-057269,MD000006-10
136928,"Kelvin  Choi, BS, PhD",37673195.0,10.1016/j.amepre.2023.09.001,MD000006-10
136928,"Kelvin  Choi, BS, PhD",38817359.0,10.2144/fsoa-2023-0032,MD000006-10
136928,"Kelvin  Choi, BS, PhD",36412209.0,10.1177/10901981221138063,MD000006-10
136928,"Kelvin  Choi, BS, PhD",39077552.0,10.18332/tpc/190582,MD000006-10
136928,"Kelvin  Choi, BS, PhD",37758124.0,10.1016/j.ypmed.2023.107712,MD000006-10
136928,"Kelvin  Choi, BS, PhD",37417788.0,10.1080/15402002.2023.2232498,MD000006-10
136928,"Kelvin  Choi, BS, PhD",35943488.0,10.1080/15332640.2022.2109089,MD000006-10
136928,"Kelvin  Choi, BS, PhD",38071582.0,10.1136/tc-2023-058245,MD000006-10
136928,"Kelvin  Choi, BS, PhD",38703079.0,10.1093/ntr/ntae109,MD000006-10
136928,"Kelvin  Choi, BS, PhD",37336095.0,10.1016/j.addbeh.2023.107777,MD000006-10
136928,"Kelvin  Choi, BS, PhD",37473992.0,10.1016/j.jpeds.2023.113618,MD000006-10
136937,"Leonardo  Mariño-Ramírez, PhD",36928108.0,10.1093/nar/gkad149,MD000018-05
136937,"Leonardo  Mariño-Ramírez, PhD",38239263.0,10.1136/bmjph-2023-000655,MD000018-05
136937,"Leonardo  Mariño-Ramírez, PhD",37895188.0,10.3390/genes14101840,MD000018-05
136937,"Leonardo  Mariño-Ramírez, PhD",38846999.0,10.1016/j.omtn.2024.102202,MD000018-05
136937,"Leonardo  Mariño-Ramírez, PhD",38045036.0,10.1186/s44263-023-00025-2,MD000018-05
136937,"Leonardo  Mariño-Ramírez, PhD",39213390.0,10.1093/database/baae082,MD000018-05
136937,"Leonardo  Mariño-Ramírez, PhD",36963080.0,10.1371/journal.pgph.0001560,MD000018-05
136937,"Leonardo  Mariño-Ramírez, PhD",37114803.0,10.1093/database/baad026,MD000018-05
136937,"Leonardo  Mariño-Ramírez, PhD",37514109.0,10.3390/pharmaceutics15071923,MD000018-05
136937,"Leonardo  Mariño-Ramírez, PhD",38081806.0,10.1038/s41467-023-43562-y,MD000018-05
136967,"Joseph A Mindell, BS, MD, PhD",37363915.0,10.1371/journal.pgen.1010800,NS003015-19
136980,"Lawrence L Latour, PhD",36748316.0,10.1177/0271678X231155222,NS003044-18
136980,"Lawrence L Latour, PhD",38412839.0,10.1159/000536470,NS003044-18
136980,"Lawrence L Latour, PhD",36434858.0,10.1016/j.jstrokecerebrovasdis.2022.106870,NS003044-18
137586,Amreen  Mughal,38420777.0,10.1177/0271678X241235790,NS009456-01
136943,"Thomas Sargent Reese, MD",37723223.0,10.1038/s42003-023-05312-0,NS003113-15
137035,"Alan Paul Koretsky, PhD",38154120.0,10.1021/jacs.3c11499,NS009425-04
137035,"Alan Paul Koretsky, PhD",38829568.0,10.1002/anie.202407349,NS009425-04
137035,"Alan Paul Koretsky, PhD",38857819.0,10.1016/j.neuroimage.2024.120680,NS009425-04
136970,"Zu-Hang  Sheng, PhD",35867854.0,10.1093/brain/awac269,NS003029-18
137047,"Dragan  Maric, PhD",37043503.0,10.1093/brain/awad124,NS009441-03
137047,"Dragan  Maric, PhD",37727953.0,10.1097/CJI.0000000000000485,NS009441-03
137047,"Dragan  Maric, PhD",37018064.0,10.1158/1078-0432.CCR-22-3651,NS009441-03
137047,"Dragan  Maric, PhD",38509366.0,10.1038/s41586-024-07202-9,NS009441-03
137047,"Dragan  Maric, PhD",38755145.0,10.1038/s41467-024-48488-7,NS009441-03
137047,"Dragan  Maric, PhD",37609425.0,10.1016/j.heliyon.2023.e18754,NS009441-03
137047,"Dragan  Maric, PhD",36655171.0,10.1093/braincomms/fcac298,NS009441-03
137047,"Dragan  Maric, PhD",37245561.0,10.1016/j.neuroimage.2023.120198,NS009441-03
137047,"Dragan  Maric, PhD",38691673.0,10.1097/j.pain.0000000000003242,NS009441-03
137047,"Dragan  Maric, PhD",37395282.0,10.1172/JCI167929,NS009441-03
137047,"Dragan  Maric, PhD",36731429.0,10.1016/j.neuron.2023.01.007,NS009441-03
136982,"John D Heiss, MD",38592536.0,10.1007/978-3-031-53578-9_11,NS003050-17
136982,"John D Heiss, MD",37709353.0,10.3174/ajnr.A7993,NS003050-17
136982,"John D Heiss, MD",37109107.0,10.3390/jcm12082767,NS003050-17
136982,"John D Heiss, MD",37959191.0,10.3390/jcm12216725,NS003050-17
136982,"John D Heiss, MD",38394661.0,10.3171/2023.12.PEDS22366,NS003050-17
137032,"Lorna Wendy Role, PhD",34757909.0,10.1109/TVCG.2021.3127132,NS009422-05
136992,"Dorian  McGavern, PhD",37339049.0,10.1016/j.xpro.2023.102367,NS003112-16
136992,"Dorian  McGavern, PhD",38509366.0,10.1038/s41586-024-07202-9,NS003112-16
136956,"Thomas Sargent Reese, MD",37369583.0,10.1523/JNEUROSCI.2195-22.2023,NS002972-27
136956,"Thomas Sargent Reese, MD",37091879.0,10.3389/fnsyn.2023.1123564,NS002972-27
137003,"Quan  Yuan, PhD",37597794.0,10.1016/j.pep.2023.106354,NS003137-12
137003,"Quan  Yuan, PhD",36848233.0,10.1016/j.celrep.2023.112028,NS003137-12
137028,"Lorna Wendy Role, PhD",38363713.0,10.7554/eLife.86581,NS009416-05
137028,"Lorna Wendy Role, PhD",38536818.0,10.1016/j.celrep.2024.114009,NS009416-05
137028,"Lorna Wendy Role, PhD",38906335.0,10.1016/j.jneumeth.2024.110202,NS009416-05
136983,"John D Heiss, MD",36789106.0,10.1016/j.omto.2023.01.003,NS003051-17
136983,"John D Heiss, MD",37682953.0,10.1371/journal.pone.0291068,NS003051-17
136983,"John D Heiss, MD",38718138.0,10.1002/mds.29820,NS003051-17
137024,"Derek Paul Narendra, BA, MD, PhD",38724624.0,10.1038/s44321-024-00070-w,NS003169-06
137024,"Derek Paul Narendra, BA, MD, PhD",37815936.0,10.1093/hmg/ddad161,NS003169-06
136988,"Edward  Giniger, BS, MS, PhD",38912559.0,10.1242/bio.060335,NS003106-16
136993,"Daniel S Reich, MD",38818331.0,10.1093/braincomms/fcae158,NS003119-15
136993,"Daniel S Reich, MD",38788180.0,10.1212/NXI.0000000000200253,NS003119-15
136993,"Daniel S Reich, MD",38985831.0,10.1371/journal.pcbi.1012241,NS003119-15
136993,"Daniel S Reich, MD",37587544.0,10.1111/jon.13147,NS003119-15
136993,"Daniel S Reich, MD",38088067.0,10.1177/13524585231214360,NS003119-15
136993,"Daniel S Reich, MD",38107773.0,10.3389/fnimg.2023.1252261,NS003119-15
136993,"Daniel S Reich, MD",38854960.0,10.3389/fneur.2024.1330203,NS003119-15
136993,"Daniel S Reich, MD",39121861.0,10.1016/j.xcrm.2024.101680,NS003119-15
136993,"Daniel S Reich, MD",39169546.0,10.1002/hbm.26816,NS003119-15
136993,"Daniel S Reich, MD",38547430.0,10.1212/NXI.0000000000200219,NS003119-15
136993,"Daniel S Reich, MD",38481081.0,10.1177/13524585241238094,NS003119-15
136993,"Daniel S Reich, MD",38564056.0,10.1007/s00415-024-12289-1,NS003119-15
136993,"Daniel S Reich, MD",37622115.0,10.3389/fimmu.2023.1235791,NS003119-15
136993,"Daniel S Reich, MD",38277467.0,10.1126/scitranslmed.adg7162,NS003119-15
136993,"Daniel S Reich, MD",38326613.0,10.1038/s41586-023-06993-7,NS003119-15
136993,"Daniel S Reich, MD",37923732.0,10.1038/s41467-023-42809-y,NS003119-15
136993,"Daniel S Reich, MD",37950874.0,10.1093/cercor/bhad394,NS003119-15
137011,"Prashant  Chittiboina, MD",37261392.0,10.1210/clinem/dgad309,NS003150-10
137011,"Prashant  Chittiboina, MD",36846212.0,10.1210/jendso/bvad025,NS003150-10
137011,"Prashant  Chittiboina, MD",37153111.0,10.1210/jendso/bvad046,NS003150-10
137011,"Prashant  Chittiboina, MD",38633897.0,10.1210/jendso/bvae064,NS003150-10
137014,"Sonja Waltraud Scholz, PhD",38145206.0,10.1016/j.prdoa.2023.100230,NS003154-09
137014,"Sonja Waltraud Scholz, PhD",38378815.0,10.1038/s41531-024-00649-7,NS003154-09
137014,"Sonja Waltraud Scholz, PhD",38701790.0,10.1016/j.neuron.2024.04.002,NS003154-09
137014,"Sonja Waltraud Scholz, PhD",37583427.0,10.1016/j.prdoa.2023.100213,NS003154-09
137014,"Sonja Waltraud Scholz, PhD",36190676.0,10.1007/s12311-022-01471-8,NS003154-09
137014,"Sonja Waltraud Scholz, PhD",37246815.0,10.1002/mds.29450,NS003154-09
137014,"Sonja Waltraud Scholz, PhD",38059801.0,10.1093/brain/awad364,NS003154-09
137014,"Sonja Waltraud Scholz, PhD",37545108.0,10.1002/acn3.51871,NS003154-09
137014,"Sonja Waltraud Scholz, PhD",38162907.0,10.1093/braincomms/fcad346,NS003154-09
137014,"Sonja Waltraud Scholz, PhD",38168980.0,10.1038/s41587-023-02024-y,NS003154-09
137014,"Sonja Waltraud Scholz, PhD",38978726.0,10.1093/braincomms/fcae190,NS003154-09
137029,"Sadhana  Jackson, MD",38589905.0,10.1186/s40478-024-01763-6,NS009417-05
137029,"Sadhana  Jackson, MD",37682953.0,10.1371/journal.pone.0291068,NS009417-05
136954,"Kenton J Swartz, PhD",37199723.0,10.7554/eLife.86166,NS002945-28
136954,"Kenton J Swartz, PhD",37758949.0,10.1038/s41586-023-06582-8,NS002945-28
136954,"Kenton J Swartz, PhD",38064553.0,10.1126/sciadv.adj5539,NS002945-28
136954,"Kenton J Swartz, PhD",38826484.0,10.1101/2024.05.20.595003,NS002945-28
136969,"Jeff H Duyn, PhD",38903093.0,10.1101/2024.04.24.24306208,NS003027-18
136969,"Jeff H Duyn, PhD",37788383.0,10.1093/sleep/zsad259,NS003027-18
136969,"Jeff H Duyn, PhD",38979303.0,10.1101/2024.06.24.600438,NS003027-18
136969,"Jeff H Duyn, PhD",38562584.0,10.1093/pnasnexus/pgae078,NS003027-18
136971,"Leonardo G Cohen, MD",38237090.0,10.1212/WNL.0000000000208073,NS003030-18
136979,"Lawrence L Latour, PhD",36748316.0,10.1177/0271678X231155222,NS003043-18
136979,"Lawrence L Latour, PhD",38412839.0,10.1159/000536470,NS003043-18
136979,"Lawrence L Latour, PhD",36434858.0,10.1016/j.jstrokecerebrovasdis.2022.106870,NS003043-18
137002,"Wei  Lu, PhD, BS",38495551.0,10.3389/fnmol.2024.1222935,NS003136-13
137002,"Wei  Lu, PhD, BS",37699715.0,10.1523/JNEUROSCI.2309-22.2023,NS003136-13
137002,"Wei  Lu, PhD, BS",39058580.0,10.1073/pnas.2400078121,NS003136-13
137002,"Wei  Lu, PhD, BS",38050135.0,10.1523/JNEUROSCI.0557-23.2023,NS003136-13
137002,"Wei  Lu, PhD, BS",38781377.0,10.1126/science.adj7066,NS003136-13
137016,"Brian T Walitt, MD, MPH",38237090.0,10.1212/WNL.0000000000208073,NS003157-09
137016,"Avindra  Nath, MD",38237090.0,10.1212/WNL.0000000000208073,NS003157-09
136995,"Richard James Youle, PhD",37621214.0,10.15252/embj.2023113491,NS003123-14
136995,"Richard James Youle, PhD",37440574.0,10.1371/journal.pgen.1010828,NS003123-14
136995,"Richard James Youle, PhD",39005402.0,10.1101/2024.07.06.602365,NS003123-14
136994,"Lawrence L Latour, PhD",39088894.0,10.1016/j.jns.2024.123149,NS003120-15
136951,"Susan  Wray, PhD",37935042.0,10.1210/endocr/bqad168,NS002824-34
136951,"Susan  Wray, PhD",38633445.0,10.3389/fncel.2024.1354095,NS002824-34
136968,"Kenton J Swartz, PhD",36940138.0,10.7554/eLife.84796,NS003018-18
137034,"David Andrew Talmage, PhD",38906335.0,10.1016/j.jneumeth.2024.110202,NS009424-04
137034,"David Andrew Talmage, PhD",38536818.0,10.1016/j.celrep.2024.114009,NS009424-04
137034,"David Andrew Talmage, PhD",38363713.0,10.7554/eLife.86581,NS009424-04
137017,"Barbara P Karp, MD",37905359.0,10.1111/aogs.14694,NS003158-08
137017,"Pamela  Stratton, MD",37905359.0,10.1111/aogs.14694,NS003158-08
136963,"Katherine Walton Roche, PhD",38050135.0,10.1523/JNEUROSCI.0557-23.2023,NS002994-23
136946,"David R Sibley, PhD",36654757.0,10.1021/acsptsci.2c00202,NS002263-48
136946,"David R Sibley, PhD",37892234.0,10.3390/biom13101552,NS002263-48
136946,"David R Sibley, PhD",37047571.0,10.3390/ijms24076599,NS002263-48
136946,"David R Sibley, PhD",37646374.0,10.1021/acs.jmedchem.3c00734,NS002263-48
136946,"David R Sibley, PhD",37599183.0,10.1016/j.tips.2023.08.002,NS002263-48
137027,"Yi  Gu, PhD",38368457.0,10.1038/s41467-024-45853-4,NS009415-05
137473,"Christopher  Grunseich, MD",38772452.0,,NS009455-01
137473,"Christopher  Grunseich, MD",38772452.0,10.1016/j.nbd.2024.106537,NS009455-01
137473,"Christopher  Grunseich, MD",38973610.0,10.1172/jci.insight.176383,NS009455-01
136952,"Richard James Youle, PhD",37621214.0,10.15252/embj.2023113491,NS002859-33
137036,"Irene Claudia Maria Cortese, MD",36588876.0,10.3389/fneur.2022.1016377,NS009426-04
137036,"Irene Claudia Maria Cortese, MD",37093609.0,10.1001/jamaneurol.2023.0841,NS009426-04
137036,"Irene Claudia Maria Cortese, MD",37622115.0,10.3389/fimmu.2023.1235791,NS009426-04
136974,"David Stanley Goldstein, BA, PhD, MD",38276245.0,10.3390/jpm14010123,NS003034-18
136974,"David Stanley Goldstein, BA, PhD, MD",37883190.0,10.1172/JCI172460,NS003034-18
136974,"David Stanley Goldstein, BA, PhD, MD",39173103.0,10.1212/WNL.0000000000209742,NS003034-18
136974,"David Stanley Goldstein, BA, PhD, MD",38446362.0,10.1007/s10286-024-01022-7,NS003034-18
136974,"David Stanley Goldstein, BA, PhD, MD",38718138.0,10.1002/mds.29820,NS003034-18
136974,"David Stanley Goldstein, BA, PhD, MD",37388914.0,10.1016/j.xgen.2023.100316,NS003034-18
136974,"David Stanley Goldstein, BA, PhD, MD",38366572.0,10.1093/brain/awae033,NS003034-18
136974,"David Stanley Goldstein, BA, PhD, MD",38383456.0,10.1038/s41467-024-45107-3,NS003034-18
137031,Shahriar  SheikhBahaei,37742121.0,10.1113/JP283534,NS009420-05
136965,"Ling-Gang  Wu, PhD",38862506.0,10.1038/s41421-024-00677-w,NS003009-21
137015,"Michael Emmerson Ward, MD, PhD",38600167.0,10.1038/s41593-024-01619-1,NS003155-09
137015,"Michael Emmerson Ward, MD, PhD",39005384.0,10.1101/2024.07.02.601776,NS003155-09
137015,"Michael Emmerson Ward, MD, PhD",38232138.0,10.1126/scitranslmed.adf9735,NS003155-09
137015,"Michael Emmerson Ward, MD, PhD",38277467.0,10.1126/scitranslmed.adg7162,NS003155-09
137015,"Michael Emmerson Ward, MD, PhD",36707427.0,10.1007/s00018-023-04695-x,NS003155-09
137015,"Michael Emmerson Ward, MD, PhD",38923692.0,10.1002/alz.13915,NS003155-09
137001,"Zayd M Khaliq, PhD",37580152.0,10.1212/WNL.0000000000207567,NS003135-13
137001,"Zayd M Khaliq, PhD",37640554.0,10.1523/JNEUROSCI.0930-22.2023,NS003135-13
136961,"Jeff H Duyn, PhD",38818331.0,10.1093/braincomms/fcae158,NS002990-25
136961,"Jeff H Duyn, PhD",37769229.0,10.1002/mrm.29850,NS002990-25
136961,"Jeff H Duyn, PhD",38247051.0,10.1002/mrm.30006,NS002990-25
136985,"Prashant  Chittiboina, MD",37018064.0,10.1158/1078-0432.CCR-22-3651,NS003053-17
137006,"Lucy Rachel Forrest, DPhil, BSc",38367624.0,10.1016/j.str.2024.01.011,NS003143-11
137006,"Lucy Rachel Forrest, DPhil, BSc",37637198.0,10.1093/pnasnexus/pgad269,NS003143-11
137041,"Rebecca Fran Gottesman, PhD, MD",37094376.0,10.1001/jamaneurol.2023.0742,NS009435-03
137041,"Rebecca Fran Gottesman, PhD, MD",39088894.0,10.1016/j.jns.2024.123149,NS009435-03
137041,"Rebecca Fran Gottesman, PhD, MD",37774459.0,10.1016/j.envint.2023.108200,NS009435-03
137041,"Rebecca Fran Gottesman, PhD, MD",38753617.0,10.1371/journal.pone.0300005,NS009435-03
137041,"Rebecca Fran Gottesman, PhD, MD",38813695.0,10.1161/CIRCOUTCOMES.123.010288,NS009435-03
137041,"Rebecca Fran Gottesman, PhD, MD",37672002.0,10.1093/sleep/zsad233,NS009435-03
137041,"Rebecca Fran Gottesman, PhD, MD",38949838.0,10.1001/jamaneurol.2024.2044,NS009435-03
137041,"Rebecca Fran Gottesman, PhD, MD",37615600.0,10.1089/jwh.2023.0030,NS009435-03
137041,"Rebecca Fran Gottesman, PhD, MD",35596270.0,10.1093/gerona/glac111,NS009435-03
137041,"Rebecca Fran Gottesman, PhD, MD",38977137.0,10.1016/j.bbi.2024.07.002,NS009435-03
137041,"Rebecca Fran Gottesman, PhD, MD",38711107.0,10.1186/s13195-024-01461-4,NS009435-03
137041,"Rebecca Fran Gottesman, PhD, MD",38330286.0,10.1212/WNL.0000000000209140,NS009435-03
137041,"Rebecca Fran Gottesman, PhD, MD",38716662.0,10.1161/STROKEAHA.123.046443,NS009435-03
137041,"Rebecca Fran Gottesman, PhD, MD",35421897.0,10.1093/gerona/glac088,NS009435-03
137041,"Rebecca Fran Gottesman, PhD, MD",37976795.0,10.1016/j.jstrokecerebrovasdis.2023.107476,NS009435-03
137041,"Rebecca Fran Gottesman, PhD, MD",38571965.0,10.1002/dad2.12560,NS009435-03
137041,"Rebecca Fran Gottesman, PhD, MD",38155477.0,10.1002/acn3.51955,NS009435-03
137041,"Rebecca Fran Gottesman, PhD, MD",38935599.0,10.2337/dc24-0203,NS009435-03
137041,"Rebecca Fran Gottesman, PhD, MD",37816634.0,10.1212/WNL.0000000000207949,NS009435-03
137041,"Rebecca Fran Gottesman, PhD, MD",38284926.0,10.1093/gerona/glae032,NS009435-03
137041,"Rebecca Fran Gottesman, PhD, MD",38748919.0,10.1044/2024_AJA-23-00108,NS009435-03
137041,"Rebecca Fran Gottesman, PhD, MD",39037821.0,10.1001/jamaneurol.2024.2243,NS009435-03
137041,"Rebecca Fran Gottesman, PhD, MD",38700866.0,10.1001/jamanetworkopen.2024.8502,NS009435-03
137041,"Rebecca Fran Gottesman, PhD, MD",37808483.0,10.3389/fneur.2023.1172031,NS009435-03
137041,"Rebecca Fran Gottesman, PhD, MD",38877664.0,10.1002/alz.13876,NS009435-03
137041,"Rebecca Fran Gottesman, PhD, MD",37231788.0,10.1159/000530568,NS009435-03
137041,"Rebecca Fran Gottesman, PhD, MD",38897982.0,10.1093/aje/kwae132,NS009435-03
137041,"Rebecca Fran Gottesman, PhD, MD",38903102.0,10.1101/2024.04.29.24306600,NS009435-03
137041,"Rebecca Fran Gottesman, PhD, MD",38387450.0,10.1159/000534791,NS009435-03
137041,"Rebecca Fran Gottesman, PhD, MD",37869909.0,10.1161/HYPERTENSIONAHA.123.21438,NS009435-03
137041,"Rebecca Fran Gottesman, PhD, MD",38245754.0,10.1186/s13195-023-01376-6,NS009435-03
137041,"Rebecca Fran Gottesman, PhD, MD",38408881.0,10.1016/j.atherosclerosis.2024.117475,NS009435-03
137041,"Rebecca Fran Gottesman, PhD, MD",37638398.0,10.1161/STROKEAHA.123.042835,NS009435-03
137041,"Rebecca Fran Gottesman, PhD, MD",37745655.0,10.3389/fneur.2023.1230368,NS009435-03
137041,"Rebecca Fran Gottesman, PhD, MD",37335212.0,10.1097/HTR.0000000000000880,NS009435-03
137041,"Rebecca Fran Gottesman, PhD, MD",38407883.0,10.1001/jamaneurol.2024.0010,NS009435-03
137041,"Rebecca Fran Gottesman, PhD, MD",38970220.0,10.1002/alz.14104,NS009435-03
137041,"Rebecca Fran Gottesman, PhD, MD",38018831.0,10.1161/STROKEAHA.123.042528,NS009435-03
137041,"Rebecca Fran Gottesman, PhD, MD",37630831.0,10.3390/nu15163641,NS009435-03
137041,"Rebecca Fran Gottesman, PhD, MD",38848187.0,10.3233/JAD-240162,NS009435-03
137041,"Rebecca Fran Gottesman, PhD, MD",37659100.0,10.1093/gerona/glad210,NS009435-03
137041,"Rebecca Fran Gottesman, PhD, MD",38181329.0,10.1212/WNL.0000000000208035,NS009435-03
137041,"Rebecca Fran Gottesman, PhD, MD",38154237.0,10.1016/j.pediatrneurol.2023.12.002,NS009435-03
137041,"Rebecca Fran Gottesman, PhD, MD",37918374.0,10.1159/000533851,NS009435-03
137041,"Rebecca Fran Gottesman, PhD, MD",37652701.0,10.1212/WNL.0000000000207771,NS009435-03
137041,"Rebecca Fran Gottesman, PhD, MD",37954510.0,10.1016/j.jacadv.2023.100408,NS009435-03
137018,"Barbara P Karp, MD",38787068.0,10.3390/toxins16050216,NS003159-08
137018,"Barbara P Karp, MD",37201800.0,10.1016/j.toxicon.2023.107162,NS003159-08
137018,"Barbara P Karp, MD",36858044.0,10.1016/j.medj.2023.02.006,NS003159-08
137018,"Barbara P Karp, MD",37905359.0,10.1111/aogs.14694,NS003159-08
137018,"Pamela  Stratton, MD",38787068.0,10.3390/toxins16050216,NS003159-08
137018,"Pamela  Stratton, MD",37201800.0,10.1016/j.toxicon.2023.107162,NS003159-08
137018,"Pamela  Stratton, MD",36858044.0,10.1016/j.medj.2023.02.006,NS003159-08
137018,"Pamela  Stratton, MD",37905359.0,10.1111/aogs.14694,NS003159-08
136984,"John D Heiss, MD",37947640.0,10.3390/cells12212562,NS003052-17
136984,"John D Heiss, MD",37395282.0,10.1172/JCI167929,NS003052-17
136984,"John D Heiss, MD",38730705.0,10.3390/cancers16091754,NS003052-17
136984,"John D Heiss, MD",36789106.0,10.1016/j.omto.2023.01.003,NS003052-17
136984,"John D Heiss, MD",36796878.0,10.1136/jitc-2022-006164,NS003052-17
136984,"John D Heiss, MD",37339049.0,10.1016/j.xpro.2023.102367,NS003052-17
136984,"John D Heiss, MD",37682953.0,10.1371/journal.pone.0291068,NS003052-17
136984,"John D Heiss, MD",38427131.0,10.1007/s11060-024-04613-6,NS003052-17
137007,"Kareem Amir Zaghloul, MD, PhD, BS",38718138.0,10.1002/mds.29820,NS003144-11
137007,"Kareem Amir Zaghloul, MD, PhD, BS",39022648.0,10.1093/noajnl/vdae103,NS003144-11
137007,"Kareem Amir Zaghloul, MD, PhD, BS",37776852.0,10.1016/j.neuron.2023.09.005,NS003144-11
137007,"Kareem Amir Zaghloul, MD, PhD, BS",37187039.0,10.1016/j.eplepsyres.2023.107163,NS003144-11
137007,"Kareem Amir Zaghloul, MD, PhD, BS",38427131.0,10.1007/s11060-024-04613-6,NS003144-11
137007,"Kareem Amir Zaghloul, MD, PhD, BS",37395282.0,10.1172/JCI167929,NS003144-11
137007,"Kareem Amir Zaghloul, MD, PhD, BS",37550285.0,10.1038/s41467-023-40440-5,NS003144-11
137007,"Kareem Amir Zaghloul, MD, PhD, BS",37527460.0,10.1093/brain/awad259,NS003144-11
137007,"Kareem Amir Zaghloul, MD, PhD, BS",36861959.0,10.7554/eLife.83365,NS003144-11
137007,"Kareem Amir Zaghloul, MD, PhD, BS",36864132.0,10.1038/s41562-023-01529-5,NS003144-11
137007,"Kareem Amir Zaghloul, MD, PhD, BS",37188513.0,10.1523/JNEUROSCI.1666-22.2023,NS003144-11
136960,"Alan Paul Koretsky, PhD",38857819.0,10.1016/j.neuroimage.2024.120680,NS002989-25
136960,"Alan Paul Koretsky, PhD",36944712.0,10.1038/s42003-023-04656-x,NS002989-25
136960,"Alan Paul Koretsky, PhD",37245561.0,10.1016/j.neuroimage.2023.120198,NS002989-25
136960,"Alan Paul Koretsky, PhD",38573932.0,10.1002/mrm.29993,NS002989-25
137013,"Ariel Johanna Levine, MD",36731429.0,10.1016/j.neuron.2023.01.007,NS003153-09
136964,"Joseph A Mindell, BS, MD, PhD",38271216.0,10.7554/eLife.87985,NS003000-22
136950,"Steven J Jacobson, PhD",39173103.0,10.1212/WNL.0000000000209742,NS002817-35
136945,"Steven J Jacobson, PhD",37083540.0,10.7554/eLife.73786,NS002204-49
136945,"Steven J Jacobson, PhD",37950874.0,10.1093/cercor/bhad394,NS002204-49
137040,Mark Jason Wagner,38870929.0,10.1016/j.neuron.2024.05.019,NS009434-03
137040,Mark Jason Wagner,37604889.0,10.1038/s41593-023-01403-7,NS009434-03
137040,Mark Jason Wagner,37940582.0,10.1523/JNEUROSCI.1451-23.2023,NS009434-03
137023,"Joshua Adam Gordon, MD, PhD",38368457.0,10.1038/s41467-024-45853-4,NS003168-07
137039,"Desmond Alladin Brown, MD, PhD",37947640.0,10.3390/cells12212562,NS009433-03
137039,"Desmond Alladin Brown, MD, PhD",38188300.0,10.3389/fonc.2023.1279923,NS009433-03
137039,"Desmond Alladin Brown, MD, PhD",37682953.0,10.1371/journal.pone.0291068,NS009433-03
137039,"Desmond Alladin Brown, MD, PhD",37340056.0,10.1038/s42003-023-05035-2,NS009433-03
136987,"Ling-Gang  Wu, PhD",38862506.0,10.1038/s41421-024-00677-w,NS003105-16
137020,"Antonina I Roll-Mecak, BE, PhD",37074962.0,10.1091/mbc.E23-01-0030,NS003164-08
137004,"Lucy Rachel Forrest, DPhil, BSc",38652746.0,10.1073/pnas.2319384121,NS003139-11
137004,"Lucy Rachel Forrest, DPhil, BSc",36528790.0,10.1016/j.bpj.2022.12.021,NS003139-11
136959,"Leonardo G Cohen, MD",36808164.0,10.1038/s41598-023-29963-5,NS002978-26
136978,"Steven J Jacobson, PhD",39173103.0,10.1212/WNL.0000000000209742,NS003040-18
136978,"Steven J Jacobson, PhD",37562974.0,10.1212/NXI.0000000000200149,NS003040-18
136977,"Jeffrey S Diamond, PhD",37527925.0,10.1523/ENEURO.0493-22.2023,NS003039-18
136977,"Jeffrey S Diamond, PhD",37769662.0,10.1016/j.cub.2023.08.087,NS003039-18
137008,"Jeffrey S Diamond, PhD",38903067.0,10.1101/2024.04.30.591885,NS003145-11
137008,"Jeffrey S Diamond, PhD",37930888.0,10.1016/j.celrep.2023.113390,NS003145-11
136997,"Carsten Gerhart Bönnemann, MD",39171142.0,10.1016/j.omtn.2024.102269,NS003129-14
136997,"Carsten Gerhart Bönnemann, MD",38617974.0,10.1016/j.omtn.2024.102178,NS003129-14
136997,"Carsten Gerhart Bönnemann, MD",38690726.0,10.1172/JCI172599,NS003129-14
136997,"Carsten Gerhart Bönnemann, MD",38041684.0,10.1136/jnnp-2023-332130,NS003129-14
136997,"Carsten Gerhart Bönnemann, MD",38311799.0,10.1002/acn3.51983,NS003129-14
136997,"Carsten Gerhart Bönnemann, MD",38942994.0,10.1038/s41591-024-03078-4,NS003129-14
136997,"Carsten Gerhart Bönnemann, MD",38915423.0,10.1212/NXG.0000000000200148,NS003129-14
136997,"Carsten Gerhart Bönnemann, MD",38358893.0,10.1016/j.xhgg.2024.100274,NS003129-14
136997,"Carsten Gerhart Bönnemann, MD",37947183.0,10.1016/j.gim.2023.101023,NS003129-14
136997,"Carsten Gerhart Bönnemann, MD",38086156.0,10.1016/j.ebiom.2023.104894,NS003129-14
136997,"Carsten Gerhart Bönnemann, MD",38565148.0,10.1016/j.ajhg.2024.03.008,NS003129-14
136997,"Carsten Gerhart Bönnemann, MD",38848546.0,10.1093/brain/awae183,NS003129-14
136997,"Carsten Gerhart Bönnemann, MD",38950322.0,10.1172/JCI179559,NS003129-14
136997,"Carsten Gerhart Bönnemann, MD",38413582.0,10.1038/s41467-024-45933-5,NS003129-14
136997,"Carsten Gerhart Bönnemann, MD",38041679.0,10.1136/jnnp-2023-332132,NS003129-14
136997,"Carsten Gerhart Bönnemann, MD",38429495.0,10.1038/s41588-023-01651-0,NS003129-14
136997,"Carsten Gerhart Bönnemann, MD",38318125.0,10.1016/j.eclinm.2024.102433,NS003129-14
137044,"Govind  Nair, PhD",36480267.0,10.1111/bpa.13136,NS009438-03
137044,"Govind  Nair, PhD",37105760.0,10.1212/WNL.0000000000207339,NS009438-03
137044,"Govind  Nair, PhD",37147136.0,10.1212/NXI.0000000000200097,NS009438-03
137044,"Govind  Nair, PhD",38362961.0,10.1002/ana.26896,NS009438-03
137044,"Govind  Nair, PhD",38897168.0,10.1016/j.xcrm.2024.101610,NS009438-03
137044,"Govind  Nair, PhD",38107773.0,10.3389/fnimg.2023.1252261,NS009438-03
137044,"Govind  Nair, PhD",38854960.0,10.3389/fneur.2024.1330203,NS009438-03
137044,"Govind  Nair, PhD",37959191.0,10.3390/jcm12216725,NS009438-03
137044,"Govind  Nair, PhD",38857819.0,10.1016/j.neuroimage.2024.120680,NS009438-03
136998,"Avindra  Nath, MD",38362961.0,10.1002/ana.26896,NS003130-14
136998,"Avindra  Nath, MD",38782925.0,10.1038/s41467-024-48644-z,NS003130-14
136998,"Avindra  Nath, MD",38755145.0,10.1038/s41467-024-48488-7,NS003130-14
136998,"Avindra  Nath, MD",38237090.0,10.1212/WNL.0000000000208073,NS003130-14
136998,"Avindra  Nath, MD",38286433.0,10.1055/s-0044-1779027,NS003130-14
137000,"Prashant  Chittiboina, MD",2023005101.0,,NS003132-13
137010,"Joseph Perry Steiner, PhD",38755145.0,10.1038/s41467-024-48488-7,NS003149-10
137010,"Joseph Perry Steiner, PhD",38383499.0,10.1523/JNEUROSCI.0826-23.2024,NS003149-10
137010,"Joseph Perry Steiner, PhD",37395282.0,10.1172/JCI167929,NS003149-10
137010,"Joseph Perry Steiner, PhD",37327963.0,10.1016/j.expneurol.2023.114469,NS003149-10
137010,"Avindra  Nath, MD",38755145.0,10.1038/s41467-024-48488-7,NS003149-10
137010,"Avindra  Nath, MD",38383499.0,10.1523/JNEUROSCI.0826-23.2024,NS003149-10
137010,"Avindra  Nath, MD",37395282.0,10.1172/JCI167929,NS003149-10
137010,"Avindra  Nath, MD",37327963.0,10.1016/j.expneurol.2023.114469,NS003149-10
136991,"Dorian  McGavern, PhD",37339049.0,10.1016/j.xpro.2023.102367,NS003111-16
136991,"Dorian  McGavern, PhD",38509366.0,10.1038/s41586-024-07202-9,NS003111-16
136991,"Dorian  McGavern, PhD",37945821.0,10.1038/s41590-023-01663-2,NS003111-16
137025,"Alan Paul Koretsky, PhD",37620930.0,10.1186/s12987-023-00462-z,NS003170-06
137025,"Alan Paul Koretsky, PhD",37498298.0,10.1021/acssensors.3c00512,NS003170-06
137048,Yan  Li,38755145.0,10.1038/s41467-024-48488-7,NS009442-03
137048,Yan  Li,37699715.0,10.1523/JNEUROSCI.2309-22.2023,NS009442-03
137048,Yan  Li,37609008.0,10.1007/s43465-023-00964-w,NS009442-03
136962,"Miguel  Holmgren, PhD",37043503.0,10.1093/brain/awad124,NS002993-23
136962,"Miguel  Holmgren, PhD",37782798.0,10.1073/pnas.2301207120,NS002993-23
136981,"Alan Paul Koretsky, PhD",37245561.0,,NS003047-18
136981,"Alan Paul Koretsky, PhD",37245561.0,10.1016/j.neuroimage.2023.120198,NS003047-18
136981,"Alan Paul Koretsky, PhD",38573932.0,10.1002/mrm.29993,NS003047-18
137037,"Sara K Inati, MD",39152115.0,10.1038/s41467-024-51338-1,NS009431-04
137037,"Sara K Inati, MD",37187039.0,10.1016/j.eplepsyres.2023.107163,NS009431-04
137037,"Sara K Inati, MD",37527460.0,10.1093/brain/awad259,NS009431-04
137049,"Kory R Johnson, PhD",37974165.0,10.1186/s13024-023-00673-w,NS009443-03
137049,"Kory R Johnson, PhD",39022648.0,10.1093/noajnl/vdae103,NS009443-03
137049,"Kory R Johnson, PhD",38989463.0,10.1016/j.isci.2024.110147,NS009443-03
137049,"Kory R Johnson, PhD",38923692.0,,NS009443-03
137049,"Kory R Johnson, PhD",38923692.0,10.1002/alz.13915,NS009443-03
137049,"Kory R Johnson, PhD",38383456.0,10.1038/s41467-024-45107-3,NS009443-03
137061,Tokunbor A Lawal,38318125.0,10.1016/j.eclinm.2024.102433,NR000040-02
137059,"Leorey Nagac Saligan, MSN, PhD",38379321.0,10.1002/cam4.6975,NR000019-15
137059,"Leorey Nagac Saligan, MSN, PhD",38039708.0,10.1016/j.ejon.2023.102469,NR000019-15
137059,"Leorey Nagac Saligan, MSN, PhD",37929256.0,10.2147/CMAR.S421951,NR000019-15
137059,"Leorey Nagac Saligan, MSN, PhD",38104481.0,10.1016/j.jgo.2023.101682,NR000019-15
137059,"Leorey Nagac Saligan, MSN, PhD",39123446.0,10.3390/cancers16152718,NR000019-15
137059,"Leorey Nagac Saligan, MSN, PhD",38383456.0,10.1038/s41467-024-45107-3,NR000019-15
137086,"Jeremy Chen Weiss, MD",38983834.0,10.1007/978-981-97-2238-9_25,LM010024-02
137086,"Jeremy Chen Weiss, MD",37128459.0,,LM010024-02
137088,"Zhiyong  Lu, PhD",36694118.0,10.1186/s12874-022-01829-w,LM237241-02
137088,"Zhiyong  Lu, PhD",38001031.0,10.1093/bioinformatics/btad716,LM237241-02
137088,"Zhiyong  Lu, PhD",38630520.0,10.2196/56655,LM237241-02
137088,"Zhiyong  Lu, PhD",39114977.0,10.1093/database/baae069,LM237241-02
137088,"Zhiyong  Lu, PhD",39043988.0,10.1038/s41746-024-01185-7,LM237241-02
137088,"Zhiyong  Lu, PhD",37930897.0,10.1093/bioinformatics/btad651,LM237241-02
137088,"Zhiyong  Lu, PhD",38514400.0,10.1093/bioinformatics/btae163,LM237241-02
137088,"Zhiyong  Lu, PhD",37994677.0,10.1093/nar/gkad1044,LM237241-02
137088,"Zhiyong  Lu, PhD",38572754.0,10.1093/nar/gkae235,LM237241-02
137088,"Zhiyong  Lu, PhD",37878810.0,10.1093/bioinformatics/btad599,LM237241-02
137074,"David  Landsman, PhD",38191464.0,10.1186/s13059-023-03141-2,LM082713-12
137874,Martha I Nelson,37679333.0,10.1038/s41467-023-41182-0,LM010027-01
137874,Martha I Nelson,37640694.0,10.1038/s41467-023-40706-y,LM010027-01
137874,Martha I Nelson,38848249.0,10.3201/eid3007.240717,LM010027-01
137874,Martha I Nelson,38078770.0,10.1128/mbio.02649-23,LM010027-01
137874,Martha I Nelson,37207002.0,10.1093/ve/vead027,LM010027-01
137874,Martha I Nelson,36851697.0,10.3390/v15020483,LM010027-01
137874,Martha I Nelson,37229191.0,10.3389/fgene.2023.1172048,LM010027-01
137077,"Clement  McDonald, MD",38595196.0,10.1097/GME.0000000000002335,LM010008-09
137077,"Clement  McDonald, MD",39172922.0,,LM010008-09
137077,"Clement  McDonald, MD",39172922.0,10.1371/journal.pone.0309222,LM010008-09
137082,"Sameer K Antani, PhD",38066031.0,10.1038/s41598-023-48721-1,LM010018-04
137082,"Sameer K Antani, PhD",37758250.0,10.1093/jnci/djad202,LM010018-04
137082,"Sameer K Antani, PhD",38415180.0,10.1007/978-3-031-44917-8_12,LM010018-04
137082,"Sameer K Antani, PhD",37845724.0,10.1186/s13027-023-00536-5,LM010018-04
137082,"Sameer K Antani, PhD",38608333.0,10.1016/j.compmedimag.2024.102379,LM010018-04
137082,"Sameer K Antani, PhD",38232121.0,10.1371/journal.pdig.0000286,LM010018-04
137082,"Sameer K Antani, PhD",36780238.0,10.1007/978-3-031-23599-3_1,LM010018-04
137082,"Sameer K Antani, PhD",37864817.0,10.1093/milmed/usad412,LM010018-04
137082,"Sameer K Antani, PhD",38774479.0,10.1117/12.3005875,LM010018-04
137082,"Sameer K Antani, PhD",36980375.0,10.3390/diagnostics13061068,LM010018-04
137082,"Sameer K Antani, PhD",37008654.0,10.1109/access.2023.3249759,LM010018-04
137082,"Sameer K Antani, PhD",37682418.0,10.1007/s10554-023-02941-8,LM010018-04
138374,"Richard Harvey Scheuermann, PhD",37390046.0,10.1371/journal.pbio.3002133,LM202401-01
138374,"Richard Harvey Scheuermann, PhD",36693887.0,10.1038/s41597-022-01886-2,LM202401-01
138374,"Richard Harvey Scheuermann, PhD",37311768.0,10.1038/s41598-023-36638-8,LM202401-01
137066,"David  Landsman, PhD",39121853.0,10.1016/j.molcel.2024.07.016,LM000084-27
137066,"David  Landsman, PhD",37884340.0,10.1101/gr.278130.123,LM000084-27
137064,"Eugene Victor Koonin, PhD",37138077.0,10.1038/s41586-023-06019-2,LM000061-31
137064,"Eugene Victor Koonin, PhD",38739430.0,10.7554/eLife.94800,LM000061-31
137064,"Eugene Victor Koonin, PhD",38698035.0,10.1038/s41467-024-48074-x,LM000061-31
137064,"Eugene Victor Koonin, PhD",38182597.0,10.1038/s41467-023-44630-z,LM000061-31
137064,"Eugene Victor Koonin, PhD",38657076.0,10.1126/sciadv.adl0164,LM000061-31
137064,"Eugene Victor Koonin, PhD",38805295.0,10.1073/pnas.2405771121,LM000061-31
137064,"Eugene Victor Koonin, PhD",38380930.0,10.1128/mbio.00335-24,LM000061-31
137064,"Eugene Victor Koonin, PhD",38832788.0,10.1128/mbio.01035-24,LM000061-31
137065,"Eugene Victor Koonin, PhD",38643972.0,10.1111/1462-2920.16630,LM000073-29
137065,"Eugene Victor Koonin, PhD",38805295.0,10.1073/pnas.2405771121,LM000073-29
137065,"Eugene Victor Koonin, PhD",36696902.0,10.1016/j.cell.2022.12.039,LM000073-29
137065,"Eugene Victor Koonin, PhD",38380930.0,10.1128/mbio.00335-24,LM000073-29
137065,"Eugene Victor Koonin, PhD",38189270.0,10.1128/mbio.03092-23,LM000073-29
137065,"Eugene Victor Koonin, PhD",38233646.0,10.1038/s41564-023-01579-5,LM000073-29
137065,"Eugene Victor Koonin, PhD",38832788.0,10.1128/mbio.01035-24,LM000073-29
137087,"Michael Fred Chiang, MD, MMSc",37140902.0,10.1001/jamaophthalmol.2023.1310,LM010025-02
137087,"Michael Fred Chiang, MD, MMSc",37030453.0,10.1016/j.ophtha.2023.03.026,LM010025-02
137087,"Michael Fred Chiang, MD, MMSc",36656578.0,10.1001/jamanetworkopen.2022.51512,LM010025-02
137087,"Michael Fred Chiang, MD, MMSc",39043988.0,10.1038/s41746-024-01185-7,LM010025-02
137087,"Michael Fred Chiang, MD, MMSc",37689055.0,10.1016/j.medj.2023.06.005,LM010025-02
137087,"Michael Fred Chiang, MD, MMSc",38233474.0,10.1038/s42003-023-05743-9,LM010025-02
137087,"Michael Fred Chiang, MD, MMSc",37964658.0,10.1093/jamia/ocad213,LM010025-02
137087,"Michael Fred Chiang, MD, MMSc",38059124.0,10.1016/j.xops.2023.100417,LM010025-02
137087,"Michael Fred Chiang, MD, MMSc",37689182.0,10.1016/j.oret.2023.09.001,LM010025-02
137087,"Michael Fred Chiang, MD, MMSc",38855676.0,10.1364/BOE.520739,LM010025-02
137087,"Michael Fred Chiang, MD, MMSc",37216244.0,10.1109/TMI.2023.3278269,LM010025-02
137087,"Michael Fred Chiang, MD, MMSc",36598833.0,10.1097/IIO.0000000000000448,LM010025-02
137087,"Michael Fred Chiang, MD, MMSc",37166816.0,10.1001/jamaophthalmol.2023.1466,LM010025-02
137070,"Teresa M Przytycka, PhD",37721939.0,10.1371/journal.pcbi.1011472,LM200887-17
137069,"L L Aravind, PhD",39106433.0,10.1093/gbe/evae171,LM594244-18
137069,"L L Aravind, PhD",38809013.0,10.1128/msystems.00847-23,LM594244-18
137069,"L L Aravind, PhD",36968430.0,10.1093/nargab/lqad029,LM594244-18
137069,"L L Aravind, PhD",37160116.0,10.1016/j.cell.2023.04.015,LM594244-18
137069,"L L Aravind, PhD",38809974.0,10.1126/sciadv.adn2789,LM594244-18
137069,"L L Aravind, PhD",37728345.0,10.1128/mbio.01519-23,LM594244-18
137069,"L L Aravind, PhD",37889040.0,10.1093/nar/gkad879,LM594244-18
137069,"L L Aravind, PhD",38177497.0,10.1038/s44318-023-00010-3,LM594244-18
137069,"L L Aravind, PhD",37676773.0,10.1016/j.celrep.2023.113100,LM594244-18
137069,"L L Aravind, PhD",38163645.0,10.1093/nar/gkad1213,LM594244-18
137069,"L L Aravind, PhD",38104967.0,10.1111/mmi.15206,LM594244-18
137083,"Dina  Demner-Fushman, MD, PhD",39142598.0,10.1016/j.jbi.2024.104707,LM010019-04
137083,"Dina  Demner-Fushman, MD, PhD",38222422.0,,LM010019-04
137083,"Dina  Demner-Fushman, MD, PhD",39211885.0,10.1101/2024.07.24.24310930,LM010019-04
137083,"Dina  Demner-Fushman, MD, PhD",38222430.0,,LM010019-04
137083,"Dina  Demner-Fushman, MD, PhD",37780058.0,10.1016/j.knosys.2023.110907,LM010019-04
137083,"Dina  Demner-Fushman, MD, PhD",38222330.0,,LM010019-04
137083,"Dina  Demner-Fushman, MD, PhD",36819642.0,10.1002/asi.24722,LM010019-04
137083,"Dina  Demner-Fushman, MD, PhD",37438534.0,10.1038/s41586-023-06291-2,LM010019-04
137071,"Ivan  Ovcharenko, PhD",37387183.0,10.1093/bioinformatics/btad217,LM200881-17
137071,"Ivan  Ovcharenko, PhD",38978133.0,10.1186/s13059-024-03328-1,LM200881-17
137071,"Ivan  Ovcharenko, PhD",37603758.0,10.1073/pnas.2206612120,LM200881-17
137071,"Ivan  Ovcharenko, PhD",36791193.0,10.1126/sciadv.add2911,LM200881-17
137071,"Ivan  Ovcharenko, PhD",38293962.0,10.7554/eLife.88936,LM200881-17
137063,"David  Landsman, PhD",38293962.0,10.7554/eLife.88936,LM000071-29
137079,"Lauren Lea Porter, PhD",39181864.0,10.1038/s41467-024-51801-z,LM202011-05
137079,"Lauren Lea Porter, PhD",37953705.0,10.1002/pro.4836,LM202011-05
137084,"Zhiyong  Lu, PhD",38657840.0,10.1016/j.ophtha.2024.04.011,LM010021-03
137084,"Zhiyong  Lu, PhD",38104223.0,10.1038/s43856-023-00410-w,LM010021-03
137084,"Zhiyong  Lu, PhD",39152209.0,10.1038/s41746-024-01207-4,LM010021-03
137084,"Zhiyong  Lu, PhD",38850624.0,10.1016/j.media.2024.103224,LM010021-03
137084,"Zhiyong  Lu, PhD",37326816.0,10.1007/s11548-023-02954-7,LM010021-03
137132,"Augustin  Luna, PhD",38414974.0,10.3389/fimmu.2023.1282859,LM240126-01
137132,"Augustin  Luna, PhD",38868205.0,10.1016/j.isci.2024.109781,LM240126-01
137073,Michael  Huerta,38409096.0,10.1186/s13059-024-03198-7,LM200888-16
137073,Michael  Huerta,37848431.0,10.1038/s41467-023-41784-8,LM200888-16
137073,Michael  Huerta,38580653.0,10.1038/s41598-024-56003-7,LM200888-16
137073,Michael  Huerta,37933855.0,10.1093/nar/gkad965,LM200888-16
137073,Michael  Huerta,38406579.0,10.3389/fimmu.2023.1330153,LM200888-16
137073,Michael  Huerta,38543795.0,10.3390/v16030430,LM200888-16
137073,Michael  Huerta,38601265.0,10.1515/cti-2023-0009,LM200888-16
137073,Michael  Huerta,38537634.0,10.1016/j.xgen.2024.100527,LM200888-16
137073,Michael  Huerta,37431591.0,10.1039/d3em00181d,LM200888-16
137073,Michael  Huerta,38860884.0,10.1099/mgen.0.001260,LM200888-16
137073,Michael  Huerta,38084967.0,10.1128/jb.00173-23,LM200888-16
137073,Michael  Huerta,37962425.0,10.1093/nar/gkad988,LM200888-16
137073,Michael  Huerta,38880887.0,10.1186/s13321-024-00868-3,LM200888-16
137073,Michael  Huerta,38066002.0,10.1038/s41597-023-02782-z,LM200888-16
137073,Michael  Huerta,38871749.0,10.1038/s41597-024-03449-z,LM200888-16
137073,Michael  Huerta,37894219.0,10.3390/microorganisms11102561,LM200888-16
137073,Michael  Huerta,38811727.0,10.1038/s41586-024-07473-2,LM200888-16
137073,Michael  Huerta,38241320.0,10.1371/journal.pone.0291406,LM200888-16
137073,Michael  Huerta,37842337.0,10.12688/f1000research.74502.2,LM200888-16
137073,Michael  Huerta,38902799.0,10.1186/s13059-024-03294-8,LM200888-16
137073,Michael  Huerta,38969627.0,10.1038/s41597-024-03571-y,LM200888-16
137073,Michael  Huerta,37840815.0,10.1021/acs.estlett.3c00537,LM200888-16
137073,Michael  Huerta,38713717.0,10.1371/journal.pbio.3002405,LM200888-16
137073,Michael  Huerta,37956405.0,10.1093/sysbio/syad068,LM200888-16
137073,Michael  Huerta,38273363.0,10.1186/s12915-024-01825-0,LM200888-16
137073,Michael  Huerta,37994677.0,10.1093/nar/gkad1044,LM200888-16
137073,Michael  Huerta,37889039.0,10.1093/nar/gkad903,LM200888-16
137073,Michael  Huerta,37871188.0,10.1021/acs.est.3c04855,LM200888-16
137073,Michael  Huerta,38755321.0,10.1038/s41592-024-02280-z,LM200888-16
137073,Michael  Huerta,38373301.0,10.1021/acs.est.3c10490,LM200888-16
137073,Michael  Huerta,38085797.0,10.1099/mgen.0.001145,LM200888-16
137073,Michael  Huerta,38115123.0,10.1186/s13321-023-00780-2,LM200888-16
137067,"Yi-Kuo  Yu, PhD",38740383.0,10.1021/jasms.3c00445,LM092404-21
137067,"Yi-Kuo  Yu, PhD",38728051.0,10.1021/acs.jproteome.3c00857,LM092404-21
137067,"Yi-Kuo  Yu, PhD",38301204.0,10.1089/cmb.2023.0149,LM092404-21
137080,James  Mork,37663145.0,10.1109/access.2023.3298750,LM010016-04
137080,James  Mork,38867279.0,10.1093/jamia/ocae143,LM010016-04
137080,James  Mork,38587769.0,10.1007/s10278-024-01052-7,LM010016-04
137080,James  Mork,35369790.0,10.1177/23800844221083563,LM010016-04
137080,James  Mork,38046363.0,10.1016/j.imu.2023.101407,LM010016-04
137080,James  Mork,38841662.0,10.3389/fpubh.2024.1294492,LM010016-04
137080,James  Mork,37418391.0,10.1371/journal.pone.0283601,LM010016-04
137080,James  Mork,36819642.0,10.1002/asi.24722,LM010016-04
137080,James  Mork,36652957.0,10.1055/a-2015-1244,LM010016-04
137080,James  Mork,37008654.0,10.1109/access.2023.3249759,LM010016-04
137080,James  Mork,38895284.0,10.1101/2024.06.05.597554,LM010016-04
137080,James  Mork,36707822.0,10.1186/s12936-023-04446-0,LM010016-04
137080,James  Mork,37693012.0,10.3389/frai.2023.1229609,LM010016-04
137755,"Stefan Rudolf Jaeger, PhD",37663145.0,10.1109/access.2023.3298750,LM010026-01
137755,"Stefan Rudolf Jaeger, PhD",38587769.0,10.1007/s10278-024-01052-7,LM010026-01
137078,"Xiaofang  Jiang, PhD",38172624.0,10.1038/s41564-023-01549-x,LM202010-05
137078,"Xiaofang  Jiang, PhD",38649301.0,10.1093/gigascience/giae017,LM202010-05
137078,"Xiaofang  Jiang, PhD",38364094.0,10.1128/msystems.00036-24,LM202010-05
