pmid,year,human,animal,mol_cell,research
27672113,2016,0.0,0.5,0.5,True
28087539,2017,0.0,0.25,0.75,True
28185645,2017,0.0,0.6,0.4,True
28228424,2017,1.0,0.0,0.0,True
28657510,2017,1.0,0.0,0.0,True
28790138,2017,0.25,0.0,0.75,True
28835518,2017,1.0,0.0,0.0,True
29044202,2017,1.0,0.0,0.0,True
29141868,2018,0.0,0.2,0.8,True
29255621,2017,1.0,0.0,0.0,True
29304203,2020,1.0,0.0,0.0,True
29310048,2018,0.0,1.0,0.0,True
29531168,2018,0.3333333333333333,0.6666666666666666,0.0,True
29691295,2018,0.125,0.25,0.625,True
29695836,2020,0.0,0.6666666666666666,0.3333333333333333,True
29728704,2020,0.5,0.5,0.0,True
29972703,2018,1.0,0.0,0.0,True
30106347,2018,0.0,1.0,0.0,True
30108313,2020,1.0,0.0,0.0,True
30127472,2020,0.4,0.4,0.2,True
30201849,2018,1.0,0.0,0.0,True
30250452,2018,0.0,0.0,1.0,True
30325876,2021,1.0,0.0,0.0,True
30327187,2019,1.0,0.0,0.0,True
30356121,2020,0.3333333333333333,0.5,0.16666666666666666,True
30376640,2020,1.0,0.0,0.0,True
30389798,2018,0.0,0.5,0.5,True
30398411,2019,0.2,0.4,0.4,True
30448131,2020,1.0,0.0,0.0,True
30500877,2020,1.0,0.0,0.0,True
30504927,2019,0.0,0.6,0.4,True
30616705,2020,1.0,0.0,0.0,True
30626912,2020,0.0,0.6666666666666666,0.3333333333333333,True
30667329,2019,1.0,0.0,0.0,True
30692588,2020,1.0,0.0,0.0,True
30707227,2019,1.0,0.0,0.0,True
30730246,2020,0.0,1.0,0.0,True
30741729,2020,0.0,1.0,0.0,True
30796828,2020,1.0,0.0,0.0,True
30803992,2019,0.125,0.5,0.375,True
30847226,2019,1.0,0.0,0.0,True
30853189,2021,1.0,0.0,0.0,True
30874790,2020,1.0,0.0,0.0,True
30877752,2020,0.5,0.0,0.5,True
30883109,2019,0.2,0.4,0.4,True
30926780,2019,0.7142857142857143,0.0,0.2857142857142857,True
30926951,2020,1.0,0.0,0.0,True
30948489,2020,0.5,0.0,0.5,True
30953061,2020,0.5,0.0,0.5,True
30959577,2021,0.42857142857142855,0.42857142857142855,0.14285714285714285,True
30970188,2019,0.6666666666666666,0.0,0.3333333333333333,True
30989176,2020,0.7142857142857143,0.0,0.2857142857142857,True
30990519,2019,1.0,0.0,0.0,True
31003997,2019,0.0,0.6666666666666666,0.3333333333333333,True
31009537,2020,1.0,0.0,0.0,True
31054214,2020,1.0,0.0,0.0,True
31091312,2020,1.0,0.0,0.0,True
31105044,2019,0.75,0.0,0.25,True
31117928,2020,1.0,0.0,0.0,True
31127272,2019,0.14285714285714285,0.2857142857142857,0.5714285714285714,True
31127422,2020,1.0,0.0,0.0,True
31128268,2020,1.0,0.0,0.0,True
31131858,2020,0.2,0.0,0.8,True
31143935,2020,0.4,0.0,0.6,True
31160665,2020,1.0,0.0,0.0,True
31184953,2020,0.14285714285714285,0.7142857142857143,0.14285714285714285,True
31188495,2020,0.16666666666666666,0.0,0.8333333333333334,True
31190050,2020,0.5,0.0,0.5,True
31194918,2020,0.5,0.0,0.5,True
31201416,2020,0.16666666666666666,0.8333333333333334,0.0,True
31218344,2020,0.0,0.0,1.0,True
31220357,2020,0.8,0.0,0.2,True
31232448,2020,0.3333333333333333,0.6666666666666666,0.0,True
31233806,2020,0.0,0.75,0.25,True
31241767,2020,0.23076923076923078,0.15384615384615385,0.6153846153846154,True
31242781,2021,1.0,0.0,0.0,True
31264693,2020,1.0,0.0,0.0,True
31270906,2020,1.0,0.0,0.0,True
31282290,2020,0.2,0.0,0.8,True
31287558,2020,1.0,0.0,0.0,True
31298273,2020,0.6666666666666666,0.0,0.3333333333333333,True
31302638,2020,1.0,0.0,0.0,True
31302897,2020,1.0,0.0,0.0,True
31317491,2020,0.0,0.2222222222222222,0.7777777777777778,True
31320730,2020,0.0,0.42857142857142855,0.5714285714285714,True
31323381,2020,0.5,0.0,0.5,True
31326265,2020,1.0,0.0,0.0,True
31344750,2020,0.0,0.6666666666666666,0.3333333333333333,True
31345243,2019,0.0,0.6,0.4,True
31348921,2020,0.3333333333333333,0.3333333333333333,0.3333333333333333,True
31365170,2020,0.0,0.0,1.0,True
31371577,2019,0.2,0.8,0.0,True
31372757,2020,1.0,0.0,0.0,True
31372986,2020,1.0,0.0,0.0,True
31375256,2020,1.0,0.0,0.0,True
31376301,2020,0.875,0.0,0.125,True
31379005,2021,0.14285714285714285,0.2857142857142857,0.5714285714285714,True
31388190,2020,0.875,0.0,0.125,True
31389007,2020,0.5,0.5,0.0,True
31399635,2021,0.0,0.5,0.5,True
31402520,2020,1.0,0.0,0.0,True
31407130,2020,0.75,0.0,0.25,True
31412146,2020,0.75,0.0,0.25,True
31425885,2020,0.3333333333333333,0.0,0.6666666666666666,True
31427712,2019,0.0,0.4,0.6,True
31439674,2020,1.0,0.0,0.0,True
31441374,2020,0.6666666666666666,0.0,0.3333333333333333,True
31441550,2020,0.8333333333333334,0.0,0.16666666666666666,True
31444471,2021,0.3333333333333333,0.0,0.6666666666666666,True
31445059,2020,0.0,1.0,0.0,True
31460850,2020,0.0,0.0,1.0,True
31466081,2020,0.75,0.0,0.25,True
31467334,2019,0.0,0.2222222222222222,0.7777777777777778,True
31468153,2020,1.0,0.0,0.0,True
31469200,2020,0.0,0.75,0.25,True
31478597,2020,1.0,0.0,0.0,True
31493539,2020,1.0,0.0,0.0,True
31509508,2019,1.0,0.0,0.0,True
31519111,2021,1.0,0.0,0.0,True
31526779,2020,0.6666666666666666,0.0,0.3333333333333333,True
31548981,2019,0.0,1.0,0.0,True
31550240,2020,0.2,0.4,0.4,True
31555824,2020,0.625,0.25,0.125,True
31582555,2020,0.0,0.25,0.75,True
31592532,2020,1.0,0.0,0.0,True
31593352,2020,1.0,0.0,0.0,True
31595041,2020,0.1111111111111111,0.0,0.8888888888888888,True
31602694,2020,0.0,0.0,1.0,True
31604144,2020,0.5,0.0,0.5,True
31604917,2019,0.2,0.6,0.2,True
31613020,2020,0.0,0.0,1.0,True
31620364,2019,1.0,0.0,0.0,True
31620670,2019,1.0,0.0,0.0,True
31620776,2020,0.2,0.6,0.2,True
31623522,2020,0.875,0.0,0.125,True
31624376,2020,0.16666666666666666,0.6666666666666666,0.16666666666666666,True
31633839,2020,0.0,1.0,0.0,True
31634196,2020,0.75,0.0,0.25,True
31637427,2020,1.0,0.0,0.0,True
31639421,2020,0.0,0.2,0.8,True
31642423,2020,0.75,0.25,0.0,True
31644367,2020,0.0,0.75,0.25,True
31649322,2021,1.0,0.0,0.0,True
31650955,2019,0.0,0.4,0.6,True
31665630,2019,0.0,0.6,0.4,True
31668555,2020,0.0,0.75,0.25,True
31669302,2020,0.8571428571428571,0.0,0.14285714285714285,True
31671270,2020,0.0,0.6,0.4,True
31684760,2020,1.0,0.0,0.0,True
31688919,2020,0.0,0.3,0.7,True
31689275,2019,1.0,0.0,0.0,True
31689535,2020,1.0,0.0,0.0,True
31693394,2020,0.125,0.125,0.75,True
31698079,2020,1.0,0.0,0.0,True
31701156,2020,0.5,0.5,0.0,True
31702089,2021,1.0,0.0,0.0,True
31703148,2020,1.0,0.0,0.0,True
31704340,2020,1.0,0.0,0.0,True
31704717,2020,0.25,0.0,0.75,True
31705800,2020,0.0,0.75,0.25,True
31707734,2020,1.0,0.0,0.0,True
31713192,2020,1.0,0.0,0.0,True
31713961,2021,1.0,0.0,0.0,True
31714897,2020,0.3333333333333333,0.0,0.6666666666666666,True
31719114,2020,0.14285714285714285,0.0,0.8571428571428571,True
31719165,2020,0.0,0.42857142857142855,0.5714285714285714,True
31724254,2020,0.0,0.75,0.25,True
31730882,2020,1.0,0.0,0.0,True
31732715,2021,1.0,0.0,0.0,True
31735379,2020,0.75,0.0,0.25,True
31739726,2020,0.7142857142857143,0.0,0.2857142857142857,True
31745235,2021,0.0,0.75,0.25,True
31759816,2020,1.0,0.0,0.0,True
31760063,2020,0.125,0.625,0.25,True
31760463,2020,0.14285714285714285,0.0,0.8571428571428571,True
31761494,2020,0.0,0.0,1.0,True
31768073,2020,0.0,0.4444444444444444,0.5555555555555556,True
31768525,2020,0.6666666666666666,0.0,0.3333333333333333,True
31770109,2020,0.2,0.0,0.8,True
31772323,2020,0.0,0.36363636363636365,0.6363636363636364,True
31776279,2020,0.1,0.0,0.9,True
31782768,2020,0.4,0.4,0.2,True
31784345,2020,1.0,0.0,0.0,True
31786256,2020,0.3,0.4,0.3,True
31787357,2020,0.25,0.0,0.75,True
31791039,2020,1.0,0.0,0.0,True
31791675,2020,1.0,0.0,0.0,True
31792465,2020,0.0,0.75,0.25,True
31794731,2020,0.0,1.0,0.0,True
31805824,2020,0.3333333333333333,0.0,0.6666666666666666,True
31811030,2020,0.0,0.75,0.25,True
31816153,2020,0.4444444444444444,0.2222222222222222,0.3333333333333333,True
31818907,2020,1.0,0.0,0.0,True
31821175,2020,0.8,0.0,0.2,True
31822572,2020,1.0,0.0,0.0,True
31825084,2020,0.8571428571428571,0.0,0.14285714285714285,True
31826744,2020,0.0,0.8,0.2,True
31827281,2020,0.2,0.8,0.0,True
31830773,2020,0.0,1.0,0.0,True
31833410,2020,1.0,0.0,0.0,True
31834811,2020,1.0,0.0,0.0,True
31838871,2020,1.0,0.0,0.0,True
31841133,2020,1.0,0.0,0.0,True
31855881,2020,0.8333333333333334,0.0,0.16666666666666666,True
31858113,2020,0.8571428571428571,0.0,0.14285714285714285,True
31870908,2020,1.0,0.0,0.0,True
31871193,2020,0.3333333333333333,0.0,0.6666666666666666,True
31874111,2020,1.0,0.0,0.0,True
31875881,2021,1.0,0.0,0.0,True
31875913,2020,1.0,0.0,0.0,True
31877415,2020,0.8,0.2,0.0,True
31882362,2020,0.0,0.4444444444444444,0.5555555555555556,True
31882545,2020,0.0,0.8,0.2,True
31886477,2021,1.0,0.0,0.0,True
31886849,2020,1.0,0.0,0.0,True
31887344,2020,0.3333333333333333,0.0,0.6666666666666666,True
31889490,2020,0.25,0.0,0.75,True
31890731,2019,0.42857142857142855,0.2857142857142857,0.2857142857142857,True
31890735,2019,0.25,0.125,0.625,True
31890743,2019,0.0,0.14285714285714285,0.8571428571428571,True
31893087,2019,1.0,0.0,0.0,True
31893124,2019,0.25,0.75,0.0,True
31894150,2020,0.0,0.5,0.5,True
31894347,2020,0.3333333333333333,0.6666666666666666,0.0,True
31895173,2021,1.0,0.0,0.0,True
31895698,2020,0.6666666666666666,0.3333333333333333,0.0,True
31896304,2020,0.0,0.5714285714285714,0.42857142857142855,True
31896583,2020,0.0,0.8,0.2,True
31896599,2020,0.2,0.4,0.4,True
31896725,2020,1.0,0.0,0.0,False
31896749,2020,0.14285714285714285,0.42857142857142855,0.42857142857142855,True
31896779,2020,1.0,0.0,0.0,True
31898340,2020,0.0,0.75,0.25,True
31898878,2020,1.0,0.0,0.0,True
31899035,2020,1.0,0.0,0.0,True
31899796,2020,1.0,0.0,0.0,True
31899823,2020,1.0,0.0,0.0,True
31901865,2020,0.14285714285714285,0.2857142857142857,0.5714285714285714,True
31903112,2020,0.2,0.6,0.2,True
31903181,2019,0.0,0.0,0.0,True
31903484,2020,1.0,0.0,0.0,True
31903638,2020,1.0,0.0,0.0,True
31903849,2020,0.1111111111111111,0.7777777777777778,0.1111111111111111,True
31904282,2020,0.0,0.6666666666666666,0.3333333333333333,True
31904337,2020,0.25,0.0,0.75,True
31905218,2020,0.125,0.375,0.5,True
31905372,2020,0.0,1.0,0.0,True
31907195,2020,0.3333333333333333,0.3333333333333333,0.3333333333333333,True
31908010,2020,0.6666666666666666,0.0,0.3333333333333333,True
31908972,2019,1.0,0.0,0.0,True
31909352,2019,1.0,0.0,0.0,True
31910279,2020,0.8333333333333334,0.0,0.16666666666666666,True
31910280,2020,1.0,0.0,0.0,True
31911474,2020,0.0,0.42857142857142855,0.5714285714285714,True
31911494,2020,0.0,0.25,0.75,True
31911546,2020,1.0,0.0,0.0,True
31911550,2020,0.16666666666666666,0.5,0.3333333333333333,True
31911620,2020,0.5,0.0,0.5,True
31911655,2020,0.125,0.0,0.875,True
31911677,2020,0.5,0.0,0.5,True
31912144,2020,0.6666666666666666,0.0,0.3333333333333333,True
31912366,2020,0.16666666666666666,0.3333333333333333,0.5,True
31912614,2020,0.07692307692307693,0.38461538461538464,0.5384615384615384,True
31912905,2020,0.16666666666666666,0.0,0.8333333333333334,True
31913161,2020,0.5,0.0,0.5,True
31913274,2020,0.0,0.6666666666666666,0.3333333333333333,True
31913576,2020,0.5,0.0,0.5,True
31914647,2020,0.5,0.5,0.0,True
31914792,2020,0.7142857142857143,0.0,0.2857142857142857,True
31915142,2020,1.0,0.0,0.0,True
31915290,2020,0.0,0.3333333333333333,0.6666666666666666,True
31915391,2020,0.0,0.75,0.25,True
31915907,2020,1.0,0.0,0.0,True
31916313,2020,0.5,0.0,0.5,True
31917677,2019,1.0,0.0,0.0,True
31918151,2020,0.3333333333333333,0.0,0.6666666666666666,True
31919284,2020,0.2,0.0,0.8,True
31919423,2020,0.0,0.6,0.4,True
31919450,2020,1.0,0.0,0.0,True
31920502,2019,0.2727272727272727,0.09090909090909091,0.6363636363636364,True
31920542,2019,0.3333333333333333,0.3333333333333333,0.3333333333333333,True
31921143,2019,0.3333333333333333,0.0,0.6666666666666666,True
31921209,2019,0.0,0.5,0.5,True
31922537,2021,0.5,0.0,0.5,True
31923239,2020,0.0,0.75,0.25,True
31923263,2020,0.25,0.25,0.5,True
31923382,2020,0.3333333333333333,0.3333333333333333,0.3333333333333333,True
31924649,2020,0.2,0.2,0.6,True
31924652,2020,0.0,0.5,0.5,True
31924728,2020,0.0,0.6666666666666666,0.3333333333333333,True
31925293,2020,0.0,0.5,0.5,True
31925335,2020,0.0,0.5,0.5,True
31925595,2020,1.0,0.0,0.0,True
31925935,2020,0.875,0.0,0.125,True
31927166,2020,1.0,0.0,0.0,True
31927591,2020,1.0,0.0,0.0,True
31928422,2020,0.2,0.4,0.4,True
31928949,2020,1.0,0.0,0.0,True
31929531,2020,1.0,0.0,0.0,True
31930156,2020,0.5,0.0,0.5,True
31931009,2020,0.1,0.0,0.9,True
31931071,2020,0.0,1.0,0.0,True
31931275,2020,1.0,0.0,0.0,True
31931447,2020,0.0,1.0,0.0,True
31932313,2020,0.0,0.0,1.0,True
31932455,2020,1.0,0.0,0.0,True
31932481,2020,0.1111111111111111,0.4444444444444444,0.4444444444444444,True
31932588,2020,0.1111111111111111,0.3333333333333333,0.5555555555555556,True
31932728,2020,0.0,0.6,0.4,True
31932765,2020,0.0,1.0,0.0,True
31932825,2020,0.2,0.0,0.8,True
31934493,2020,0.25,0.25,0.5,True
31935881,2020,0.0,0.0,1.0,True
31937415,2020,0.0,1.0,0.0,True
31937660,2020,0.16666666666666666,0.0,0.8333333333333334,True
31939655,2020,0.0,0.0,1.0,True
31939811,2020,0.2,0.6,0.2,True
31940494,2020,0.2,0.4,0.4,True
31940495,2020,0.16666666666666666,0.0,0.8333333333333334,True
31940916,2020,0.0,0.0,1.0,True
31941277,2020,0.0,0.0,0.0,True
31941368,2020,1.0,0.0,0.0,True
31941448,2020,0.8181818181818182,0.18181818181818182,0.0,True
31941718,2020,0.0,0.0,1.0,True
31941754,2020,0.14285714285714285,0.7142857142857143,0.14285714285714285,True
31941780,2020,0.2,0.0,0.8,True
31941826,2020,1.0,0.0,0.0,True
31941907,2020,0.1111111111111111,0.2222222222222222,0.6666666666666666,True
31942037,2021,0.3333333333333333,0.6666666666666666,0.0,True
31942600,2020,1.0,0.0,0.0,True
31943534,2020,1.0,0.0,0.0,True
31944498,2020,1.0,0.0,0.0,True
31944549,2020,1.0,0.0,0.0,True
31945054,2020,0.2,0.0,0.8,True
31945128,2020,1.0,0.0,0.0,True
31945542,2020,0.25,0.0,0.75,True
31947707,2020,0.0,1.0,0.0,True
31947749,2020,1.0,0.0,0.0,True
31948482,2020,0.0,0.75,0.25,True
31948495,2021,0.7777777777777778,0.0,0.2222222222222222,True
31949145,2020,0.125,0.375,0.5,True
31951641,2020,0.3333333333333333,0.0,0.6666666666666666,True
31952464,2020,0.0,1.0,0.0,True
31952533,2020,0.6,0.0,0.4,True
31952867,2020,0.0,0.6,0.4,True
31952925,2020,1.0,0.0,0.0,True
31953150,2020,0.0,1.0,0.0,True
31953184,2020,0.8333333333333334,0.0,0.16666666666666666,True
31953245,2020,0.0,0.6,0.4,True
31953351,2020,0.3333333333333333,0.3333333333333333,0.3333333333333333,True
31953449,2020,1.0,0.0,0.0,True
31953533,2020,1.0,0.0,0.0,True
31953710,2020,1.0,0.0,0.0,True
31955915,2020,1.0,0.0,0.0,True
31956033,2020,1.0,0.0,0.0,True
31957062,2020,0.7,0.0,0.3,True
31957984,2020,1.0,0.0,0.0,True
31958187,2020,1.0,0.0,0.0,True
31958302,2020,0.75,0.0,0.25,True
31958756,2020,0.0,0.0,1.0,True
31959496,2020,1.0,0.0,0.0,True
31959727,2020,0.125,0.5,0.375,True
31959935,2020,0.0,0.8,0.2,True
31959941,2020,0.0,0.0,1.0,True
31959990,2020,0.2,0.0,0.8,True
31959992,2020,0.75,0.0,0.25,True
31960207,2020,1.0,0.0,0.0,True
31961070,2020,0.0,0.42857142857142855,0.5714285714285714,True
31961433,2020,0.0,0.5,0.5,True
31961825,2020,0.5,0.0,0.5,True
31961826,2020,1.0,0.0,0.0,True
31961854,2020,1.0,0.0,0.0,True
31961911,2020,0.0,0.5,0.5,True
31963118,2020,0.3333333333333333,0.0,0.6666666666666666,True
31963223,2020,0.14285714285714285,0.0,0.8571428571428571,True
31963936,2020,0.25,0.0,0.75,True
31964368,2020,1.0,0.0,0.0,True
31964738,2020,0.1111111111111111,0.2222222222222222,0.6666666666666666,True
31964772,2020,0.0,0.0,1.0,True
31964994,2020,0.0,1.0,0.0,True
31967935,2020,0.0,0.4,0.6,True
31967946,2020,0.0,0.5,0.5,True
31968015,2020,0.0,0.42857142857142855,0.5714285714285714,True
31968253,2020,0.1,0.3,0.6,True
31968264,2020,0.1,0.2,0.7,True
31968337,2019,1.0,0.0,0.0,True
31969338,2020,1.0,0.0,0.0,True
31969456,2020,0.0,0.75,0.25,True
31969567,2020,0.14285714285714285,0.42857142857142855,0.42857142857142855,True
31970398,2020,0.6666666666666666,0.0,0.3333333333333333,True
31970907,2020,0.8,0.0,0.2,True
31970984,2020,0.16666666666666666,0.0,0.8333333333333334,True
31971579,2020,0.0,0.0,0.0,True
31972222,2020,0.2,0.0,0.8,True
31972283,2020,0.0,1.0,0.0,True
31973999,2020,0.0,0.75,0.25,True
31974142,2020,1.0,0.0,0.0,True
31974162,2020,0.0,0.0,1.0,True
31974205,2020,0.0,0.5,0.5,True
31974374,2020,0.1,0.2,0.7,True
31976519,2020,0.8571428571428571,0.0,0.14285714285714285,True
31976583,2020,1.0,0.0,0.0,True
31977061,2020,1.0,0.0,0.0,True
31977311,2020,0.14285714285714285,0.42857142857142855,0.42857142857142855,True
31978055,2020,0.6,0.0,0.4,True
31978062,2020,0.2,0.0,0.8,True
31978380,2020,0.0,0.0,0.0,True
31978739,2020,1.0,0.0,0.0,True
31979226,2020,0.0,0.25,0.75,True
31980401,2020,1.0,0.0,0.0,True
31980614,2020,0.1111111111111111,0.0,0.8888888888888888,True
31980816,2020,0.125,0.25,0.625,True
31981407,2020,1.0,0.0,0.0,True
31981644,2020,1.0,0.0,0.0,True
31983538,2020,0.5,0.0,0.5,True
31985806,2020,0.5,0.0,0.5,True
31986017,2020,0.0,0.0,1.0,True
31986059,2020,1.0,0.0,0.0,True
31986064,2020,1.0,0.0,0.0,True
31987035,2020,0.25,0.0,0.75,True
31987963,2020,0.0,0.4,0.6,True
31988243,2020,0.09090909090909091,0.18181818181818182,0.7272727272727273,True
31988463,2020,0.5,0.0,0.5,True
31989925,2020,0.125,0.5,0.375,True
31991737,2020,0.125,0.0,0.875,True
31992617,2020,0.3333333333333333,0.0,0.6666666666666666,True
31992715,2020,0.14285714285714285,0.5714285714285714,0.2857142857142857,True
31992758,2020,1.0,0.0,0.0,True
31992839,2020,1.0,0.0,0.0,True
31992976,2020,0.5,0.5,0.0,True
31993650,2020,1.0,0.0,0.0,True
31994199,2020,0.2,0.4,0.4,True
31994362,2020,0.0,0.0,0.0,True
31995256,2020,0.0,0.0,1.0,True
31995812,2020,1.0,0.0,0.0,True
31996268,2020,1.0,0.0,0.0,True
31996359,2020,0.0,0.5714285714285714,0.42857142857142855,True
31996388,2020,1.0,0.0,0.0,True
31996461,2020,0.0,0.375,0.625,True
31996466,2020,0.16666666666666666,0.5,0.3333333333333333,True
31996483,2020,0.2,0.0,0.8,True
31996763,2020,1.0,0.0,0.0,True
31998063,2020,0.0,1.0,0.0,True
31998480,2019,0.0,0.0,0.0,True
31998717,2020,0.0,0.25,0.75,True
31999304,2020,0.0,0.75,0.25,True
31999437,2020,0.25,0.0,0.75,True
31999726,2020,0.2,0.4,0.4,True
32000578,2021,0.3333333333333333,0.6666666666666666,0.0,True
32000903,2020,0.0,0.5,0.5,True
32001521,2020,0.5,0.0,0.5,True
32001571,2020,0.0,0.0,1.0,True
32002143,2020,1.0,0.0,0.0,True
32002540,2020,0.8571428571428571,0.0,0.14285714285714285,True
32002778,2020,0.0,0.0,1.0,True
32002779,2020,0.0,0.0,1.0,True
32004448,2020,1.0,0.0,0.0,True
32004507,2020,0.0,0.6,0.4,True
32004697,2021,1.0,0.0,0.0,True
32004714,2020,0.5,0.0,0.5,True
32005828,2020,0.6,0.4,0.0,True
32005981,2020,0.0,0.5,0.5,True
32006385,2020,1.0,0.0,0.0,True
32008376,2020,0.2,0.2,0.6,True
32009518,2020,0.3333333333333333,0.6666666666666666,0.0,True
32009654,2020,0.25,0.0,0.75,True
32010873,2019,0.5,0.0,0.5,True
32011210,2020,0.2,0.4,0.4,True
32012160,2020,0.5,0.5,0.0,True
32012248,2020,1.0,0.0,0.0,True
32013784,2020,0.5,0.0,0.5,True
32014111,2020,0.25,0.25,0.5,True
32014552,2020,1.0,0.0,0.0,True
32015487,2020,1.0,0.0,0.0,True
32015557,2020,0.15384615384615385,0.38461538461538464,0.46153846153846156,True
32016127,2020,0.3333333333333333,0.0,0.6666666666666666,True
32017709,2020,0.5,0.0,0.5,True
32017711,2020,0.0,0.75,0.25,True
32017962,2020,1.0,0.0,0.0,True
32018194,2020,1.0,0.0,0.0,True
32018941,2020,0.0,1.0,0.0,True
32018967,2020,1.0,0.0,0.0,True
32019134,2020,0.3333333333333333,0.0,0.6666666666666666,True
32019188,2020,1.0,0.0,0.0,True
32019616,2020,0.8571428571428571,0.0,0.14285714285714285,True
32019887,2020,0.3333333333333333,0.0,0.6666666666666666,True
32019899,2020,0.08333333333333333,0.25,0.6666666666666666,True
32019910,2020,0.2,0.6,0.2,True
32019928,2020,0.125,0.5,0.375,True
32020483,2020,0.0,0.5,0.5,True
32022347,2020,1.0,0.0,0.0,True
32022389,2020,1.0,0.0,0.0,True
32022992,2020,0.5,0.0,0.5,True
32024801,2020,0.0,0.6666666666666666,0.3333333333333333,True
32027361,2020,0.16666666666666666,0.5,0.3333333333333333,True
32027394,2020,0.3333333333333333,0.0,0.6666666666666666,True
32027495,2020,0.0,0.0,1.0,True
32027825,2020,0.0,0.42857142857142855,0.5714285714285714,True
32029474,2020,0.16666666666666666,0.5,0.3333333333333333,True
32029571,2020,0.0,0.6,0.4,True
32030847,2020,1.0,0.0,0.0,True
32030867,2020,1.0,0.0,0.0,True
32030914,2020,1.0,0.0,0.0,True
32032302,2020,0.3333333333333333,0.0,0.6666666666666666,True
32032354,2020,0.0,0.16666666666666666,0.8333333333333334,True
32032518,2020,0.2,0.2,0.6,True
32032525,2020,0.0,0.4,0.6,True
32033171,2020,0.0,0.25,0.75,True
32033370,2020,0.0,0.6666666666666666,0.3333333333333333,True
32033912,2020,0.8333333333333334,0.16666666666666666,0.0,True
32034075,2020,0.0,0.6666666666666666,0.3333333333333333,True
32034141,2020,0.0,0.5,0.5,True
32034898,2020,0.25,0.0,0.75,True
32034942,2020,0.0,0.5,0.5,True
32035943,2021,0.8571428571428571,0.0,0.14285714285714285,True
32036034,2020,1.0,0.0,0.0,True
32037447,2020,0.125,0.375,0.5,True
32037740,2020,1.0,0.0,0.0,True
32038161,2020,0.0,0.0,1.0,True
32038206,2020,1.0,0.0,0.0,True
32038561,2020,0.0,0.0,1.0,True
32038741,2020,0.0,0.0,1.0,True
32040482,2020,0.8,0.0,0.2,True
32040770,2020,0.3333333333333333,0.0,0.6666666666666666,True
32040961,2020,0.7142857142857143,0.2857142857142857,0.0,True
32041821,2020,0.25,0.0,0.75,True
32041900,2020,1.0,0.0,0.0,True
32041906,2020,0.0,0.0,1.0,True
32042153,2020,0.0,0.3333333333333333,0.6666666666666666,True
32042569,2019,0.6666666666666666,0.16666666666666666,0.16666666666666666,True
32043883,2020,0.0,0.0,0.0,True
32045544,2020,1.0,0.0,0.0,False
32047868,2019,1.0,0.0,0.0,True
32048120,2020,1.0,0.0,0.0,True
32048336,2020,1.0,0.0,0.0,True
32048419,2020,1.0,0.0,0.0,True
32049011,2020,0.3333333333333333,0.6666666666666666,0.0,True
32049013,2020,0.16666666666666666,0.5,0.3333333333333333,True
32049048,2020,0.25,0.5,0.25,True
32049308,2020,1.0,0.0,0.0,True
32050449,2020,0.16666666666666666,0.0,0.8333333333333334,True
32050783,2020,1.0,0.0,0.0,True
32051227,2020,0.2,0.4,0.4,True
32051327,2020,0.0,1.0,0.0,True
32051414,2020,0.0,0.5714285714285714,0.42857142857142855,True
32052016,2020,0.8,0.0,0.2,True
32052421,2020,1.0,0.0,0.0,True
32053790,2020,0.3333333333333333,0.5,0.16666666666666666,True
32053866,2020,1.0,0.0,0.0,True
32053966,2020,0.3333333333333333,0.16666666666666666,0.5,True
32054451,2020,0.75,0.0,0.25,True
32054731,2020,1.0,0.0,0.0,True
32054787,2020,0.0,0.4,0.6,True
32054861,2020,1.0,0.0,0.0,True
32054879,2020,0.14285714285714285,0.42857142857142855,0.42857142857142855,True
32054999,2020,0.8571428571428571,0.0,0.14285714285714285,True
32055640,2020,0.2,0.0,0.8,True
32055862,2021,0.25,0.75,0.0,True
32057297,2020,0.2,0.4,0.4,True
32058803,2020,0.5,0.5,0.0,True
32058974,2020,0.14285714285714285,0.14285714285714285,0.7142857142857143,True
32059197,2020,0.5,0.0,0.5,True
32059757,2020,0.0,1.0,0.0,True
32060001,2020,0.3076923076923077,0.23076923076923078,0.46153846153846156,True
32060216,2020,1.0,0.0,0.0,True
32060262,2020,0.25,0.5,0.25,True
32060274,2020,1.0,0.0,0.0,True
32060305,2020,0.3333333333333333,0.0,0.6666666666666666,True
32060559,2020,1.0,0.0,0.0,True
32060608,2020,0.375,0.25,0.375,True
32060677,2020,0.0,0.0,1.0,True
32061832,2020,0.0,0.2857142857142857,0.7142857142857143,True
32061886,2020,0.5,0.5,0.0,True
32061934,2020,0.5,0.0,0.5,True
32062700,2020,1.0,0.0,0.0,True
32064121,2019,1.0,0.0,0.0,True
32064123,2019,1.0,0.0,0.0,True
32064159,2020,0.5,0.0,0.5,True
32064741,2021,1.0,0.0,0.0,True
32065076,2020,1.0,0.0,0.0,True
32065256,2020,0.0,0.6666666666666666,0.3333333333333333,True
32065628,2020,1.0,0.0,0.0,True
32066627,2020,0.5,0.0,0.5,True
32066688,2020,0.25,0.75,0.0,True
32066739,2020,1.0,0.0,0.0,True
32066947,2020,0.2,0.0,0.8,True
32067780,2020,1.0,0.0,0.0,True
32068070,2020,1.0,0.0,0.0,True
32068253,2020,1.0,0.0,0.0,True
32068843,2020,1.0,0.0,0.0,True
32069311,2020,0.2,0.0,0.8,True
32069335,2020,0.0,0.5,0.5,True
32070008,2020,1.0,0.0,0.0,True
32070947,2020,1.0,0.0,0.0,True
32071204,2020,0.0,0.5,0.5,True
32071254,2020,0.0,1.0,0.0,True
32071439,2020,0.6,0.0,0.4,True
32071877,2020,0.0,0.0,0.0,True
32072462,2020,0.25,0.75,0.0,True
32072624,2020,1.0,0.0,0.0,True
32072743,2020,1.0,0.0,0.0,True
32073411,2020,0.5,0.5,0.0,True
32073546,2020,1.0,0.0,0.0,True
32073997,2020,0.16666666666666666,0.0,0.8333333333333334,True
32074015,2020,0.5,0.0,0.5,True
32074455,2020,0.16666666666666666,0.8333333333333334,0.0,True
32074459,2020,0.0,1.0,0.0,True
32074470,2020,1.0,0.0,0.0,True
32075678,2020,0.125,0.375,0.5,True
32075681,2020,0.0,0.6666666666666666,0.3333333333333333,True
32075760,2020,0.2,0.8,0.0,True
32075905,2020,0.0,0.75,0.25,True
32075943,2020,1.0,0.0,0.0,True
32075958,2020,0.5,0.5,0.0,True
32076051,2020,0.5,0.25,0.25,True
32076635,2020,0.0,0.6,0.4,True
32077130,2020,1.0,0.0,0.0,True
32077592,2020,0.9,0.0,0.1,True
32078380,2020,1.0,0.0,0.0,True
32078381,2020,0.6,0.0,0.4,True
32078584,2020,0.0,0.75,0.25,True
32078710,2021,1.0,0.0,0.0,True
32078800,2020,0.8,0.0,0.2,True
32078832,2020,0.0,0.5,0.5,True
32079087,2020,1.0,0.0,0.0,True
32079144,2020,0.25,0.0,0.75,True
32080169,2020,1.0,0.0,0.0,True
32080235,2020,0.0,0.6,0.4,True
32080249,2020,0.0,0.0,1.0,True
32080292,2020,0.0,0.0,1.0,True
32081587,2020,0.14285714285714285,0.0,0.8571428571428571,True
32083347,2020,1.0,0.0,0.0,True
32083993,2020,0.8,0.0,0.2,True
32084172,2020,0.14285714285714285,0.0,0.8571428571428571,True
32084179,2020,1.0,0.0,0.0,True
32084246,2020,0.14285714285714285,0.0,0.8571428571428571,True
32084268,2020,0.0,0.6,0.4,True
32084361,2020,0.0,1.0,0.0,True
32084506,2020,0.16666666666666666,0.5,0.3333333333333333,True
32086029,2020,1.0,0.0,0.0,True
32086240,2020,0.2,0.4,0.4,True
32086248,2020,0.0,0.5,0.5,True
32086276,2020,0.6666666666666666,0.0,0.3333333333333333,True
32086528,2020,0.125,0.0,0.875,True
32086819,2020,1.0,0.0,0.0,True
32088366,2020,0.7142857142857143,0.0,0.2857142857142857,True
32089640,2020,0.3333333333333333,0.3333333333333333,0.3333333333333333,True
32091594,2020,0.6666666666666666,0.0,0.3333333333333333,True
32091596,2020,0.6666666666666666,0.0,0.3333333333333333,True
32092138,2020,1.0,0.0,0.0,True
32092784,2020,0.0,0.75,0.25,True
32094169,2020,0.1111111111111111,0.3333333333333333,0.5555555555555556,True
32094182,2020,0.2,0.0,0.8,True
32094187,2020,0.0,0.5714285714285714,0.42857142857142855,True
32094223,2020,0.25,0.0,0.75,True
32094226,2020,0.0,0.4444444444444444,0.5555555555555556,True
32094358,2020,0.3333333333333333,0.0,0.6666666666666666,False
32094468,2020,1.0,0.0,0.0,True
32094589,2020,0.14285714285714285,0.14285714285714285,0.7142857142857143,True
32094927,2020,0.8181818181818182,0.0,0.18181818181818182,True
32095488,2019,1.0,0.0,0.0,True
32095901,2020,0.6666666666666666,0.0,0.3333333333333333,True
32097438,2020,1.0,0.0,0.0,True
32097464,2020,0.1,0.2,0.7,True
32097625,2020,0.2,0.0,0.8,True
32097706,2020,1.0,0.0,0.0,False
32098292,2020,0.2,0.0,0.8,True
32098967,2020,0.25,0.0,0.75,True
32099765,2020,1.0,0.0,0.0,True
32100375,2020,1.0,0.0,0.0,True
32101166,2020,0.0,0.0,1.0,True
32101306,2020,1.0,0.0,0.0,True
32101536,2020,0.5,0.0,0.5,True
32101732,2020,0.14285714285714285,0.42857142857142855,0.42857142857142855,True
32101745,2020,0.0,0.125,0.875,True
32101987,2020,0.0,1.0,0.0,True
32102694,2020,1.0,0.0,0.0,True
32103062,2020,0.0,0.16666666666666666,0.8333333333333334,True
32103145,2020,0.6666666666666666,0.0,0.3333333333333333,True
32103491,2020,0.42857142857142855,0.0,0.5714285714285714,True
32103952,2020,0.2,0.0,0.8,True
32105068,2020,0.25,0.25,0.5,True
32105293,2020,1.0,0.0,0.0,True
32105583,2020,0.2,0.6,0.2,True
32105679,2020,1.0,0.0,0.0,True
32106995,2020,1.0,0.0,0.0,True
32107047,2020,0.8333333333333334,0.0,0.16666666666666666,True
32107125,2020,0.0,0.6666666666666666,0.3333333333333333,True
32107139,2020,0.6666666666666666,0.0,0.3333333333333333,True
32107536,2021,1.0,0.0,0.0,True
32107799,2020,1.0,0.0,0.0,True
32107805,2020,0.8,0.0,0.2,True
32109194,2020,1.0,0.0,0.0,True
32109464,2020,1.0,0.0,0.0,True
32109495,2020,1.0,0.0,0.0,True
32109676,2020,0.0,0.0,0.0,True
32110475,2020,1.0,0.0,0.0,True
32111619,2020,0.6666666666666666,0.0,0.3333333333333333,True
32111629,2020,0.0,0.25,0.75,True
32111885,2020,0.0,0.75,0.25,True
32112311,2020,0.0,0.25,0.75,True
32112620,2020,1.0,0.0,0.0,True
32112888,2020,0.14285714285714285,0.2857142857142857,0.5714285714285714,True
32113145,2020,0.0,0.0,1.0,True
32114257,2020,0.0,1.0,0.0,True
32114296,2020,0.3333333333333333,0.0,0.6666666666666666,True
32114984,2020,0.8571428571428571,0.0,0.14285714285714285,True
32115800,2020,0.5,0.0,0.5,True
32116078,2020,0.2,0.6,0.2,True
32116546,2020,0.2,0.2,0.6,True
32116655,2020,0.2857142857142857,0.2857142857142857,0.42857142857142855,True
32116704,2020,0.3333333333333333,0.6666666666666666,0.0,True
32116708,2020,0.16666666666666666,0.0,0.8333333333333334,True
32117220,2020,0.75,0.0,0.25,True
32117252,2020,0.2222222222222222,0.5555555555555556,0.2222222222222222,True
32117448,2020,0.125,0.25,0.625,True
32117739,2020,0.3333333333333333,0.3333333333333333,0.3333333333333333,True
32118268,2020,0.8333333333333334,0.0,0.16666666666666666,True
32118579,2020,0.0,0.2,0.8,True
32119036,2020,1.0,0.0,0.0,True
32119531,2020,0.3333333333333333,0.0,0.6666666666666666,True
32123080,2020,0.3333333333333333,0.6666666666666666,0.0,True
32123114,2020,0.14285714285714285,0.2857142857142857,0.5714285714285714,True
32123781,2020,0.0,0.5,0.5,True
32125471,2020,0.6666666666666666,0.0,0.3333333333333333,True
32126084,2020,0.6666666666666666,0.3333333333333333,0.0,True
32126256,2020,0.5,0.5,0.0,True
32126989,2020,1.0,0.0,0.0,True
32127451,2020,0.0,0.8,0.2,True
32127464,2020,0.14285714285714285,0.42857142857142855,0.42857142857142855,True
32127472,2020,0.16666666666666666,0.0,0.8333333333333334,True
32127541,2020,0.0,0.75,0.25,True
32128025,2020,0.0,0.2857142857142857,0.7142857142857143,True
32128070,2020,0.5,0.0,0.5,True
32128386,2020,0.0,0.8,0.2,True
32129829,2021,0.0,0.4444444444444444,0.5555555555555556,True
32130200,2020,1.0,0.0,0.0,True
32130229,2020,0.2,0.4,0.4,True
32130814,2020,1.0,0.0,0.0,True
32130884,2020,0.0,0.3333333333333333,0.6666666666666666,True
32130953,2020,0.25,0.0,0.75,True
32131811,2020,1.0,0.0,0.0,True
32132109,2020,0.0,0.4,0.6,True
32132128,2020,1.0,0.0,0.0,True
32132202,2020,0.0,0.0,1.0,True
32132878,2020,1.0,0.0,0.0,True
32132976,2020,1.0,0.0,0.0,True
32133710,2020,0.2,0.6,0.2,True
32134106,2020,1.0,0.0,0.0,True
32134701,2020,1.0,0.0,0.0,True
32134744,2020,0.16666666666666666,0.5,0.3333333333333333,True
32135135,2020,1.0,0.0,0.0,True
32135570,2021,0.0,1.0,0.0,True
32138787,2020,1.0,0.0,0.0,True
32138933,2020,1.0,0.0,0.0,True
32138938,2020,1.0,0.0,0.0,True
32138941,2020,1.0,0.0,0.0,True
32139262,2020,1.0,0.0,0.0,True
32139384,2020,1.0,0.0,0.0,True
32139508,2020,0.0,1.0,0.0,True
32139577,2020,0.0,0.0,1.0,True
32139674,2020,0.1111111111111111,0.4444444444444444,0.4444444444444444,True
32140418,2020,0.5,0.0,0.5,True
32143225,2021,1.0,0.0,0.0,True
32143456,2020,0.3333333333333333,0.3333333333333333,0.3333333333333333,True
32143830,2020,1.0,0.0,0.0,True
32143838,2020,0.125,0.5,0.375,True
32143993,2021,1.0,0.0,0.0,True
32144388,2020,0.16666666666666666,0.0,0.8333333333333334,True
32144749,2020,0.0,0.5,0.5,True
32145292,2020,1.0,0.0,0.0,True
32145438,2020,1.0,0.0,0.0,True
32147534,2020,0.5,0.0,0.5,True
32147700,2020,0.625,0.0,0.375,True
32147704,2021,0.0,1.0,0.0,True
32148125,2020,0.0,0.6,0.4,True
32148470,2019,1.0,0.0,0.0,True
32151239,2020,0.3333333333333333,0.0,0.6666666666666666,True
32151567,2020,1.0,0.0,0.0,True
32151748,2020,0.3333333333333333,0.0,0.6666666666666666,True
32152089,2020,0.1111111111111111,0.2222222222222222,0.6666666666666666,True
32152116,2020,0.14285714285714285,0.5714285714285714,0.2857142857142857,True
32152145,2021,1.0,0.0,0.0,True
32152150,2020,0.3333333333333333,0.6666666666666666,0.0,True
32152201,2020,0.14285714285714285,0.5714285714285714,0.2857142857142857,True
32152202,2020,0.3333333333333333,0.0,0.6666666666666666,True
32152203,2020,0.2,0.4,0.4,True
32152214,2020,1.0,0.0,0.0,True
32152251,2020,1.0,0.0,0.0,True
32152252,2020,0.2,0.0,0.8,True
32152628,2020,1.0,0.0,0.0,True
32153376,2020,1.0,0.0,0.0,True
32154236,2020,0.3333333333333333,0.3333333333333333,0.3333333333333333,True
32154560,2020,1.0,0.0,0.0,True
32154928,2020,1.0,0.0,0.0,True
32155244,2020,0.25,0.5,0.25,True
32156757,2020,0.0,0.5,0.5,True
32156825,2020,0.0,0.0,1.0,True
32157086,2020,0.14285714285714285,0.0,0.8571428571428571,True
32157125,2020,1.0,0.0,0.0,True
32157747,2020,0.5,0.0,0.5,True
32157804,2020,1.0,0.0,0.0,True
32158544,2020,0.25,0.0,0.75,True
32158702,2020,0.5,0.0,0.5,True
32160033,2020,0.0,0.0,0.0,True
32160516,2020,0.5,0.0,0.5,True
32160592,2020,0.875,0.0,0.125,True
32160915,2020,0.8333333333333334,0.0,0.16666666666666666,True
32161361,2021,0.0,1.0,0.0,True
32161475,2020,0.25,0.5,0.25,True
32163034,2020,0.0,0.6666666666666666,0.3333333333333333,True
32163288,2020,0.0,0.0,0.0,True
32163375,2020,0.2,0.4,0.4,True
32163376,2020,0.8,0.0,0.2,True
32163525,2020,0.0,0.3333333333333333,0.6666666666666666,True
32163552,2020,1.0,0.0,0.0,True
32163599,2020,1.0,0.0,0.0,True
32163927,2020,1.0,0.0,0.0,True
32164435,2020,1.0,0.0,0.0,True
32165573,2020,1.0,0.0,0.0,True
32166218,2020,0.16666666666666666,0.3333333333333333,0.5,True
32166308,2020,1.0,0.0,0.0,True
32167176,2020,0.4,0.0,0.6,True
32167803,2020,1.0,0.0,0.0,True
32168019,2020,0.3333333333333333,0.0,0.6666666666666666,True
32168021,2020,1.0,0.0,0.0,True
32169161,2020,0.0,0.25,0.75,True
32169219,2020,0.25,0.5,0.25,True
32169821,2020,0.0,0.0,1.0,True
32169832,2020,0.6666666666666666,0.0,0.3333333333333333,True
32169842,2020,0.0,0.7142857142857143,0.2857142857142857,True
32170015,2020,0.1,0.2,0.7,True
32170019,2020,1.0,0.0,0.0,True
32170115,2020,0.14285714285714285,0.2857142857142857,0.5714285714285714,True
32170217,2020,0.25,0.0,0.75,True
32171179,2020,0.0,0.75,0.25,True
32172476,2020,0.5,0.3333333333333333,0.16666666666666666,True
32172619,2020,1.0,0.0,0.0,True
32173151,2020,0.0,0.5,0.5,True
32173464,2020,1.0,0.0,0.0,True
32174135,2020,1.0,0.0,0.0,False
32174180,2020,0.3333333333333333,0.0,0.6666666666666666,True
32174751,2020,0.3333333333333333,0.0,0.6666666666666666,True
32174881,2020,0.2,0.0,0.8,True
32175112,2020,1.0,0.0,0.0,True
32175656,2020,1.0,0.0,0.0,True
32176288,2020,1.0,0.0,0.0,True
32176487,2020,0.0,0.0,1.0,True
32179385,2020,0.5,0.0,0.5,True
32179432,2020,0.0,0.0,0.0,True
32179478,2020,0.0,0.2,0.8,True
32179479,2020,0.1111111111111111,0.1111111111111111,0.7777777777777778,True
32179749,2020,0.125,0.25,0.625,True
32180510,2020,1.0,0.0,0.0,True
32180760,2020,1.0,0.0,0.0,True
32181533,2020,0.0,0.8571428571428571,0.14285714285714285,True
32181817,2020,0.0,0.5,0.5,True
32182198,2021,1.0,0.0,0.0,True
32182219,2020,0.5,0.0,0.5,True
32182224,2020,0.3333333333333333,0.0,0.6666666666666666,True
32182349,2020,0.0,0.5,0.5,True
32182409,2020,0.25,0.0,0.75,True
32183977,2020,0.14285714285714285,0.42857142857142855,0.42857142857142855,True
32184787,2020,0.125,0.375,0.5,True
32185484,2020,0.09090909090909091,0.8181818181818182,0.09090909090909091,True
32186706,2020,0.25,0.75,0.0,True
32187120,2020,0.5,0.0,0.5,True
32187319,2020,1.0,0.0,0.0,True
32187369,2020,0.0,0.5,0.5,True
32187457,2020,1.0,0.0,0.0,True
32187519,2020,0.5,0.16666666666666666,0.3333333333333333,True
32188490,2020,0.875,0.0,0.125,True
32188703,2020,0.09090909090909091,0.45454545454545453,0.45454545454545453,True
32189170,2020,1.0,0.0,0.0,True
32189192,2020,0.25,0.75,0.0,True
32190560,2020,0.4,0.2,0.4,True
32191319,2020,0.25,0.5,0.25,True
32191323,2020,1.0,0.0,0.0,True
32191460,2020,0.0,0.6,0.4,True
32191645,2020,0.8333333333333334,0.0,0.16666666666666666,True
32191790,2020,0.2,0.0,0.8,True
32192592,2020,1.0,0.0,0.0,True
32192701,2020,0.0,0.0,0.0,True
32192942,2020,1.0,0.0,0.0,True
32193149,2020,1.0,0.0,0.0,True
32193164,2020,1.0,0.0,0.0,True
32193296,2020,1.0,0.0,0.0,True
32193376,2020,0.08333333333333333,0.16666666666666666,0.75,True
32194198,2020,0.8333333333333334,0.0,0.16666666666666666,True
32194507,2020,0.25,0.5,0.25,True
32194550,2020,0.4444444444444444,0.0,0.5555555555555556,True
32194667,2020,0.25,0.0,0.75,True
32195362,2020,1.0,0.0,0.0,True
32196924,2020,0.75,0.0,0.25,True
32197325,2020,0.125,0.0,0.875,True
32198075,2020,0.3333333333333333,0.3333333333333333,0.3333333333333333,True
32198158,2020,0.0,0.4,0.6,True
32198315,2020,1.0,0.0,0.0,True
32198510,2021,0.25,0.75,0.0,True
32200032,2020,0.25,0.0,0.75,True
32200120,2020,1.0,0.0,0.0,True
32200271,2020,0.0,0.0,1.0,True
32201854,2020,1.0,0.0,0.0,True
32201887,2020,0.7142857142857143,0.0,0.2857142857142857,True
32202637,2020,0.8,0.0,0.2,True
32202644,2020,1.0,0.0,0.0,True
32202658,2020,1.0,0.0,0.0,True
32203155,2021,1.0,0.0,0.0,True
32203159,2021,0.0,0.6666666666666666,0.3333333333333333,True
32203485,2020,0.0,1.0,0.0,True
32203497,2020,0.0,0.4,0.6,True
32203803,2020,0.0,0.0,0.0,True
32205187,2020,0.0,1.0,0.0,True
32205228,2020,1.0,0.0,0.0,True
32205443,2020,0.2,0.6,0.2,True
32206724,2020,0.1111111111111111,0.3333333333333333,0.5555555555555556,True
32206773,2021,1.0,0.0,0.0,True
32207403,2020,1.0,0.0,0.0,True
32207799,2020,1.0,0.0,0.0,True
32207811,2020,0.4166666666666667,0.0,0.5833333333333334,True
32208441,2020,0.2,0.0,0.8,True
32209086,2020,0.25,0.5,0.25,True
32209440,2020,0.25,0.0,0.75,True
32209474,2020,0.16666666666666666,0.0,0.8333333333333334,True
32209500,2020,1.0,0.0,0.0,True
32210262,2020,1.0,0.0,0.0,True
32210392,2020,0.0,0.3333333333333333,0.6666666666666666,True
32211231,2020,0.0,0.0,0.0,True
32211948,2020,1.0,0.0,0.0,True
32212257,2020,0.5,0.375,0.125,True
32212718,2020,0.0,0.0,0.0,True
32212926,2020,0.0,1.0,0.0,True
32213122,2020,0.0,0.6666666666666666,0.3333333333333333,True
32213598,2020,0.2,0.0,0.8,True
32214115,2020,0.3333333333333333,0.0,0.6666666666666666,True
32214129,2020,0.8333333333333334,0.0,0.16666666666666666,True
32214339,2020,1.0,0.0,0.0,True
32214365,2020,0.0,1.0,0.0,True
32216169,2020,0.0,1.0,0.0,True
32216326,2020,0.25,0.0,0.75,True
32217288,2020,1.0,0.0,0.0,True
32217664,2020,0.2,0.0,0.8,True
32218435,2020,0.08333333333333333,0.16666666666666666,0.75,True
32218991,2020,0.2,0.2,0.6,True
32218995,2020,0.0,0.8,0.2,True
32219267,2020,0.25,0.0,0.75,True
32219907,2020,0.0,0.6666666666666666,0.3333333333333333,True
32220318,2020,1.0,0.0,0.0,True
32220437,2020,1.0,0.0,0.0,True
32220507,2020,0.0,0.42857142857142855,0.5714285714285714,True
32221037,2020,0.09090909090909091,0.2727272727272727,0.6363636363636364,True
32221313,2020,0.125,0.0,0.875,True
32222278,2020,0.2,0.2,0.6,True
32222457,2020,0.16666666666666666,0.0,0.8333333333333334,True
32222812,2020,1.0,0.0,0.0,False
32222998,2021,0.2,0.4,0.4,True
32223208,2020,0.2,0.6,0.2,True
32223376,2020,1.0,0.0,0.0,True
32224162,2020,0.0,0.6666666666666666,0.3333333333333333,True
32224438,2020,0.2,0.0,0.8,True
32224502,2020,0.5,0.0,0.5,True
32224769,2020,0.3333333333333333,0.0,0.6666666666666666,True
32224866,2020,0.125,0.0,0.875,True
32226005,2020,0.5,0.0,0.5,True
32227433,2020,0.3333333333333333,0.0,0.6666666666666666,True
32227455,2020,1.0,0.0,0.0,True
32227616,2020,1.0,0.0,0.0,True
32228304,2020,1.0,0.0,0.0,True
32228502,2020,1.0,0.0,0.0,True
32229422,2020,0.0,0.6666666666666666,0.3333333333333333,True
32230785,2020,0.25,0.0,0.75,True
32231397,2020,0.125,0.375,0.5,True
32231523,2020,1.0,0.0,0.0,True
32232325,2020,1.0,0.0,0.0,True
32232430,2020,0.08333333333333333,0.16666666666666666,0.75,True
32232481,2020,1.0,0.0,0.0,True
32233115,2020,1.0,0.0,0.0,True
32233861,2020,1.0,0.0,0.0,True
32234210,2020,0.0,0.6666666666666666,0.3333333333333333,True
32234470,2020,0.0,0.3,0.7,True
32235007,2020,1.0,0.0,0.0,True
32235173,2020,1.0,0.0,0.0,True
32235453,2020,1.0,0.0,0.0,True
32236521,2020,0.6666666666666666,0.2222222222222222,0.1111111111111111,True
32237282,2021,0.0,1.0,0.0,True
32238470,2020,1.0,0.0,0.0,True
32238516,2020,1.0,0.0,0.0,True
32238588,2020,0.08333333333333333,0.25,0.6666666666666666,True
32239141,2020,0.0,1.0,0.0,True
32240171,2020,0.3333333333333333,0.0,0.6666666666666666,True
32240715,2020,0.3333333333333333,0.0,0.6666666666666666,True
32242226,2020,1.0,0.0,0.0,True
32242622,2021,1.0,0.0,0.0,True
32242893,2019,1.0,0.0,0.0,True
32242941,2020,1.0,0.0,0.0,True
32243306,2020,0.5,0.0,0.5,True
32243781,2020,0.16666666666666666,0.0,0.8333333333333334,True
32243837,2020,0.1,0.4,0.5,True
32244519,2020,0.0,0.8,0.2,True
32244588,2020,0.0,0.14285714285714285,0.8571428571428571,True
32245793,2020,0.16666666666666666,0.3333333333333333,0.5,True
32245827,2020,0.16666666666666666,0.6666666666666666,0.16666666666666666,True
32246154,2020,1.0,0.0,0.0,True
32246547,2020,1.0,0.0,0.0,True
32247282,2021,1.0,0.0,0.0,True
32248358,2020,1.0,0.0,0.0,True
32248360,2020,1.0,0.0,0.0,True
32248879,2020,1.0,0.0,0.0,True
32249012,2020,1.0,0.0,0.0,True
32249511,2020,1.0,0.0,0.0,True
32249687,2020,1.0,0.0,0.0,True
32250353,2020,0.25,0.5,0.25,True
32250583,2020,0.16666666666666666,0.0,0.8333333333333334,True
32252062,2020,1.0,0.0,0.0,True
32252233,2020,0.0,0.0,1.0,True
32252541,2020,1.0,0.0,0.0,True
32252809,2020,1.0,0.0,0.0,True
32253233,2020,0.2,0.4,0.4,True
32253361,2020,0.0,0.8,0.2,True
32253509,2020,0.3333333333333333,0.6666666666666666,0.0,True
32253639,2020,1.0,0.0,0.0,True
32255415,2020,0.6,0.0,0.4,True
32255670,2020,1.0,0.0,0.0,True
32255769,2020,0.2,0.4,0.4,True
32256353,2020,0.14285714285714285,0.7142857142857143,0.14285714285714285,True
32257057,2020,0.0,0.0,1.0,True
32257211,2020,0.2,0.4,0.4,True
32257736,2020,1.0,0.0,0.0,True
32259323,2020,0.14285714285714285,0.42857142857142855,0.42857142857142855,True
32259476,2020,0.0,0.75,0.25,True
32260189,2020,0.09090909090909091,0.2727272727272727,0.6363636363636364,True
32265226,2020,0.16666666666666666,0.3333333333333333,0.5,True
32265227,2020,0.14285714285714285,0.2857142857142857,0.5714285714285714,True
32265408,2020,0.6666666666666666,0.0,0.3333333333333333,True
32265924,2020,0.0,0.5,0.5,True
32266521,2020,0.3333333333333333,0.0,0.6666666666666666,True
32266792,2020,1.0,0.0,0.0,True
32267924,2020,0.6666666666666666,0.0,0.3333333333333333,True
32268604,2020,0.8571428571428571,0.0,0.14285714285714285,True
32269146,2020,0.6,0.0,0.4,True
32270710,2020,0.5,0.5,0.0,True
32270862,2021,0.5,0.0,0.5,True
32271569,2020,0.125,0.5,0.375,True
32271878,2020,0.14285714285714285,0.0,0.8571428571428571,True
32273392,2020,0.25,0.0,0.75,True
32274306,2020,0.125,0.0,0.875,True
32275153,2020,0.0,0.0,1.0,True
32275165,2020,1.0,0.0,0.0,True
32275812,2020,0.75,0.0,0.25,True
32276276,2020,0.75,0.0,0.25,True
32276966,2020,0.0,0.6666666666666666,0.3333333333333333,True
32278790,2020,1.0,0.0,0.0,True
32279145,2021,1.0,0.0,0.0,True
32279353,2020,0.0,0.5714285714285714,0.42857142857142855,True
32281387,2020,0.8333333333333334,0.0,0.16666666666666666,True
32282607,2020,1.0,0.0,0.0,True
32282611,2020,1.0,0.0,0.0,True
32282850,2020,0.125,0.75,0.125,True
32282873,2022,1.0,0.0,0.0,True
32283071,2020,1.0,0.0,0.0,True
32283081,2020,0.0,0.6,0.4,True
32283231,2020,0.75,0.0,0.25,True
32284371,2020,0.0,0.42857142857142855,0.5714285714285714,True
32284396,2020,1.0,0.0,0.0,True
32284588,2020,0.16666666666666666,0.6666666666666666,0.16666666666666666,True
32284590,2020,0.16666666666666666,0.3333333333333333,0.5,True
32284756,2020,0.0,0.0,1.0,True
32285025,2020,0.0,0.0,0.0,True
32285479,2021,1.0,0.0,0.0,True
32285590,2020,1.0,0.0,0.0,True
32285757,2020,1.0,0.0,0.0,True
32286006,2020,1.0,0.0,0.0,True
32286289,2020,0.1111111111111111,0.2222222222222222,0.6666666666666666,True
32286643,2020,0.8333333333333334,0.0,0.16666666666666666,True
32286721,2021,1.0,0.0,0.0,True
32286905,2020,0.75,0.0,0.25,True
32287068,2020,1.0,0.0,0.0,True
32287273,2020,1.0,0.0,0.0,True
32289161,2020,1.0,0.0,0.0,True
32289277,2020,0.1111111111111111,0.4444444444444444,0.4444444444444444,True
32289314,2020,0.2,0.6,0.2,True
32289719,2020,1.0,0.0,0.0,True
32289751,2020,0.08333333333333333,0.16666666666666666,0.75,True
32289874,2020,1.0,0.0,0.0,True
32289940,2020,0.0,0.0,0.0,True
32291285,2020,0.2,0.0,0.8,True
32291845,2020,1.0,0.0,0.0,True
32292401,2020,0.3333333333333333,0.3333333333333333,0.3333333333333333,True
32292609,2020,1.0,0.0,0.0,True
32294341,2020,0.3333333333333333,0.0,0.6666666666666666,True
32294435,2020,0.0,0.8,0.2,True
32294445,2020,0.1,0.3,0.6,True
32295382,2020,0.8333333333333334,0.0,0.16666666666666666,True
32295767,2020,0.2,0.2,0.6,True
32295900,2020,0.2,0.6,0.2,True
32295908,2020,0.2,0.4,0.4,True
32296304,2020,0.18181818181818182,0.18181818181818182,0.6363636363636364,False
32296420,2020,0.3333333333333333,0.6666666666666666,0.0,True
32297436,2020,1.0,0.0,0.0,True
32298717,2020,1.0,0.0,0.0,True
32299816,2020,0.16666666666666666,0.3333333333333333,0.5,True
32299908,2021,0.5,0.0,0.5,True
32300896,2020,1.0,0.0,0.0,True
32301236,2020,1.0,0.0,0.0,True
32302596,2020,0.0,1.0,0.0,True
32302974,2020,0.6666666666666666,0.0,0.3333333333333333,True
32303566,2020,0.5,0.5,0.0,True
32303745,2020,1.0,0.0,0.0,True
32304666,2020,0.0,0.42857142857142855,0.5714285714285714,True
32305216,2020,0.3333333333333333,0.6666666666666666,0.0,True
32305393,2020,1.0,0.0,0.0,True
32306082,2020,0.0,0.6,0.4,True
32306101,2020,0.0,1.0,0.0,True
32307270,2021,1.0,0.0,0.0,True
32307511,2020,0.75,0.25,0.0,True
32307560,2020,1.0,0.0,0.0,True
32307792,2020,1.0,0.0,0.0,False
32308840,2020,1.0,0.0,0.0,True
32308868,2020,0.0,0.0,0.0,True
32308878,2020,1.0,0.0,0.0,True
32309806,2020,0.0,0.3333333333333333,0.6666666666666666,True
32310951,2020,0.0,0.0,1.0,True
32311902,2020,1.0,0.0,0.0,True
32312817,2020,0.2,0.4,0.4,True
32312986,2020,0.0,0.5,0.5,True
32313676,2020,0.75,0.0,0.25,True
32313949,2020,1.0,0.0,0.0,True
32314030,2020,0.5,0.0,0.5,True
32314173,2020,1.0,0.0,0.0,True
32314198,2021,1.0,0.0,0.0,True
32314228,2020,1.0,0.0,0.0,True
32314393,2021,1.0,0.0,0.0,True
32314781,2020,1.0,0.0,0.0,True
32315265,2020,1.0,0.0,0.0,True
32315290,2020,0.16666666666666666,0.3333333333333333,0.5,True
32315292,2020,0.0,0.6,0.4,True
32315356,2020,1.0,0.0,0.0,True
32316112,2020,0.0,0.0,1.0,True
32317004,2020,1.0,0.0,0.0,True
32317301,2020,1.0,0.0,0.0,True
32317323,2020,0.0,0.2,0.8,True
32318692,2022,1.0,0.0,0.0,True
32320661,2020,0.2,0.4,0.4,True
32321568,2020,0.3333333333333333,0.0,0.6666666666666666,True
32321598,2020,1.0,0.0,0.0,True
32321756,2020,0.125,0.25,0.625,True
32321991,2020,0.0,0.2857142857142857,0.7142857142857143,True
32323139,2020,0.0,1.0,0.0,True
32324370,2020,0.25,0.75,0.0,True
32324744,2020,0.16666666666666666,0.3333333333333333,0.5,True
32325294,2020,1.0,0.0,0.0,True
32326079,2020,0.25,0.5,0.25,True
32327394,2020,1.0,0.0,0.0,True
32327584,2020,0.5,0.5,0.0,True
32327658,2020,0.125,0.375,0.5,True
32328577,2020,0.0,0.0,0.0,True
32328671,2021,0.2,0.0,0.8,True
32329357,2020,0.5,0.5,0.0,True
32329756,2020,0.5,0.0,0.5,True
32329951,2020,1.0,0.0,0.0,True
32330067,2020,0.5,0.0,0.5,True
32330125,2020,0.14285714285714285,0.2857142857142857,0.5714285714285714,True
32330222,2020,1.0,0.0,0.0,True
32330244,2020,1.0,0.0,0.0,True
32330555,2020,0.3333333333333333,0.0,0.6666666666666666,True
32331863,2020,1.0,0.0,0.0,True
32332168,2020,0.1111111111111111,0.3333333333333333,0.5555555555555556,True
32332993,2021,0.14285714285714285,0.2857142857142857,0.5714285714285714,True
32333098,2020,0.2,0.6,0.2,True
32333192,2020,0.0,0.0,1.0,True
32333254,2020,0.0,1.0,0.0,True
32333769,2021,1.0,0.0,0.0,True
32335077,2020,0.0,1.0,0.0,True
32335144,2020,0.125,0.375,0.5,True
32336197,2020,0.0,0.4,0.6,True
32336198,2020,0.75,0.0,0.25,True
32336559,2020,0.6666666666666666,0.3333333333333333,0.0,True
32337341,2020,0.2,0.4,0.4,True
32337366,2020,0.14285714285714285,0.0,0.8571428571428571,True
32338277,2020,0.25,0.0,0.75,True
32338606,2020,0.0,0.25,0.75,True
32338760,2020,0.16666666666666666,0.5,0.3333333333333333,True
32338995,2020,0.25,0.0,0.75,True
32339483,2021,1.0,0.0,0.0,True
32339499,2020,1.0,0.0,0.0,True
32339736,2020,1.0,0.0,0.0,True
32340023,2020,0.0,0.75,0.25,True
32340193,2020,0.0,0.125,0.875,True
32341039,2020,1.0,0.0,0.0,True
32341050,2020,1.0,0.0,0.0,True
32341150,2020,0.3333333333333333,0.0,0.6666666666666666,True
32341572,2020,0.5,0.0,0.5,True
32342332,2020,0.0,0.6666666666666666,0.3333333333333333,True
32342685,2020,0.1,0.4,0.5,True
32343673,2020,0.1111111111111111,0.3333333333333333,0.5555555555555556,True
32343675,2020,0.0,0.75,0.25,True
32344114,2020,1.0,0.0,0.0,True
32344186,2020,1.0,0.0,0.0,True
32344187,2020,1.0,0.0,0.0,True
32344328,2020,0.3333333333333333,0.0,0.6666666666666666,True
32344376,2020,0.0,0.0,1.0,True
32345372,2020,1.0,0.0,0.0,True
32345623,2020,0.25,0.0,0.75,True
32347726,2020,0.25,0.25,0.5,True
32348139,2020,0.14285714285714285,0.0,0.8571428571428571,True
32348749,2020,0.0,0.0,1.0,True
32348959,2020,1.0,0.0,0.0,True
32349126,2020,0.0,0.2,0.8,True
32349366,2020,1.0,0.0,0.0,True
32350052,2020,1.0,0.0,0.0,True
32350082,2020,0.14285714285714285,0.0,0.8571428571428571,True
32350255,2020,0.125,0.0,0.875,True
32350260,2020,0.16666666666666666,0.3333333333333333,0.5,True
32350269,2020,0.0,0.2857142857142857,0.7142857142857143,True
32351324,2020,1.0,0.0,0.0,True
32352380,2020,0.0,0.5,0.5,True
32352406,2020,1.0,0.0,0.0,True
32352645,2020,0.75,0.0,0.25,True
32352918,2020,0.3333333333333333,0.0,0.6666666666666666,True
32353019,2020,0.0,0.5,0.5,True
32353250,2020,0.16666666666666666,0.3333333333333333,0.5,True
32353328,2020,0.5,0.0,0.5,True
32354366,2020,0.5,0.0,0.5,True
32354741,2020,0.0,0.5,0.5,True
32354758,2020,0.25,0.75,0.0,True
32355289,2020,1.0,0.0,0.0,True
32355443,2020,0.7142857142857143,0.0,0.2857142857142857,True
32356875,2020,0.16666666666666666,0.0,0.8333333333333334,True
32357211,2020,1.0,0.0,0.0,True
32357359,2021,0.0,0.6666666666666666,0.3333333333333333,True
32358059,2020,0.2,0.0,0.8,True
32358086,2020,1.0,0.0,0.0,True
32359158,2021,1.0,0.0,0.0,True
32359162,2021,0.5,0.5,0.0,False
32359360,2020,0.6,0.4,0.0,True
32359443,2020,0.125,0.625,0.25,True
32360452,2020,1.0,0.0,0.0,True
32360601,2020,0.16666666666666666,0.3333333333333333,0.5,True
32361183,2020,0.0,1.0,0.0,True
32361219,2020,1.0,0.0,0.0,True
32362127,2020,0.0,0.0,1.0,True
32362895,2020,0.0,0.4,0.6,True
32364578,2020,1.0,0.0,0.0,True
32365172,2020,0.2,0.0,0.8,True
32365190,2020,0.3333333333333333,0.0,0.6666666666666666,True
32365470,2020,0.0,0.6666666666666666,0.3333333333333333,True
32365785,2020,0.16666666666666666,0.0,0.8333333333333334,True
32366666,2020,0.2,0.0,0.8,True
32366944,2020,0.0,0.3076923076923077,0.6923076923076923,True
32367248,2021,1.0,0.0,0.0,True
32368293,2020,0.6666666666666666,0.0,0.3333333333333333,True
32368736,2020,0.0,0.0,0.0,True
32369445,2020,0.25,0.5,0.25,True
32369878,2020,1.0,0.0,0.0,True
32371454,2020,0.25,0.25,0.5,True
32371477,2020,0.3333333333333333,0.0,0.6666666666666666,True
32371485,2020,0.14285714285714285,0.42857142857142855,0.42857142857142855,True
32371575,2020,0.14285714285714285,0.42857142857142855,0.42857142857142855,True
32371590,2020,0.16666666666666666,0.3333333333333333,0.5,True
32372009,2021,1.0,0.0,0.0,True
32372384,2020,1.0,0.0,0.0,True
32372465,2020,0.0,0.0,1.0,True
32373533,2020,0.42857142857142855,0.14285714285714285,0.42857142857142855,True
32374861,2021,1.0,0.0,0.0,True
32375025,2020,0.0,0.4,0.6,True
32375042,2020,0.16666666666666666,0.3333333333333333,0.5,True
32375048,2020,0.0,0.4,0.6,True
32375181,2020,0.0,0.2222222222222222,0.7777777777777778,True
32375682,2020,1.0,0.0,0.0,True
32375686,2020,1.0,0.0,0.0,True
32376643,2020,0.5,0.0,0.5,True
32376798,2020,0.5,0.0,0.5,True
32376980,2020,0.3333333333333333,0.0,0.6666666666666666,True
32378776,2020,1.0,0.0,0.0,True
32379225,2020,0.0,0.0,1.0,True
32380031,2020,0.0,1.0,0.0,True
32380475,2020,1.0,0.0,0.0,True
32381040,2020,0.16666666666666666,0.0,0.8333333333333334,True
32381108,2020,0.0,0.3333333333333333,0.6666666666666666,True
32381493,2020,0.6,0.0,0.4,True
32382759,2020,0.8,0.0,0.2,True
32384903,2020,0.5,0.0,0.5,True
32384942,2020,0.0,0.6,0.4,True
32385245,2020,0.0,0.3333333333333333,0.6666666666666666,True
32385863,2021,0.0,0.2,0.8,True
32385950,2021,1.0,0.0,0.0,True
32386298,2020,0.0,0.6666666666666666,0.3333333333333333,True
32386414,2020,0.25,0.25,0.5,True
32386542,2020,0.5,0.0,0.5,True
32386573,2020,0.0,0.0,1.0,True
32386595,2020,0.25,0.0,0.75,True
32388619,2020,0.0,1.0,0.0,True
32388879,2020,1.0,0.0,0.0,True
32390623,2020,1.0,0.0,0.0,True
32391290,2020,0.375,0.0,0.625,True
32391824,2020,0.3333333333333333,0.0,0.6666666666666666,True
32391864,2020,0.6,0.0,0.4,True
32392078,2020,1.0,0.0,0.0,True
32392305,2020,0.0,1.0,0.0,True
32392347,2020,0.0,0.25,0.75,True
32393308,2020,0.6666666666666666,0.0,0.3333333333333333,True
32393398,2020,0.2,0.4,0.4,True
32393513,2020,0.0,0.42857142857142855,0.5714285714285714,True
32393514,2020,0.16666666666666666,0.3333333333333333,0.5,True
32393638,2020,0.0,0.25,0.75,True
32393786,2021,1.0,0.0,0.0,True
32393813,2020,0.0,0.42857142857142855,0.5714285714285714,True
32393833,2020,0.125,0.0,0.875,True
32393901,2020,0.14285714285714285,0.42857142857142855,0.42857142857142855,True
32394397,2020,0.5,0.0,0.5,True
32394796,2020,0.8,0.0,0.2,True
32394875,2020,1.0,0.0,0.0,True
32394887,2020,0.6666666666666666,0.3333333333333333,0.0,True
32395830,2020,0.4,0.0,0.6,True
32396618,2020,0.5,0.0,0.5,True
32396922,2020,0.0,0.5,0.5,True
32398324,2020,1.0,0.0,0.0,True
32398718,2021,0.3333333333333333,0.0,0.6666666666666666,True
32398945,2020,1.0,0.0,0.0,True
32399263,2020,0.6666666666666666,0.0,0.3333333333333333,True
32399622,2020,0.5,0.5,0.0,True
32400388,2020,0.3333333333333333,0.0,0.6666666666666666,True
32401030,2020,0.3333333333333333,0.6666666666666666,0.0,True
32401122,2020,0.1111111111111111,0.2222222222222222,0.6666666666666666,True
32401271,2020,1.0,0.0,0.0,True
32402244,2020,1.0,0.0,0.0,True
32402277,2020,0.14285714285714285,0.2857142857142857,0.5714285714285714,True
32402279,2020,0.6666666666666666,0.0,0.3333333333333333,True
32402292,2020,0.0,0.6666666666666666,0.3333333333333333,True
32402293,2020,0.25,0.5,0.25,True
32402876,2020,0.2,0.4,0.4,True
32403080,2020,0.0,0.5,0.5,True
32404416,2020,0.2,0.0,0.8,True
32404504,2020,0.3333333333333333,0.0,0.6666666666666666,True
32404505,2020,0.0,1.0,0.0,True
32405513,2020,0.3333333333333333,0.0,0.6666666666666666,True
32406503,2020,1.0,0.0,0.0,True
32407153,2020,0.0,0.42857142857142855,0.5714285714285714,True
32407400,2020,1.0,0.0,0.0,True
32407464,2020,0.0,0.0,1.0,True
32407708,2020,0.25,0.25,0.5,True
32408534,2020,0.3333333333333333,0.0,0.6666666666666666,True
32409115,2020,0.8,0.0,0.2,True
32409684,2020,0.2,0.6,0.2,True
32411244,2020,0.42857142857142855,0.14285714285714285,0.42857142857142855,True
32411380,2020,0.0,0.0,1.0,True
32411819,2020,0.25,0.0,0.75,True
32413039,2020,0.6666666666666666,0.0,0.3333333333333333,True
32413333,2020,0.0,1.0,0.0,True
32413334,2020,0.0,1.0,0.0,True
32414239,2020,0.0,1.0,0.0,True
32414862,2020,1.0,0.0,0.0,True
32415063,2020,0.0,0.2,0.8,True
32415070,2020,1.0,0.0,0.0,True
32415132,2020,0.6,0.0,0.4,True
32415265,2020,0.5,0.0,0.5,True
32416097,2020,1.0,0.0,0.0,True
32416145,2020,1.0,0.0,0.0,True
32416200,2020,0.0,0.5,0.5,True
32416202,2021,1.0,0.0,0.0,True
32416543,2020,1.0,0.0,0.0,True
32416589,2020,0.0,0.0,1.0,True
32417700,2020,0.6666666666666666,0.0,0.3333333333333333,True
32417851,2021,0.0,0.6666666666666666,0.3333333333333333,True
32418327,2020,0.14285714285714285,0.0,0.8571428571428571,True
32421647,2020,0.0,0.0,0.0,True
32422580,2020,0.5,0.0,0.5,True
32423456,2020,1.0,0.0,0.0,True
32424276,2020,0.0,0.3333333333333333,0.6666666666666666,True
32424284,2020,1.0,0.0,0.0,True
32424331,2021,1.0,0.0,0.0,True
32424353,2020,1.0,0.0,0.0,True
32424540,2020,1.0,0.0,0.0,True
32425890,2020,0.2,0.0,0.8,True
32426577,2020,0.16666666666666666,0.3333333333333333,0.5,True
32427313,2020,1.0,0.0,0.0,True
32427334,2020,0.6,0.0,0.4,True
32427581,2020,0.3333333333333333,0.3333333333333333,0.3333333333333333,True
32427851,2020,1.0,0.0,0.0,True
32427963,2020,0.0,0.0,1.0,True
32428030,2020,0.3333333333333333,0.0,0.6666666666666666,True
32428227,2020,1.0,0.0,0.0,True
32428649,2020,0.0,0.6666666666666666,0.3333333333333333,True
32430080,2020,0.3333333333333333,0.0,0.6666666666666666,True
32430177,2020,0.2,0.4,0.4,True
32430490,2020,0.14285714285714285,0.5714285714285714,0.2857142857142857,True
32432544,2020,0.3333333333333333,0.0,0.6666666666666666,True
32432645,2020,1.0,0.0,0.0,True
32432944,2020,0.0,0.25,0.75,True
32434001,2020,1.0,0.0,0.0,True
32434002,2020,1.0,0.0,0.0,True
32434040,2020,1.0,0.0,0.0,False
32434048,2020,0.125,0.25,0.625,True
32434884,2020,0.75,0.0,0.25,True
32434911,2020,0.0,0.5,0.5,True
32435513,2020,0.125,0.375,0.5,True
32436654,2020,0.16666666666666666,0.16666666666666666,0.6666666666666666,True
32436940,2020,1.0,0.0,0.0,True
32437018,2020,0.3333333333333333,0.0,0.6666666666666666,True
32437494,2020,1.0,0.0,0.0,True
32437658,2020,0.5555555555555556,0.3333333333333333,0.1111111111111111,True
32437761,2020,1.0,0.0,0.0,True
32437829,2020,1.0,0.0,0.0,True
32437845,2020,0.0,1.0,0.0,True
32437923,2020,0.6666666666666666,0.0,0.3333333333333333,True
32438484,2020,0.3333333333333333,0.0,0.6666666666666666,True
32438524,2021,0.16666666666666666,0.5,0.3333333333333333,True
32438830,2020,0.0,1.0,0.0,True
32439486,2020,0.3333333333333333,0.0,0.6666666666666666,True
32439799,2020,0.16666666666666666,0.3333333333333333,0.5,True
32439900,2020,1.0,0.0,0.0,True
32441594,2020,1.0,0.0,0.0,True
32442326,2020,0.125,0.25,0.625,True
32442399,2020,0.25,0.5,0.25,True
32442638,2020,1.0,0.0,0.0,True
32442659,2020,0.125,0.25,0.625,True
32443148,2020,0.6,0.0,0.4,True
32443852,2020,0.5,0.0,0.5,True
32444624,2020,0.3333333333333333,0.6666666666666666,0.0,True
32444868,2021,1.0,0.0,0.0,True
32446278,2021,0.3333333333333333,0.0,0.6666666666666666,True
32446320,2020,0.14285714285714285,0.2857142857142857,0.5714285714285714,True
32446925,2020,1.0,0.0,0.0,True
32448264,2020,0.5,0.25,0.25,True
32448901,2020,1.0,0.0,0.0,True
32450801,2020,1.0,0.0,0.0,True
32452041,2021,1.0,0.0,0.0,True
32452462,2020,1.0,0.0,0.0,True
32452650,2020,0.1111111111111111,0.3333333333333333,0.5555555555555556,True
32453640,2020,1.0,0.0,0.0,True
32453730,2020,0.0,0.5,0.5,True
32456505,2020,1.0,0.0,0.0,True
32458066,2020,1.0,0.0,0.0,True
32458732,2020,0.8,0.0,0.2,True
32459101,2020,0.0,0.0,1.0,True
32459405,2020,1.0,0.0,0.0,True
32459468,2020,0.25,0.0,0.75,True
32460662,2020,1.0,0.0,0.0,True
32461282,2020,0.8,0.0,0.2,True
32461349,2020,0.0,0.3333333333333333,0.6666666666666666,True
32461371,2020,0.2,0.0,0.8,True
32461554,2020,0.6666666666666666,0.0,0.3333333333333333,True
32461690,2020,0.0,0.18181818181818182,0.8181818181818182,True
32462053,2020,0.0,0.0,1.0,True
32462335,2021,1.0,0.0,0.0,True
32462735,2020,1.0,0.0,0.0,True
32463363,2020,0.0,1.0,0.0,True
32463484,2020,0.25,0.5,0.25,True
32463822,2020,0.1,0.6,0.3,True
32464188,2020,1.0,0.0,0.0,True
32467352,2020,0.0,1.0,0.0,True
32467605,2021,0.0,0.6,0.4,True
32467645,2021,0.0,0.4,0.6,True
32469055,2020,0.14285714285714285,0.2857142857142857,0.5714285714285714,True
32469309,2020,0.0,0.2,0.8,True
32471192,2020,0.25,0.0,0.75,True
32471800,2020,0.3333333333333333,0.0,0.6666666666666666,True
32471829,2020,0.14285714285714285,0.14285714285714285,0.7142857142857143,True
32472120,2020,0.0,0.0,0.0,True
32472141,2020,1.0,0.0,0.0,True
32472927,2020,1.0,0.0,0.0,True
32473857,2020,1.0,0.0,0.0,False
32474729,2021,0.5,0.0,0.5,True
32475718,2021,1.0,0.0,0.0,True
32476018,2020,0.5,0.0,0.5,True
32476280,2020,0.5,0.0,0.5,True
32476593,2021,0.5,0.0,0.5,True
32476596,2020,0.0,0.0,1.0,True
32476814,2020,1.0,0.0,0.0,True
32477062,2020,0.0,0.0,1.0,True
32477238,2020,1.0,0.0,0.0,True
32477569,2019,0.5,0.0,0.5,True
32477678,2020,0.0,0.0,0.0,True
32477883,2020,1.0,0.0,0.0,True
32477943,2020,0.3333333333333333,0.0,0.6666666666666666,True
32478068,2020,0.11764705882352941,0.058823529411764705,0.8235294117647058,True
32478201,2020,0.5,0.0,0.5,True
32478669,2020,1.0,0.0,0.0,True
32478947,2020,0.0,0.2222222222222222,0.7777777777777778,True
32478955,2020,1.0,0.0,0.0,True
32479188,2020,1.0,0.0,0.0,True
32479262,2020,0.0,0.5,0.5,True
32482868,2020,0.1111111111111111,0.0,0.8888888888888888,True
32483289,2020,1.0,0.0,0.0,True
32483374,2020,1.0,0.0,0.0,True
32483558,2020,0.8571428571428571,0.0,0.14285714285714285,True
32483623,2020,1.0,0.0,0.0,True
32484965,2020,0.3333333333333333,0.0,0.6666666666666666,True
32485845,2020,0.5,0.0,0.5,True
32486140,2020,0.0,0.0,1.0,True
32486275,2020,0.0,0.3333333333333333,0.6666666666666666,True
32487192,2020,0.2,0.0,0.8,True
32487323,2020,1.0,0.0,0.0,True
32487688,2020,0.08333333333333333,0.16666666666666666,0.75,True
32487778,2020,1.0,0.0,0.0,True
32487986,2020,0.0,0.6666666666666666,0.3333333333333333,True
32488030,2020,0.5,0.0,0.5,True
32488890,2021,1.0,0.0,0.0,True
32490809,2020,0.0,0.4,0.6,True
32491983,2020,0.3333333333333333,0.0,0.6666666666666666,True
32492061,2020,0.5,0.0,0.5,True
32492150,2020,0.0,0.75,0.25,True
32492711,2020,1.0,0.0,0.0,True
32493813,2020,0.14285714285714285,0.42857142857142855,0.42857142857142855,True
32493987,2020,0.0,0.2857142857142857,0.7142857142857143,True
32494001,2020,0.0,1.0,0.0,True
32494578,2019,1.0,0.0,0.0,True
32496194,2020,0.5,0.2,0.3,True
32496557,2021,0.25,0.0,0.75,True
32496573,2020,1.0,0.0,0.0,True
32496609,2020,0.5,0.0,0.5,True
32498743,2021,1.0,0.0,0.0,True
32499157,2020,0.5,0.0,0.5,True
32500960,2020,1.0,0.0,0.0,True
32501108,2020,1.0,0.0,0.0,True
32501182,2020,0.0,0.8,0.2,True
32501614,2020,1.0,0.0,0.0,True
32502253,2020,1.0,0.0,0.0,True
32502310,2021,0.25,0.375,0.375,True
32502860,2020,0.75,0.0,0.25,False
32503806,2020,0.3333333333333333,0.0,0.6666666666666666,True
32503875,2020,0.0,0.7142857142857143,0.2857142857142857,True
32503876,2020,0.0,0.625,0.375,True
32503877,2020,0.5714285714285714,0.0,0.42857142857142855,True
32504577,2020,0.2727272727272727,0.2727272727272727,0.45454545454545453,True
32504913,2020,1.0,0.0,0.0,True
32505024,2020,1.0,0.0,0.0,True
32505231,2020,0.6666666666666666,0.0,0.3333333333333333,True
32505898,2020,0.5,0.0,0.5,True
32505943,2020,1.0,0.0,0.0,True
32508208,2020,1.0,0.0,0.0,True
32508638,2020,0.0,0.25,0.75,True
32508732,2020,1.0,0.0,0.0,True
32510329,2020,0.5,0.5,0.0,True
32510525,2020,0.0,0.5,0.5,True
32510655,2020,1.0,0.0,0.0,True
32510664,2020,1.0,0.0,0.0,True
32511089,2020,0.25,0.0,0.75,True
32511287,2020,0.2857142857142857,0.0,0.7142857142857143,True
32511299,2020,0.2,0.4,0.4,True
32511319,2020,0.3333333333333333,0.3333333333333333,0.3333333333333333,True
32511337,2020,0.2222222222222222,0.1111111111111111,0.6666666666666666,True
32511338,2020,0.0,0.75,0.25,True
32511339,2020,0.0,0.0,1.0,True
32511340,2020,0.14285714285714285,0.42857142857142855,0.42857142857142855,True
32511343,2020,0.0,0.0,1.0,True
32511349,2020,0.0,0.0,1.0,True
32511355,2020,0.2222222222222222,0.0,0.7777777777777778,True
32511420,2020,0.6666666666666666,0.0,0.3333333333333333,True
32511427,2020,0.0,0.0,1.0,True
32511430,2020,0.0,0.0,1.0,True
32511432,2020,0.0,0.0,1.0,True
32511434,2020,0.16666666666666666,0.0,0.8333333333333334,True
32511445,2020,0.25,0.0,0.75,True
32511448,2020,0.0,0.0,1.0,True
32511462,2020,0.5,0.0,0.5,True
32511463,2020,0.3333333333333333,0.0,0.6666666666666666,True
32511537,2020,0.0,0.0,1.0,True
32511540,2020,0.3333333333333333,0.3333333333333333,0.3333333333333333,True
32512511,2020,0.75,0.0,0.25,True
32513014,2020,0.3333333333333333,0.6666666666666666,0.0,True
32513688,2020,0.25,0.0,0.75,True
32513716,2020,0.0,0.375,0.625,True
32513899,2020,0.0,0.75,0.25,True
32514006,2020,0.8,0.0,0.2,True
32515138,2020,0.5,0.0,0.5,True
32515287,2021,0.0,0.25,0.75,True
32515443,2020,0.5,0.0,0.5,True
32515862,2020,1.0,0.0,0.0,True
32516092,2020,1.0,0.0,0.0,False
32516362,2020,0.1111111111111111,0.0,0.8888888888888888,True
32516598,2020,0.3333333333333333,0.0,0.6666666666666666,True
32516719,2020,0.0,0.3333333333333333,0.6666666666666666,True
32516797,2020,0.0,0.5,0.5,True
32517185,2020,0.0,0.5,0.5,True
32517579,2020,1.0,0.0,0.0,True
32517700,2020,0.3333333333333333,0.0,0.6666666666666666,True
32518111,2020,1.0,0.0,0.0,True
32518203,2020,0.2,0.0,0.8,True
32518228,2020,0.0,0.0,1.0,True
32518308,2020,0.16666666666666666,0.3333333333333333,0.5,True
32521265,2020,0.0,0.8333333333333334,0.16666666666666666,True
32521478,2020,0.6666666666666666,0.0,0.3333333333333333,True
32522298,2021,0.5,0.0,0.5,True
32522853,2020,0.16666666666666666,0.0,0.8333333333333334,True
32522886,2020,1.0,0.0,0.0,True
32523528,2020,0.6666666666666666,0.0,0.3333333333333333,True
32523987,2020,0.3333333333333333,0.0,0.6666666666666666,True
32524767,2020,1.0,0.0,0.0,True
32524995,2020,0.1111111111111111,0.5555555555555556,0.3333333333333333,True
32525743,2020,0.4,0.0,0.6,True
32526205,2020,1.0,0.0,0.0,True
32527012,2020,0.2,0.0,0.8,True
32527276,2020,1.0,0.0,0.0,True
32527799,2020,1.0,0.0,0.0,True
32527832,2020,0.0,0.0,1.0,True
32527859,2020,0.25,0.0,0.75,True
32527935,2020,0.0,0.5,0.5,True
32528015,2020,0.0,0.6666666666666666,0.3333333333333333,True
32528249,2020,0.0,0.2,0.8,True
32528270,2020,0.0,0.0,0.0,True
32528732,2020,0.0,0.0,1.0,True
32530438,2020,0.25,0.0,0.75,True
32531231,2020,0.0,1.0,0.0,True
32531286,2020,0.0,0.6666666666666666,0.3333333333333333,True
32531846,2020,1.0,0.0,0.0,True
32532458,2021,1.0,0.0,0.0,True
32532513,2020,1.0,0.0,0.0,True
32532853,2020,0.25,0.0,0.75,True
32533024,2020,0.1111111111111111,0.5555555555555556,0.3333333333333333,True
32533064,2020,1.0,0.0,0.0,True
32533604,2022,0.0,1.0,0.0,True
32533862,2020,0.14285714285714285,0.8571428571428571,0.0,True
32533944,2020,1.0,0.0,0.0,True
32533970,2020,0.3333333333333333,0.6666666666666666,0.0,True
32534527,2020,0.0,0.0,1.0,True
32534820,2020,1.0,0.0,0.0,True
32535288,2020,1.0,0.0,0.0,True
32536017,2020,0.125,0.25,0.625,True
32537491,2020,0.0,0.6666666666666666,0.3333333333333333,True
32537627,2020,0.6666666666666666,0.0,0.3333333333333333,True
32539385,2020,1.0,0.0,0.0,True
32539532,2021,0.16666666666666666,0.0,0.8333333333333334,True
32539633,2020,0.0,1.0,0.0,True
32540865,2020,0.0,0.5,0.5,True
32541925,2020,0.6666666666666666,0.0,0.3333333333333333,True
32542372,2020,0.2,0.0,0.8,True
32544093,2020,0.16666666666666666,0.3333333333333333,0.5,True
32544095,2020,0.375,0.375,0.25,True
32544096,2020,0.5,0.0,0.5,True
32544203,2020,0.25,0.25,0.5,True
32544461,2020,0.08333333333333333,0.4166666666666667,0.5,True
32546673,2020,0.0,0.0,1.0,True
32547333,2020,0.0,0.0,0.0,True
32547555,2020,0.125,0.375,0.5,True
32550481,2020,0.0,0.0,1.0,True
32550484,2020,0.0,1.0,0.0,True
32550489,2020,0.0,0.0,0.0,True
32550497,2020,0.0,0.0,0.0,True
32550511,2020,0.0,0.0,0.0,True
32550998,2020,0.0,0.0,1.0,True
32551179,2020,0.5,0.0,0.5,True
32551233,2020,0.25,0.75,0.0,True
32552295,2020,1.0,0.0,0.0,True
32553155,2020,0.0,0.4,0.6,True
32553626,2020,0.25,0.5,0.25,True
32553663,2020,0.5,0.5,0.0,True
32554434,2020,0.3333333333333333,0.0,0.6666666666666666,True
32554612,2020,0.125,0.25,0.625,True
32554701,2020,0.0,0.5,0.5,True
32554995,2020,1.0,0.0,0.0,True
32555149,2020,0.6666666666666666,0.0,0.3333333333333333,True
32555463,2020,0.125,0.125,0.75,True
32555825,2020,1.0,0.0,0.0,True
32556241,2020,0.0,1.0,0.0,True
32556283,2020,0.3333333333333333,0.0,0.6666666666666666,True
32556286,2020,0.25,0.0,0.75,True
32556405,2020,1.0,0.0,0.0,True
32557834,2021,1.0,0.0,0.0,True
32558643,2020,0.2,0.4,0.4,True
32558878,2020,0.0,1.0,0.0,True
32559288,2020,1.0,0.0,0.0,True
32559462,2020,0.1,0.5,0.4,True
32560095,2020,0.3333333333333333,0.0,0.6666666666666666,True
32560342,2020,1.0,0.0,0.0,True
32561593,2020,0.14285714285714285,0.2857142857142857,0.5714285714285714,True
32561647,2020,0.125,0.5,0.375,True
32561714,2020,0.1,0.4,0.5,True
32561719,2020,0.125,0.375,0.5,True
32561725,2020,0.0,0.4,0.6,True
32561912,2021,0.6,0.2,0.2,True
32562898,2020,0.0,0.0,0.0,True
32562921,2020,1.0,0.0,0.0,True
32566918,2020,0.0,0.5,0.5,True
32568211,2020,0.6666666666666666,0.0,0.3333333333333333,True
32568231,2020,0.3333333333333333,0.0,0.6666666666666666,True
32569302,2020,0.0,0.6,0.4,True
32569795,2020,0.75,0.0,0.25,True
32571843,2020,0.2,0.0,0.8,True
32571872,2020,0.25,0.0,0.75,True
32571898,2021,1.0,0.0,0.0,True
32572265,2020,0.3333333333333333,0.0,0.6666666666666666,True
32572752,2020,0.6666666666666666,0.0,0.3333333333333333,True
32573497,2020,0.75,0.0,0.25,True
32574780,2020,1.0,0.0,0.0,False
32575074,2020,0.5,0.42857142857142855,0.07142857142857142,True
32575619,2020,0.25,0.25,0.5,True
32575908,2020,0.2,0.0,0.8,True
32576619,2020,1.0,0.0,0.0,True
32576667,2020,0.16666666666666666,0.0,0.8333333333333334,True
32576936,2020,0.0,0.5,0.5,True
32577525,2020,0.16666666666666666,0.6666666666666666,0.16666666666666666,True
32577583,2020,0.0,0.0,0.0,True
32577632,2020,0.0,0.0,1.0,True
32577633,2020,0.125,0.625,0.25,True
32579581,2020,0.1,0.4,0.5,True
32579795,2020,0.3333333333333333,0.6666666666666666,0.0,True
32580719,2020,0.8333333333333334,0.16666666666666666,0.0,True
32580970,2020,0.7,0.0,0.3,True
32583739,2020,0.0,0.6,0.4,True
32584213,2021,1.0,0.0,0.0,True
32584517,2020,0.0,0.3333333333333333,0.6666666666666666,True
32585411,2020,0.25,0.5,0.25,True
32585597,2020,0.0,0.45454545454545453,0.5454545454545454,True
32585628,2020,0.6666666666666666,0.0,0.3333333333333333,True
32585682,2021,0.0,0.5,0.5,True
32585776,2020,1.0,0.0,0.0,True
32586141,2020,0.0,0.0,1.0,True
32586373,2020,0.3333333333333333,0.0,0.6666666666666666,True
32587326,2020,1.0,0.0,0.0,True
32588552,2020,1.0,0.0,0.0,True
32588967,2020,0.6666666666666666,0.0,0.3333333333333333,True
32589144,2020,0.0,0.7142857142857143,0.2857142857142857,True
32589669,2020,0.14285714285714285,0.2857142857142857,0.5714285714285714,True
32590342,2020,1.0,0.0,0.0,True
32591281,2020,0.16666666666666666,0.6666666666666666,0.16666666666666666,True
32591831,2020,1.0,0.0,0.0,True
32592197,2020,0.0,0.8,0.2,True
32592453,2020,1.0,0.0,0.0,True
32592873,2020,0.0,0.0,0.0,True
32593031,2020,1.0,0.0,0.0,True
32593472,2020,0.0,0.6,0.4,True
32594743,2020,0.0,0.0,1.0,True
32594833,2020,0.0,0.21428571428571427,0.7857142857142857,True
32595210,2020,0.75,0.0,0.25,True
32596454,2020,0.16666666666666666,0.8333333333333334,0.0,True
32596694,2020,0.0,0.0,1.0,True
32598950,2021,1.0,0.0,0.0,True
32599006,2021,1.0,0.0,0.0,True
32599082,2020,0.75,0.0,0.25,True
32599711,2020,1.0,0.0,0.0,True
32601097,2020,0.0,0.8,0.2,True
32601106,2020,0.0,0.375,0.625,True
32601157,2020,0.5,0.0,0.5,True
32601182,2020,0.75,0.0,0.25,True
32601188,2020,0.16666666666666666,0.0,0.8333333333333334,True
32601220,2020,0.14285714285714285,0.5714285714285714,0.2857142857142857,True
32601387,2020,0.25,0.5,0.25,True
32601431,2020,0.16666666666666666,0.6666666666666666,0.16666666666666666,True
32601459,2020,1.0,0.0,0.0,True
32601469,2020,0.2,0.6,0.2,True
32601912,2020,0.25,0.0,0.75,True
32602232,2020,0.0,0.0,0.0,True
32602902,2020,0.0,0.4,0.6,True
32602904,2020,1.0,0.0,0.0,True
32603406,2022,0.3333333333333333,0.0,0.6666666666666666,True
32606003,2020,0.5,0.0,0.5,True
32606244,2020,0.14285714285714285,0.7142857142857143,0.14285714285714285,True
32606378,2020,0.3333333333333333,0.0,0.6666666666666666,True
32607407,2020,0.5,0.5,0.0,True
32607686,2021,1.0,0.0,0.0,False
32608483,2020,1.0,0.0,0.0,True
32609570,2020,0.25,0.5,0.25,True
32609814,2020,0.75,0.0,0.25,True
32609900,2021,0.5,0.14285714285714285,0.35714285714285715,True
32610081,2020,0.14285714285714285,0.0,0.8571428571428571,True
32610138,2020,0.1,0.0,0.9,True
32611684,2020,0.2,0.4,0.4,True
32612153,2021,0.0,0.6666666666666666,0.3333333333333333,True
32612609,2020,0.0,0.6,0.4,True
32612991,2020,0.2,0.0,0.8,True
32613032,2020,0.0,0.0,0.0,True
32613154,2020,1.0,0.0,0.0,True
32614509,2020,0.5,0.0,0.5,True
32614835,2020,1.0,0.0,0.0,True
32614944,2021,0.2,0.6,0.2,True
32614957,2021,0.5,0.0,0.5,True
32615123,2021,0.6,0.4,0.0,True
32615170,2021,0.5714285714285714,0.0,0.42857142857142855,True
32615913,2020,1.0,0.0,0.0,True
32615983,2020,0.2,0.0,0.8,True
32616597,2020,1.0,0.0,0.0,True
32618359,2020,1.0,0.0,0.0,True
32618667,2020,1.0,0.0,0.0,True
32619224,2020,0.0,0.3333333333333333,0.6666666666666666,True
32619424,2020,0.1111111111111111,0.4444444444444444,0.4444444444444444,True
32619550,2020,0.25,0.5,0.25,True
32619635,2020,0.25,0.5,0.25,True
32619898,2020,0.2,0.6,0.2,True
32620176,2020,0.5,0.0,0.5,True
32620757,2020,0.75,0.0,0.25,True
32620764,2020,0.25,0.0,0.75,True
32620782,2020,0.0,0.0,1.0,True
32620877,2020,0.0,0.3333333333333333,0.6666666666666666,True
32620889,2020,0.5,0.5,0.0,True
32620929,2020,0.0,0.2222222222222222,0.7777777777777778,True
32620932,2020,0.5,0.0,0.5,True
32622645,2020,1.0,0.0,0.0,True
32623396,2020,1.0,0.0,0.0,True
32624263,2020,1.0,0.0,0.0,True
32626449,2019,0.5,0.5,0.0,True
32627316,2020,1.0,0.0,0.0,True
32627328,2020,1.0,0.0,0.0,True
32628161,2020,0.25,0.0,0.75,True
32629249,2020,0.0,0.0,1.0,True
32631297,2020,1.0,0.0,0.0,True
32631902,2020,0.16666666666666666,0.0,0.8333333333333334,True
32631973,2020,1.0,0.0,0.0,True
32632165,2020,0.0,0.3333333333333333,0.6666666666666666,True
32632289,2020,0.3333333333333333,0.0,0.6666666666666666,True
32633234,2020,0.125,0.5,0.375,True
32633674,2020,1.0,0.0,0.0,True
32633779,2020,1.0,0.0,0.0,True
32634122,2020,0.7142857142857143,0.0,0.2857142857142857,True
32634436,2020,0.25,0.0,0.75,True
32634473,2020,0.0,0.75,0.25,True
32635247,2020,0.2,0.2,0.6,True
32635269,2020,0.5,0.5,0.0,True
32635578,2020,0.125,0.25,0.625,True
32635833,2020,0.2,0.0,0.8,True
32636140,2020,1.0,0.0,0.0,True
32636765,2020,0.0,0.0,0.0,True
32637350,2020,0.375,0.125,0.5,True
32637623,2020,0.0,0.6666666666666666,0.3333333333333333,True
32637805,2020,0.0,0.0,1.0,True
32637840,2020,0.25,0.25,0.5,True
32637902,2020,0.5,0.0,0.5,True
32637947,2020,0.25,0.0,0.75,True
32637956,2020,0.0,0.0,1.0,True
32637961,2020,0.6,0.0,0.4,True
32638197,2020,0.8571428571428571,0.0,0.14285714285714285,True
32638424,2021,0.0,0.0,0.0,True
32638579,2020,1.0,0.0,0.0,True
32638919,2021,1.0,0.0,0.0,True
32639856,2021,1.0,0.0,0.0,True
32640056,2021,0.0,0.0,1.0,True
32640185,2020,1.0,0.0,0.0,True
32640231,2020,0.0,0.3333333333333333,0.6666666666666666,True
32641156,2020,0.6,0.0,0.4,True
32641320,2020,1.0,0.0,0.0,True
32641407,2020,0.25,0.5,0.25,True
32641488,2020,0.0,0.5,0.5,True
32641529,2020,1.0,0.0,0.0,True
32641538,2020,1.0,0.0,0.0,True
32641584,2020,0.3333333333333333,0.0,0.6666666666666666,True
32641828,2020,0.1111111111111111,0.3333333333333333,0.5555555555555556,True
32641865,2020,0.16666666666666666,0.5,0.3333333333333333,True
32641987,2020,0.16666666666666666,0.16666666666666666,0.6666666666666666,True
32642296,2020,0.2,0.2,0.6,True
32642716,2020,0.1111111111111111,0.1111111111111111,0.7777777777777778,True
32644137,2020,1.0,0.0,0.0,True
32645282,2020,1.0,0.0,0.0,True
32645325,2020,0.1,0.2,0.7,True
32645379,2020,0.0,1.0,0.0,True
32646751,2020,0.3333333333333333,0.25,0.4166666666666667,True
32646879,2021,0.5,0.0,0.5,True
32647003,2020,0.25,0.0,0.75,True
32647014,2020,0.16666666666666666,0.3333333333333333,0.5,True
32647056,2020,0.5,0.0,0.5,True
32647134,2020,0.5,0.0,0.5,True
32648321,2020,0.07692307692307693,0.6153846153846154,0.3076923076923077,True
32649211,2020,0.2,0.2,0.6,True
32649856,2020,0.5,0.0,0.5,True
32649862,2020,0.2,0.4,0.4,True
32649866,2020,1.0,0.0,0.0,True
32649884,2020,0.1,0.4,0.5,True
32650787,2020,1.0,0.0,0.0,True
32651051,2021,1.0,0.0,0.0,True
32651359,2020,0.25,0.0,0.75,True
32651586,2020,0.25,0.0,0.75,True
32652468,2020,0.4,0.0,0.6,True
32652861,2021,1.0,0.0,0.0,True
32653556,2020,0.0,1.0,0.0,True
32654028,2020,0.3333333333333333,0.0,0.6666666666666666,True
32654436,2022,1.0,0.0,0.0,True
32655540,2020,1.0,0.0,0.0,True
32655620,2020,0.6666666666666666,0.0,0.3333333333333333,True
32656511,2020,0.0,0.0,0.0,True
32657269,2020,0.0,0.0,1.0,True
32657348,2020,1.0,0.0,0.0,True
32657349,2020,1.0,0.0,0.0,True
32657358,2020,1.0,0.0,0.0,True
32658296,2020,1.0,0.0,0.0,True
32658569,2020,1.0,0.0,0.0,True
32659786,2020,0.2,0.6,0.2,True
32660250,2020,0.0,0.0,1.0,True
32660296,2020,1.0,0.0,0.0,True
32660355,2021,0.5,0.0,0.5,True
32661090,2020,0.25,0.0,0.75,True
32661179,2020,0.0,0.4,0.6,True
32661409,2020,0.5,0.5,0.0,True
32662913,2020,1.0,0.0,0.0,True
32663192,2020,0.25,0.5,0.25,True
32663283,2020,0.0,0.2,0.8,True
32663838,2020,0.14285714285714285,0.0,0.8571428571428571,True
32663842,2020,1.0,0.0,0.0,True
32663912,2020,0.5,0.0,0.5,True
32663942,2020,1.0,0.0,0.0,True
32664935,2020,1.0,0.0,0.0,False
32665027,2020,0.5714285714285714,0.0,0.42857142857142855,True
32666006,2020,0.8,0.0,0.2,True
32666011,2020,0.5,0.0,0.5,True
32666380,2020,1.0,0.0,0.0,True
32666679,2021,0.14285714285714285,0.2857142857142857,0.5714285714285714,True
32667040,2021,0.0,1.0,0.0,True
32667374,2020,0.0,0.0,1.0,True
32667715,2020,0.0,1.0,0.0,True
32667909,2020,0.16666666666666666,0.0,0.8333333333333334,True
32668278,2020,1.0,0.0,0.0,True
32668405,2020,0.0,0.6666666666666666,0.3333333333333333,True
32668765,2020,0.09090909090909091,0.18181818181818182,0.7272727272727273,True
32669030,2021,0.5,0.0,0.5,True
32669364,2020,0.16666666666666666,0.3333333333333333,0.5,True
32669460,2020,0.0,0.625,0.375,True
32671105,2020,0.5,0.5,0.0,True
32671132,2020,0.4,0.2,0.4,True
32671329,2020,0.0,0.0,1.0,True
32671344,2020,0.0,1.0,0.0,True
32672866,2020,1.0,0.0,0.0,True
32672990,2020,0.0,1.0,0.0,True
32673075,2021,0.3333333333333333,0.6666666666666666,0.0,True
32673439,2021,1.0,0.0,0.0,True
32673505,2020,0.6666666666666666,0.0,0.3333333333333333,True
32673566,2020,0.25,0.5,0.25,True
32673614,2020,1.0,0.0,0.0,True
32673754,2020,0.0,0.8,0.2,True
32675111,2020,0.125,0.0,0.875,True
32675224,2021,1.0,0.0,0.0,True
32676021,2020,0.0,0.0,1.0,True
32676161,2020,0.0,0.25,0.75,True
32676605,2021,0.14285714285714285,0.0,0.8571428571428571,True
32676616,2020,1.0,0.0,0.0,True
32676619,2020,0.0,0.0,1.0,True
32677118,2020,0.125,0.375,0.5,True
32677467,2020,0.5,0.0,0.5,True
32678018,2020,0.5,0.0,0.5,True
32678144,2020,0.0,0.5,0.5,True
32678272,2021,0.5,0.16666666666666666,0.3333333333333333,True
32678879,2021,1.0,0.0,0.0,True
32678881,2020,0.07692307692307693,0.23076923076923078,0.6923076923076923,True
32679240,2020,0.0,0.42857142857142855,0.5714285714285714,True
32679272,2020,1.0,0.0,0.0,True
32679514,2020,0.0,0.75,0.25,True
32680537,2020,0.42857142857142855,0.42857142857142855,0.14285714285714285,False
32680830,2020,1.0,0.0,0.0,True
32680936,2020,0.0,0.6,0.4,True
32681068,2020,0.3333333333333333,0.0,0.6666666666666666,True
32681206,2020,0.5,0.0,0.5,True
32682075,2020,1.0,0.0,0.0,True
32683453,2020,0.0,0.0,0.0,True
32683586,2020,1.0,0.0,0.0,True
32683756,2021,0.0,0.8,0.2,True
32683881,2020,0.5,0.0,0.5,True
32686688,2020,0.16666666666666666,0.16666666666666666,0.6666666666666666,True
32686698,2020,0.14285714285714285,0.2857142857142857,0.5714285714285714,True
32686739,2020,0.0,0.25,0.75,True
32686825,2021,0.5,0.0,0.5,True
32687898,2020,0.0,0.0,0.0,True
32688055,2020,0.3333333333333333,0.0,0.6666666666666666,True
32688395,2020,0.7142857142857143,0.0,0.2857142857142857,True
32690618,2020,1.0,0.0,0.0,True
32690628,2020,0.0,0.5555555555555556,0.4444444444444444,True
32690678,2020,0.8,0.0,0.2,True
32690707,2020,0.14285714285714285,0.2857142857142857,0.5714285714285714,True
32690948,2020,0.2,0.0,0.8,True
32690972,2021,0.0,0.6,0.4,True
32691611,2021,1.0,0.0,0.0,True
32691633,2020,0.0,0.8,0.2,True
32692250,2020,1.0,0.0,0.0,True
32692482,2020,0.0,0.6,0.4,True
32694380,2020,1.0,0.0,0.0,True
32695777,2020,0.25,0.125,0.625,True
32695844,2020,0.25,0.5,0.25,True
32695883,2020,1.0,0.0,0.0,True
32696213,2020,1.0,0.0,0.0,True
32697622,2020,0.0,0.18181818181818182,0.8181818181818182,True
32697766,2020,0.8,0.0,0.2,True
32697878,2021,0.0,0.0,0.0,True
32698142,2020,1.0,0.0,0.0,True
32698776,2020,1.0,0.0,0.0,True
32698842,2020,0.0,1.0,0.0,True
32699235,2020,0.0,1.0,0.0,True
32699239,2020,1.0,0.0,0.0,True
32699316,2020,0.0,0.0,0.0,True
32699321,2020,0.0,0.0,1.0,True
32700830,2020,0.16666666666666666,0.3333333333333333,0.5,True
32701209,2021,1.0,0.0,0.0,True
32701508,2020,0.6666666666666666,0.0,0.3333333333333333,True
32702087,2020,0.5,0.0,0.5,True
32702237,2020,0.125,0.25,0.625,True
32702253,2020,0.0,0.4,0.6,True
32702374,2020,0.0,1.0,0.0,True
32702726,2020,0.25,0.0,0.75,True
32702730,2020,0.5,0.0,0.5,True
32702738,2020,1.0,0.0,0.0,True
32703203,2020,0.0,0.0,1.0,True
32703677,2020,1.0,0.0,0.0,True
32703985,2020,0.8,0.0,0.2,True
32704046,2020,0.0,0.6,0.4,True
32704524,2020,0.0,1.0,0.0,True
32705457,2020,1.0,0.0,0.0,True
32705611,2021,1.0,0.0,0.0,True
32706155,2020,0.0,0.25,0.75,True
32706372,2020,0.0,1.0,0.0,True
32706863,2020,0.5714285714285714,0.0,0.42857142857142855,True
32707573,2020,0.16666666666666666,0.0,0.8333333333333334,True
32708093,2020,1.0,0.0,0.0,True
32708832,2020,0.0,0.25,0.75,True
32708903,2020,0.0,0.16666666666666666,0.8333333333333334,True
32709241,2020,0.25,0.75,0.0,True
32709481,2020,0.14285714285714285,0.42857142857142855,0.42857142857142855,True
32709712,2020,0.75,0.0,0.25,True
32709745,2020,0.07692307692307693,0.46153846153846156,0.46153846153846156,True
32709902,2020,0.16666666666666666,0.5,0.3333333333333333,True
32709983,2020,0.3333333333333333,0.6666666666666666,0.0,True
32710630,2020,0.0,0.25,0.75,True
32710745,2021,0.7142857142857143,0.0,0.2857142857142857,True
32711050,2020,0.0,0.6,0.4,True
32711123,2021,1.0,0.0,0.0,True
32711931,2020,1.0,0.0,0.0,True
32712273,2020,0.0,0.8571428571428571,0.14285714285714285,True
32713678,2020,0.3333333333333333,0.0,0.6666666666666666,True
32714280,2020,1.0,0.0,0.0,True
32714562,2020,0.0,0.5,0.5,True
32715629,2020,0.0,0.0,1.0,True
32715994,2020,0.25,0.5,0.25,True
32716663,2020,1.0,0.0,0.0,True
32716685,2020,1.0,0.0,0.0,True
32716926,2020,0.0,0.0,1.0,True
32717742,2020,0.1111111111111111,0.3333333333333333,0.5555555555555556,True
32718933,2020,0.0,0.6,0.4,True
32718996,2020,0.14285714285714285,0.2857142857142857,0.5714285714285714,True
32719666,2020,0.0,0.7777777777777778,0.2222222222222222,True
32719843,2020,0.0,0.09090909090909091,0.9090909090909091,True
32720036,2020,0.0,1.0,0.0,True
32720179,2021,1.0,0.0,0.0,True
32721383,2020,0.3333333333333333,0.0,0.6666666666666666,True
32721894,2020,0.2,0.0,0.8,True
32722908,2020,0.0,0.4,0.6,True
32724039,2020,1.0,0.0,0.0,True
32724196,2020,0.0,0.4,0.6,True
32725587,2021,1.0,0.0,0.0,True
32726133,2020,0.5,0.0,0.5,True
32726539,2020,1.0,0.0,0.0,True
32726643,2020,0.0,0.6666666666666666,0.3333333333333333,True
32727504,2020,0.0,0.4,0.6,True
32727823,2020,1.0,0.0,0.0,True
32727897,2020,0.3333333333333333,0.0,0.6666666666666666,True
32727902,2020,0.16666666666666666,0.5,0.3333333333333333,True
32728046,2020,0.5,0.0,0.5,True
32728670,2020,0.3333333333333333,0.0,0.6666666666666666,True
32729248,2020,0.14285714285714285,0.0,0.8571428571428571,True
32730249,2020,0.5,0.5,0.0,True
32730756,2020,0.75,0.0,0.25,True
32731258,2020,0.0,0.42857142857142855,0.5714285714285714,True
32731618,2020,0.0,0.6666666666666666,0.3333333333333333,True
32731638,2020,1.0,0.0,0.0,True
32732252,2020,1.0,0.0,0.0,True
32732874,2020,0.14285714285714285,0.14285714285714285,0.7142857142857143,True
32733367,2020,1.0,0.0,0.0,True
32734314,2020,1.0,0.0,0.0,True
32735645,2020,0.125,0.25,0.625,True
32736074,2020,0.0,0.3333333333333333,0.6666666666666666,True
32736380,2020,0.1875,0.25,0.5625,True
32737116,2020,0.6666666666666666,0.0,0.3333333333333333,True
32737119,2020,0.0,0.2857142857142857,0.7142857142857143,True
32737203,2020,0.2,0.6,0.2,True
32737446,2021,1.0,0.0,0.0,True
32738126,2020,0.2,0.6,0.2,True
32739420,2020,0.25,0.5,0.25,True
32740471,2020,1.0,0.0,0.0,True
32742149,2020,0.5,0.0,0.5,True
32742893,2020,0.5,0.0,0.5,True
32743539,2020,1.0,0.0,0.0,True
32743540,2020,0.0,0.25,0.75,True
32743551,2020,0.25,0.0,0.75,True
32743590,2020,0.2,0.0,0.8,True
32743605,2020,0.0,0.0,0.0,True
32743937,2021,0.25,0.0,0.75,True
32744499,2020,0.16666666666666666,0.3333333333333333,0.5,True
32744500,2020,0.5,0.0,0.5,True
32745179,2021,0.5,0.0,0.5,True
32745512,2020,1.0,0.0,0.0,True
32745591,2020,0.8571428571428571,0.0,0.14285714285714285,True
32745641,2020,1.0,0.0,0.0,True
32746445,2021,1.0,0.0,0.0,True
32746863,2020,1.0,0.0,0.0,True
32746924,2020,0.5,0.0,0.5,True
32747013,2020,1.0,0.0,0.0,True
32747382,2020,1.0,0.0,0.0,True
32747423,2020,0.0,0.75,0.25,True
32747789,2020,0.0,0.75,0.25,True
32747824,2020,0.4,0.0,0.6,True
32748495,2020,1.0,0.0,0.0,True
32748840,2020,1.0,0.0,0.0,True
32749174,2021,0.3333333333333333,0.0,0.6666666666666666,True
32749237,2020,0.125,0.5,0.375,True
32750744,2020,0.14285714285714285,0.42857142857142855,0.42857142857142855,True
32751407,2020,0.16666666666666666,0.0,0.8333333333333334,True
32751510,2020,0.3333333333333333,0.0,0.6666666666666666,True
32751549,2020,0.0,0.2857142857142857,0.7142857142857143,True
32752665,2020,0.2,0.0,0.8,True
32753377,2020,1.0,0.0,0.0,True
32753397,2021,1.0,0.0,0.0,True
32753470,2020,0.3333333333333333,0.0,0.6666666666666666,True
32754617,2020,0.16666666666666666,0.0,0.8333333333333334,True
32754618,2020,0.4,0.0,0.6,True
32754637,2020,0.5,0.0,0.5,True
32754720,2020,0.2,0.4,0.4,True
32754877,2020,0.0,0.5,0.5,True
32755168,2020,1.0,0.0,0.0,True
32755330,2020,1.0,0.0,0.0,True
32755355,2020,1.0,0.0,0.0,True
32755358,2020,1.0,0.0,0.0,True
32755412,2020,0.0,1.0,0.0,True
32755413,2020,1.0,0.0,0.0,True
32755458,2020,1.0,0.0,0.0,True
32755590,2020,0.0,0.375,0.625,True
32755966,2020,1.0,0.0,0.0,True
32756549,2020,0.0,0.3333333333333333,0.6666666666666666,True
32758451,2020,1.0,0.0,0.0,True
32759226,2020,0.0,0.375,0.625,True
32759296,2020,0.14285714285714285,0.0,0.8571428571428571,True
32759684,2020,0.3333333333333333,0.0,0.6666666666666666,True
32759980,2020,0.0,0.6666666666666666,0.3333333333333333,True
32760656,2020,0.2,0.6,0.2,True
32760736,2020,0.0,0.2222222222222222,0.7777777777777778,True
32761193,2021,1.0,0.0,0.0,True
32761352,2020,0.3333333333333333,0.6666666666666666,0.0,True
32762296,2021,0.0,1.0,0.0,True
32762338,2021,1.0,0.0,0.0,True
32762616,2021,0.1111111111111111,0.3333333333333333,0.5555555555555556,True
32763552,2020,0.6666666666666666,0.0,0.3333333333333333,True
32763897,2020,0.6666666666666666,0.3333333333333333,0.0,True
32764102,2020,1.0,0.0,0.0,True
32764200,2020,0.5,0.2,0.3,True
32765493,2020,0.3333333333333333,0.0,0.6666666666666666,True
32765594,2020,0.2,0.0,0.8,True
32766543,2020,0.1111111111111111,0.0,0.8888888888888888,True
32766573,2020,0.16666666666666666,0.0,0.8333333333333334,True
32766816,2021,1.0,0.0,0.0,True
32766882,2020,1.0,0.0,0.0,True
32767966,2020,0.0,0.5,0.5,True
32768397,2020,1.0,0.0,0.0,True
32768442,2021,1.0,0.0,0.0,True
32769987,2020,0.16666666666666666,0.0,0.8333333333333334,True
32770087,2021,0.8571428571428571,0.0,0.14285714285714285,True
32770643,2020,0.8571428571428571,0.0,0.14285714285714285,True
32770927,2020,0.0,0.0,1.0,True
32771771,2020,1.0,0.0,0.0,True
32773483,2020,0.5,0.0,0.5,True
32774241,2020,0.3333333333333333,0.6666666666666666,0.0,True
32774853,2020,0.0,0.0,1.0,True
32775497,2020,0.2222222222222222,0.0,0.7777777777777778,True
32775824,2020,0.8,0.0,0.2,True
32776014,2020,0.6666666666666666,0.0,0.3333333333333333,True
32776106,2020,0.25,0.0,0.75,True
32776128,2021,0.75,0.0,0.25,True
32776198,2021,1.0,0.0,0.0,True
32776697,2020,0.8,0.0,0.2,True
32776829,2020,1.0,0.0,0.0,True
32778536,2021,1.0,0.0,0.0,True
32779213,2020,0.5,0.0,0.5,True
32779242,2021,0.0,1.0,0.0,True
32779567,2020,0.0,0.6666666666666666,0.3333333333333333,True
32779569,2020,0.0,1.0,0.0,True
32780005,2020,1.0,0.0,0.0,True
32780832,2020,0.0,0.75,0.25,True
32781082,2020,1.0,0.0,0.0,True
32781289,2020,1.0,0.0,0.0,True
32781905,2020,0.25,0.0,0.75,True
32781981,2020,0.0,0.5,0.5,True
32783108,2020,0.1,0.3,0.6,True
32783204,2020,1.0,0.0,0.0,True
32783359,2020,1.0,0.0,0.0,True
32783951,2020,0.1111111111111111,0.0,0.8888888888888888,True
32784117,2020,0.5,0.0,0.5,True
32784501,2020,0.0,0.1111111111111111,0.8888888888888888,True
32785640,2021,0.3333333333333333,0.0,0.6666666666666666,True
32785976,2020,1.0,0.0,0.0,True
32786189,2020,1.0,0.0,0.0,True
32787142,2020,0.125,0.25,0.625,True
32787282,2020,0.0,1.0,0.0,True
32787454,2021,0.14285714285714285,0.2857142857142857,0.5714285714285714,True
32787994,2021,1.0,0.0,0.0,True
32788260,2020,1.0,0.0,0.0,True
32788345,2020,0.125,0.25,0.625,True
32788672,2020,0.0,0.8,0.2,True
32788687,2021,1.0,0.0,0.0,True
32790152,2020,0.2,0.0,0.8,True
32790492,2020,1.0,0.0,0.0,False
32790927,2021,1.0,0.0,0.0,True
32791068,2021,0.6666666666666666,0.0,0.3333333333333333,True
32791086,2021,1.0,0.0,0.0,True
32791313,2020,1.0,0.0,0.0,True
32791329,2020,0.0,0.0,1.0,True
32791983,2020,1.0,0.0,0.0,True
32792568,2020,0.0,0.4,0.6,True
32792616,2020,0.0,0.4444444444444444,0.5555555555555556,True
32793218,2020,0.125,0.375,0.5,True
32793477,2020,0.0,0.09090909090909091,0.9090909090909091,True
32793913,2021,0.0,0.0,1.0,True
32794995,2020,0.0,0.0,1.0,True
32795389,2020,0.0,1.0,0.0,True
32795418,2020,0.0,0.0,1.0,True
32795972,2021,1.0,0.0,0.0,True
32796005,2020,0.25,0.0,0.75,True
32796024,2020,0.1,0.6,0.3,True
32796062,2020,0.08333333333333333,0.16666666666666666,0.75,True
32796128,2020,1.0,0.0,0.0,True
32796275,2020,0.2,0.0,0.8,True
32796650,2020,0.0,0.5,0.5,True
32796848,2020,0.8181818181818182,0.0,0.18181818181818182,True
32797042,2020,0.16666666666666666,0.3333333333333333,0.5,True
32797061,2020,1.0,0.0,0.0,True
32797166,2020,0.25,0.0,0.75,True
32798221,2021,0.3333333333333333,0.6666666666666666,0.0,True
32798317,2020,1.0,0.0,0.0,True
32798517,2021,1.0,0.0,0.0,True
32798563,2021,1.0,0.0,0.0,True
32798692,2020,1.0,0.0,0.0,True
32798798,2020,1.0,0.0,0.0,True
32799410,2021,0.0,0.2857142857142857,0.7142857142857143,True
32799417,2020,1.0,0.0,0.0,True
32799667,2020,1.0,0.0,0.0,True
32800727,2021,1.0,0.0,0.0,True
32801129,2020,1.0,0.0,0.0,True
32801144,2020,0.25,0.5,0.25,True
32801348,2021,0.0,0.0,0.0,False
32803050,2020,0.0,1.0,0.0,True
32803198,2020,0.0,0.0,1.0,True
32803199,2020,0.18181818181818182,0.36363636363636365,0.45454545454545453,True
32803242,2021,0.75,0.0,0.25,True
32803282,2020,0.3333333333333333,0.6666666666666666,0.0,True
32803843,2021,0.6666666666666666,0.16666666666666666,0.16666666666666666,True
32804078,2020,0.0,0.5,0.5,True
32804429,2020,0.8,0.0,0.2,True
32804442,2021,0.0,0.4,0.6,True
32805005,2021,0.0,0.0,0.0,True
32805249,2020,1.0,0.0,0.0,True
32805549,2020,1.0,0.0,0.0,True
32806931,2020,1.0,0.0,0.0,True
32807487,2020,1.0,0.0,0.0,True
32807948,2020,0.09090909090909091,0.6363636363636364,0.2727272727272727,True
32808484,2020,1.0,0.0,0.0,True
32808680,2020,1.0,0.0,0.0,True
32810389,2020,0.16666666666666666,0.6666666666666666,0.16666666666666666,True
32811816,2020,0.125,0.0,0.875,True
32811899,2020,0.0,1.0,0.0,True
32811991,2021,0.0,0.4,0.6,True
32812339,2020,0.3333333333333333,0.6666666666666666,0.0,True
32812866,2020,0.0,0.3333333333333333,0.6666666666666666,True
32812912,2020,1.0,0.0,0.0,True
32813726,2020,0.0,1.0,0.0,True
32814065,2020,0.25,0.25,0.5,True
32814718,2020,0.7,0.2,0.1,True
32815431,2021,0.25,0.5,0.25,True
32815483,2020,0.0,1.0,0.0,True
32815519,2021,0.8333333333333334,0.0,0.16666666666666666,True
32816112,2020,1.0,0.0,0.0,True
32816535,2021,1.0,0.0,0.0,True
32816858,2020,0.2,0.0,0.8,True
32817065,2020,0.0,0.2857142857142857,0.7142857142857143,True
32817092,2020,0.0,0.0,1.0,True
32817110,2020,0.125,0.5,0.375,True
32817318,2020,0.1111111111111111,0.0,0.8888888888888888,True
32817374,2020,0.14285714285714285,0.42857142857142855,0.42857142857142855,True
32817521,2020,0.0,0.0,1.0,True
32817529,2020,0.0,0.0,1.0,True
32817964,2020,1.0,0.0,0.0,True
32818241,2021,0.1111111111111111,0.2222222222222222,0.6666666666666666,True
32818404,2020,0.25,0.5,0.25,True
32818422,2020,0.5,0.0,0.5,True
32818883,2020,0.25,0.75,0.0,True
32819190,2020,0.16666666666666666,0.0,0.8333333333333334,True
32819526,2020,0.0,0.5,0.5,True
32819572,2020,0.2,0.0,0.8,True
32820005,2020,0.0,0.3333333333333333,0.6666666666666666,True
32820039,2020,0.0,0.6666666666666666,0.3333333333333333,True
32820045,2020,0.5,0.0,0.5,True
32820072,2020,0.0,0.5,0.5,True
32821937,2020,0.3333333333333333,0.6666666666666666,0.0,True
32821950,2020,0.6666666666666666,0.0,0.3333333333333333,True
32824235,2020,0.25,0.0,0.75,True
32824628,2020,1.0,0.0,0.0,True
32824677,2020,0.1111111111111111,0.3333333333333333,0.5555555555555556,True
32826283,2020,1.0,0.0,0.0,True
32826319,2021,1.0,0.0,0.0,True
32827221,2020,1.0,0.0,0.0,True
32828731,2020,1.0,0.0,0.0,True
32828923,2020,0.5,0.0,0.5,True
32829709,2020,0.2,0.2,0.6,True
32830106,2020,1.0,0.0,0.0,True
32830375,2020,0.14285714285714285,0.42857142857142855,0.42857142857142855,True
32830879,2021,1.0,0.0,0.0,True
32831173,2020,0.0,1.0,0.0,True
32831602,2020,1.0,0.0,0.0,True
32832029,2020,0.0,0.0,1.0,True
32832116,2020,0.8,0.0,0.2,True
32832595,2020,0.5,0.0,0.5,True
32832842,2020,1.0,0.0,0.0,True
32833021,2021,0.5,0.0,0.5,True
32835364,2020,1.0,0.0,0.0,True
32835732,2021,0.0,0.0,0.0,True
32835822,2020,1.0,0.0,0.0,True
32835823,2020,1.0,0.0,0.0,True
32835833,2020,0.0,0.5714285714285714,0.42857142857142855,True
32836087,2020,1.0,0.0,0.0,True
32838071,2021,1.0,0.0,0.0,True
32839292,2020,0.2,0.0,0.8,True
32839438,2020,1.0,0.0,0.0,True
32839486,2020,0.8333333333333334,0.0,0.16666666666666666,True
32839555,2021,0.5,0.0,0.5,True
32839771,2020,0.0,0.0,1.0,True
32839775,2020,0.0,0.375,0.625,True
32839777,2020,0.3333333333333333,0.0,0.6666666666666666,True
32840025,2020,0.0,1.0,0.0,True
32840939,2020,1.0,0.0,0.0,True
32841214,2020,0.0,0.4,0.6,True
32841266,2020,0.8333333333333334,0.0,0.16666666666666666,True
32841340,2020,0.2,0.0,0.8,True
32841457,2022,1.0,0.0,0.0,True
32842872,2021,1.0,0.0,0.0,True
32843325,2021,1.0,0.0,0.0,True
32843491,2020,1.0,0.0,0.0,False
32843553,2020,0.125,0.375,0.5,True
32843721,2020,0.16666666666666666,0.5,0.3333333333333333,True
32844594,2021,1.0,0.0,0.0,True
32844710,2020,0.5,0.0,0.5,True
32845012,2021,0.0,0.42857142857142855,0.5714285714285714,True
32845057,2020,1.0,0.0,0.0,True
32845933,2020,0.8333333333333334,0.0,0.16666666666666666,True
32846874,2020,0.25,0.5,0.25,True
32847530,2020,1.0,0.0,0.0,True
32847630,2020,0.0,0.4,0.6,True
32847972,2020,0.25,0.75,0.0,True
32848158,2020,0.14285714285714285,0.5714285714285714,0.2857142857142857,True
32848178,2020,0.625,0.0,0.375,True
32848246,2020,0.4,0.0,0.6,True
32848559,2020,0.4,0.6,0.0,True
32848624,2020,0.16666666666666666,0.16666666666666666,0.6666666666666666,True
32849182,2020,0.6666666666666666,0.3333333333333333,0.0,True
32849281,2020,0.6666666666666666,0.3333333333333333,0.0,True
32849498,2020,0.14285714285714285,0.5714285714285714,0.2857142857142857,True
32849598,2020,0.0,0.5714285714285714,0.42857142857142855,True
32849830,2020,0.07142857142857142,0.0,0.9285714285714286,True
32849908,2020,1.0,0.0,0.0,True
32850728,2020,0.0,0.0,1.0,True
32851160,2020,0.0,0.0,1.0,True
32851643,2020,0.0,1.0,0.0,True
32851660,2021,1.0,0.0,0.0,True
32851975,2020,0.0,0.6,0.4,True
32853628,2020,0.0,1.0,0.0,True
32853711,2021,1.0,0.0,0.0,True
32854115,2020,0.14285714285714285,0.2857142857142857,0.5714285714285714,True
32854642,2020,0.2,0.6,0.2,True
32855298,2020,0.0,0.5,0.5,True
32855340,2020,0.0,0.6666666666666666,0.3333333333333333,True
32855555,2020,0.2,0.0,0.8,True
32856319,2020,0.0,0.6666666666666666,0.3333333333333333,True
32857473,2022,1.0,0.0,0.0,True
32858063,2021,1.0,0.0,0.0,True
32858886,2020,0.0,0.42857142857142855,0.5714285714285714,True
32859199,2020,0.0,1.0,0.0,True
32859717,2020,0.0,0.5,0.5,True
32861507,2020,1.0,0.0,0.0,True
32861983,2020,1.0,0.0,0.0,True
32862202,2021,0.0,0.4,0.6,True
32863171,2020,0.6666666666666666,0.0,0.3333333333333333,True
32863862,2020,1.0,0.0,0.0,True
32864105,2020,1.0,0.0,0.0,True
32864186,2020,1.0,0.0,0.0,True
32864505,2019,0.42857142857142855,0.2857142857142857,0.2857142857142857,True
32864598,2020,1.0,0.0,0.0,True
32864809,2020,1.0,0.0,0.0,True
32864823,2020,1.0,0.0,0.0,True
32865470,2021,1.0,0.0,0.0,True
32865633,2020,0.0,1.0,0.0,True
32865974,2020,0.0,0.0,0.0,True
32866011,2020,0.0,0.2,0.8,True
32866158,2020,0.0,0.6666666666666666,0.3333333333333333,True
32866210,2020,0.14285714285714285,0.42857142857142855,0.42857142857142855,True
32866318,2021,0.8571428571428571,0.0,0.14285714285714285,True
32866347,2020,1.0,0.0,0.0,True
32867061,2020,0.0,0.42857142857142855,0.5714285714285714,True
32867358,2020,0.5,0.0,0.5,True
32867573,2020,0.3333333333333333,0.0,0.6666666666666666,True
32868289,2020,0.0,1.0,0.0,True
32868297,2020,0.0,0.6666666666666666,0.3333333333333333,True
32868318,2020,1.0,0.0,0.0,True
32868406,2020,0.0,0.3333333333333333,0.6666666666666666,True
32868414,2020,0.25,0.0,0.75,True
32868416,2020,0.0,1.0,0.0,True
32868923,2020,0.14285714285714285,0.7142857142857143,0.14285714285714285,True
32869023,2020,0.5,0.125,0.375,True
32869036,2020,0.4444444444444444,0.1111111111111111,0.4444444444444444,True
32869041,2020,0.75,0.0,0.25,True
32869342,2021,0.5,0.0,0.5,True
32869517,2020,1.0,0.0,0.0,True
32869840,2021,0.6,0.0,0.4,True
32870257,2020,0.16666666666666666,0.3333333333333333,0.5,True
32870266,2021,1.0,0.0,0.0,True
32870474,2020,0.3333333333333333,0.0,0.6666666666666666,True
32870522,2020,1.0,0.0,0.0,True
32870927,2020,1.0,0.0,0.0,True
32871092,2021,0.6666666666666666,0.0,0.3333333333333333,True
32872113,2020,0.0,0.0,1.0,True
32873799,2020,0.75,0.0,0.25,True
32875152,2020,1.0,0.0,0.0,True
32875347,2020,0.0,1.0,0.0,True
32876855,2020,0.0,0.6666666666666666,0.3333333333333333,True
32876947,2020,0.0,0.0,0.0,True
32877244,2020,1.0,0.0,0.0,True
32877270,2020,0.16666666666666666,0.0,0.8333333333333334,True
32877676,2020,0.2,0.4,0.4,True
32878631,2020,1.0,0.0,0.0,True
32878683,2020,0.0,1.0,0.0,True
32878934,2020,0.0,0.7142857142857143,0.2857142857142857,True
32878952,2020,0.25,0.0,0.75,True
32878961,2020,0.0,0.75,0.25,True
32878989,2020,0.1111111111111111,0.2222222222222222,0.6666666666666666,True
32878993,2020,1.0,0.0,0.0,True
32879010,2020,0.0,0.5,0.5,True
32879218,2020,0.3333333333333333,0.6666666666666666,0.0,True
32879892,2020,1.0,0.0,0.0,True
32880016,2020,1.0,0.0,0.0,True
32880621,2020,1.0,0.0,0.0,True
32881403,2020,1.0,0.0,0.0,True
32881892,2020,0.5,0.0,0.5,True
32882144,2020,1.0,0.0,0.0,True
32882485,2020,1.0,0.0,0.0,True
32882873,2020,0.0,0.0,1.0,True
32883210,2020,0.5,0.5,0.0,True
32883381,2021,1.0,0.0,0.0,True
32883871,2020,1.0,0.0,0.0,True
32883883,2020,0.125,0.375,0.5,True
32884130,2021,1.0,0.0,0.0,True
32884836,2020,0.0,0.0,1.0,True
32885124,2020,1.0,0.0,0.0,True
32885720,2020,0.0,0.0,1.0,True
32886191,2020,1.0,0.0,0.0,True
32886656,2020,0.125,0.25,0.625,True
32886793,2021,0.0,1.0,0.0,True
32887545,2020,0.0,0.75,0.25,True
32887990,2021,0.3333333333333333,0.0,0.6666666666666666,True
32888050,2020,0.0,0.0,1.0,False
32888171,2021,1.0,0.0,0.0,True
32888408,2020,0.0,0.75,0.25,True
32888493,2020,0.75,0.0,0.25,True
32889151,2020,0.25,0.0,0.75,True
32889531,2021,1.0,0.0,0.0,True
32890653,2020,0.0,1.0,0.0,True
32891108,2020,0.0,0.0,1.0,True
32891676,2021,1.0,0.0,0.0,True
32891935,2020,0.2,0.0,0.8,True
32892374,2021,1.0,0.0,0.0,True
32892503,2021,1.0,0.0,0.0,True
32892676,2021,0.6666666666666666,0.0,0.3333333333333333,True
32893266,2021,1.0,0.0,0.0,True
32893963,2020,1.0,0.0,0.0,True
32894202,2020,0.5,0.0,0.5,True
32894269,2020,0.0,0.3333333333333333,0.6666666666666666,True
32895490,2021,0.5,0.0,0.5,True
32896253,2021,0.5,0.0,0.5,True
32896390,2020,1.0,0.0,0.0,True
32897301,2020,1.0,0.0,0.0,True
32897402,2020,0.75,0.0,0.25,True
32897878,2020,0.2,0.6,0.2,True
32898326,2020,1.0,0.0,0.0,True
32898476,2020,0.16666666666666666,0.3333333333333333,0.5,True
32898563,2020,1.0,0.0,0.0,True
32898583,2020,0.0,0.2857142857142857,0.7142857142857143,True
32899268,2020,0.0,0.0,1.0,True
32900800,2020,0.25,0.25,0.5,True
32901254,2021,0.8,0.2,0.0,True
32901291,2020,1.0,0.0,0.0,True
32902101,2021,1.0,0.0,0.0,True
32902247,2020,0.0,0.5,0.5,True
32902275,2020,0.25,0.5,0.25,True
32902437,2020,0.0,0.0,1.0,True
32904246,2020,1.0,0.0,0.0,True
32904430,2020,0.0,1.0,0.0,True
32904672,2020,1.0,0.0,0.0,True
32905347,2020,0.0,0.0,1.0,True
32905668,2020,1.0,0.0,0.0,True
32905670,2020,1.0,0.0,0.0,True
32905853,2020,1.0,0.0,0.0,True
32907848,2020,0.0,0.5,0.5,True
32907924,2020,1.0,0.0,0.0,True
32907950,2020,0.0,1.0,0.0,True
32907983,2020,0.16666666666666666,0.3333333333333333,0.5,True
32907987,2020,0.2,0.6,0.2,True
32908007,2020,0.75,0.0,0.25,True
32908120,2020,0.0,0.2,0.8,True
32908146,2020,1.0,0.0,0.0,True
32908997,2020,0.4,0.0,0.6,True
32910175,2020,0.8571428571428571,0.0,0.14285714285714285,True
32910176,2020,1.0,0.0,0.0,True
32910455,2021,0.3333333333333333,0.0,0.6666666666666666,True
32911491,2020,0.0,1.0,0.0,True
32911610,2020,0.2857142857142857,0.0,0.7142857142857143,True
32913109,2020,0.0,0.75,0.25,True
32914098,2020,1.0,0.0,0.0,True
32914583,2020,1.0,0.0,0.0,True
32915202,2021,0.25,0.0,0.75,True
32915234,2020,1.0,0.0,0.0,True
32915432,2020,1.0,0.0,0.0,True
32915679,2020,0.8571428571428571,0.0,0.14285714285714285,True
32916024,2021,0.3333333333333333,0.0,0.6666666666666666,True
32916100,2021,1.0,0.0,0.0,True
32916273,2020,1.0,0.0,0.0,True
32917726,2020,0.125,0.25,0.625,True
32917811,2020,0.16666666666666666,0.0,0.8333333333333334,True
32917881,2020,0.2,0.0,0.8,True
32918910,2020,1.0,0.0,0.0,True
32918948,2020,0.14285714285714285,0.2857142857142857,0.5714285714285714,True
32918972,2020,0.0,0.6666666666666666,0.3333333333333333,True
32919039,2020,1.0,0.0,0.0,True
32919779,2020,1.0,0.0,0.0,True
32919899,2020,1.0,0.0,0.0,True
32919961,2020,1.0,0.0,0.0,True
32920046,2020,0.0,1.0,0.0,True
32920226,2020,0.3333333333333333,0.0,0.6666666666666666,True
32920988,2021,1.0,0.0,0.0,True
32921207,2020,1.0,0.0,0.0,True
32922350,2020,1.0,0.0,0.0,True
32922402,2020,0.125,0.375,0.5,True
32922840,2020,1.0,0.0,0.0,True
32923678,2020,0.0,0.3333333333333333,0.6666666666666666,True
32924005,2020,0.5,0.0,0.5,True
32925083,2021,1.0,0.0,0.0,True
32925169,2020,0.16666666666666666,0.6666666666666666,0.16666666666666666,True
32925593,2021,1.0,0.0,0.0,True
32925595,2021,0.6666666666666666,0.0,0.3333333333333333,True
32925705,2022,1.0,0.0,0.0,True
32926120,2021,0.0,0.0,0.0,True
32926777,2020,0.0,1.0,0.0,True
32927122,2021,0.2,0.4,0.4,True
32927211,2020,1.0,0.0,0.0,True
32927249,2021,0.25,0.5,0.25,True
32927646,2020,0.0,0.2,0.8,True
32928028,2020,1.0,0.0,0.0,True
32928243,2020,1.0,0.0,0.0,False
32928886,2020,0.0,1.0,0.0,True
32929041,2020,0.0,0.4,0.6,True
32929084,2020,0.09090909090909091,0.18181818181818182,0.7272727272727273,True
32929178,2021,0.8888888888888888,0.0,0.1111111111111111,True
32929211,2021,0.75,0.0,0.25,True
32929215,2021,1.0,0.0,0.0,True
32929287,2020,1.0,0.0,0.0,True
32929408,2020,1.0,0.0,0.0,True
32929473,2020,0.14285714285714285,0.5714285714285714,0.2857142857142857,True
32930385,2020,0.25,0.0,0.75,True
32930425,2021,1.0,0.0,0.0,True
32930491,2020,1.0,0.0,0.0,True
32931124,2020,0.0,0.0,0.0,True
32931935,2020,1.0,0.0,0.0,True
32933072,2020,1.0,0.0,0.0,True
32933109,2020,0.7,0.2,0.1,True
32933180,2020,1.0,0.0,0.0,True
32933994,2020,0.625,0.25,0.125,True
32934094,2020,0.0,1.0,0.0,True
32934108,2020,1.0,0.0,0.0,True
32934208,2020,0.3333333333333333,0.3333333333333333,0.3333333333333333,True
32935380,2020,0.1111111111111111,0.3333333333333333,0.5555555555555556,True
32936300,2022,1.0,0.0,0.0,True
32936529,2020,0.0,0.0,1.0,True
32936602,2020,1.0,0.0,0.0,True
32936898,2020,0.0,0.6,0.4,True
32936969,2021,1.0,0.0,0.0,True
32937126,2020,0.0,0.6,0.4,True
32937133,2020,0.0,0.4,0.6,True
32937240,2020,1.0,0.0,0.0,True
32937365,2020,0.0,0.0,1.0,True
32937658,2021,0.0,0.6666666666666666,0.3333333333333333,True
32937841,2020,0.0,0.3333333333333333,0.6666666666666666,True
32938465,2020,1.0,0.0,0.0,True
32938764,2020,0.16666666666666666,0.0,0.8333333333333334,True
32938916,2020,0.5,0.25,0.25,True
32938957,2020,0.8,0.0,0.2,True
32939030,2020,0.2,0.0,0.8,True
32939346,2020,0.0,1.0,0.0,True
32939452,2020,1.0,0.0,0.0,True
32939802,2020,1.0,0.0,0.0,True
32940607,2020,0.0,0.6666666666666666,0.3333333333333333,True
32940692,2020,0.0,0.0,0.0,True
32941389,2021,0.6,0.0,0.4,True
32941606,2021,1.0,0.0,0.0,True
32941925,2020,0.2857142857142857,0.0,0.7142857142857143,True
32942173,2020,0.0,0.5714285714285714,0.42857142857142855,True
32942303,2020,1.0,0.0,0.0,True
32943091,2020,0.7777777777777778,0.0,0.2222222222222222,True
32943164,2020,1.0,0.0,0.0,True
32943182,2021,1.0,0.0,0.0,True
32943333,2021,0.0,1.0,0.0,True
32943455,2020,1.0,0.0,0.0,True
32943547,2020,0.14285714285714285,0.2857142857142857,0.5714285714285714,True
32943634,2020,0.0,0.25,0.75,True
32943637,2020,0.25,0.0,0.75,True
32944009,2020,0.0,0.0,1.0,True
32944138,2020,0.0,0.5,0.5,True
32944614,2020,1.0,0.0,0.0,True
32944676,2020,0.25,0.0,0.75,True
32944748,2021,1.0,0.0,0.0,True
32944979,2020,1.0,0.0,0.0,True
32945121,2020,1.0,0.0,0.0,True
32945260,2020,0.0,0.6666666666666666,0.3333333333333333,True
32945728,2021,1.0,0.0,0.0,True
32945847,2020,0.0,0.4,0.6,True
32946136,2020,0.14285714285714285,0.2857142857142857,0.5714285714285714,True
32946437,2020,0.0,0.6,0.4,True
32946741,2020,0.35714285714285715,0.2857142857142857,0.35714285714285715,True
32947229,2020,0.0,0.5714285714285714,0.42857142857142855,True
32948625,2020,0.0,0.5,0.5,True
32948633,2020,0.8,0.0,0.2,True
32948877,2020,0.0,0.6,0.4,True
32949118,2020,0.4444444444444444,0.0,0.5555555555555556,True
32949809,2021,0.6666666666666666,0.0,0.3333333333333333,True
32950603,2020,0.0,0.6666666666666666,0.3333333333333333,True
32950607,2021,0.0,1.0,0.0,True
32953934,2020,0.4,0.2,0.4,True
32954409,2021,0.0,1.0,0.0,True
32954931,2020,0.25,0.0,0.75,True
32954946,2021,1.0,0.0,0.0,True
32954953,2020,0.14285714285714285,0.2857142857142857,0.5714285714285714,True
32955488,2020,1.0,0.0,0.0,True
32955564,2020,0.25,0.25,0.5,True
32956349,2020,0.0,0.6666666666666666,0.3333333333333333,True
32956388,2020,1.0,0.0,0.0,True
32957041,2020,1.0,0.0,0.0,True
32958429,2021,1.0,0.0,0.0,True
32958587,2021,0.5384615384615384,0.23076923076923078,0.23076923076923078,True
32958757,2020,0.09090909090909091,0.18181818181818182,0.7272727272727273,True
32958772,2020,0.2,0.0,0.8,True
32958906,2020,1.0,0.0,0.0,True
32959043,2021,1.0,0.0,0.0,True
32959767,2020,0.0,0.0,1.0,True
32959873,2021,1.0,0.0,0.0,True
32959985,2021,1.0,0.0,0.0,True
32960220,2020,0.1111111111111111,0.3333333333333333,0.5555555555555556,True
32960814,2021,0.0,0.6,0.4,True
32961073,2020,0.0,0.6666666666666666,0.3333333333333333,True
32961298,2020,0.0,0.2857142857142857,0.7142857142857143,True
32961401,2020,1.0,0.0,0.0,True
32963072,2020,1.0,0.0,0.0,True
32963096,2020,0.16666666666666666,0.3333333333333333,0.5,True
32963470,2020,0.5,0.0,0.5,True
32964115,2020,1.0,0.0,0.0,True
32964218,2021,1.0,0.0,0.0,True
32964398,2021,0.25,0.0,0.75,True
32965215,2020,0.0,0.42857142857142855,0.5714285714285714,True
32966269,2020,0.375,0.0,0.625,True
32966559,2021,0.0,0.0,0.0,True
32966579,2021,0.0,0.4,0.6,True
32966872,2021,0.8,0.0,0.2,True
32967681,2020,1.0,0.0,0.0,True
32967863,2020,1.0,0.0,0.0,True
32967951,2020,0.0,0.5,0.5,True
32967989,2020,1.0,0.0,0.0,True
32968428,2020,0.3333333333333333,0.3333333333333333,0.3333333333333333,True
32969563,2021,1.0,0.0,0.0,True
32969645,2020,0.0,0.0,1.0,True
32970049,2020,0.0,0.0,0.0,True
32970334,2021,1.0,0.0,0.0,True
32970633,2021,0.5,0.0,0.5,True
32970748,2020,0.6,0.0,0.4,True
32970800,2021,0.0,0.42857142857142855,0.5714285714285714,True
32970968,2021,0.75,0.0,0.25,True
32971436,2020,1.0,0.0,0.0,True
32972455,2020,1.0,0.0,0.0,True
32972783,2020,1.0,0.0,0.0,True
32972995,2020,0.8333333333333334,0.0,0.16666666666666666,True
32972996,2020,0.7142857142857143,0.0,0.2857142857142857,True
32973038,2020,0.5,0.0,0.5,True
32973206,2020,0.0,0.4,0.6,True
32974155,2020,1.0,0.0,0.0,True
32976026,2021,0.5,0.0,0.5,False
32976571,2021,1.0,0.0,0.0,True
32976576,2021,0.75,0.0,0.25,True
32976668,2021,1.0,0.0,0.0,True
32976669,2021,0.0,0.6666666666666666,0.3333333333333333,True
32976807,2020,0.0,0.75,0.25,True
32977157,2020,0.0,0.6,0.4,True
32977414,2020,0.3333333333333333,0.0,0.6666666666666666,True
32978284,2021,0.25,0.5,0.25,True
32979284,2021,0.125,0.375,0.5,True
32980424,2021,0.9090909090909091,0.0,0.09090909090909091,True
32980429,2021,1.0,0.0,0.0,True
32980856,2021,1.0,0.0,0.0,True
32981130,2021,0.5,0.0,0.5,True
32981324,2020,0.5714285714285714,0.14285714285714285,0.2857142857142857,True
32982680,2020,0.0,1.0,0.0,True
32983182,2020,0.0,0.3333333333333333,0.6666666666666666,True
32984066,2020,0.25,0.75,0.0,True
32984076,2020,0.2,0.8,0.0,True
32984439,2020,0.0,0.5,0.5,True
32984816,2020,0.0,1.0,0.0,True
32985049,2021,1.0,0.0,0.0,True
32985128,2020,1.0,0.0,0.0,True
32985913,2021,0.0,0.75,0.25,True
32986090,2020,1.0,0.0,0.0,True
32987153,2021,0.16666666666666666,0.3333333333333333,0.5,True
32987186,2020,0.125,0.375,0.5,True
32987832,2020,0.6,0.4,0.0,True
32987880,2020,0.14285714285714285,0.42857142857142855,0.42857142857142855,True
32987941,2020,0.25,0.25,0.5,True
32988395,2020,1.0,0.0,0.0,True
32988399,2020,0.2,0.0,0.8,True
32988843,2021,0.25,0.0,0.75,True
32989268,2021,1.0,0.0,0.0,True
32989322,2020,0.3333333333333333,0.6666666666666666,0.0,True
32989463,2021,0.3333333333333333,0.3333333333333333,0.3333333333333333,True
32990357,2021,0.8,0.0,0.2,True
32990768,2020,1.0,0.0,0.0,True
32991533,2021,1.0,0.0,0.0,True
32991794,2020,0.6,0.0,0.4,True
32991803,2020,1.0,0.0,0.0,True
32992072,2020,0.0,0.75,0.25,True
32992244,2020,0.0,0.6666666666666666,0.3333333333333333,True
32992516,2020,0.25,0.0,0.75,True
32992542,2020,0.2,0.4,0.4,True
32993373,2020,0.5,0.0,0.5,True
32993545,2020,0.16666666666666666,0.0,0.8333333333333334,True
32993552,2020,0.0,0.0,0.0,True
32993847,2021,0.0,1.0,0.0,True
32994107,2021,1.0,0.0,0.0,True
32994220,2020,0.125,0.0,0.875,True
32994325,2020,0.08333333333333333,0.5833333333333334,0.3333333333333333,True
32994364,2020,0.3333333333333333,0.0,0.6666666666666666,True
32994442,2020,1.0,0.0,0.0,True
32995694,2020,0.18181818181818182,0.09090909090909091,0.7272727272727273,True
32995767,2020,0.3333333333333333,0.5,0.16666666666666666,True
32996200,2021,0.0,0.0,1.0,True
32997422,2020,1.0,0.0,0.0,True
32997561,2020,0.0,0.75,0.25,True
32997983,2020,0.16666666666666666,0.3333333333333333,0.5,True
32998063,2020,1.0,0.0,0.0,True
32998886,2020,0.0,0.0,1.0,True
32998896,2020,0.0,0.5,0.5,True
32998902,2020,0.5,0.0,0.5,True
32998994,2020,0.25,0.5,0.25,True
32999034,2020,0.1111111111111111,0.6666666666666666,0.2222222222222222,True
32999275,2020,0.6363636363636364,0.18181818181818182,0.18181818181818182,True
32999370,2020,0.0,0.0,1.0,True
32999459,2020,0.14285714285714285,0.0,0.8571428571428571,True
32999944,2020,0.0,0.0,1.0,True
33000000,2020,1.0,0.0,0.0,True
33000527,2020,0.0,1.0,0.0,True
33000953,2020,1.0,0.0,0.0,True
33001157,2020,0.75,0.0,0.25,True
33001331,2020,1.0,0.0,0.0,True
33001475,2020,0.0,0.3333333333333333,0.6666666666666666,True
33002100,2020,1.0,0.0,0.0,True
33002231,2021,1.0,0.0,0.0,True
33003739,2020,0.0,0.0,1.0,True
33003953,2020,0.0,0.0,1.0,True
33003988,2020,0.0,0.4,0.6,True
33003989,2020,1.0,0.0,0.0,True
33004854,2020,0.0,0.4444444444444444,0.5555555555555556,True
33005010,2020,0.0,0.4,0.6,True
33005039,2020,1.0,0.0,0.0,True
33005041,2021,1.0,0.0,0.0,True
33005414,2020,0.14285714285714285,0.0,0.8571428571428571,True
33005700,2020,0.5,0.0,0.5,True
33005710,2020,0.0,0.0,0.0,True
33006108,2021,1.0,0.0,0.0,True
33006109,2021,1.0,0.0,0.0,True
33006208,2021,0.0,0.0,1.0,True
33006810,2020,0.75,0.0,0.25,True
33006972,2020,0.16666666666666666,0.3333333333333333,0.5,True
33006981,2020,0.25,0.0,0.75,True
33007034,2020,0.0,0.0,1.0,True
33007327,2021,0.5,0.0,0.5,True
33007507,2021,1.0,0.0,0.0,True
33007669,2021,0.0,0.75,0.25,True
33009402,2020,0.0,0.0,0.0,True
33009550,2021,1.0,0.0,0.0,True
33009797,2022,1.0,0.0,0.0,True
33010161,2021,1.0,0.0,0.0,True
33010223,2020,0.0,0.5,0.5,True
33010232,2021,0.25,0.5,0.25,True
33010248,2021,0.0,0.8,0.2,True
33010337,2021,1.0,0.0,0.0,True
33010401,2021,1.0,0.0,0.0,True
33010430,2021,1.0,0.0,0.0,True
33010725,2020,1.0,0.0,0.0,True
33010795,2021,0.0,1.0,0.0,True
33010822,2020,0.125,0.125,0.75,True
33011144,2020,1.0,0.0,0.0,True
33011154,2021,1.0,0.0,0.0,True
33011212,2021,1.0,0.0,0.0,True
33012519,2021,0.0,1.0,0.0,True
33013228,2020,0.3333333333333333,0.0,0.6666666666666666,True
33013878,2020,0.5714285714285714,0.0,0.42857142857142855,True
33014947,2020,0.0,0.0,0.0,True
33016924,2020,0.5,0.0,0.5,True
33016926,2020,0.3333333333333333,0.0,0.6666666666666666,True
33016969,2020,0.16666666666666666,0.0,0.8333333333333334,True
33017391,2020,0.25,0.75,0.0,True
33017410,2020,0.0,0.6666666666666666,0.3333333333333333,True
33017454,2020,1.0,0.0,0.0,True
33018306,2020,0.0,0.0,0.0,True
33019822,2021,0.0,0.6666666666666666,0.3333333333333333,True
33020052,2020,1.0,0.0,0.0,True
33020268,2020,0.16666666666666666,0.0,0.8333333333333334,True
33020271,2020,0.16666666666666666,0.0,0.8333333333333334,True
33020283,2020,0.0,0.3333333333333333,0.6666666666666666,True
33020472,2020,0.1,0.3,0.6,True
33020484,2020,1.0,0.0,0.0,True
33020661,2020,0.1,0.3,0.6,True
33020662,2020,0.0,0.3333333333333333,0.6666666666666666,True
33020667,2020,0.125,0.0,0.875,True
33020907,2021,0.0,1.0,0.0,True
33021335,2021,1.0,0.0,0.0,True
33021790,2020,0.25,0.0,0.75,True
33021872,2020,0.8,0.0,0.2,True
33022221,2020,1.0,0.0,0.0,True
33022361,2021,0.0,0.5,0.5,True
33023152,2020,0.2857142857142857,0.2857142857142857,0.42857142857142855,True
33023913,2020,1.0,0.0,0.0,True
33023952,2021,1.0,0.0,0.0,True
33023986,2020,0.16666666666666666,0.5,0.3333333333333333,True
33024099,2020,0.0,0.125,0.875,True
33024121,2020,1.0,0.0,0.0,True
33024267,2021,0.0,1.0,0.0,True
33024907,2020,0.0,0.0,1.0,True
33024922,2020,0.5,0.0,0.5,True
33025139,2021,0.3333333333333333,0.0,0.6666666666666666,True
33025459,2020,0.0,0.0,0.0,True
33026160,2021,1.0,0.0,0.0,True
33026219,2021,1.0,0.0,0.0,True
33026937,2021,1.0,0.0,0.0,True
33027083,2021,0.8,0.0,0.2,True
33027653,2020,0.5,0.0,0.5,True
33027662,2020,0.5,0.0,0.5,True
33028635,2020,0.25,0.0,0.75,True
33028646,2020,0.6666666666666666,0.0,0.3333333333333333,True
33028714,2020,0.2,0.4,0.4,True
33029614,2020,0.0,0.0,0.0,True
33029617,2020,1.0,0.0,0.0,True
33030203,2020,0.0,0.75,0.25,True
33030409,2020,0.0,1.0,0.0,True
33030435,2020,1.0,0.0,0.0,True
33030517,2020,1.0,0.0,0.0,True
33030612,2021,1.0,0.0,0.0,True
33030816,2020,0.0,1.0,0.0,True
33031218,2021,1.0,0.0,0.0,True
33031482,2020,1.0,0.0,0.0,False
33031531,2021,0.0,1.0,0.0,True
33031743,2020,0.0,0.6666666666666666,0.3333333333333333,True
33031923,2020,0.125,0.25,0.625,True
33031942,2021,0.0,0.6,0.4,True
33032107,2021,0.8333333333333334,0.0,0.16666666666666666,True
33032328,2022,1.0,0.0,0.0,True
33034629,2021,0.4,0.4,0.2,True
33035310,2020,0.0,0.0,1.0,True
33036194,2020,0.2857142857142857,0.2857142857142857,0.42857142857142855,True
33036360,2020,0.5,0.0,0.5,True
33036433,2020,1.0,0.0,0.0,True
33037118,2020,1.0,0.0,0.0,True
33037281,2020,1.0,0.0,0.0,True
33037819,2021,1.0,0.0,0.0,True
33038041,2021,0.5,0.0,0.5,True
33038042,2021,0.0,0.5,0.5,True
33038424,2020,0.8,0.0,0.2,True
33038742,2020,0.5,0.0,0.5,True
33038939,2020,0.3333333333333333,0.0,0.6666666666666666,True
33038947,2020,1.0,0.0,0.0,True
33040274,2020,1.0,0.0,0.0,True
33041608,2020,0.5,0.0,0.5,True
33042134,2020,0.375,0.25,0.375,True
33043079,2020,1.0,0.0,0.0,True
33043462,2020,1.0,0.0,0.0,True
33043516,2020,1.0,0.0,0.0,True
33043978,2021,0.75,0.0,0.25,True
33044186,2020,1.0,0.0,0.0,True
33044451,2020,0.5,0.0,0.5,True
33044907,2020,1.0,0.0,0.0,True
33044985,2020,0.3333333333333333,0.3333333333333333,0.3333333333333333,True
33045109,2021,0.2,0.4,0.4,True
33045457,2021,1.0,0.0,0.0,True
33045724,2020,0.0,0.0,1.0,True
33046181,2020,0.0,1.0,0.0,True
33046520,2021,0.3333333333333333,0.0,0.6666666666666666,True
33046548,2020,0.0,0.625,0.375,True
33046650,2020,0.14285714285714285,0.2857142857142857,0.5714285714285714,True
33046861,2020,1.0,0.0,0.0,True
33047188,2020,1.0,0.0,0.0,True
33048127,2020,1.0,0.0,0.0,False
33048842,2020,0.7142857142857143,0.14285714285714285,0.14285714285714285,True
33048843,2020,0.14285714285714285,0.5714285714285714,0.2857142857142857,True
33048844,2021,0.3333333333333333,0.6666666666666666,0.0,True
33049075,2021,1.0,0.0,0.0,True
33049203,2020,1.0,0.0,0.0,True
33050528,2020,0.16666666666666666,0.0,0.8333333333333334,True
33051346,2020,0.1,0.5,0.4,True
33051355,2020,1.0,0.0,0.0,True
33051382,2020,0.2,0.0,0.8,True
33051549,2021,1.0,0.0,0.0,True
33052228,2020,0.2,0.6,0.2,True
33052350,2020,0.5,0.0,0.5,True
33052361,2020,0.6666666666666666,0.0,0.3333333333333333,True
33052363,2020,0.0,0.0,1.0,True
33052737,2020,1.0,0.0,0.0,True
33053337,2020,0.0,0.2857142857142857,0.7142857142857143,True
33053355,2020,0.125,0.0,0.875,True
33053450,2021,1.0,0.0,0.0,True
33054091,2020,0.5,0.0,0.5,True
33054127,2021,1.0,0.0,0.0,True
33055195,2020,0.0,1.0,0.0,True
33055242,2020,0.2,0.6,0.2,True
33055300,2020,0.6666666666666666,0.3333333333333333,0.0,True
33057025,2020,1.0,0.0,0.0,True
33057193,2020,0.0,0.5,0.5,True
33057201,2020,0.7,0.0,0.3,True
33057202,2020,0.2,0.4,0.4,True
33057600,2020,0.5,0.0,0.5,True
33057660,2021,0.5,0.0,0.5,True
33057676,2020,0.3333333333333333,0.0,0.6666666666666666,True
33057720,2020,0.5,0.5,0.0,False
33057920,2020,0.3333333333333333,0.0,0.6666666666666666,True
33057943,2021,1.0,0.0,0.0,True
33058779,2020,0.1111111111111111,0.2222222222222222,0.6666666666666666,True
33059318,2021,0.3333333333333333,0.0,0.6666666666666666,True
33059389,2021,1.0,0.0,0.0,True
33059440,2020,0.25,0.0,0.75,True
33060108,2021,0.14285714285714285,0.0,0.8571428571428571,True
33060182,2020,0.0,0.6,0.4,True
33060293,2020,0.14285714285714285,0.2857142857142857,0.5714285714285714,True
33060404,2020,0.8,0.0,0.2,True
33060616,2020,1.0,0.0,0.0,True
33060684,2020,0.0,0.0,1.0,True
33062176,2020,0.3333333333333333,0.3333333333333333,0.3333333333333333,True
33062179,2020,0.0,0.0,0.0,True
33062180,2020,0.0,0.0,1.0,True
33062952,2020,0.0,0.0,1.0,True
33063132,2020,0.8,0.0,0.2,True
33063372,2021,1.0,0.0,0.0,True
33063919,2021,0.2,0.6,0.2,True
33063992,2021,0.0,0.0,0.0,True
33064339,2020,0.14285714285714285,0.2857142857142857,0.5714285714285714,True
33064342,2022,1.0,0.0,0.0,True
33064405,2020,1.0,0.0,0.0,True
33064743,2020,0.6666666666666666,0.0,0.3333333333333333,True
33064774,2020,0.14285714285714285,0.2857142857142857,0.5714285714285714,True
33065012,2021,0.0,0.5,0.5,True
33066043,2020,0.0,0.0,1.0,True
33066261,2020,0.0,0.6666666666666666,0.3333333333333333,True
33066817,2020,0.0,0.3,0.7,True
33066974,2020,1.0,0.0,0.0,True
33067270,2020,0.5,0.0,0.5,True
33067352,2022,1.0,0.0,0.0,True
33067611,2021,1.0,0.0,0.0,True
33067927,2020,0.16666666666666666,0.5,0.3333333333333333,True
33068214,2021,0.0,0.6666666666666666,0.3333333333333333,True
33069159,2021,0.0,1.0,0.0,True
33071484,2020,0.0,0.0,0.0,True
33072095,2020,0.0,0.6,0.4,True
33072178,2020,0.5714285714285714,0.14285714285714285,0.2857142857142857,True
33072179,2020,0.5,0.0,0.5,True
33072803,2020,0.6666666666666666,0.0,0.3333333333333333,True
33073193,2020,0.2,0.4,0.4,True
33073922,2020,1.0,0.0,0.0,True
33074143,2021,1.0,0.0,0.0,True
33075312,2021,0.0,1.0,0.0,True
33075405,2021,0.0,0.4,0.6,True
33075546,2021,1.0,0.0,0.0,True
33075844,2022,1.0,0.0,0.0,True
33076783,2021,0.0,0.3333333333333333,0.6666666666666666,True
33077628,2020,0.0,0.5,0.5,True
33077647,2020,0.5,0.5,0.0,True
33077743,2020,0.0,1.0,0.0,True
33077916,2020,0.25,0.0,0.75,True
33077947,2020,0.0,0.5,0.5,True
33078273,2021,0.0,0.42857142857142855,0.5714285714285714,True
33078696,2020,0.125,0.25,0.625,True
33080140,2021,1.0,0.0,0.0,True
33080229,2020,0.0,0.6666666666666666,0.3333333333333333,True
33080426,2021,0.3333333333333333,0.0,0.6666666666666666,True
33080509,2021,1.0,0.0,0.0,True
33081045,2020,1.0,0.0,0.0,True
33081394,2020,0.0,0.0,1.0,True
33081832,2020,0.3333333333333333,0.0,0.6666666666666666,True
33082158,2021,0.0,1.0,0.0,True
33083279,2020,0.0,0.2,0.8,True
33083641,2020,1.0,0.0,0.0,True
33083725,2020,0.3333333333333333,0.3333333333333333,0.3333333333333333,True
33083799,2020,0.3333333333333333,0.0,0.6666666666666666,True
33083807,2020,0.1111111111111111,0.1111111111111111,0.7777777777777778,True
33083808,2020,0.5,0.0,0.5,True
33083810,2021,0.8,0.0,0.2,True
33083825,2020,0.0,0.0,0.0,True
33084569,2020,0.0,0.6666666666666666,0.3333333333333333,True
33085561,2020,0.1111111111111111,0.1111111111111111,0.7777777777777778,True
33085768,2021,1.0,0.0,0.0,True
33085847,2020,0.25,0.0,0.75,True
33086069,2020,0.25,0.0,0.75,True
33086340,2021,0.3333333333333333,0.0,0.6666666666666666,True
33087256,2021,0.38461538461538464,0.15384615384615385,0.46153846153846156,True
33087407,2021,1.0,0.0,0.0,True
33087444,2020,0.0,0.0,1.0,True
33087466,2020,0.16666666666666666,0.3333333333333333,0.5,True
33087503,2020,0.2,0.4,0.4,True
33087569,2020,0.125,0.5,0.375,True
33087575,2020,0.0,0.0,1.0,True
33087752,2020,0.3333333333333333,0.0,0.6666666666666666,True
33087905,2020,0.14285714285714285,0.5714285714285714,0.2857142857142857,True
33088168,2020,0.0,0.3333333333333333,0.6666666666666666,True
33088174,2020,0.0,0.75,0.25,True
33088264,2020,0.0,1.0,0.0,True
33088581,2020,1.0,0.0,0.0,True
33089107,2020,0.0,0.0,0.0,True
33089311,2020,0.6666666666666666,0.0,0.3333333333333333,True
33089319,2020,0.2,0.8,0.0,True
33089500,2021,1.0,0.0,0.0,True
33089781,2020,0.0,0.0,1.0,True
33089966,2021,0.0,0.75,0.25,True
33090071,2021,0.0,1.0,0.0,True
33090208,2021,0.8571428571428571,0.0,0.14285714285714285,True
33090650,2020,1.0,0.0,0.0,True
33090972,2020,0.14285714285714285,0.5714285714285714,0.2857142857142857,True
33090998,2020,0.4444444444444444,0.0,0.5555555555555556,True
33091354,2020,1.0,0.0,0.0,True
33091382,2020,0.3333333333333333,0.0,0.6666666666666666,True
33091459,2021,0.0,0.75,0.25,True
33092465,2021,0.0,0.5,0.5,True
33092718,2020,1.0,0.0,0.0,True
33093487,2020,1.0,0.0,0.0,True
33093630,2020,0.0,0.6666666666666666,0.3333333333333333,True
33093671,2021,0.5,0.5,0.0,True
33094331,2021,0.5,0.0,0.5,True
33094916,2020,0.3333333333333333,0.6666666666666666,0.0,True
33095286,2020,1.0,0.0,0.0,True
33095373,2021,1.0,0.0,0.0,True
33095540,2021,1.0,0.0,0.0,True
33095766,2020,0.25,0.75,0.0,True
33095772,2020,0.6666666666666666,0.0,0.3333333333333333,True
33095855,2021,0.6666666666666666,0.0,0.3333333333333333,True
33096018,2020,0.0,0.0,1.0,True
33096475,2020,0.2,0.6,0.2,True
33097384,2021,1.0,0.0,0.0,True
33097395,2020,0.7142857142857143,0.0,0.2857142857142857,True
33097595,2020,0.14285714285714285,0.2857142857142857,0.5714285714285714,True
33097635,2020,1.0,0.0,0.0,True
33097667,2020,0.3333333333333333,0.0,0.6666666666666666,True
33097675,2021,1.0,0.0,0.0,True
33097791,2020,0.1,0.2,0.7,True
33098316,2021,0.6666666666666666,0.0,0.3333333333333333,True
33098646,2021,1.0,0.0,0.0,True
33098766,2020,0.125,0.375,0.5,True
33098770,2020,0.2,0.4,0.4,True
33098858,2020,0.125,0.25,0.625,True
33098859,2021,0.125,0.0,0.875,True
33098866,2020,0.0,0.6666666666666666,0.3333333333333333,True
33100974,2020,0.0,0.25,0.75,True
33101317,2020,0.5555555555555556,0.0,0.4444444444444444,True
33101578,2019,0.25,0.25,0.5,True
33101674,2020,0.3333333333333333,0.0,0.6666666666666666,True
33102128,2020,0.0,0.0,0.0,True
33103111,2020,0.0,0.0,1.0,True
33103210,2021,0.8333333333333334,0.0,0.16666666666666666,True
33103560,2020,0.0,1.0,0.0,True
33104218,2021,0.3333333333333333,0.0,0.6666666666666666,True
33104235,2021,0.0,0.6666666666666666,0.3333333333333333,True
33104252,2021,0.0,0.6,0.4,True
33104910,2021,1.0,0.0,0.0,True
33105052,2021,1.0,0.0,0.0,True
33105479,2021,0.6,0.4,0.0,True
33105882,2020,0.0,0.75,0.25,True
33106410,2020,0.0,0.5,0.5,True
33106495,2020,0.16666666666666666,0.5,0.3333333333333333,True
33106528,2020,0.0,1.0,0.0,True
33106654,2020,0.0,0.36363636363636365,0.6363636363636364,True
33106753,2020,1.0,0.0,0.0,True
33106803,2020,0.0,0.0,1.0,True
33107110,2021,0.5,0.0,0.5,True
33107653,2021,0.25,0.75,0.0,True
33107904,2020,0.0,0.6666666666666666,0.3333333333333333,True
33107914,2021,0.25,0.75,0.0,True
33108101,2020,1.0,0.0,0.0,True
33108111,2020,0.5,0.0,0.5,True
33108146,2020,0.42857142857142855,0.5714285714285714,0.0,True
33108271,2020,0.14285714285714285,0.0,0.8571428571428571,True
33108348,2020,0.2857142857142857,0.5714285714285714,0.14285714285714285,True
33108757,2020,1.0,0.0,0.0,True
33109223,2020,1.0,0.0,0.0,True
33109504,2021,1.0,0.0,0.0,True
33109721,2020,0.0,0.3333333333333333,0.6666666666666666,True
33109744,2020,1.0,0.0,0.0,True
33110146,2020,0.0,1.0,0.0,True
33110968,2020,1.0,0.0,0.0,True
33111345,2020,1.0,0.0,0.0,True
33111402,2021,1.0,0.0,0.0,True
33111489,2020,0.25,0.25,0.5,True
33111505,2021,1.0,0.0,0.0,True
33112147,2020,0.25,0.0,0.75,True
33112220,2021,1.0,0.0,0.0,True
33112230,2020,0.2,0.0,0.8,True
33112233,2020,0.16666666666666666,0.0,0.8333333333333334,True
33112806,2021,1.0,0.0,0.0,True
33113837,2020,1.0,0.0,0.0,True
33115748,2020,0.2,0.4,0.4,True
33115876,2020,0.0,0.6,0.4,True
33116287,2020,0.5,0.0,0.5,False
33116314,2020,0.25,0.5,0.25,True
33117328,2020,1.0,0.0,0.0,True
33117917,2020,1.0,0.0,0.0,True
33117968,2020,0.0,0.5,0.5,True
33119105,2020,1.0,0.0,0.0,True
33119516,2021,0.5,0.0,0.5,True
33119750,2021,0.5,0.0,0.5,True
33121334,2020,0.16666666666666666,0.3333333333333333,0.5,True
33121389,2021,0.0,0.6666666666666666,0.3333333333333333,True
33122196,2020,0.2,0.0,0.8,True
33122288,2021,1.0,0.0,0.0,True
33122583,2021,0.4,0.4,0.2,True
33122717,2020,0.5,0.0,0.5,True
33123155,2020,0.5,0.1,0.4,True
33124666,2021,0.5,0.5,0.0,True
33124711,2021,1.0,0.0,0.0,True
33124745,2020,0.0,1.0,0.0,True
33125080,2021,0.75,0.0,0.25,True
33125383,2020,1.0,0.0,0.0,True
33125970,2020,0.0,0.5,0.5,True
33126420,2020,0.0,0.5,0.5,True
33127481,2021,0.0,1.0,0.0,True
33127584,2021,0.0,1.0,0.0,True
33128203,2021,1.0,0.0,0.0,True
33128870,2020,0.5,0.0,0.5,True
33129109,2021,0.2,0.1,0.7,True
33129114,2021,0.25,0.0,0.75,True
33129204,2020,0.25,0.75,0.0,True
33129371,2021,0.25,0.5,0.25,True
33129690,2020,0.14285714285714285,0.42857142857142855,0.42857142857142855,True
33131345,2021,1.0,0.0,0.0,True
33131415,2021,0.16666666666666666,0.3333333333333333,0.5,True
33132819,2020,0.0,0.0,0.0,True
33133483,2020,0.2,0.2,0.6,True
33134238,2020,0.5,0.0,0.5,True
33135183,2021,0.0,0.6666666666666666,0.3333333333333333,True
33135727,2021,0.5,0.0,0.5,True
33135960,2021,0.0,0.75,0.25,True
33136623,2020,1.0,0.0,0.0,True
33136757,2020,0.42857142857142855,0.0,0.5714285714285714,True
33137094,2020,0.1111111111111111,0.3333333333333333,0.5555555555555556,True
33137173,2021,1.0,0.0,0.0,True
33137336,2021,0.0,0.6666666666666666,0.3333333333333333,True
33137520,2020,1.0,0.0,0.0,True
33139419,2021,0.5,0.0,0.5,True
33139519,2020,0.5,0.3,0.2,True
33139544,2020,0.14285714285714285,0.2857142857142857,0.5714285714285714,True
33139883,2021,0.0,0.0,1.0,True
33139915,2021,0.0,0.6,0.4,True
33140053,2020,0.16666666666666666,0.5,0.3333333333333333,True
33140074,2020,1.0,0.0,0.0,True
33140079,2021,1.0,0.0,0.0,True
33140240,2021,0.2857142857142857,0.0,0.7142857142857143,True
33140490,2021,0.0,0.0,1.0,True
33140823,2021,0.6666666666666666,0.0,0.3333333333333333,True
33141508,2020,0.0,0.0,1.0,True
33141766,2020,0.0,0.8,0.2,True
33142063,2020,0.1,0.3,0.6,True
33142797,2020,0.0,0.0,0.0,True
33143469,2020,0.2,0.0,0.8,True
33144618,2020,0.0,0.0,1.0,True
33144915,2020,0.0,0.5,0.5,True
33145462,2020,0.0,0.0,0.0,True
33145588,2020,0.0,0.0,1.0,True
33146390,2021,0.0,0.0,1.0,True
33146735,2020,0.8,0.0,0.2,True
33146796,2021,0.5,0.0,0.5,True
33147102,2021,0.0,0.16666666666666666,0.8333333333333334,True
33148243,2020,0.0,0.0,0.0,True
33148256,2020,0.8333333333333334,0.0,0.16666666666666666,True
33149115,2020,0.125,0.25,0.625,True
33149302,2020,0.2857142857142857,0.5714285714285714,0.14285714285714285,True
33149306,2020,1.0,0.0,0.0,True
33150094,2020,1.0,0.0,0.0,True
33150096,2020,1.0,0.0,0.0,True
33150866,2020,0.0,0.75,0.25,True
33150947,2020,1.0,0.0,0.0,True
33151287,2021,0.5,0.0,0.5,True
33151290,2021,0.5,0.0,0.5,True
33151461,2021,0.625,0.0,0.375,True
33151696,2020,0.0,0.6666666666666666,0.3333333333333333,True
33152737,2021,0.2,0.0,0.8,True
33153960,2020,1.0,0.0,0.0,True
33154031,2021,1.0,0.0,0.0,True
33154382,2020,0.07692307692307693,0.38461538461538464,0.5384615384615384,True
33154487,2020,0.2,0.4,0.4,True
33155163,2021,1.0,0.0,0.0,True
33155181,2021,1.0,0.0,0.0,True
33155452,2020,1.0,0.0,0.0,True
33155980,2020,0.2,0.8,0.0,True
33156012,2021,1.0,0.0,0.0,True
33156327,2021,0.25,0.75,0.0,True
33156333,2021,0.0,0.0,1.0,True
33156341,2020,0.0,0.8,0.2,True
33156829,2020,1.0,0.0,0.0,True
33157038,2020,0.14285714285714285,0.2857142857142857,0.5714285714285714,True
33157083,2020,0.125,0.0,0.875,True
33158179,2020,1.0,0.0,0.0,True
33158243,2020,0.0,0.0,1.0,True
33158801,2021,1.0,0.0,0.0,True
33158997,2021,0.3333333333333333,0.0,0.6666666666666666,True
33159049,2020,1.0,0.0,0.0,True
33159050,2020,0.16666666666666666,0.3333333333333333,0.5,True
33159073,2020,0.0,0.375,0.625,True
33160263,2021,0.6,0.2,0.2,True
33160309,2020,1.0,0.0,0.0,True
33161103,2021,1.0,0.0,0.0,True
33163982,2020,0.6666666666666666,0.0,0.3333333333333333,True
33163985,2020,0.3333333333333333,0.0,0.6666666666666666,True
33164048,2021,0.0,0.4,0.6,True
33164652,2020,1.0,0.0,0.0,True
33164982,2021,0.8571428571428571,0.0,0.14285714285714285,True
33165095,2021,1.0,0.0,0.0,True
33165540,2021,0.8333333333333334,0.16666666666666666,0.0,True
33165614,2021,1.0,0.0,0.0,True
33166073,2020,0.1111111111111111,0.6666666666666666,0.2222222222222222,True
33166387,2021,0.5,0.0,0.5,True
33166392,2021,0.5,0.0,0.5,True
33166672,2020,1.0,0.0,0.0,True
33166790,2020,1.0,0.0,0.0,True
33167031,2021,0.25,0.0,0.75,True
33167892,2020,0.7142857142857143,0.0,0.2857142857142857,True
33168060,2020,0.25,0.0,0.75,True
33168626,2021,0.2,0.0,0.8,True
33168654,2021,1.0,0.0,0.0,True
33168705,2021,1.0,0.0,0.0,True
33168729,2020,0.125,0.25,0.625,True
33168806,2020,1.0,0.0,0.0,True
33169014,2021,0.75,0.0,0.25,True
33169510,2021,0.5,0.0,0.5,True
33170072,2020,1.0,0.0,0.0,True
33170776,2021,1.0,0.0,0.0,True
33171880,2020,0.0,0.0,1.0,True
33172906,2020,0.5,0.0,0.5,True
33172997,2020,0.25,0.0,0.75,True
33173195,2021,1.0,0.0,0.0,True
33173839,2021,0.0,0.0,0.0,True
33173863,2020,0.0,0.3333333333333333,0.6666666666666666,True
33173914,2020,0.0,0.0,0.0,True
33175090,2021,1.0,0.0,0.0,True
33175530,2020,0.1111111111111111,0.3333333333333333,0.5555555555555556,True
33175531,2020,0.1,0.0,0.9,True
33175840,2020,1.0,0.0,0.0,True
33176180,2020,1.0,0.0,0.0,True
33176716,2020,0.5,0.5,0.0,True
33177079,2020,0.0,0.0,1.0,True
33177082,2020,0.0,0.0,1.0,True
33177089,2020,0.0,0.0,1.0,True
33177224,2020,1.0,0.0,0.0,True
33177514,2020,0.0,0.0,0.0,True
33177959,2020,0.7142857142857143,0.0,0.2857142857142857,True
33179052,2021,1.0,0.0,0.0,True
33179594,2020,0.0,0.6666666666666666,0.3333333333333333,True
33179823,2021,1.0,0.0,0.0,True
33180877,2020,0.3333333333333333,0.0,0.6666666666666666,True
33181352,2021,1.0,0.0,0.0,True
33181833,2021,1.0,0.0,0.0,True
33181839,2021,1.0,0.0,0.0,True
33182279,2020,0.3333333333333333,0.16666666666666666,0.5,True
33183277,2020,1.0,0.0,0.0,True
33183351,2020,1.0,0.0,0.0,True
33183916,2020,1.0,0.0,0.0,True
33184256,2020,0.0,0.0,1.0,True
33184494,2021,0.25,0.0,0.75,True
33184616,2020,0.6666666666666666,0.0,0.3333333333333333,True
33184629,2021,0.6666666666666666,0.0,0.3333333333333333,True
33184721,2021,0.6666666666666666,0.0,0.3333333333333333,True
33185334,2020,1.0,0.0,0.0,True
33185656,2021,0.0,0.0,0.0,False
33186364,2020,1.0,0.0,0.0,True
33186546,2021,0.0,0.75,0.25,True
33187970,2020,1.0,0.0,0.0,False
33188006,2021,0.0,0.6666666666666666,0.3333333333333333,True
33188014,2020,0.5,0.5,0.0,True
33188683,2021,1.0,0.0,0.0,True
33188780,2021,0.16666666666666666,0.5,0.3333333333333333,True
33189678,2020,0.0,0.0,1.0,True
33189686,2020,1.0,0.0,0.0,True
33189929,2021,0.75,0.0,0.25,True
33190396,2020,0.0,0.8,0.2,True
33191271,2021,0.125,0.25,0.625,True
33191483,2021,0.6666666666666666,0.0,0.3333333333333333,True
33191870,2021,0.0,0.2857142857142857,0.7142857142857143,True
33192273,2020,0.2,0.3,0.5,True
33192467,2020,0.0,0.0,1.0,True
33192714,2020,1.0,0.0,0.0,True
33193211,2020,0.1111111111111111,0.1111111111111111,0.7777777777777778,True
33193364,2020,1.0,0.0,0.0,True
33193594,2020,1.0,0.0,0.0,True
33193599,2020,0.2,0.2,0.6,True
33195297,2020,0.75,0.0,0.25,True
33195983,2020,0.25,0.0,0.75,True
33196082,2021,1.0,0.0,0.0,True
33196823,2021,0.5,0.0,0.5,True
33196830,2021,0.3333333333333333,0.3333333333333333,0.3333333333333333,True
33196967,2021,1.0,0.0,0.0,True
33197370,2021,0.0,0.6666666666666666,0.3333333333333333,True
33197463,2020,0.14285714285714285,0.0,0.8571428571428571,True
33197753,2020,0.5,0.5,0.0,True
33198254,2020,0.5,0.0,0.5,True
33199204,2021,0.0,0.0,1.0,True
33199367,2021,0.0,1.0,0.0,True
33199639,2020,0.0,0.6,0.4,True
33199844,2020,0.0,0.4,0.6,True
33200349,2021,1.0,0.0,0.0,True
33200359,2021,0.3333333333333333,0.0,0.6666666666666666,True
33201123,2022,1.0,0.0,0.0,True
33201170,2020,0.1111111111111111,0.2222222222222222,0.6666666666666666,True
33201688,2020,0.25,0.0,0.75,True
33202115,2020,0.2,0.0,0.8,True
33202253,2021,0.0,0.0,0.0,True
33202518,2020,0.8888888888888888,0.0,0.1111111111111111,True
33202746,2020,0.0,0.0,1.0,True
33203296,2021,0.0,1.0,0.0,True
33203518,2021,1.0,0.0,0.0,False
33203644,2021,1.0,0.0,0.0,True
33203742,2021,1.0,0.0,0.0,True
33203756,2020,0.2,0.4,0.4,True
33203851,2020,0.1111111111111111,0.3333333333333333,0.5555555555555556,True
33203882,2020,0.125,0.5,0.375,True
33203917,2020,0.3333333333333333,0.6666666666666666,0.0,True
33203948,2020,1.0,0.0,0.0,True
33204596,2020,0.1,0.0,0.9,True
33204823,2020,0.14285714285714285,0.0,0.8571428571428571,True
33205023,2020,0.125,0.0,0.875,True
33205418,2021,1.0,0.0,0.0,True
33206002,2020,1.0,0.0,0.0,True
33206139,2021,0.5,0.5,0.0,True
33206267,2021,1.0,0.0,0.0,True
33206937,2021,1.0,0.0,0.0,True
33207181,2020,0.1,0.5,0.4,True
33208041,2020,0.1111111111111111,0.0,0.8888888888888888,True
33208132,2020,1.0,0.0,0.0,True
33208477,2021,0.5,0.0,0.5,True
33208503,2020,0.5,0.0,0.5,True
33208540,2021,1.0,0.0,0.0,True
33208543,2021,1.0,0.0,0.0,True
33208557,2020,0.16666666666666666,0.6666666666666666,0.16666666666666666,True
33210039,2020,0.5,0.0,0.5,True
33210601,2020,0.0,1.0,0.0,True
33210602,2020,1.0,0.0,0.0,True
33210795,2021,1.0,0.0,0.0,True
33211074,2021,1.0,0.0,0.0,False
33211080,2021,1.0,0.0,0.0,True
33211184,2021,1.0,0.0,0.0,True
33211615,2021,1.0,0.0,0.0,True
33211821,2021,0.25,0.75,0.0,True
33211828,2020,1.0,0.0,0.0,True
33211860,2021,0.5,0.0,0.5,True
33212154,2021,0.7142857142857143,0.0,0.2857142857142857,True
33212404,2021,1.0,0.0,0.0,True
33213203,2020,0.0,1.0,0.0,True
33213278,2021,0.16666666666666666,0.3333333333333333,0.5,True
33213365,2020,0.0,1.0,0.0,True
33214287,2021,0.14285714285714285,0.2857142857142857,0.5714285714285714,True
33214838,2020,0.3333333333333333,0.3333333333333333,0.3333333333333333,True
33215168,2021,0.8,0.0,0.2,True
33215322,2021,1.0,0.0,0.0,True
33216382,2021,1.0,0.0,0.0,True
33216461,2021,1.0,0.0,0.0,True
33216462,2020,1.0,0.0,0.0,True
33216844,2020,0.2857142857142857,0.0,0.7142857142857143,True
33216846,2021,0.8,0.0,0.2,True
33216872,2021,1.0,0.0,0.0,True
33216977,2020,1.0,0.0,0.0,True
33217308,2020,0.5,0.25,0.25,True
33217343,2021,0.5,0.0,0.5,True
33218283,2021,0.3333333333333333,0.6666666666666666,0.0,True
33218331,2020,1.0,0.0,0.0,True
33218896,2021,0.14285714285714285,0.0,0.8571428571428571,True
33219006,2021,0.0,0.6,0.4,True
33219026,2020,0.2,0.0,0.8,True
33219091,2020,0.4444444444444444,0.0,0.5555555555555556,True
33219092,2020,1.0,0.0,0.0,True
33219145,2021,1.0,0.0,0.0,True
33219235,2020,0.0,1.0,0.0,True
33219548,2021,1.0,0.0,0.0,True
33219631,2020,1.0,0.0,0.0,True
33219735,2020,0.3333333333333333,0.6666666666666666,0.0,True
33219755,2021,1.0,0.0,0.0,True
33220084,2021,0.0,0.4,0.6,True
33220102,2021,1.0,0.0,0.0,True
33220232,2021,0.0,0.625,0.375,True
33220277,2020,0.0,1.0,0.0,True
33220500,2021,0.75,0.0,0.25,True
33220657,2020,0.6666666666666666,0.0,0.3333333333333333,True
33220975,2021,1.0,0.0,0.0,True
33221337,2021,0.2,0.0,0.8,True
33221389,2021,0.2,0.0,0.8,True
33221421,2021,1.0,0.0,0.0,True
33225453,2020,1.0,0.0,0.0,True
33225922,2020,0.75,0.0,0.25,True
33225987,2020,0.0,0.75,0.25,True
33226141,2021,0.0,0.3,0.7,True
33226219,2021,0.0,0.0,1.0,True
33226277,2020,1.0,0.0,0.0,True
33227425,2021,0.0,1.0,0.0,True
33227430,2022,1.0,0.0,0.0,True
33227508,2021,0.0,1.0,0.0,True
33227893,2020,1.0,0.0,0.0,True
33227993,2020,1.0,0.0,0.0,True
33228719,2020,0.3333333333333333,0.0,0.6666666666666666,True
33228724,2020,1.0,0.0,0.0,True
33229343,2022,1.0,0.0,0.0,True
33229545,2020,0.0,0.5,0.5,True
33229895,2021,1.0,0.0,0.0,True
33230156,2020,0.16666666666666666,0.0,0.8333333333333334,True
33230314,2020,0.0,0.3333333333333333,0.6666666666666666,True
33230482,2020,0.25,0.25,0.5,True
33230557,2021,1.0,0.0,0.0,True
33231115,2021,1.0,0.0,0.0,True
33232303,2021,0.8,0.0,0.2,True
33232446,2021,1.0,0.0,0.0,True
33232588,2021,0.8,0.0,0.2,True
33232788,2021,0.1111111111111111,0.3333333333333333,0.5555555555555556,True
33233525,2020,0.0,0.4,0.6,True
33233594,2020,1.0,0.0,0.0,True
33235331,2021,1.0,0.0,0.0,True
33235920,2020,0.0,1.0,0.0,True
33235999,2020,1.0,0.0,0.0,True
33236107,2021,1.0,0.0,0.0,True
33236170,2021,0.0,1.0,0.0,True
33236415,2020,1.0,0.0,0.0,True
33236445,2021,0.36363636363636365,0.2727272727272727,0.36363636363636365,True
33236943,2021,1.0,0.0,0.0,True
33237303,2021,0.09090909090909091,0.2727272727272727,0.6363636363636364,True
33237602,2021,1.0,0.0,0.0,True
33237849,2021,0.0,0.0,1.0,True
33237853,2020,0.0,0.6666666666666666,0.3333333333333333,True
33238113,2020,0.3333333333333333,0.6666666666666666,0.0,True
33238130,2020,0.3333333333333333,0.0,0.6666666666666666,True
33238161,2021,0.5,0.0,0.5,True
33238176,2021,1.0,0.0,0.0,True
33238290,2020,0.14285714285714285,0.0,0.8571428571428571,True
33239103,2020,0.6666666666666666,0.0,0.3333333333333333,True
33239356,2020,1.0,0.0,0.0,True
33239395,2021,1.0,0.0,0.0,True
33239447,2020,0.0,0.3333333333333333,0.6666666666666666,True
33239619,2020,0.0,1.0,0.0,True
33239751,2021,0.6666666666666666,0.0,0.3333333333333333,True
33239752,2021,1.0,0.0,0.0,True
33239785,2021,0.0,0.2,0.8,True
33239787,2021,0.1,0.2,0.7,True
33240931,2020,0.0,0.0,1.0,True
33241122,2020,0.5,0.0,0.5,True
33241297,2021,1.0,0.0,0.0,True
33241551,2021,0.0,1.0,0.0,True
33242391,2020,0.25,0.0,0.75,True
33242395,2020,0.1,0.2,0.7,True
33242422,2021,0.5,0.0,0.5,True
33242543,2021,0.0,1.0,0.0,True
33242544,2021,1.0,0.0,0.0,True
33242557,2021,1.0,0.0,0.0,True
33242572,2021,0.0,0.5,0.5,True
33243148,2020,0.5,0.0,0.5,True
33243815,2020,0.5,0.0,0.5,True
33244000,2020,0.0,0.6,0.4,True
33244154,2020,0.0,1.0,0.0,True
33244322,2020,0.0,0.25,0.75,True
33244513,2020,0.09090909090909091,0.09090909090909091,0.8181818181818182,True
33245136,2020,0.5,0.0,0.5,True
33245345,2021,0.0,1.0,0.0,True
33245474,2021,0.14285714285714285,0.2857142857142857,0.5714285714285714,True
33245745,2021,0.0,0.8333333333333334,0.16666666666666666,True
33246985,2020,0.8,0.0,0.2,True
33247100,2020,1.0,0.0,0.0,True
33247133,2020,0.16666666666666666,0.5,0.3333333333333333,True
33247915,2021,1.0,0.0,0.0,True
33248226,2021,0.25,0.0,0.75,True
33248229,2021,0.0,0.2857142857142857,0.7142857142857143,True
33248470,2020,0.6666666666666666,0.0,0.3333333333333333,True
33249505,2021,0.7142857142857143,0.0,0.2857142857142857,True
33249669,2021,1.0,0.0,0.0,True
33250621,2020,1.0,0.0,0.0,True
33251022,2020,0.0,0.0,1.0,True
33251157,2020,0.25,0.0,0.75,True
33251791,2021,1.0,0.0,0.0,True
33251966,2020,0.0,0.6666666666666666,0.3333333333333333,True
33252490,2021,1.0,0.0,0.0,True
33252651,2021,0.16666666666666666,0.8333333333333334,0.0,True
33252833,2021,1.0,0.0,0.0,True
33253182,2020,0.16666666666666666,0.0,0.8333333333333334,True
33253193,2020,0.25,0.0,0.75,True
33253217,2020,0.2857142857142857,0.42857142857142855,0.2857142857142857,True
33253583,2021,0.0,0.0,0.0,True
33253593,2021,0.2857142857142857,0.42857142857142855,0.2857142857142857,True
33254076,2021,0.0,1.0,0.0,True
33256064,2020,1.0,0.0,0.0,True
33256371,2020,0.6666666666666666,0.0,0.3333333333333333,True
33256377,2020,0.5,0.0,0.5,True
33256802,2020,0.2,0.0,0.8,True
33257311,2021,0.09090909090909091,0.0,0.9090909090909091,True
33257475,2020,0.0,0.4,0.6,True
33257839,2021,0.25,0.0,0.75,True
33257849,2021,0.0,0.6666666666666666,0.3333333333333333,True
33257936,2021,0.5,0.0,0.5,True
33258447,2020,1.0,0.0,0.0,True
33258911,2021,1.0,0.0,0.0,True
33259149,2021,0.8333333333333334,0.0,0.16666666666666666,True
33259165,2020,0.8,0.0,0.2,True
33259376,2021,1.0,0.0,0.0,True
33259596,2021,1.0,0.0,0.0,True
33259847,2021,0.0,0.5,0.5,True
33259906,2021,1.0,0.0,0.0,True
33260070,2021,0.25,0.0,0.75,True
33260618,2020,0.125,0.0,0.875,True
33260775,2020,0.4,0.0,0.6,True
33261561,2020,1.0,0.0,0.0,True
33261663,2020,0.0,0.5,0.5,True
33262136,2021,0.75,0.0,0.25,True
33262219,2021,0.5,0.0,0.5,True
33262282,2020,0.5,0.3333333333333333,0.16666666666666666,True
33262421,2020,0.5,0.0,0.5,True
33262984,2020,0.23076923076923078,0.23076923076923078,0.5384615384615384,True
33263755,2021,0.0,0.8,0.2,True
33263759,2020,1.0,0.0,0.0,True
33263997,2020,0.0,0.0,1.0,True
33264714,2021,1.0,0.0,0.0,True
33266321,2020,0.16666666666666666,0.5,0.3333333333333333,True
33267558,2020,1.0,0.0,0.0,True
33267733,2021,0.0,0.5,0.5,True
33268348,2020,1.0,0.0,0.0,True
33268398,2020,1.0,0.0,0.0,True
33268499,2020,0.0,0.5,0.5,True
33268547,2021,0.0,0.5,0.5,True
33268595,2020,0.14285714285714285,0.42857142857142855,0.42857142857142855,True
33269367,2020,0.25,0.0,0.75,True
33269401,2021,0.25,0.0,0.75,True
33269598,2021,0.5,0.0,0.5,True
33269789,2021,1.0,0.0,0.0,True
33269918,2020,0.0,1.0,0.0,True
33270227,2021,1.0,0.0,0.0,True
33270381,2021,0.75,0.0,0.25,True
33270893,2020,0.16666666666666666,0.0,0.8333333333333334,True
33270901,2021,0.0,0.0,0.0,True
33270907,2022,1.0,0.0,0.0,True
33270927,2021,0.16666666666666666,0.5,0.3333333333333333,True
33270949,2021,0.1111111111111111,0.5555555555555556,0.3333333333333333,True
33271067,2020,0.125,0.0,0.875,True
33271093,2020,0.6666666666666666,0.0,0.3333333333333333,True
33271120,2021,0.2,0.0,0.8,True
33271834,2020,1.0,0.0,0.0,True
33272927,2021,1.0,0.0,0.0,True
33273062,2021,0.125,0.375,0.5,True
33273183,2021,0.5,0.0,0.5,True
33273588,2020,0.0,0.6,0.4,True
33273611,2020,0.5,0.0,0.5,True
33274675,2021,0.0,1.0,0.0,True
33275333,2020,1.0,0.0,0.0,True
33275596,2020,1.0,0.0,0.0,True
33276030,2021,0.0,0.42857142857142855,0.5714285714285714,True
33276504,2020,0.25,0.75,0.0,True
33276734,2020,0.16666666666666666,0.0,0.8333333333333334,True
33277396,2021,1.0,0.0,0.0,False
33277428,2021,1.0,0.0,0.0,True
33277492,2020,0.0,0.75,0.25,True
33277552,2020,1.0,0.0,0.0,True
33277595,2020,0.0,0.6666666666666666,0.3333333333333333,True
33278289,2021,1.0,0.0,0.0,True
33278356,2021,0.0,1.0,0.0,True
33279577,2021,0.09090909090909091,0.0,0.9090909090909091,True
33280032,2021,1.0,0.0,0.0,True
33280897,2021,0.2,0.4,0.4,True
33281555,2020,0.0,0.0,1.0,True
33283205,2020,0.14285714285714285,0.8571428571428571,0.0,True
33283987,2021,0.0,0.5,0.5,True
33284326,2020,0.0,0.0,0.0,True
33284863,2020,0.0,0.75,0.25,True
33284949,2020,0.5,0.0,0.5,True
33285563,2021,1.0,0.0,0.0,True
33287637,2021,0.2,0.6,0.2,True
33288704,2020,0.16666666666666666,0.0,0.8333333333333334,True
33288781,2020,1.0,0.0,0.0,True
33289025,2021,0.3333333333333333,0.6666666666666666,0.0,True
33289546,2020,0.25,0.0,0.75,True
33289920,2021,1.0,0.0,0.0,True
33290178,2021,0.25,0.75,0.0,True
33290502,2021,0.0,0.8,0.2,True
33290830,2021,1.0,0.0,0.0,True
33290865,2021,1.0,0.0,0.0,True
33290916,2021,1.0,0.0,0.0,True
33292040,2021,0.14285714285714285,0.0,0.8571428571428571,True
33292568,2020,0.0,0.0,0.0,True
33293111,2021,0.0,1.0,0.0,True
33293340,2021,1.0,0.0,0.0,True
33293341,2021,1.0,0.0,0.0,True
33293463,2020,0.2,0.0,0.8,True
33293517,2020,0.0,0.375,0.625,True
33293522,2020,0.0,0.0,1.0,True
33293549,2020,1.0,0.0,0.0,True
33293712,2021,0.3333333333333333,0.3333333333333333,0.3333333333333333,True
33293900,2020,0.0,0.0,0.0,True
33294494,2020,0.2222222222222222,0.3333333333333333,0.4444444444444444,True
33294764,2020,1.0,0.0,0.0,True
33294814,2020,0.5,0.0,0.5,True
33294965,2021,1.0,0.0,0.0,True
33295573,2020,1.0,0.0,0.0,True
33297754,2021,0.7142857142857143,0.0,0.2857142857142857,True
33298900,2020,0.0,0.0,1.0,True
33298924,2020,0.0,0.5,0.5,True
33298951,2020,0.25,0.0,0.75,True
33298956,2020,0.1111111111111111,0.4444444444444444,0.4444444444444444,True
33299002,2020,1.0,0.0,0.0,True
33299109,2021,0.6153846153846154,0.15384615384615385,0.23076923076923078,True
33299181,2021,0.125,0.25,0.625,True
33299371,2020,1.0,0.0,0.0,True
33299912,2020,0.3333333333333333,0.0,0.6666666666666666,True
33300011,2021,0.5,0.0,0.5,True
33300030,2021,0.4,0.0,0.6,True
33300499,2021,1.0,0.0,0.0,True
33300544,2020,0.0,0.2857142857142857,0.7142857142857143,True
33301355,2021,0.0,0.7142857142857143,0.2857142857142857,True
33301423,2021,0.0,0.5,0.5,True
33301709,2020,0.25,0.25,0.5,True
33302115,2021,1.0,0.0,0.0,True
33302378,2020,0.7142857142857143,0.2857142857142857,0.0,True
33302617,2020,0.0,0.0,1.0,True
33303113,2020,1.0,0.0,0.0,True
33303379,2021,1.0,0.0,0.0,True
33303615,2020,0.16666666666666666,0.5,0.3333333333333333,True
33303679,2021,0.0,1.0,0.0,True
33303681,2021,0.1111111111111111,0.3333333333333333,0.5555555555555556,True
33304752,2020,0.3333333333333333,0.0,0.6666666666666666,True
33304899,2020,0.0,0.0,1.0,True
33304987,2020,1.0,0.0,0.0,True
33305158,2020,1.0,0.0,0.0,True
33305192,2020,0.0,0.0,1.0,True
33305329,2021,0.5,0.0,0.5,True
33305610,2021,0.75,0.0,0.25,True
33305870,2021,1.0,0.0,0.0,True
33306002,2021,1.0,0.0,0.0,True
33306283,2021,1.0,0.0,0.0,True
33306414,2021,0.5,0.0,0.5,True
33306497,2021,0.5,0.0,0.5,True
33306960,2020,0.1111111111111111,0.2222222222222222,0.6666666666666666,True
33307186,2021,1.0,0.0,0.0,True
33307224,2021,0.0,1.0,0.0,True
33308445,2021,1.0,0.0,0.0,True
33309599,2021,0.0,0.6,0.4,True
33309860,2021,1.0,0.0,0.0,True
33309880,2021,0.1111111111111111,0.2222222222222222,0.6666666666666666,True
33309924,2021,1.0,0.0,0.0,True
33310014,2021,1.0,0.0,0.0,True
33310190,2021,0.14285714285714285,0.42857142857142855,0.42857142857142855,True
33310772,2020,1.0,0.0,0.0,True
33311586,2020,1.0,0.0,0.0,True
33311959,2020,1.0,0.0,0.0,True
33312963,2020,0.0,1.0,0.0,True
33314217,2021,0.1,0.3,0.6,True
33314354,2021,0.25,0.0,0.75,True
33314489,2021,0.3333333333333333,0.6666666666666666,0.0,True
33314777,2021,0.6666666666666666,0.0,0.3333333333333333,True
33315984,2020,0.5,0.0,0.5,True
33316031,2021,1.0,0.0,0.0,True
33316174,2021,0.8333333333333334,0.0,0.16666666666666666,True
33316460,2021,0.5,0.0,0.5,True
33316649,2021,0.5,0.0,0.5,True
33316757,2021,1.0,0.0,0.0,True
33317726,2020,1.0,0.0,0.0,True
33318203,2020,0.6666666666666666,0.3333333333333333,0.0,True
33318291,2021,0.0,0.375,0.625,True
33318483,2020,0.3333333333333333,0.16666666666666666,0.5,True
33318499,2020,0.2,0.0,0.8,True
33318582,2021,1.0,0.0,0.0,True
33318960,2020,0.3333333333333333,0.6666666666666666,0.0,True
33319313,2021,0.75,0.0,0.25,True
33319747,2020,0.0,0.75,0.25,True
33319779,2020,0.0,0.2857142857142857,0.7142857142857143,True
33320336,2021,0.0,0.375,0.625,True
33320394,2021,1.0,0.0,0.0,True
33320842,2021,0.8571428571428571,0.0,0.14285714285714285,True
33321003,2021,0.6666666666666666,0.0,0.3333333333333333,True
33321083,2020,0.5,0.0,0.5,True
33322020,2020,1.0,0.0,0.0,True
33322070,2020,0.5,0.0,0.5,True
33322084,2020,0.3333333333333333,0.0,0.6666666666666666,True
33322807,2020,0.0,0.25,0.75,True
33323015,2020,0.07692307692307693,0.0,0.9230769230769231,True
33323380,2021,0.1111111111111111,0.6666666666666666,0.2222222222222222,True
33323397,2021,0.16666666666666666,0.3333333333333333,0.5,True
33323462,2020,0.6666666666666666,0.0,0.3333333333333333,True
33323470,2022,0.875,0.0,0.125,True
33324146,2020,1.0,0.0,0.0,True
33324266,2020,0.0,0.0,0.0,True
33324725,2019,0.3333333333333333,0.0,0.6666666666666666,True
33324951,2020,0.0,0.0,0.0,True
33325656,2020,0.6666666666666666,0.0,0.3333333333333333,True
33325683,2021,0.0,0.6666666666666666,0.3333333333333333,True
33325691,2020,0.1111111111111111,0.4444444444444444,0.4444444444444444,True
33326144,2021,0.5,0.0,0.5,True
33326251,2021,0.125,0.0,0.875,True
33326493,2020,0.0,0.75,0.25,True
33326576,2021,0.5714285714285714,0.0,0.42857142857142855,True
33326609,2021,1.0,0.0,0.0,True
33326662,2021,1.0,0.0,0.0,True
33326784,2020,0.14285714285714285,0.5714285714285714,0.2857142857142857,True
33329307,2020,0.3333333333333333,0.0,0.6666666666666666,True
33329355,2020,1.0,0.0,0.0,True
33330104,2020,0.5,0.0,0.5,True
33330839,2020,0.3333333333333333,0.0,0.6666666666666666,True
33330843,2020,0.0,0.0,1.0,True
33330849,2020,1.0,0.0,0.0,True
33331068,2021,1.0,0.0,0.0,True
33331195,2022,0.75,0.0,0.25,True
33331245,2022,0.8333333333333334,0.0,0.16666666666666666,True
33331927,2020,0.7142857142857143,0.0,0.2857142857142857,True
33332286,2021,0.125,0.75,0.125,True
33332743,2021,0.5714285714285714,0.0,0.42857142857142855,True
33332760,2020,0.0,0.4,0.6,True
33333022,2020,0.1111111111111111,0.3333333333333333,0.5555555555555556,True
33333074,2021,0.3333333333333333,0.0,0.6666666666666666,True
33333207,2021,0.25,0.5,0.25,True
33333292,2021,0.5,0.0,0.5,True
33333740,2020,0.16666666666666666,0.16666666666666666,0.6666666666666666,True
33333910,2020,0.8333333333333334,0.0,0.16666666666666666,True
33333954,2020,1.0,0.0,0.0,True
33334024,2020,0.0,0.0,1.0,True
33334257,2020,0.0,1.0,0.0,True
33334652,2021,0.0,1.0,0.0,True
33334808,2021,1.0,0.0,0.0,True
33334821,2021,0.16666666666666666,0.0,0.8333333333333334,True
33334823,2021,0.0,0.75,0.25,True
33334892,2021,0.0,0.5,0.5,True
33334920,2021,0.8333333333333334,0.0,0.16666666666666666,True
33336134,2020,1.0,0.0,0.0,True
33336253,2021,0.3333333333333333,0.0,0.6666666666666666,True
33336684,2020,0.0,1.0,0.0,True
33338395,2021,0.0,1.0,0.0,True
33338515,2021,0.0,1.0,0.0,True
33338684,2021,1.0,0.0,0.0,True
33339817,2020,1.0,0.0,0.0,True
33340488,2021,0.1111111111111111,0.4444444444444444,0.4444444444444444,True
33341150,2021,0.8333333333333334,0.0,0.16666666666666666,True
33341182,2021,1.0,0.0,0.0,True
33341652,2021,0.0,1.0,0.0,True
33342236,2021,1.0,0.0,0.0,True
33342316,2021,1.0,0.0,0.0,True
33343064,2020,0.0,0.0,0.0,True
33343881,2020,0.0,0.0,0.0,True
33344510,2020,0.0,0.0,1.0,True
33344893,2020,0.0,0.6666666666666666,0.3333333333333333,True
33345186,2020,0.8,0.0,0.2,True
33345554,2021,1.0,0.0,0.0,True
33345678,2021,1.0,0.0,0.0,True
33346031,2021,1.0,0.0,0.0,True
33346633,2021,0.3333333333333333,0.0,0.6666666666666666,True
33346914,2021,0.0,0.6666666666666666,0.3333333333333333,True
33347312,2021,0.5,0.0,0.5,True
33347642,2021,0.0,1.0,0.0,True
33347809,2021,1.0,0.0,0.0,True
33347888,2021,0.0,0.0,1.0,True
33348086,2021,1.0,0.0,0.0,True
33348851,2020,1.0,0.0,0.0,True
33350377,2020,0.0,0.8333333333333334,0.16666666666666666,True
33350441,2021,1.0,0.0,0.0,True
33350495,2021,0.2,0.0,0.8,True
33350874,2021,0.75,0.0,0.25,True
33350944,2021,1.0,0.0,0.0,True
33351033,2020,1.0,0.0,0.0,True
33351110,2020,0.0,0.6666666666666666,0.3333333333333333,True
33351753,2021,1.0,0.0,0.0,True
33351785,2021,0.4444444444444444,0.2222222222222222,0.3333333333333333,True
33352384,2021,1.0,0.0,0.0,True
33353667,2021,0.3333333333333333,0.0,0.6666666666666666,True
33353972,2020,0.1111111111111111,0.2222222222222222,0.6666666666666666,True
33354527,2020,1.0,0.0,0.0,True
33354640,2020,1.0,0.0,0.0,True
33354866,2021,1.0,0.0,0.0,True
33355208,2021,0.5,0.0,0.5,True
33355247,2021,0.2727272727272727,0.45454545454545453,0.2727272727272727,True
33355290,2021,0.125,0.375,0.5,True
33355987,2021,0.75,0.0,0.25,True
33356051,2021,1.0,0.0,0.0,True
33356479,2021,1.0,0.0,0.0,True
33356838,2020,0.4,0.4,0.2,True
33357439,2020,1.0,0.0,0.0,True
33358650,2021,1.0,0.0,0.0,True
33359089,2021,0.625,0.0,0.375,True
33359152,2021,1.0,0.0,0.0,True
33359359,2021,1.0,0.0,0.0,True
33359475,2021,0.0,0.5714285714285714,0.42857142857142855,True
33359628,2021,1.0,0.0,0.0,True
33359667,2021,0.25,0.5,0.25,True
33359681,2021,1.0,0.0,0.0,True
33360352,2021,0.14285714285714285,0.2857142857142857,0.5714285714285714,True
33361760,2020,0.14285714285714285,0.7142857142857143,0.14285714285714285,True
33361819,2021,0.0,0.75,0.25,True
33362196,2020,0.0,0.375,0.625,True
33362741,2020,0.16666666666666666,0.3333333333333333,0.5,True
33362774,2020,0.5,0.0,0.5,True
33363283,2020,0.5,0.0,0.5,True
33363505,2020,0.5,0.0,0.5,True
33364325,2020,1.0,0.0,0.0,True
33364628,2020,0.0,0.0,0.0,True
33364629,2020,0.0,0.0,0.0,True
33367500,2021,1.0,0.0,0.0,True
33367502,2021,0.75,0.0,0.25,True
33367598,2021,0.6666666666666666,0.0,0.3333333333333333,True
33367731,2021,0.25,0.0,0.75,True
33367753,2021,0.3333333333333333,0.0,0.6666666666666666,True
33369023,2021,1.0,0.0,0.0,True
33369678,2021,1.0,0.0,0.0,True
33369747,2021,1.0,0.0,0.0,True
33370382,2020,0.25,0.0,0.75,True
33370777,2020,0.2,0.0,0.8,True
33371012,2020,1.0,0.0,0.0,True
33371027,2020,1.0,0.0,0.0,True
33371773,2021,0.0,0.75,0.25,True
33372036,2021,0.14285714285714285,0.2857142857142857,0.5714285714285714,True
33372138,2021,0.0,0.375,0.625,True
33372532,2021,1.0,0.0,0.0,True
33372564,2020,1.0,0.0,0.0,True
33372598,2020,0.16666666666666666,0.3333333333333333,0.5,True
33373188,2021,0.0,0.0,1.0,True
33373501,2021,1.0,0.0,0.0,True
33373856,2021,1.0,0.0,0.0,True
33373910,2021,0.5,0.0,0.5,True
33374514,2020,0.125,0.25,0.625,True
33374953,2020,0.3333333333333333,0.6666666666666666,0.0,True
33375166,2020,0.2,0.0,0.8,True
33376130,2020,0.0,0.42857142857142855,0.5714285714285714,True
33376159,2021,0.0,0.4,0.6,True
33376189,2021,0.0,0.0,1.0,True
33376221,2020,0.25,0.5,0.25,True
33377023,2020,0.25,0.0,0.75,True
33377028,2020,0.0,1.0,0.0,True
33377089,2020,0.25,0.0,0.75,True
33377126,2020,0.2,0.0,0.8,True
33377129,2020,1.0,0.0,0.0,True
33377867,2020,0.0,0.5,0.5,True
33378124,2021,0.0,0.5,0.5,True
33378379,2020,0.0,0.0,1.0,True
33378608,2021,0.6666666666666666,0.0,0.3333333333333333,True
33378676,2020,0.1111111111111111,0.0,0.8888888888888888,True
33378686,2021,0.0,0.75,0.25,True
33378696,2021,1.0,0.0,0.0,True
33379198,2020,0.0,0.5,0.5,True
33381095,2020,0.42857142857142855,0.14285714285714285,0.42857142857142855,True
33381761,2020,0.0,0.0,1.0,True
33382041,2020,1.0,0.0,0.0,True
33382655,2021,0.0,0.0,0.0,True
33383478,2021,1.0,0.0,0.0,True
33383509,2021,0.5,0.0,0.5,True
33383587,2021,0.5,0.5,0.0,True
33384331,2021,1.0,0.0,0.0,True
33385326,2021,0.2,0.0,0.8,True
33385331,2021,0.16666666666666666,0.3333333333333333,0.5,True
33385336,2021,0.0,0.8333333333333334,0.16666666666666666,True
33385497,2021,0.125,0.375,0.5,True
33385507,2021,1.0,0.0,0.0,True
33385889,2021,1.0,0.0,0.0,True
33385923,2021,1.0,0.0,0.0,True
33386133,2021,1.0,0.0,0.0,True
33386259,2021,0.0,0.6666666666666666,0.3333333333333333,True
33387157,2021,1.0,0.0,0.0,True
33387171,2021,1.0,0.0,0.0,True
33387233,2021,0.75,0.0,0.25,True
33387494,2021,1.0,0.0,0.0,True
33387538,2021,1.0,0.0,0.0,True
33387539,2021,0.6666666666666666,0.0,0.3333333333333333,True
33388407,2021,0.0,1.0,0.0,True
33388420,2021,0.0,0.6666666666666666,0.3333333333333333,True
33389762,2021,1.0,0.0,0.0,True
33390521,2021,0.0,0.5,0.5,True
33391154,2020,1.0,0.0,0.0,True
33391495,2021,0.16666666666666666,0.0,0.8333333333333334,True
33392016,2021,0.6666666666666666,0.0,0.3333333333333333,True
33392772,2021,1.0,0.0,0.0,True
33392786,2021,1.0,0.0,0.0,True
33393463,2021,0.0,0.5,0.5,True
33393488,2021,1.0,0.0,0.0,True
33393505,2021,0.1111111111111111,0.3333333333333333,0.5555555555555556,True
33394545,2021,1.0,0.0,0.0,True
33395287,2021,0.125,0.5,0.375,True
33395353,2021,1.0,0.0,0.0,False
33395989,2020,1.0,0.0,0.0,True
33396594,2020,0.16666666666666666,0.16666666666666666,0.6666666666666666,True
33397688,2021,0.14285714285714285,0.0,0.8571428571428571,True
33397769,2021,1.0,0.0,0.0,True
33397942,2021,0.14285714285714285,0.42857142857142855,0.42857142857142855,True
33397956,2021,0.5,0.0,0.5,True
33398019,2021,0.0,0.2,0.8,True
33398028,2021,0.1,0.3,0.6,True
33398032,2021,0.3333333333333333,0.0,0.6666666666666666,True
33398182,2021,1.0,0.0,0.0,True
33398198,2021,1.0,0.0,0.0,True
33398267,2020,0.0,0.3333333333333333,0.6666666666666666,True
33398296,2020,0.8571428571428571,0.0,0.14285714285714285,True
33398300,2020,0.0,0.0,1.0,True
33398432,2021,0.0,0.42857142857142855,0.5714285714285714,True
33398460,2021,0.0,0.0,1.0,True
33399856,2021,1.0,0.0,0.0,True
33400596,2021,1.0,0.0,0.0,True
33400922,2021,0.0,0.6,0.4,True
33402335,2021,0.5555555555555556,0.0,0.4444444444444444,True
33402679,2021,1.0,0.0,0.0,True
33403122,2020,0.0,0.0,0.0,True
33403483,2021,0.6,0.0,0.4,True
33404161,2021,1.0,0.0,0.0,True
33404254,2021,0.25,0.75,0.0,True
33404262,2021,1.0,0.0,0.0,True
33405006,2021,1.0,0.0,0.0,True
33405090,2021,1.0,0.0,0.0,True
33405340,2021,0.25,0.0,0.75,True
33405502,2021,0.2,0.0,0.8,True
33406130,2021,1.0,0.0,0.0,True
33406226,2021,0.3333333333333333,0.0,0.6666666666666666,True
33406227,2021,0.0,0.0,1.0,True
33406813,2022,0.1111111111111111,0.2222222222222222,0.6666666666666666,True
33406883,2021,0.6666666666666666,0.0,0.3333333333333333,True
33407502,2021,0.625,0.125,0.25,True
33407511,2021,0.0,0.6,0.4,True
33408411,2021,0.0,0.8,0.2,True
33408413,2021,0.25,0.375,0.375,True
33408815,2020,0.4,0.3,0.3,True
33408879,2020,0.2,0.4,0.4,True
33410399,2021,0.16666666666666666,0.3333333333333333,0.5,True
33410471,2021,0.0,0.0,0.0,True
33410523,2021,1.0,0.0,0.0,True
33410847,2021,1.0,0.0,0.0,True
33411583,2021,1.0,0.0,0.0,True
33411714,2021,0.1,0.3,0.6,True
33411730,2021,0.25,0.0,0.75,True
33411731,2021,0.0,0.6666666666666666,0.3333333333333333,True
33413417,2021,0.0,1.0,0.0,True
33413482,2021,0.6666666666666666,0.0,0.3333333333333333,True
33413652,2021,0.0,0.2857142857142857,0.7142857142857143,True
33414108,2021,0.0,0.0,1.0,True
33414132,2021,0.5,0.0,0.5,True
33414275,2021,0.0,0.3333333333333333,0.6666666666666666,True
33414376,2021,0.0,0.75,0.25,True
33414500,2021,0.5,0.0,0.5,True
33414501,2021,0.0,0.6666666666666666,0.3333333333333333,True
33414553,2021,0.3333333333333333,0.6666666666666666,0.0,True
33415666,2021,1.0,0.0,0.0,True
33415696,2021,0.6666666666666666,0.3333333333333333,0.0,True
33415971,2021,0.25,0.0,0.75,True
33416494,2021,0.0,0.6666666666666666,0.3333333333333333,True
33416657,2020,1.0,0.0,0.0,True
33416832,2021,0.09090909090909091,0.45454545454545453,0.45454545454545453,True
33416851,2021,0.0,0.0,0.0,True
33416857,2021,1.0,0.0,0.0,True
33417682,2021,0.3333333333333333,0.0,0.6666666666666666,True
33418468,2021,1.0,0.0,0.0,True
33418499,2021,1.0,0.0,0.0,True
33418603,2021,1.0,0.0,0.0,True
33419780,2021,1.0,0.0,0.0,True
33419888,2021,1.0,0.0,0.0,True
33420019,2021,0.14285714285714285,0.42857142857142855,0.42857142857142855,True
33420026,2021,1.0,0.0,0.0,True
33420124,2021,0.25,0.0,0.75,True
33420178,2021,1.0,0.0,0.0,True
33420210,2021,0.0,1.0,0.0,True
33420235,2021,0.75,0.0,0.25,True
33421071,2021,0.8333333333333334,0.16666666666666666,0.0,True
33421362,2021,0.125,0.375,0.5,True
33421400,2021,1.0,0.0,0.0,True
33421504,2021,0.0,0.75,0.25,True
33422353,2021,0.5,0.0,0.5,True
33422939,2021,0.25,0.0,0.75,True
33422981,2021,0.14285714285714285,0.0,0.8571428571428571,True
33424537,2020,0.25,0.5,0.25,True
33424545,2020,0.0,0.25,0.75,True
33424801,2020,0.23076923076923078,0.0,0.7692307692307693,True
33425888,2020,0.1,0.1,0.8,True
33425925,2020,0.6666666666666666,0.3333333333333333,0.0,True
33426652,2021,0.8888888888888888,0.0,0.1111111111111111,True
33427378,2021,0.0,1.0,0.0,True
33427749,2021,0.6666666666666666,0.0,0.3333333333333333,True
33427764,2021,1.0,0.0,0.0,True
33428023,2021,1.0,0.0,0.0,True
33428418,2021,0.14285714285714285,0.0,0.8571428571428571,True
33430969,2021,0.0,0.25,0.75,True
33430980,2020,0.0,0.0,0.0,True
33431020,2020,0.25,0.25,0.5,True
33431248,2021,1.0,0.0,0.0,True
33431448,2021,1.0,0.0,0.0,True
33431511,2021,0.0,0.3333333333333333,0.6666666666666666,True
33431654,2021,0.2,0.0,0.8,True
33431665,2021,0.25,0.5,0.25,True
33431852,2021,1.0,0.0,0.0,True
33431958,2021,0.625,0.0,0.375,True
33432152,2021,0.0,0.0,1.0,True
33432189,2021,1.0,0.0,0.0,True
33432346,2021,1.0,0.0,0.0,True
33432721,2021,0.0,0.3333333333333333,0.6666666666666666,True
33433939,2021,1.0,0.0,0.0,True
33433994,2021,0.0,0.0,1.0,True
33434147,2020,0.8,0.0,0.2,True
33434443,2021,1.0,0.0,0.0,True
33434494,2021,0.1111111111111111,0.4444444444444444,0.4444444444444444,True
33435393,2021,0.0,0.0,1.0,True
33435473,2021,1.0,0.0,0.0,True
33435695,2021,1.0,0.0,0.0,True
33436331,2021,1.0,0.0,0.0,True
33436409,2021,0.1111111111111111,0.0,0.8888888888888888,True
33436439,2021,0.16666666666666666,0.0,0.8333333333333334,True
33436590,2021,0.0,0.4444444444444444,0.5555555555555556,True
33436734,2021,0.0,0.0,0.0,True
33436947,2021,0.14285714285714285,0.0,0.8571428571428571,True
33437851,2020,0.25,0.0,0.75,True
33438318,2021,1.0,0.0,0.0,True
33438723,2022,0.0,1.0,0.0,True
33438800,2020,0.3333333333333333,0.0,0.6666666666666666,True
33439121,2021,0.0,0.5,0.5,True
33440203,2021,1.0,0.0,0.0,True
33441297,2023,1.0,0.0,0.0,True
33441342,2021,0.16666666666666666,0.3333333333333333,0.5,True
33441422,2021,0.4,0.4,0.2,True
33441455,2021,1.0,0.0,0.0,True
33441540,2021,0.1,0.4,0.5,True
33441847,2021,1.0,0.0,0.0,True
33442015,2021,0.5714285714285714,0.42857142857142855,0.0,True
33442024,2021,1.0,0.0,0.0,True
33442057,2021,0.0,0.3333333333333333,0.6666666666666666,True
33442570,2020,1.0,0.0,0.0,True
33442676,2021,1.0,0.0,0.0,True
33442693,2021,0.1111111111111111,0.3333333333333333,0.5555555555555556,True
33442707,2021,0.0,0.0,1.0,True
33442737,2021,1.0,0.0,0.0,True
33443114,2021,0.2,0.4,0.4,True
33443156,2021,0.0,0.5,0.5,True
33443221,2021,0.0,0.6,0.4,True
33444158,2021,1.0,0.0,0.0,True
33444221,2021,1.0,0.0,0.0,True
33444353,2021,0.16666666666666666,0.0,0.8333333333333334,True
33444383,2021,1.0,0.0,0.0,True
33444404,2021,1.0,0.0,0.0,True
33444453,2021,0.25,0.0,0.75,True
33444456,2021,0.3333333333333333,0.0,0.6666666666666666,True
33444500,2021,0.0,0.0,1.0,True
33444596,2021,0.0,0.6666666666666666,0.3333333333333333,True
33444979,2021,0.0,0.0,1.0,True
33446503,2021,0.6,0.0,0.4,True
33446515,2021,0.0,1.0,0.0,True
33446521,2021,0.0,0.75,0.25,True
33446526,2021,0.5454545454545454,0.36363636363636365,0.09090909090909091,True
33446567,2021,0.0,0.3333333333333333,0.6666666666666666,True
33446604,2021,0.0,0.6666666666666666,0.3333333333333333,True
33446857,2021,0.0,1.0,0.0,True
33447690,2020,1.0,0.0,0.0,True
33447831,2021,0.0,0.5,0.5,True
33448283,2021,1.0,0.0,0.0,True
33448434,2020,1.0,0.0,0.0,True
33449237,2021,1.0,0.0,0.0,True
33449802,2021,1.0,0.0,0.0,True
33449824,2021,1.0,0.0,0.0,True
33449859,2021,0.0,1.0,0.0,True
33450185,2021,0.0,0.3333333333333333,0.6666666666666666,True
33450959,2021,0.0,0.0,1.0,True
33451778,2021,1.0,0.0,0.0,True
33452005,2023,1.0,0.0,0.0,True
33452106,2021,0.1,0.3,0.6,True
33452107,2021,0.14285714285714285,0.5714285714285714,0.2857142857142857,True
33452234,2021,0.2857142857142857,0.14285714285714285,0.5714285714285714,True
33452298,2021,0.625,0.0,0.375,True
33452430,2021,0.0,1.0,0.0,True
33452495,2021,0.2,0.2,0.6,True
33452718,2021,0.2,0.0,0.8,True
33453152,2021,0.14285714285714285,0.42857142857142855,0.42857142857142855,True
33453153,2021,0.0,1.0,0.0,True
33453220,2021,1.0,0.0,0.0,True
33453683,2021,0.25,0.0,0.75,True
33454015,2020,0.14285714285714285,0.0,0.8571428571428571,True
33455077,2021,1.0,0.0,0.0,True
33455521,2022,1.0,0.0,0.0,True
33457210,2021,1.0,0.0,0.0,True
33458560,2020,0.5,0.0,0.5,True
33458694,2021,0.0,0.4,0.6,True
33459966,2021,0.1,0.3,0.6,True
33460347,2021,0.5,0.0,0.5,True
33460452,2021,0.8333333333333334,0.0,0.16666666666666666,True
33460557,2021,0.0,0.0,1.0,True
33462110,2021,0.0,0.2857142857142857,0.7142857142857143,True
33462372,2021,0.1111111111111111,0.4444444444444444,0.4444444444444444,True
33462481,2021,0.2,0.4,0.4,True
33462485,2021,0.8333333333333334,0.0,0.16666666666666666,True
33462706,2021,0.6666666666666666,0.0,0.3333333333333333,True
33462741,2021,0.5,0.0,0.5,True
33462791,2021,0.75,0.0,0.25,True
33462801,2021,0.0,0.0,1.0,True
33462834,2021,1.0,0.0,0.0,True
33463524,2021,0.0,0.5,0.5,True
33464298,2021,0.25,0.0,0.75,True
33464997,2021,0.5,0.0,0.5,True
33465062,2021,0.14285714285714285,0.2857142857142857,0.5714285714285714,True
33465158,2021,0.125,0.375,0.5,True
33465815,2021,0.5,0.5,0.0,True
33467519,2021,1.0,0.0,0.0,True
33468482,2021,0.0,1.0,0.0,True
33468559,2021,0.5,0.0,0.5,True
33468624,2021,0.0,0.3333333333333333,0.6666666666666666,True
33468673,2021,0.2,0.6,0.2,True
33469044,2021,0.25,0.0,0.75,True
33469530,2021,0.0,0.0,0.0,True
33469914,2021,1.0,0.0,0.0,True
33469999,2021,0.0,0.2857142857142857,0.7142857142857143,True
33470755,2021,1.0,0.0,0.0,True
33471025,2021,1.0,0.0,0.0,True
33471100,2021,0.8333333333333334,0.0,0.16666666666666666,True
33471124,2021,0.2857142857142857,0.0,0.7142857142857143,True
33471974,2021,1.0,0.0,0.0,True
33471991,2021,1.0,0.0,0.0,True
33472387,2021,1.0,0.0,0.0,True
33472542,2021,0.5714285714285714,0.0,0.42857142857142855,True
33472892,2021,0.14285714285714285,0.0,0.8571428571428571,True
33472921,2021,1.0,0.0,0.0,True
33473124,2021,0.0,0.3333333333333333,0.6666666666666666,True
33473166,2021,1.0,0.0,0.0,True
33473358,2020,0.6,0.4,0.0,True
33474538,2020,0.0,0.0,0.0,True
33475202,2021,0.2,0.0,0.8,True
33475954,2021,1.0,0.0,0.0,True
33476078,2021,0.0,0.625,0.375,True
33476636,2021,0.8333333333333334,0.0,0.16666666666666666,True
33476699,2021,0.3333333333333333,0.0,0.6666666666666666,True
33476708,2021,0.25,0.0,0.75,True
33479155,2021,0.0,0.6666666666666666,0.3333333333333333,True
33479156,2021,0.0,1.0,0.0,True
33479215,2021,0.0,0.3333333333333333,0.6666666666666666,True
33479282,2021,0.8571428571428571,0.0,0.14285714285714285,True
33479369,2021,0.09090909090909091,0.2727272727272727,0.6363636363636364,True
33479452,2021,0.8,0.0,0.2,True
33479511,2021,1.0,0.0,0.0,True
33479620,2020,0.0,1.0,0.0,True
33479684,2020,0.0,0.0,0.0,True
33480108,2021,1.0,0.0,0.0,True
33481137,2021,1.0,0.0,0.0,True
33481382,2021,0.8,0.0,0.2,True
33481911,2021,0.5,0.0,0.5,True
33482093,2021,1.0,0.0,0.0,True
33482682,2021,0.3333333333333333,0.6666666666666666,0.0,True
33483324,2021,0.0,1.0,0.0,True
33483374,2021,0.2,0.4,0.4,True
33483473,2021,0.0,0.5,0.5,True
33483508,2021,0.875,0.0,0.125,True
33483532,2021,0.16666666666666666,0.3333333333333333,0.5,True
33483582,2021,0.8571428571428571,0.0,0.14285714285714285,True
33483586,2021,1.0,0.0,0.0,True
33483695,2021,1.0,0.0,0.0,True
33483743,2021,0.0,0.6,0.4,True
33485369,2021,1.0,0.0,0.0,True
33485405,2021,0.7,0.0,0.3,True
33486153,2021,0.0,0.5,0.5,True
33487119,2021,0.0,0.6,0.4,True
33490865,2020,0.5,0.0,0.5,True
33490900,2020,0.0,0.25,0.75,True
33491441,2021,0.0,1.0,0.0,True
33491666,2021,0.0,0.6666666666666666,0.3333333333333333,True
33492023,2021,1.0,0.0,0.0,True
33493011,2021,1.0,0.0,0.0,True
33493365,2021,0.6666666666666666,0.0,0.3333333333333333,True
33493795,2021,0.8,0.0,0.2,True
33494381,2021,0.2,0.2,0.6,True
33494425,2021,1.0,0.0,0.0,True
33495197,2021,0.2,0.4,0.4,True
33495304,2022,1.0,0.0,0.0,True
33495456,2021,0.0,0.2222222222222222,0.7777777777777778,True
33495459,2021,0.16666666666666666,0.16666666666666666,0.6666666666666666,True
33495599,2021,1.0,0.0,0.0,True
33495635,2021,0.0,0.5,0.5,True
33495902,2021,0.7142857142857143,0.0,0.2857142857142857,True
33496365,2021,0.0,1.0,0.0,True
33496756,2021,0.0,0.0,1.0,True
33497361,2021,0.625,0.375,0.0,True
33497366,2021,0.1111111111111111,0.3333333333333333,0.5555555555555556,True
33497488,2021,1.0,0.0,0.0,True
33497776,2021,1.0,0.0,0.0,True
33498690,2021,0.3333333333333333,0.0,0.6666666666666666,True
33498923,2021,0.2,0.0,0.8,True
33499732,2021,0.5,0.0,0.5,True
33500247,2021,0.16666666666666666,0.3333333333333333,0.5,True
33500275,2021,1.0,0.0,0.0,True
33500318,2021,1.0,0.0,0.0,True
33500404,2021,0.0,0.0,1.0,True
33501441,2021,0.25,0.0,0.75,True
33501447,2021,0.0,0.5,0.5,True
33501469,2022,0.4,0.0,0.6,True
33501968,2021,0.3333333333333333,0.0,0.6666666666666666,True
33502799,2021,1.0,0.0,0.0,True
33502869,2021,0.125,0.5,0.375,True
33503264,2021,0.25,0.0,0.75,True
33503433,2021,0.25,0.5,0.25,True
33504591,2021,0.5,0.5,0.0,True
33504600,2021,0.0,0.0,1.0,True
33504652,2021,0.5,0.0,0.5,True
33504762,2021,0.2,0.0,0.8,True
33504769,2021,0.25,0.0,0.75,True
33504779,2021,0.0,0.0,1.0,True
33504869,2021,0.5,0.0,0.5,True
33504991,2021,1.0,0.0,0.0,True
33505708,2020,0.0,0.0,1.0,True
33505711,2021,0.2,0.0,0.8,True
33505925,2021,0.3333333333333333,0.6666666666666666,0.0,True
33506069,2020,0.0,0.0,1.0,True
33506540,2021,1.0,0.0,0.0,True
33506990,2021,1.0,0.0,0.0,True
33507248,2021,1.0,0.0,0.0,True
33507822,2021,1.0,0.0,0.0,True
33507868,2021,0.0,0.0,0.0,True
33507945,2021,1.0,0.0,0.0,True
33508001,2021,0.0,0.5,0.5,True
33508126,2021,0.25,0.0,0.75,True
33508244,2021,0.0,0.375,0.625,True
33508353,2021,0.16666666666666666,0.0,0.8333333333333334,True
33508888,2021,1.0,0.0,0.0,True
33509294,2021,0.0,0.2222222222222222,0.7777777777777778,True
33510133,2021,0.16666666666666666,0.3333333333333333,0.5,True
33510158,2021,0.8333333333333334,0.0,0.16666666666666666,True
33510174,2021,1.0,0.0,0.0,True
33510185,2021,0.0,0.0,0.0,True
33510349,2021,0.0,0.75,0.25,True
33510387,2021,0.3333333333333333,0.0,0.6666666666666666,True
33510427,2021,0.0,0.6,0.4,True
33510451,2021,0.07142857142857142,0.2857142857142857,0.6428571428571429,True
33510463,2021,0.0,0.3333333333333333,0.6666666666666666,True
33511044,2020,0.0,0.5,0.5,True
33511235,2020,0.375,0.0,0.625,True
33511996,2021,0.0,0.0,1.0,True
33512437,2021,0.16666666666666666,0.5,0.3333333333333333,True
33512449,2021,0.7,0.0,0.3,True
33512453,2021,1.0,0.0,0.0,True
33512468,2021,0.25,0.5,0.25,True
33512500,2022,0.0,1.0,0.0,True
33512531,2021,1.0,0.0,0.0,True
33512769,2021,0.75,0.0,0.25,True
33513003,2021,0.5,0.0,0.5,True
33513156,2021,0.2,0.0,0.8,True
33513272,2021,1.0,0.0,0.0,True
33513359,2021,0.4444444444444444,0.0,0.5555555555555556,True
33513762,2021,0.125,0.25,0.625,True
33514395,2021,0.3333333333333333,0.0,0.6666666666666666,True
33515019,2021,1.0,0.0,0.0,True
33516601,2021,1.0,0.0,0.0,True
33516710,2021,1.0,0.0,0.0,True
33516778,2021,1.0,0.0,0.0,True
33516874,2021,0.16666666666666666,0.5,0.3333333333333333,True
33516934,2021,1.0,0.0,0.0,True
33517400,2021,1.0,0.0,0.0,True
33517419,2021,0.6666666666666666,0.0,0.3333333333333333,True
33517759,2021,1.0,0.0,0.0,True
33517896,2021,0.6666666666666666,0.0,0.3333333333333333,True
33518406,2021,0.25,0.25,0.5,True
33520392,2020,1.0,0.0,0.0,True
33520712,2021,0.3333333333333333,0.0,0.6666666666666666,True
33521680,2021,1.0,0.0,0.0,True
33522482,2021,0.0,1.0,0.0,True
33522897,2021,0.0,0.0,1.0,True
33523017,2021,0.0,1.0,0.0,True
33523105,2021,1.0,0.0,0.0,True
33523805,2021,0.0,0.0,0.0,True
33523837,2021,0.5,0.0,0.5,True
33523889,2021,0.0,0.0,1.0,True
33523907,2021,1.0,0.0,0.0,True
33523931,2021,0.25,0.0,0.75,True
33524122,2021,1.0,0.0,0.0,True
33524224,2021,0.0,0.0,1.0,True
33526872,2021,0.25,0.0,0.75,True
33526918,2021,1.0,0.0,0.0,True
33527411,2022,0.0,0.0,0.0,True
33527590,2021,0.25,0.5,0.25,True
33527979,2021,1.0,0.0,0.0,True
33529138,2021,0.6666666666666666,0.0,0.3333333333333333,True
33529172,2021,0.6666666666666666,0.0,0.3333333333333333,True
33529473,2021,1.0,0.0,0.0,True
33530584,2021,0.0,0.5,0.5,True
33530713,2021,1.0,0.0,0.0,True
33531477,2021,0.5,0.0,0.5,True
33532770,2021,0.125,0.5,0.375,True
33532773,2021,0.14285714285714285,0.0,0.8571428571428571,True
33532775,2021,0.0,0.0,1.0,True
33532779,2021,0.25,0.0,0.75,True
33532780,2021,0.2222222222222222,0.3333333333333333,0.4444444444444444,True
33532807,2021,0.8333333333333334,0.0,0.16666666666666666,True
33532808,2021,0.4,0.0,0.6,True
33533094,2021,0.0,0.0,1.0,True
33533614,2021,0.0,0.0,0.0,True
33533717,2021,0.0,0.4444444444444444,0.5555555555555556,True
33534128,2021,0.375,0.25,0.375,True
33534346,2021,1.0,0.0,0.0,True
33534525,2021,1.0,0.0,0.0,True
33534776,2021,0.9230769230769231,0.0,0.07692307692307693,True
33534943,2021,1.0,0.0,0.0,True
33534948,2021,1.0,0.0,0.0,True
33535030,2021,0.25,0.5,0.25,True
33535038,2021,0.25,0.0,0.75,True
33535043,2021,0.2,0.4,0.4,True
33536176,2021,0.0,0.125,0.875,True
33536190,2021,0.16666666666666666,0.5,0.3333333333333333,True
33536203,2021,0.5,0.0,0.5,True
33536255,2021,0.4,0.2,0.4,True
33536335,2021,0.1,0.0,0.9,True
33536423,2021,1.0,0.0,0.0,True
33536871,2021,0.5,0.5,0.0,True
33537772,2021,1.0,0.0,0.0,True
33538051,2021,1.0,0.0,0.0,True
33538073,2021,0.0,0.75,0.25,True
33538948,2021,0.0,0.0,1.0,True
33539925,2021,0.5,0.0,0.5,True
33540226,2021,0.0,0.5,0.5,True
33540853,2021,1.0,0.0,0.0,True
33542123,2021,0.0,0.0,0.0,True
33542131,2021,0.2,0.0,0.8,True
33542199,2021,1.0,0.0,0.0,True
33542373,2021,0.2,0.0,0.8,True
33542404,2021,0.25,0.75,0.0,True
33542442,2021,0.25,0.0,0.75,True
33543803,2021,1.0,0.0,0.0,True
33543819,2021,0.25,0.5,0.25,True
33544111,2021,0.0,0.0,1.0,True
33544519,2021,0.6,0.0,0.4,True
33544617,2020,1.0,0.0,0.0,True
33544766,2021,1.0,0.0,0.0,True
33544838,2021,0.625,0.0,0.375,True
33544969,2022,1.0,0.0,0.0,True
33544972,2021,1.0,0.0,0.0,True
33547079,2021,0.1111111111111111,0.4444444444444444,0.4444444444444444,True
33547292,2021,0.3333333333333333,0.0,0.6666666666666666,True
33547668,2021,0.25,0.0,0.75,True
33548230,2021,0.0,0.45454545454545453,0.5454545454545454,True
33549601,2021,0.5,0.0,0.5,True
33549870,2022,1.0,0.0,0.0,True
33550379,2021,0.6,0.0,0.4,True
33550636,2021,1.0,0.0,0.0,True
33551026,2021,1.0,0.0,0.0,True
33551039,2021,0.5,0.5,0.0,True
33551757,2021,0.0,0.4,0.6,True
33551759,2021,0.14285714285714285,0.5714285714285714,0.2857142857142857,True
33551992,2021,1.0,0.0,0.0,True
33552235,2020,1.0,0.0,0.0,True
33553467,2020,0.6666666666666666,0.0,0.3333333333333333,True
33553996,2020,1.0,0.0,0.0,True
33554060,2021,0.125,0.125,0.75,True
33554351,2021,1.0,0.0,0.0,True
33554391,2021,1.0,0.0,0.0,True
33554406,2021,1.0,0.0,0.0,True
33554577,2021,1.0,0.0,0.0,True
33554969,2021,0.3333333333333333,0.0,0.6666666666666666,True
33555093,2021,0.0,0.3333333333333333,0.6666666666666666,True
33555168,2021,1.0,0.0,0.0,True
33555295,2021,0.0,0.3333333333333333,0.6666666666666666,True
33555973,2020,0.0,0.0,1.0,True
33556048,2020,0.5,0.5,0.0,True
33556144,2021,0.14285714285714285,0.0,0.8571428571428571,True
33556161,2021,0.25,0.5,0.25,True
33556791,2021,1.0,0.0,0.0,True
33556964,2021,0.25,0.0,0.75,True
33557368,2021,0.16666666666666666,0.0,0.8333333333333334,True
33557541,2021,0.0,0.0,0.0,True
33558242,2021,0.14285714285714285,0.0,0.8571428571428571,True
33558326,2021,0.5,0.0,0.5,True
33558336,2021,0.14285714285714285,0.5714285714285714,0.2857142857142857,True
33558674,2021,0.5,0.0,0.5,True
33558680,2022,1.0,0.0,0.0,True
33558725,2021,0.25,0.0,0.75,True
33558983,2021,1.0,0.0,0.0,True
33559089,2022,1.0,0.0,0.0,True
33559393,2021,1.0,0.0,0.0,True
33559681,2021,0.75,0.25,0.0,True
33560411,2021,1.0,0.0,0.0,True
33560694,2022,1.0,0.0,0.0,True
33561016,2021,0.2857142857142857,0.7142857142857143,0.0,True
33561389,2021,0.0,1.0,0.0,True
33561422,2021,0.1,0.1,0.8,True
33563263,2021,1.0,0.0,0.0,True
33563283,2021,0.0,0.0,1.0,True
33563358,2021,1.0,0.0,0.0,True
33563728,2021,1.0,0.0,0.0,True
33563972,2021,0.0,0.3333333333333333,0.6666666666666666,True
33563989,2021,0.0,0.6666666666666666,0.3333333333333333,True
33564758,2021,0.16666666666666666,0.0,0.8333333333333334,True
33564783,2021,1.0,0.0,0.0,True
33565025,2022,0.0,0.0,0.0,True
33565654,2021,1.0,0.0,0.0,True
33566638,2021,1.0,0.0,0.0,True
33567193,2021,0.5555555555555556,0.2222222222222222,0.2222222222222222,True
33567448,2021,0.6666666666666666,0.0,0.3333333333333333,True
33567578,2021,0.2,0.8,0.0,True
33568140,2021,0.75,0.0,0.25,True
33568190,2021,1.0,0.0,0.0,True
33568347,2021,0.14285714285714285,0.5714285714285714,0.2857142857142857,True
33568460,2021,0.3333333333333333,0.0,0.6666666666666666,True
33568644,2021,0.0,0.0,1.0,True
33568819,2021,1.0,0.0,0.0,True
33569048,2021,0.0,1.0,0.0,True
33569054,2021,0.0,0.5,0.5,True
33569311,2021,0.25,0.0,0.75,True
33569577,2021,0.2222222222222222,0.0,0.7777777777777778,True
33569737,2021,1.0,0.0,0.0,True
33570622,2021,0.25,0.0,0.75,True
33570638,2021,0.0,0.5,0.5,True
33570958,2021,0.0,0.0,0.0,True
33571169,2021,0.3333333333333333,0.0,0.6666666666666666,True
33571639,2021,0.0,0.0,1.0,True
33572119,2021,1.0,0.0,0.0,True
33572803,2021,0.0,0.6,0.4,True
33572859,2021,0.2,0.4,0.4,True
33573382,2021,0.0,0.0,1.0,True
33574087,2021,0.0,0.5555555555555556,0.4444444444444444,True
33574088,2021,0.5,0.0,0.5,True
33574178,2021,0.0,0.5714285714285714,0.42857142857142855,True
33574236,2021,0.0,0.5,0.5,True
33574462,2021,0.6,0.2,0.2,True
33574564,2021,1.0,0.0,0.0,True
33574613,2021,0.0,0.1111111111111111,0.8888888888888888,True
33574619,2021,0.0,0.3333333333333333,0.6666666666666666,True
33575118,2021,0.3333333333333333,0.0,0.6666666666666666,True
33575208,2021,0.75,0.0,0.25,True
33575476,2020,0.2,0.0,0.8,True
33576783,2021,1.0,0.0,0.0,True
33577797,2021,0.16666666666666666,0.0,0.8333333333333334,True
33578791,2021,1.0,0.0,0.0,True
33579300,2021,1.0,0.0,0.0,True
33580091,2021,0.25,0.0,0.75,True
33580238,2021,0.5,0.0,0.5,True
33582134,2021,0.5,0.0,0.5,True
33582145,2021,0.0,0.75,0.25,True
33582300,2021,0.6666666666666666,0.0,0.3333333333333333,True
33583045,2021,1.0,0.0,0.0,True
33584652,2021,1.0,0.0,0.0,True
33585589,2021,1.0,0.0,0.0,True
33587436,2021,0.5,0.0,0.5,True
33587482,2021,0.0,1.0,0.0,True
33587505,2021,0.8571428571428571,0.0,0.14285714285714285,True
33587510,2021,0.625,0.125,0.25,True
33588041,2021,1.0,0.0,0.0,True
33588322,2021,1.0,0.0,0.0,True
33588869,2021,1.0,0.0,0.0,True
33589424,2021,0.5,0.0,0.5,True
33589519,2021,0.1111111111111111,0.4444444444444444,0.4444444444444444,True
33589583,2021,0.0,0.0,0.0,True
33589693,2021,0.0,0.0,0.0,True
33589740,2021,0.0,0.5,0.5,True
33589832,2021,0.0,0.8,0.2,True
33589841,2021,1.0,0.0,0.0,True
33589924,2021,0.3333333333333333,0.0,0.6666666666666666,True
33590300,2021,1.0,0.0,0.0,True
33590501,2021,0.3333333333333333,0.0,0.6666666666666666,True
33590757,2021,0.16666666666666666,0.0,0.8333333333333334,True
33591273,2021,0.0,0.5,0.5,True
33591953,2021,0.8,0.0,0.2,True
33591981,2021,0.14285714285714285,0.42857142857142855,0.42857142857142855,True
33592090,2021,1.0,0.0,0.0,True
33592317,2021,0.6666666666666666,0.0,0.3333333333333333,True
33592464,2021,1.0,0.0,0.0,True
33592625,2021,0.0,0.3333333333333333,0.6666666666666666,True
33593918,2021,0.2,0.0,0.8,True
33593981,2021,0.08333333333333333,0.16666666666666666,0.75,True
33594055,2021,0.16666666666666666,0.0,0.8333333333333334,True
33594163,2021,0.0,0.0,0.0,True
33594256,2021,0.09090909090909091,0.2727272727272727,0.6363636363636364,False
33594360,2021,0.0,0.0,1.0,True
33594367,2021,0.125,0.25,0.625,True
33594376,2021,0.2857142857142857,0.0,0.7142857142857143,True
33594380,2021,0.3333333333333333,0.3333333333333333,0.3333333333333333,True
33594772,2021,0.6666666666666666,0.3333333333333333,0.0,True
33595168,2021,0.8571428571428571,0.0,0.14285714285714285,True
33595445,2021,1.0,0.0,0.0,True
33595662,2021,0.8,0.0,0.2,True
33596074,2021,0.0,0.0,1.0,True
33596183,2021,1.0,0.0,0.0,True
33596417,2021,0.0,1.0,0.0,True
33596594,2021,0.5,0.0,0.5,True
33596766,2022,1.0,0.0,0.0,True
33597508,2021,1.0,0.0,0.0,True
33597521,2021,0.5,0.0,0.5,True
33597751,2021,0.25,0.0,0.75,True
33598517,2021,0.0,0.0,1.0,True
33598853,2021,1.0,0.0,0.0,True
33599611,2021,0.0,0.6666666666666666,0.3333333333333333,True
33600085,2021,0.0,1.0,0.0,True
33600418,2021,0.0,0.75,0.25,True
33600506,2021,0.0,0.6666666666666666,0.3333333333333333,True
33601057,2021,0.3333333333333333,0.0,0.6666666666666666,True
33601166,2021,1.0,0.0,0.0,True
33601339,2021,0.16666666666666666,0.0,0.8333333333333334,True
33601544,2021,0.0,0.0,1.0,True
33601596,2021,0.0,0.0,1.0,True
33601729,2021,1.0,0.0,0.0,True
33602696,2021,0.25,0.5,0.25,True
33602856,2021,0.1111111111111111,0.0,0.8888888888888888,True
33602873,2021,0.0,0.3333333333333333,0.6666666666666666,True
33602956,2021,0.0,0.25,0.75,True
33603002,2021,1.0,0.0,0.0,True
33605175,2021,0.0,0.75,0.25,True
33605986,2021,0.0,0.4,0.6,True
33606018,2021,0.5,0.0,0.5,True
33607339,2021,1.0,0.0,0.0,True
33608267,2021,0.3333333333333333,0.0,0.6666666666666666,True
33608378,2021,1.0,0.0,0.0,True
33608536,2021,0.3333333333333333,0.0,0.6666666666666666,True
33608566,2021,0.8181818181818182,0.0,0.18181818181818182,True
33610557,2021,0.2,0.4,0.4,True
33610678,2021,0.16666666666666666,0.5,0.3333333333333333,True
33610792,2021,0.3333333333333333,0.0,0.6666666666666666,True
33611075,2021,1.0,0.0,0.0,True
33611592,2021,1.0,0.0,0.0,True
33611730,2022,1.0,0.0,0.0,True
33613436,2021,0.5,0.25,0.25,True
33615058,2020,1.0,0.0,0.0,True
33615179,2020,0.0,0.5,0.5,True
33615281,2021,0.25,0.75,0.0,True
33615447,2021,1.0,0.0,0.0,True
33615670,2021,1.0,0.0,0.0,True
33616039,2021,0.0,0.42857142857142855,0.5714285714285714,True
33616082,2021,0.2,0.0,0.8,True
33616097,2021,0.3333333333333333,0.0,0.6666666666666666,True
33616159,2022,1.0,0.0,0.0,True
33616283,2021,1.0,0.0,0.0,True
33616392,2021,0.5,0.5,0.0,True
33616658,2021,0.5,0.0,0.5,True
33616662,2021,1.0,0.0,0.0,True
33617528,2021,0.0,1.0,0.0,True
33617899,2021,0.0,0.18181818181818182,0.8181818181818182,True
33618670,2021,0.6666666666666666,0.0,0.3333333333333333,True
33619160,2021,0.5,0.0,0.5,True
33619371,2021,1.0,0.0,0.0,True
33619483,2021,0.2,0.1,0.7,True
33619494,2021,0.0,0.5,0.5,True
33619763,2021,0.0,0.2857142857142857,0.7142857142857143,True
33619770,2021,0.5,0.0,0.5,True
33620194,2021,0.0,0.0,1.0,True
33620214,2021,0.0,0.0,0.0,True
33620383,2021,0.16666666666666666,0.3333333333333333,0.5,True
33620405,2021,1.0,0.0,0.0,True
33620770,2021,0.0,1.0,0.0,True
33621209,2021,1.0,0.0,0.0,True
33621215,2021,0.0,0.5,0.5,True
33622461,2021,0.25,0.0,0.75,True
33622728,2021,0.0,0.6,0.4,True
33622857,2021,0.0,0.0,0.0,True
33623157,2021,0.5,0.0,0.5,True
33623984,2021,0.09090909090909091,0.36363636363636365,0.5454545454545454,True
33624066,2021,1.0,0.0,0.0,True
33624091,2022,1.0,0.0,0.0,True
33624124,2021,1.0,0.0,0.0,True
33624757,2021,1.0,0.0,0.0,True
33624802,2021,1.0,0.0,0.0,True
33625630,2021,1.0,0.0,0.0,True
33625768,2021,1.0,0.0,0.0,True
33626343,2021,0.0,0.3333333333333333,0.6666666666666666,True
33627164,2021,1.0,0.0,0.0,True
33627395,2021,0.125,0.5,0.375,True
33627472,2021,0.0,0.0,1.0,True
33627777,2021,1.0,0.0,0.0,True
33627785,2021,0.5,0.0,0.5,True
33627831,2021,0.09090909090909091,0.5454545454545454,0.36363636363636365,True
33627872,2021,0.0,0.75,0.25,True
33627875,2021,0.0,0.2222222222222222,0.7777777777777778,True
33628855,2021,0.0,0.0,0.0,True
33629115,2021,0.3333333333333333,0.6666666666666666,0.0,True
33629462,2021,0.5,0.0,0.5,True
33629685,2021,0.0,1.0,0.0,True
33629726,2021,1.0,0.0,0.0,True
33629936,2021,0.0,0.4444444444444444,0.5555555555555556,True
33630047,2021,0.75,0.0,0.25,True
33630954,2021,0.0,0.6666666666666666,0.3333333333333333,True
33630995,2021,0.5,0.0,0.5,True
33631697,2021,0.16666666666666666,0.0,0.8333333333333334,True
33632416,2021,1.0,0.0,0.0,True
33632805,2022,1.0,0.0,0.0,True
33632874,2021,0.25,0.5,0.25,True
33632898,2021,0.09090909090909091,0.2727272727272727,0.6363636363636364,True
33633251,2021,0.0,0.6,0.4,True
33633313,2021,0.14285714285714285,0.5714285714285714,0.2857142857142857,True
33633342,2021,0.875,0.0,0.125,True
33633731,2021,0.0,1.0,0.0,True
33633747,2021,0.2,0.6,0.2,True
33633966,2021,1.0,0.0,0.0,True
33634751,2021,0.2,0.2,0.6,False
33634768,2022,1.0,0.0,0.0,True
33635845,2021,0.5,0.0,0.5,True
33636119,2021,0.0,0.6666666666666666,0.3333333333333333,True
33636133,2021,0.0,0.5,0.5,True
33637630,2021,1.0,0.0,0.0,True
33637728,2021,0.0,0.18181818181818182,0.8181818181818182,True
33637737,2021,0.0,0.3333333333333333,0.6666666666666666,True
33638252,2021,1.0,0.0,0.0,True
33638875,2021,1.0,0.0,0.0,True
33638889,2021,1.0,0.0,0.0,True
33639338,2021,0.0,0.5,0.5,True
33641691,2021,1.0,0.0,0.0,True
33642973,2021,0.6666666666666666,0.0,0.3333333333333333,True
33643286,2021,0.6666666666666666,0.0,0.3333333333333333,True
33644537,2021,0.0,0.0,1.0,True
33644619,2021,0.75,0.0,0.25,True
33644966,2021,1.0,0.0,0.0,True
33646171,2021,1.0,0.0,0.0,True
33646717,2021,1.0,0.0,0.0,True
33646963,2021,0.5,0.0,0.5,True
33647226,2021,0.0,0.6666666666666666,0.3333333333333333,True
33647278,2021,0.0,1.0,0.0,True
33647315,2021,0.14285714285714285,0.14285714285714285,0.7142857142857143,True
33647370,2021,0.3333333333333333,0.25,0.4166666666666667,True
33647972,2021,1.0,0.0,0.0,True
33648612,2021,1.0,0.0,0.0,True
33648978,2021,0.5,0.0,0.5,True
33649200,2021,0.25,0.0,0.75,True
33649208,2021,0.5,0.0,0.5,True
33649225,2021,0.3333333333333333,0.0,0.6666666666666666,True
33649228,2021,0.25,0.0,0.75,True
33649303,2021,0.0,0.5714285714285714,0.42857142857142855,True
33649316,2021,0.0,0.2857142857142857,0.7142857142857143,True
33649557,2021,0.09090909090909091,0.0,0.9090909090909091,True
33650026,2021,0.14285714285714285,0.2857142857142857,0.5714285714285714,True
33650091,2021,0.0,0.6666666666666666,0.3333333333333333,True
33650125,2021,1.0,0.0,0.0,True
33650216,2021,0.0,0.75,0.25,True
33650257,2021,1.0,0.0,0.0,True
33651123,2021,0.0,0.0,0.0,True
33651438,2021,1.0,0.0,0.0,True
33651712,2021,0.09090909090909091,0.2727272727272727,0.6363636363636364,True
33651717,2021,0.5,0.0,0.5,True
33651853,2021,0.0,1.0,0.0,True
33652895,2021,0.42857142857142855,0.2857142857142857,0.2857142857142857,True
33653216,2021,1.0,0.0,0.0,True
33653809,2021,1.0,0.0,0.0,True
33653959,2021,0.0,0.6666666666666666,0.3333333333333333,True
33654101,2021,0.16666666666666666,0.3333333333333333,0.5,True
33654106,2021,0.1111111111111111,0.5555555555555556,0.3333333333333333,True
33654672,2021,0.16666666666666666,0.3333333333333333,0.5,True
33655252,2021,0.5,0.0,0.5,True
33655255,2021,0.25,0.0,0.75,True
33656940,2022,1.0,0.0,0.0,True
33657136,2021,1.0,0.0,0.0,True
33657221,2021,0.875,0.0,0.125,True
33657295,2021,1.0,0.0,0.0,True
33657395,2021,0.0,0.6666666666666666,0.3333333333333333,True
33658195,2021,0.0,0.0,1.0,True
33658209,2021,0.5,0.0,0.5,True
33658234,2021,0.3333333333333333,0.6666666666666666,0.0,True
33658297,2021,0.125,0.5,0.375,True
33658354,2021,0.3333333333333333,0.0,0.6666666666666666,True
33658361,2021,0.25,0.0,0.75,True
33658605,2021,0.5,0.0,0.5,True
33658942,2021,0.0,0.0,1.0,True
33659039,2021,1.0,0.0,0.0,True
33659052,2020,0.0,0.0,1.0,True
33660221,2021,1.0,0.0,0.0,True
33660319,2021,0.5,0.0,0.5,True
33661274,2021,0.5714285714285714,0.0,0.42857142857142855,True
33661302,2021,0.42857142857142855,0.14285714285714285,0.42857142857142855,True
33661303,2021,0.7272727272727273,0.09090909090909091,0.18181818181818182,True
33661398,2021,1.0,0.0,0.0,True
33661412,2021,0.75,0.0,0.25,True
33661941,2021,0.0,0.6,0.4,True
33662027,2021,0.2,0.0,0.8,True
33662111,2021,0.0,0.75,0.25,True
33662127,2021,0.0,0.75,0.25,True
33662277,2021,0.25,0.0,0.75,True
33662400,2021,0.0,0.4444444444444444,0.5555555555555556,True
33662762,2021,0.0,0.0,1.0,True
33663385,2021,0.0,0.75,0.25,True
33663781,2021,1.0,0.0,0.0,True
33664017,2021,1.0,0.0,0.0,True
33664086,2021,0.8,0.0,0.2,True
33664226,2021,1.0,0.0,0.0,True
33664294,2021,0.8888888888888888,0.0,0.1111111111111111,True
33664415,2021,0.625,0.0,0.375,True
33664730,2021,0.1111111111111111,0.0,0.8888888888888888,True
33665124,2021,1.0,0.0,0.0,True
33665226,2021,0.14285714285714285,0.0,0.8571428571428571,True
33665240,2021,0.1111111111111111,0.3333333333333333,0.5555555555555556,True
33665348,2021,1.0,0.0,0.0,True
33665639,2021,0.5,0.0,0.5,True
33666345,2021,0.0,1.0,0.0,True
33667128,2021,1.0,0.0,0.0,True
33667181,2021,1.0,0.0,0.0,True
33667467,2021,1.0,0.0,0.0,True
33667672,2021,1.0,0.0,0.0,True
33667677,2022,0.875,0.0,0.125,True
33667782,2021,1.0,0.0,0.0,True
33667877,2021,0.0,0.4,0.6,True
33669155,2021,0.0,0.0,1.0,True
33669611,2021,0.125,0.125,0.75,True
33670149,2021,1.0,0.0,0.0,True
33671567,2021,0.3333333333333333,0.6666666666666666,0.0,True
33672048,2021,0.3333333333333333,0.0,0.6666666666666666,True
33672268,2021,0.125,0.0,0.875,True
33672628,2021,0.25,0.25,0.5,True
33673603,2021,0.0,0.5,0.5,True
33674093,2021,1.0,0.0,0.0,True
33674100,2021,1.0,0.0,0.0,True
33674212,2021,0.5,0.0,0.5,True
33674279,2021,1.0,0.0,0.0,True
33674380,2021,0.5,0.0,0.5,True
33674590,2021,0.1111111111111111,0.2222222222222222,0.6666666666666666,True
33674593,2021,0.1111111111111111,0.4444444444444444,0.4444444444444444,True
33674766,2021,0.8,0.0,0.2,True
33675279,2021,0.5,0.0,0.5,True
33675650,2021,1.0,0.0,0.0,True
33675846,2021,0.3333333333333333,0.6666666666666666,0.0,True
33676366,2021,0.375,0.625,0.0,True
33676403,2021,0.0,0.0,0.0,True
33676569,2021,0.25,0.0,0.75,True
33676819,2021,1.0,0.0,0.0,True
33676851,2021,1.0,0.0,0.0,True
33676924,2021,0.25,0.0,0.75,True
33677504,2021,1.0,0.0,0.0,True
33677553,2021,1.0,0.0,0.0,True
33678235,2021,0.5,0.0,0.5,True
33680990,2021,0.25,0.75,0.0,True
33681448,2021,1.0,0.0,0.0,True
33681459,2021,0.0,1.0,0.0,True
33681653,2021,0.75,0.0,0.25,True
33681786,2020,0.5,0.0,0.5,True
33682371,2021,0.6,0.0,0.4,True
33682858,2021,0.3333333333333333,0.3333333333333333,0.3333333333333333,True
33682938,2021,0.5,0.0,0.5,True
33683130,2021,0.0,0.0,1.0,True
33683313,2021,1.0,0.0,0.0,True
33683627,2021,1.0,0.0,0.0,True
33683982,2021,0.0,0.8,0.2,True
33684179,2021,0.0,0.5,0.5,True
33684916,2020,0.0,0.0,1.0,True
33685343,2021,0.0,0.42857142857142855,0.5714285714285714,True
33685519,2021,1.0,0.0,0.0,True
33685990,2021,0.1,0.3,0.6,True
33686174,2021,0.3333333333333333,0.6666666666666666,0.0,True
33686249,2021,1.0,0.0,0.0,True
33686613,2022,1.0,0.0,0.0,True
33686850,2021,0.0,0.0,1.0,True
33687142,2021,1.0,0.0,0.0,True
33687146,2021,1.0,0.0,0.0,True
33687917,2021,1.0,0.0,0.0,True
33688035,2021,0.14285714285714285,0.42857142857142855,0.42857142857142855,True
33688047,2021,0.1,0.2,0.7,True
33688625,2021,0.0,0.0,1.0,True
33688651,2021,1.0,0.0,0.0,True
33688652,2021,0.16666666666666666,0.3333333333333333,0.5,True
33688658,2021,0.3333333333333333,0.0,0.6666666666666666,True
33688659,2021,0.1111111111111111,0.5555555555555556,0.3333333333333333,True
33688677,2021,0.0,0.0,0.0,True
33688985,2021,0.5,0.0,0.5,True
33689082,2021,1.0,0.0,0.0,True
33689284,2021,0.0,0.8,0.2,True
33689461,2021,1.0,0.0,0.0,True
33689675,2021,1.0,0.0,0.0,True
33689822,2021,1.0,0.0,0.0,True
33689873,2021,0.08333333333333333,0.25,0.6666666666666666,True
33689906,2021,1.0,0.0,0.0,True
33690221,2021,0.0,0.75,0.25,True
33690842,2021,0.16666666666666666,0.5,0.3333333333333333,True
33691108,2021,0.25,0.0,0.75,True
33692109,2021,0.0,0.0,1.0,True
33692136,2021,0.5,0.0,0.5,True
33692176,2021,1.0,0.0,0.0,True
33692351,2021,1.0,0.0,0.0,True
33692457,2021,0.8333333333333334,0.0,0.16666666666666666,True
33692548,2021,0.2,0.2,0.6,False
33692906,2021,0.0,0.0,1.0,True
33693440,2021,1.0,0.0,0.0,True
33693571,2021,0.6,0.0,0.4,True
33693587,2021,0.5714285714285714,0.0,0.42857142857142855,True
33693588,2021,1.0,0.0,0.0,True
33693614,2021,1.0,0.0,0.0,True
33693880,2021,0.5,0.0,0.5,True
33703868,2021,1.0,0.0,0.0,True
33704064,2021,0.0,0.0,1.0,True
33704446,2021,0.5,0.5,0.0,True
33704460,2021,1.0,0.0,0.0,True
33705358,2021,0.0,1.0,0.0,True
33705692,2021,0.16666666666666666,0.0,0.8333333333333334,True
33705710,2021,0.0,0.0,1.0,True
33705760,2021,0.16666666666666666,0.0,0.8333333333333334,True
33706661,2022,1.0,0.0,0.0,True
33706867,2021,1.0,0.0,0.0,True
33707014,2021,0.0,0.6666666666666666,0.3333333333333333,True
33707208,2021,0.0,0.75,0.25,True
33707571,2021,0.0,0.0,0.0,True
33707581,2021,1.0,0.0,0.0,True
33707772,2021,0.5,0.0,0.5,True
33707773,2021,0.25,0.75,0.0,True
33708112,2021,0.0,0.0,1.0,True
33708139,2021,1.0,0.0,0.0,True
33708388,2020,0.0,0.0,0.0,True
33708401,2021,0.0,0.0,1.0,True
33708626,2021,0.4,0.0,0.6,True
33709018,2020,0.0,0.0,1.0,True
33709142,2021,0.6666666666666666,0.0,0.3333333333333333,True
33710014,2021,0.5,0.0,0.5,True
33710022,2021,0.25,0.0,0.75,True
33710282,2021,1.0,0.0,0.0,True
33710649,2021,1.0,0.0,0.0,False
33711076,2021,0.0,1.0,0.0,True
33711246,2021,0.16666666666666666,0.0,0.8333333333333334,True
33711910,2021,1.0,0.0,0.0,True
33712377,2023,1.0,0.0,0.0,True
33712380,2021,1.0,0.0,0.0,True
33712461,2021,0.0,0.14285714285714285,0.8571428571428571,True
33712604,2021,0.0,0.25,0.75,True
33712740,2021,0.0,0.5714285714285714,0.42857142857142855,True
33712802,2021,0.25,0.5,0.25,True
33712835,2021,1.0,0.0,0.0,True
33712848,2021,1.0,0.0,0.0,True
33713608,2021,1.0,0.0,0.0,True
33713619,2021,0.6666666666666666,0.0,0.3333333333333333,True
33713643,2021,0.2,0.0,0.8,True
33713679,2021,1.0,0.0,0.0,True
33713735,2021,1.0,0.0,0.0,True
33713800,2021,0.0,1.0,0.0,True
33716049,2021,0.3333333333333333,0.0,0.6666666666666666,True
33716050,2021,0.16666666666666666,0.0,0.8333333333333334,True
33716137,2021,0.3333333333333333,0.3333333333333333,0.3333333333333333,True
33716356,2020,1.0,0.0,0.0,True
33717122,2021,0.0,0.5,0.5,True
33717194,2021,0.2,0.0,0.8,True
33717202,2021,0.0,0.4,0.6,True
33718323,2021,1.0,0.0,0.0,True
33718970,2021,0.3333333333333333,0.0,0.6666666666666666,True
33719106,2021,0.6,0.4,0.0,True
33719340,2021,0.5,0.0,0.5,True
33719500,2021,0.0,1.0,0.0,True
33719903,2021,1.0,0.0,0.0,True
33719915,2021,0.125,0.375,0.5,True
33719931,2021,1.0,0.0,0.0,True
33720008,2021,0.2,0.4,0.4,True
33720118,2021,0.0,0.5,0.5,True
33720337,2021,0.5,0.0,0.5,True
33720905,2021,0.8,0.0,0.2,True
33721086,2022,1.0,0.0,0.0,True
33722046,2021,0.0,0.0,0.0,True
33722709,2021,1.0,0.0,0.0,True
33722902,2021,0.0,0.5,0.5,True
33723070,2021,1.0,0.0,0.0,True
33723304,2021,0.0,0.14285714285714285,0.8571428571428571,True
33723418,2021,0.3333333333333333,0.3333333333333333,0.3333333333333333,False
33723462,2021,0.5,0.0,0.5,True
33724063,2021,1.0,0.0,0.0,True
33724513,2021,1.0,0.0,0.0,True
33724547,2021,0.5,0.0,0.5,True
33724957,2021,0.125,0.375,0.5,True
33725211,2021,0.625,0.0,0.375,True
33725478,2021,0.0,0.6,0.4,True
33727096,2021,0.0,1.0,0.0,True
33727347,2021,0.16666666666666666,0.0,0.8333333333333334,True
33727594,2021,0.5,0.0,0.5,True
33728278,2021,0.125,0.25,0.625,True
33729186,2022,1.0,0.0,0.0,True
33729437,2021,1.0,0.0,0.0,True
33729508,2021,1.0,0.0,0.0,True
33729798,2021,1.0,0.0,0.0,True
33730454,2021,0.8,0.0,0.2,True
33730471,2021,0.5,0.0,0.5,True
33731141,2021,1.0,0.0,0.0,True
33731348,2021,0.2,0.6,0.2,True
33731409,2021,1.0,0.0,0.0,True
33731671,2021,0.5,0.0,0.5,True
33731741,2021,0.16666666666666666,0.3333333333333333,0.5,True
33731830,2021,0.0,0.5,0.5,True
33731925,2021,0.25,0.0,0.75,True
33732238,2021,0.25,0.0,0.75,True
33734005,2021,0.5,0.0,0.5,True
33734555,2021,0.07692307692307693,0.38461538461538464,0.5384615384615384,True
33735267,2021,1.0,0.0,0.0,True
33735912,2021,0.3333333333333333,0.0,0.6666666666666666,True
33736677,2021,1.0,0.0,0.0,True
33736682,2021,1.0,0.0,0.0,True
33737210,2021,1.0,0.0,0.0,True
33737296,2021,0.3333333333333333,0.0,0.6666666666666666,True
33737297,2021,0.75,0.0,0.25,True
33737303,2021,1.0,0.0,0.0,True
33737574,2021,0.2,0.0,0.8,True
33737586,2021,1.0,0.0,0.0,True
33737657,2021,0.2,0.6,0.2,True
33737751,2021,0.14285714285714285,0.2857142857142857,0.5714285714285714,True
33737869,2021,0.5,0.0,0.5,True
33737877,2021,0.375,0.125,0.5,True
33737949,2021,1.0,0.0,0.0,True
33738064,2021,0.2,0.0,0.8,True
33738124,2021,0.5714285714285714,0.14285714285714285,0.2857142857142857,True
33738325,2021,0.1,0.3,0.6,True
33738691,2022,1.0,0.0,0.0,True
33739339,2021,1.0,0.0,0.0,True
33739417,2021,1.0,0.0,0.0,True
33740060,2021,1.0,0.0,0.0,True
33740099,2021,0.5,0.0,0.5,True
33740353,2021,1.0,0.0,0.0,True
33740421,2021,0.0,0.4,0.6,True
33740447,2021,1.0,0.0,0.0,True
33740813,2021,0.16666666666666666,0.0,0.8333333333333334,True
33740872,2021,0.3333333333333333,0.6666666666666666,0.0,True
33740890,2021,1.0,0.0,0.0,True
33741046,2021,0.1111111111111111,0.4444444444444444,0.4444444444444444,True
33741075,2021,0.0,0.0,1.0,True
33741265,2021,1.0,0.0,0.0,True
33741711,2021,0.0,0.6666666666666666,0.3333333333333333,True
33741731,2021,0.1,0.4,0.5,True
33741910,2021,0.0,0.0,1.0,True
33741916,2021,0.25,0.0,0.75,True
33741942,2021,0.25,0.25,0.5,True
33741944,2021,0.1,0.1,0.8,True
33741986,2021,0.4,0.2,0.4,True
33741997,2021,0.3333333333333333,0.0,0.6666666666666666,True
33742095,2021,0.0,0.4444444444444444,0.5555555555555556,True
33742192,2021,1.0,0.0,0.0,True
33742650,2021,0.0,0.5,0.5,True
33742785,2021,1.0,0.0,0.0,True
33743541,2021,1.0,0.0,0.0,True
33744279,2021,0.0,1.0,0.0,True
33744514,2021,0.14285714285714285,0.7142857142857143,0.14285714285714285,True
33744914,2021,1.0,0.0,0.0,True
33744939,2021,0.3333333333333333,0.0,0.6666666666666666,True
33745492,2022,1.0,0.0,0.0,True
33745886,2021,1.0,0.0,0.0,False
33747894,2021,0.18181818181818182,0.0,0.8181818181818182,True
33748696,2021,0.25,0.0,0.75,True
33748835,2021,1.0,0.0,0.0,True
33749317,2022,1.0,0.0,0.0,True
33749773,2021,0.5,0.0,0.5,True
33749793,2021,1.0,0.0,0.0,True
33750322,2021,1.0,0.0,0.0,True
33750380,2021,0.0,1.0,0.0,True
33751052,2021,0.0,0.14285714285714285,0.8571428571428571,True
33751371,2021,0.0,0.0,0.0,True
33751489,2021,0.6666666666666666,0.0,0.3333333333333333,True
33752181,2021,1.0,0.0,0.0,True
33752225,2021,0.0,0.3333333333333333,0.6666666666666666,True
33752368,2021,0.0,0.0,1.0,True
33752373,2021,0.0,0.0,1.0,True
33752588,2021,1.0,0.0,0.0,True
33752734,2021,0.7142857142857143,0.0,0.2857142857142857,True
33752803,2021,0.8,0.0,0.2,True
33752880,2021,0.8,0.0,0.2,True
33753341,2021,0.0,1.0,0.0,True
33753454,2021,0.0,0.75,0.25,True
33753464,2021,0.0,0.16666666666666666,0.8333333333333334,True
33753466,2021,0.1111111111111111,0.0,0.8888888888888888,True
33753491,2021,0.0,0.5,0.5,True
33753828,2021,1.0,0.0,0.0,True
33753867,2021,0.2,0.0,0.8,True
33754082,2021,0.125,0.0,0.875,True
33754147,2021,0.125,0.5,0.375,True
33754230,2022,0.5,0.0,0.5,True
33754642,2021,1.0,0.0,0.0,True
33754887,2021,1.0,0.0,0.0,True
33755090,2021,1.0,0.0,0.0,True
33755265,2021,1.0,0.0,0.0,True
33755597,2021,0.25,0.0,0.75,True
33755731,2021,0.3333333333333333,0.0,0.6666666666666666,True
33756448,2021,1.0,0.0,0.0,True
33757115,2021,1.0,0.0,0.0,True
33757283,2021,0.5,0.0,0.5,True
33757807,2021,0.0,1.0,0.0,True
33757935,2021,1.0,0.0,0.0,True
33758081,2021,0.0,0.0,1.0,True
33758417,2021,0.25,0.5,0.25,True
33758840,2021,0.3333333333333333,0.0,0.6666666666666666,True
33758847,2021,0.0,0.6,0.4,True
33758883,2021,0.0,0.0,1.0,True
33758952,2021,0.2,0.0,0.8,True
33759395,2021,1.0,0.0,0.0,False
33761273,2021,1.0,0.0,0.0,True
33761345,2021,0.1,0.4,0.5,True
33761896,2021,0.1,0.2,0.7,True
33762304,2021,0.14285714285714285,0.2857142857142857,0.5714285714285714,True
33762322,2021,0.8,0.0,0.2,True
33762578,2021,0.36363636363636365,0.36363636363636365,0.2727272727272727,True
33762619,2021,0.16666666666666666,0.3333333333333333,0.5,True
33762730,2021,0.125,0.5,0.375,True
33762777,2021,1.0,0.0,0.0,True
33763229,2021,0.125,0.25,0.625,True
33763653,2021,0.4,0.1,0.5,True
33764298,2021,0.14285714285714285,0.2857142857142857,0.5714285714285714,True
33764710,2021,0.3333333333333333,0.0,0.6666666666666666,True
33764809,2021,1.0,0.0,0.0,True
33765177,2021,0.0,1.0,0.0,True
33765443,2021,0.1111111111111111,0.4444444444444444,0.4444444444444444,True
33765539,2021,1.0,0.0,0.0,True
33766516,2021,0.0,1.0,0.0,True
33766558,2021,0.0,0.5,0.5,True
33766833,2021,1.0,0.0,0.0,True
33767101,2021,0.8,0.2,0.0,True
33767203,2021,0.0,0.0,0.0,True
33767213,2021,0.75,0.0,0.25,True
33767344,2021,1.0,0.0,0.0,True
33767405,2021,0.5,0.0,0.5,True
33767446,2021,0.14285714285714285,0.0,0.8571428571428571,True
33767618,2021,0.5,0.0,0.5,True
33767914,2021,0.5,0.0,0.5,True
33768091,2021,0.0,0.6666666666666666,0.3333333333333333,True
33768525,2022,1.0,0.0,0.0,True
33768963,2021,1.0,0.0,0.0,True
33769060,2021,0.0,0.0,0.0,True
33769280,2021,0.16666666666666666,0.5,0.3333333333333333,True
33769540,2021,1.0,0.0,0.0,True
33769552,2022,0.5,0.0,0.5,True
33769768,2021,1.0,0.0,0.0,True
33769948,2021,0.0,0.16666666666666666,0.8333333333333334,True
33769951,2021,0.0,0.25,0.75,True
33770080,2021,0.5,0.0,0.5,True
33771185,2021,0.75,0.0,0.25,True
33771694,2021,0.75,0.0,0.25,True
33771765,2021,1.0,0.0,0.0,True
33771926,2021,0.14285714285714285,0.2857142857142857,0.5714285714285714,True
33771996,2021,0.1111111111111111,0.2222222222222222,0.6666666666666666,True
33772152,2021,1.0,0.0,0.0,True
33772246,2021,0.2,0.2,0.6,True
33772780,2021,0.25,0.0,0.75,True
33772889,2021,0.0,0.0,1.0,True
33773241,2021,0.6666666666666666,0.3333333333333333,0.0,True
33773443,2021,1.0,0.0,0.0,True
33773987,2021,0.125,0.0,0.875,True
33774928,2021,1.0,0.0,0.0,True
33775615,2021,1.0,0.0,0.0,True
33775617,2021,1.0,0.0,0.0,True
33775637,2021,0.0,0.0,1.0,True
33775813,2021,1.0,0.0,0.0,True
33776908,2021,0.25,0.75,0.0,True
33776937,2021,0.7142857142857143,0.0,0.2857142857142857,True
33777396,2020,1.0,0.0,0.0,True
33777639,2021,0.5,0.5,0.0,True
33777678,2021,0.0,0.25,0.75,True
33777704,2021,0.2,0.8,0.0,True
33778019,2021,1.0,0.0,0.0,True
33778356,2020,0.0,0.0,0.0,True
33778359,2021,1.0,0.0,0.0,True
33779547,2021,0.0,1.0,0.0,True
33779715,2021,1.0,0.0,0.0,True
33780268,2021,0.75,0.0,0.25,True
33780539,2021,0.25,0.75,0.0,True
33781338,2021,0.3333333333333333,0.0,0.6666666666666666,True
33782093,2022,1.0,0.0,0.0,True
33782178,2021,0.0,0.0,0.0,True
33783379,2021,1.0,0.0,0.0,True
33783833,2021,1.0,0.0,0.0,True
33784021,2021,1.0,0.0,0.0,True
33784186,2021,1.0,0.0,0.0,True
33784308,2021,0.0,0.0,1.0,True
33784346,2021,1.0,0.0,0.0,True
33784424,2021,0.5,0.0,0.5,False
33785256,2021,1.0,0.0,0.0,True
33785324,2021,1.0,0.0,0.0,True
33785481,2021,1.0,0.0,0.0,True
33785611,2021,0.0,0.6666666666666666,0.3333333333333333,True
33785631,2021,0.2,0.0,0.8,True
33785741,2021,0.3333333333333333,0.3333333333333333,0.3333333333333333,True
33785757,2021,0.0,0.0,1.0,True
33785863,2021,0.75,0.0,0.25,True
33786449,2021,1.0,0.0,0.0,True
33786456,2020,0.2,0.4,0.4,True
33786462,2021,0.0,0.25,0.75,True
33786615,2021,0.5454545454545454,0.0,0.45454545454545453,True
33787273,2021,0.14285714285714285,0.2857142857142857,0.5714285714285714,True
33788831,2021,0.3333333333333333,0.0,0.6666666666666666,True
33788899,2021,0.5,0.0,0.5,True
33788906,2021,1.0,0.0,0.0,True
33788925,2021,1.0,0.0,0.0,True
33788948,2021,0.0,0.6666666666666666,0.3333333333333333,True
33789012,2021,0.6666666666666666,0.0,0.3333333333333333,True
33789084,2021,0.25,0.0,0.75,True
33789118,2021,0.0,0.8333333333333334,0.16666666666666666,True
33789138,2021,0.0,1.0,0.0,True
33790284,2021,0.125,0.25,0.625,True
33790470,2021,0.6363636363636364,0.09090909090909091,0.2727272727272727,True
33790899,2021,0.0,0.4,0.6,True
33791689,2021,0.2,0.2,0.6,True
33791742,2021,0.5,0.0,0.5,True
33791771,2022,1.0,0.0,0.0,True
33791794,2021,1.0,0.0,0.0,True
33792561,2021,0.0,0.6,0.4,True
33792714,2021,0.3333333333333333,0.0,0.6666666666666666,True
33792717,2021,0.3333333333333333,0.0,0.6666666666666666,True
33792724,2021,1.0,0.0,0.0,True
33792966,2021,1.0,0.0,0.0,True
33793555,2021,0.0,0.5,0.5,True
33794145,2021,0.25,0.0,0.75,True
33794228,2021,1.0,0.0,0.0,True
33794302,2021,0.6666666666666666,0.0,0.3333333333333333,True
33794318,2021,0.3333333333333333,0.0,0.6666666666666666,True
33794361,2021,0.3333333333333333,0.6666666666666666,0.0,True
33795646,2021,1.0,0.0,0.0,True
33795649,2021,0.25,0.0,0.75,True
33795677,2021,0.8571428571428571,0.0,0.14285714285714285,True
33796130,2021,0.09090909090909091,0.0,0.9090909090909091,True
33796365,2021,0.5,0.0,0.5,True
33796638,2021,0.0,0.8,0.2,True
33796956,2021,0.5,0.25,0.25,True
33798259,2021,0.0,1.0,0.0,True
33798787,2021,0.0,0.375,0.625,True
33798940,2021,0.3333333333333333,0.0,0.6666666666666666,True
33799270,2021,1.0,0.0,0.0,True
33799403,2021,0.0,0.42857142857142855,0.5714285714285714,True
33800889,2021,0.0,0.0,1.0,True
33801352,2021,1.0,0.0,0.0,True
33801627,2021,0.0,0.0,1.0,True
33801661,2021,1.0,0.0,0.0,True
33801676,2021,0.5714285714285714,0.0,0.42857142857142855,True
33801811,2021,0.2,0.2,0.6,True
33802526,2021,0.0,0.3333333333333333,0.6666666666666666,True
33803144,2021,0.16666666666666666,0.16666666666666666,0.6666666666666666,True
33803302,2021,0.0,0.0,1.0,True
33803622,2021,0.16666666666666666,0.5,0.3333333333333333,True
33804469,2021,0.6666666666666666,0.3333333333333333,0.0,True
33804755,2021,0.5,0.0,0.5,True
33804774,2021,0.6666666666666666,0.0,0.3333333333333333,True
33804872,2021,0.3333333333333333,0.0,0.6666666666666666,True
33805301,2021,0.0,0.0,1.0,True
33806017,2021,0.2,0.0,0.8,True
33806166,2021,0.0,0.5714285714285714,0.42857142857142855,True
33806282,2021,0.0,0.0,1.0,True
33806346,2021,0.0,0.0,1.0,True
33807214,2021,0.0,0.75,0.25,True
33807288,2021,0.0,0.6666666666666666,0.3333333333333333,True
33807365,2021,0.0,0.0,1.0,True
33807514,2021,0.25,0.0,0.75,True
33807817,2021,1.0,0.0,0.0,True
33808076,2021,1.0,0.0,0.0,True
33808240,2021,1.0,0.0,0.0,True
33808881,2021,1.0,0.0,0.0,True
33809689,2021,0.0,0.0,1.0,False
33810313,2021,0.08333333333333333,0.3333333333333333,0.5833333333333334,True
33810884,2021,1.0,0.0,0.0,True
33811142,2021,1.0,0.0,0.0,True
33811160,2021,0.09090909090909091,0.2727272727272727,0.6363636363636364,True
33811727,2021,0.6,0.0,0.4,True
33811822,2021,0.5,0.0,0.5,True
33812847,2021,0.0,0.0,1.0,True
33812994,2021,0.2,0.2,0.6,True
33813007,2021,1.0,0.0,0.0,True
33813917,2021,0.5,0.0,0.5,True
33814188,2021,1.0,0.0,0.0,True
33814284,2021,1.0,0.0,0.0,True
33814435,2021,1.0,0.0,0.0,True
33815060,2021,0.1,0.1,0.8,True
33815322,2021,0.0,0.0,1.0,True
33815354,2021,0.0,0.5,0.5,True
33815380,2021,1.0,0.0,0.0,True
33815408,2021,0.5714285714285714,0.2857142857142857,0.14285714285714285,True
33815410,2021,0.7142857142857143,0.14285714285714285,0.14285714285714285,True
33816645,2021,0.5,0.0,0.5,True
33816653,2021,1.0,0.0,0.0,True
33817539,2021,1.0,0.0,0.0,True
33818291,2021,0.2,0.0,0.8,True
33818655,2021,0.2,0.0,0.8,True
33818810,2021,0.0,1.0,0.0,True
33819849,2021,1.0,0.0,0.0,True
33820799,2021,1.0,0.0,0.0,True
33820956,2021,0.16666666666666666,0.3333333333333333,0.5,True
33820958,2021,1.0,0.0,0.0,True
33821263,2021,0.2,0.0,0.8,True
33821267,2021,0.3333333333333333,0.16666666666666666,0.5,True
33821272,2021,0.0,0.4,0.6,True
33821743,2021,1.0,0.0,0.0,True
33822002,2021,1.0,0.0,0.0,True
33822083,2021,0.25,0.75,0.0,True
33822100,2021,1.0,0.0,0.0,True
33822494,2021,0.8,0.0,0.2,True
33822623,2021,0.125,0.5,0.375,True
33822649,2021,1.0,0.0,0.0,True
33822776,2021,0.0,0.6,0.4,True
33822828,2021,0.5555555555555556,0.1111111111111111,0.3333333333333333,True
33822908,2021,0.6,0.4,0.0,True
33823007,2021,1.0,0.0,0.0,True
33823128,2021,0.14285714285714285,0.42857142857142855,0.42857142857142855,True
33823129,2021,0.7333333333333333,0.0,0.26666666666666666,True
33823169,2021,0.5,0.0,0.5,True
33823555,2021,0.16666666666666666,0.0,0.8333333333333334,True
33823999,2021,0.6,0.0,0.4,True
33824317,2021,0.3333333333333333,0.0,0.6666666666666666,True
33824325,2021,0.16666666666666666,0.0,0.8333333333333334,True
33824333,2021,0.0,0.5,0.5,True
33824913,2021,0.0,1.0,0.0,True
33825681,2021,0.0,0.0,1.0,True
33826368,2021,0.125,0.25,0.625,True
33826369,2021,0.16666666666666666,0.0,0.8333333333333334,True
33826675,2021,0.25,0.0,0.75,True
33826696,2021,0.75,0.0,0.25,True
33826706,2021,1.0,0.0,0.0,True
33826898,2021,0.2,0.4,0.4,True
33827688,2021,0.25,0.75,0.0,True
33827897,2021,0.2,0.0,0.8,True
33827946,2021,0.16666666666666666,0.0,0.8333333333333334,True
33827983,2021,1.0,0.0,0.0,True
33828295,2021,0.08333333333333333,0.3333333333333333,0.5833333333333334,True
33828898,2020,0.6666666666666666,0.0,0.3333333333333333,True
33829156,2020,0.8,0.0,0.2,True
33829238,2021,1.0,0.0,0.0,True
33830019,2021,0.47368421052631576,0.21052631578947367,0.3157894736842105,True
33830080,2021,0.25,0.5,0.25,True
33831001,2021,0.1,0.2,0.7,True
33831133,2021,0.3333333333333333,0.0,0.6666666666666666,True
33831142,2021,0.1111111111111111,0.4444444444444444,0.4444444444444444,True
33831364,2021,0.3333333333333333,0.0,0.6666666666666666,True
33831375,2021,1.0,0.0,0.0,True
33831400,2021,1.0,0.0,0.0,True
33831509,2021,1.0,0.0,0.0,True
33831534,2021,0.0,1.0,0.0,True
33831560,2021,0.3333333333333333,0.0,0.6666666666666666,True
33831697,2021,0.3333333333333333,0.0,0.6666666666666666,True
33831782,2021,0.0,0.6666666666666666,0.3333333333333333,True
33831812,2021,0.6666666666666666,0.0,0.3333333333333333,True
33831946,2021,0.6666666666666666,0.0,0.3333333333333333,True
33832433,2021,1.0,0.0,0.0,True
33832973,2021,0.3333333333333333,0.0,0.6666666666666666,True
33833049,2021,0.0,0.5555555555555556,0.4444444444444444,True
33833224,2021,1.0,0.0,0.0,True
33833270,2021,0.0,0.5,0.5,True
33833330,2021,0.0,1.0,0.0,True
33833402,2022,0.0,1.0,0.0,True
33833410,2021,1.0,0.0,0.0,True
33833456,2021,0.0,0.75,0.25,True
33833479,2021,1.0,0.0,0.0,True
33834359,2021,0.16666666666666666,0.3333333333333333,0.5,True
33835023,2021,0.0,0.0,1.0,True
33835132,2021,0.6666666666666666,0.3333333333333333,0.0,True
33835683,2021,1.0,0.0,0.0,True
33835818,2021,1.0,0.0,0.0,True
33835855,2021,1.0,0.0,0.0,True
33836139,2021,1.0,0.0,0.0,True
33836219,2021,0.0,0.75,0.25,True
33836561,2021,0.16666666666666666,0.5,0.3333333333333333,True
33836872,2021,1.0,0.0,0.0,True
33837042,2021,0.125,0.375,0.5,True
33837058,2021,0.4444444444444444,0.0,0.5555555555555556,True
33837086,2021,0.5,0.5,0.0,True
33837212,2021,0.2,0.4,0.4,True
33837287,2021,0.16666666666666666,0.3333333333333333,0.5,True
33837407,2021,1.0,0.0,0.0,True
33837745,2021,0.16666666666666666,0.0,0.8333333333333334,True
33838214,2021,0.09090909090909091,0.2727272727272727,0.6363636363636364,True
33839147,2021,1.0,0.0,0.0,True
33839317,2021,1.0,0.0,0.0,True
33839584,2021,0.2,0.4,0.4,True
33839681,2021,0.0,0.0,1.0,True
33839684,2021,0.125,0.0,0.875,True
33839693,2021,1.0,0.0,0.0,True
33839774,2022,1.0,0.0,0.0,True
33840591,2021,0.0,0.0,1.0,True
33840726,2021,1.0,0.0,0.0,True
33841314,2021,1.0,0.0,0.0,True
33841894,2020,0.75,0.0,0.25,True
33842890,2020,1.0,0.0,0.0,True
33843930,2021,0.3333333333333333,0.6666666666666666,0.0,True
33844464,2021,0.3333333333333333,0.0,0.6666666666666666,True
33844539,2021,0.2,0.4,0.4,True
33844597,2021,1.0,0.0,0.0,True
33844969,2021,1.0,0.0,0.0,True
33845514,2021,0.3333333333333333,0.0,0.6666666666666666,True
33846112,2022,1.0,0.0,0.0,True
33846229,2021,1.0,0.0,0.0,True
33846335,2021,0.14285714285714285,0.5714285714285714,0.2857142857142857,True
33846644,2021,1.0,0.0,0.0,True
33846719,2021,1.0,0.0,0.0,True
33847515,2021,1.0,0.0,0.0,True
33848152,2021,0.5,0.0,0.5,True
33848174,2021,0.0,0.6666666666666666,0.3333333333333333,True
33848459,2021,0.0,0.6666666666666666,0.3333333333333333,True
33848478,2021,0.6,0.0,0.4,True
33849996,2021,0.5,0.0,0.5,True
33850196,2021,0.07692307692307693,0.38461538461538464,0.5384615384615384,True
33850301,2021,0.6666666666666666,0.0,0.3333333333333333,True
33851061,2021,0.0,0.0,0.0,True
33851157,2021,0.25,0.25,0.5,True
33851273,2021,1.0,0.0,0.0,True
33852009,2021,0.5,0.0,0.5,True
33852719,2021,0.2,0.0,0.8,True
33852720,2021,1.0,0.0,0.0,True
33852868,2021,0.0,0.5,0.5,True
33853351,2021,1.0,0.0,0.0,True
33853405,2021,0.0,1.0,0.0,True
33853689,2021,0.2,0.4,0.4,True
33853825,2021,0.14285714285714285,0.42857142857142855,0.42857142857142855,True
33853833,2021,0.5,0.0,0.5,True
33853847,2021,0.0,0.0,1.0,True
33853873,2021,0.25,0.0,0.75,True
33853959,2021,0.2,0.0,0.8,True
33854063,2021,0.0,0.4,0.6,True
33854103,2021,1.0,0.0,0.0,True
33854202,2022,0.3333333333333333,0.6666666666666666,0.0,True
33855304,2021,0.0,0.25,0.75,True
33855601,2021,0.0,0.6666666666666666,0.3333333333333333,True
33855846,2021,0.3333333333333333,0.0,0.6666666666666666,True
33855972,2021,0.0,0.6666666666666666,0.3333333333333333,True
33856023,2021,1.0,0.0,0.0,True
33856277,2021,1.0,0.0,0.0,True
33856461,2021,0.16666666666666666,0.6666666666666666,0.16666666666666666,True
33856839,2021,0.5,0.5,0.0,True
33857305,2021,0.0,0.3333333333333333,0.6666666666666666,True
33857330,2021,0.0,0.0,1.0,True
33857404,2021,0.0,0.5714285714285714,0.42857142857142855,True
33857424,2021,0.6666666666666666,0.0,0.3333333333333333,True
33857771,2021,1.0,0.0,0.0,True
33858332,2021,0.5,0.0,0.5,True
33859044,2021,0.0,0.5,0.5,True
33859190,2021,0.2,0.4,0.4,True
33859337,2021,0.0,0.4,0.6,True
33859356,2021,0.0,0.75,0.25,True
33859359,2021,1.0,0.0,0.0,True
33859547,2021,0.25,0.0,0.75,True
33860111,2021,0.0,1.0,0.0,True
33860117,2020,1.0,0.0,0.0,True
33860180,2020,0.6666666666666666,0.3333333333333333,0.0,True
33860193,2021,0.0,0.0,1.0,True
33860208,2021,0.0,1.0,0.0,True
33860215,2021,0.25,0.5,0.25,True
33860950,2021,1.0,0.0,0.0,True
33860962,2021,0.0,1.0,0.0,True
33861317,2021,1.0,0.0,0.0,True
33861500,2021,0.25,0.5,0.25,True
33861718,2021,0.5,0.0,0.5,False
33863344,2021,1.0,0.0,0.0,True
33863366,2021,0.5,0.0,0.5,True
33863402,2021,0.0,1.0,0.0,True
33863719,2021,0.0,0.75,0.25,True
33863751,2021,1.0,0.0,0.0,True
33863777,2021,0.14285714285714285,0.0,0.8571428571428571,True
33863806,2021,0.0,1.0,0.0,True
33863809,2021,1.0,0.0,0.0,True
33863887,2021,0.16666666666666666,0.5,0.3333333333333333,True
33863979,2021,0.0,0.0,1.0,True
33864019,2021,1.0,0.0,0.0,True
33864736,2021,0.8571428571428571,0.0,0.14285714285714285,True
33864815,2021,0.16666666666666666,0.5,0.3333333333333333,True
33865804,2021,0.5,0.0,0.5,True
33865872,2021,0.5714285714285714,0.0,0.42857142857142855,True
33866544,2022,0.0,0.0,0.0,True
33866797,2021,1.0,0.0,0.0,True
33867045,2021,1.0,0.0,0.0,True
33867837,2021,0.1,0.3,0.6,True
33868044,2021,0.5,0.25,0.25,True
33869678,2021,0.0,0.0,0.0,True
33870217,2021,1.0,0.0,0.0,True
33870238,2020,0.0,0.0,0.0,True
33870325,2020,1.0,0.0,0.0,True
33871617,2021,1.0,0.0,0.0,True
33872328,2021,0.8571428571428571,0.0,0.14285714285714285,True
33872375,2021,0.16666666666666666,0.0,0.8333333333333334,True
33872388,2021,1.0,0.0,0.0,True
33872627,2021,0.0,0.0,1.0,True
33874734,2021,1.0,0.0,0.0,True
33875299,2021,1.0,0.0,0.0,True
33875804,2021,1.0,0.0,0.0,True
33876203,2021,0.2,0.3,0.5,True
33876239,2021,1.0,0.0,0.0,True
33876327,2021,0.4,0.0,0.6,True
33876469,2021,1.0,0.0,0.0,True
33876560,2021,1.0,0.0,0.0,True
33876699,2021,0.16666666666666666,0.3333333333333333,0.5,True
33876723,2021,0.0,0.75,0.25,True
33876747,2021,1.0,0.0,0.0,True
33877513,2021,1.0,0.0,0.0,True
33878029,2021,0.5,0.0,0.5,True
33878254,2021,0.0,1.0,0.0,True
33878344,2021,0.0,0.3,0.7,True
33879585,2021,0.7142857142857143,0.0,0.2857142857142857,True
33879673,2021,0.75,0.0,0.25,True
33879819,2021,1.0,0.0,0.0,True
33880473,2022,0.1,0.1,0.8,True
33881563,2021,1.0,0.0,0.0,True
33881594,2021,0.0,0.0,0.0,True
33882014,2021,0.5,0.0,0.5,True
33882161,2021,1.0,0.0,0.0,True
33882289,2021,0.0,1.0,0.0,True
33882589,2023,1.0,0.0,0.0,True
33882749,2021,0.16666666666666666,0.3333333333333333,0.5,True
33883133,2021,0.0,0.0,1.0,True
33883138,2021,0.0,0.0,0.0,True
33883258,2021,0.42857142857142855,0.0,0.5714285714285714,True
33884143,2020,1.0,0.0,0.0,True
33884377,2020,1.0,0.0,0.0,True
33886433,2021,1.0,0.0,0.0,True
33886507,2021,0.0,0.6666666666666666,0.3333333333333333,True
33887194,2021,0.5714285714285714,0.0,0.42857142857142855,True
33887195,2021,1.0,0.0,0.0,True
33887205,2021,0.4444444444444444,0.2222222222222222,0.3333333333333333,True
33888242,2021,1.0,0.0,0.0,True
33888555,2021,0.0,0.4,0.6,True
33888584,2021,0.5,0.0,0.5,True
33888599,2021,1.0,0.0,0.0,True
33888600,2021,0.0,0.6666666666666666,0.3333333333333333,True
33888613,2021,0.0,0.42857142857142855,0.5714285714285714,True
33889675,2021,0.0,0.14285714285714285,0.8571428571428571,True
33889793,2021,0.25,0.0,0.75,True
33889934,2022,1.0,0.0,0.0,True
33890058,2021,1.0,0.0,0.0,True
33890705,2021,0.0,0.0,0.0,True
33890986,2021,0.8571428571428571,0.0,0.14285714285714285,True
33891012,2021,0.2,0.0,0.8,True
33891265,2021,0.25,0.5,0.25,True
33891544,2021,0.5714285714285714,0.2857142857142857,0.14285714285714285,True
33891889,2021,0.4444444444444444,0.0,0.5555555555555556,True
33892151,2021,0.0,0.5,0.5,True
33892719,2021,1.0,0.0,0.0,True
33893140,2021,0.0,0.75,0.25,True
33893307,2021,0.125,0.375,0.5,True
33894018,2021,0.6,0.0,0.4,True
33894177,2021,0.0,0.5,0.5,True
33894202,2021,0.25,0.0,0.75,True
33894945,2021,1.0,0.0,0.0,True
33895243,2021,0.5,0.0,0.5,True
33895327,2021,0.25,0.5,0.25,True
33895359,2022,1.0,0.0,0.0,True
33896016,2021,0.46153846153846156,0.23076923076923078,0.3076923076923077,True
33896441,2022,1.0,0.0,0.0,True
33896622,2021,1.0,0.0,0.0,True
33897375,2021,0.0,0.0,1.0,True
33897445,2021,0.0,0.2,0.8,True
33898047,2020,1.0,0.0,0.0,True
33898213,2021,0.5,0.5,0.0,True
33899001,2021,0.3333333333333333,0.0,0.6666666666666666,True
33899326,2021,1.0,0.0,0.0,True
33899963,2021,1.0,0.0,0.0,True
33901180,2021,0.1,0.5,0.4,True
33901246,2021,0.5,0.0,0.5,True
33901270,2021,1.0,0.0,0.0,True
33901317,2021,1.0,0.0,0.0,True
33901548,2021,1.0,0.0,0.0,True
33902430,2021,0.0,0.0,1.0,True
33902452,2021,0.0,0.8,0.2,True
33903166,2021,0.5,0.0,0.5,True
33903232,2021,0.125,0.0,0.875,True
33903635,2021,0.0,1.0,0.0,True
33904403,2021,0.5,0.0,0.5,True
33904622,2021,0.0,0.3333333333333333,0.6666666666666666,True
33904762,2021,1.0,0.0,0.0,True
33904992,2021,0.5,0.0,0.5,True
33905568,2021,0.25,0.5,0.25,True
33906493,2021,0.0,1.0,0.0,True
33906946,2021,0.16666666666666666,0.3333333333333333,0.5,True
33907233,2021,0.25,0.0,0.75,True
33907292,2021,0.3333333333333333,0.4444444444444444,0.2222222222222222,True
33907694,2021,0.25,0.0,0.75,True
33907752,2021,0.2,0.6,0.2,True
33907754,2021,0.2,0.0,0.8,True
33908131,2022,0.25,0.5,0.25,True
33908182,2021,1.0,0.0,0.0,True
33908897,2021,0.25,0.5,0.25,True
33909072,2021,0.8,0.0,0.2,True
33909184,2021,1.0,0.0,0.0,True
33909455,2021,1.0,0.0,0.0,True
33909525,2021,1.0,0.0,0.0,True
33910017,2021,0.5,0.0,0.5,True
33910227,2021,0.25,0.5,0.25,True
33910334,2022,1.0,0.0,0.0,True
33910563,2021,0.0,0.5714285714285714,0.42857142857142855,True
33910595,2021,0.0,0.6666666666666666,0.3333333333333333,True
33910615,2021,0.5,0.0,0.5,True
33911078,2021,0.25,0.75,0.0,True
33911196,2021,1.0,0.0,0.0,True
33911273,2021,0.0,0.75,0.25,True
33912043,2021,0.0,0.25,0.75,True
33913183,2021,1.0,0.0,0.0,True
33913590,2021,1.0,0.0,0.0,True
33913729,2021,0.0,0.0,1.0,True
33913741,2021,0.0,0.5,0.5,True
33914057,2021,0.5,0.0,0.5,True
33915875,2021,0.25,0.5,0.25,True
33916078,2021,0.3333333333333333,0.0,0.6666666666666666,True
33917085,2021,0.14285714285714285,0.5714285714285714,0.2857142857142857,True
33917779,2021,1.0,0.0,0.0,True
33918032,2021,1.0,0.0,0.0,True
33918289,2021,0.5,0.0,0.5,True
33918470,2021,0.0,0.5,0.5,True
33919115,2021,0.0,0.0,1.0,True
33919312,2021,0.14285714285714285,0.2857142857142857,0.5714285714285714,True
33919545,2021,1.0,0.0,0.0,True
33920062,2021,0.5,0.0,0.5,True
33920489,2021,0.5,0.0,0.5,True
33921938,2021,0.5,0.0,0.5,True
33922096,2021,0.16666666666666666,0.5,0.3333333333333333,True
33922222,2021,0.14285714285714285,0.7142857142857143,0.14285714285714285,True
33922642,2021,0.0,0.5,0.5,True
33924613,2021,0.14285714285714285,0.0,0.8571428571428571,True
33924639,2021,0.0,0.0,0.0,True
33924911,2021,0.7142857142857143,0.0,0.2857142857142857,True
33924956,2021,0.0,0.0,1.0,True
33925313,2021,0.0,0.6666666666666666,0.3333333333333333,True
33926208,2021,0.1111111111111111,0.3333333333333333,0.5555555555555556,True
33927182,2021,1.0,0.0,0.0,True
33927207,2021,0.0,0.42857142857142855,0.5714285714285714,True
33927342,2021,0.0,0.0,0.0,True
33928209,2021,1.0,0.0,0.0,True
33928632,2021,0.8,0.0,0.2,True
33929489,2021,1.0,0.0,0.0,True
33929848,2021,0.0,0.0,1.0,True
33929904,2021,0.0,0.5,0.5,True
33929906,2021,0.0,1.0,0.0,True
33930031,2021,0.14285714285714285,0.42857142857142855,0.42857142857142855,True
33930088,2021,0.3333333333333333,0.0,0.6666666666666666,True
33931109,2021,0.5,0.0,0.5,True
33931636,2021,0.0,0.375,0.625,True
33931760,2021,0.0,0.0,1.0,True
33932455,2021,0.0,0.4,0.6,True
33932537,2022,0.3333333333333333,0.0,0.6666666666666666,True
33933087,2021,1.0,0.0,0.0,True
33933144,2021,0.6666666666666666,0.0,0.3333333333333333,True
33933279,2021,1.0,0.0,0.0,True
33933283,2021,1.0,0.0,0.0,True
33933406,2021,0.0,0.6666666666666666,0.3333333333333333,True
33933476,2021,0.0,0.75,0.25,True
33933782,2021,0.14285714285714285,0.42857142857142855,0.42857142857142855,True
33934422,2021,0.25,0.0,0.75,True
33934723,2021,0.0,1.0,0.0,True
33934892,2021,0.0,0.75,0.25,True
33935761,2021,0.0,0.0,0.0,True
33936077,2021,1.0,0.0,0.0,True
33936456,2021,1.0,0.0,0.0,True
33936479,2021,1.0,0.0,0.0,True
33936506,2021,1.0,0.0,0.0,True
33937608,2021,1.0,0.0,0.0,True
33937611,2021,1.0,0.0,0.0,True
33937872,2021,0.0,0.5,0.5,True
33937910,2021,1.0,0.0,0.0,True
33938021,2021,1.0,0.0,0.0,True
33938323,2021,0.0,1.0,0.0,True
33938457,2021,0.25,0.75,0.0,True
33938613,2021,0.6666666666666666,0.0,0.3333333333333333,True
33938655,2021,0.8333333333333334,0.0,0.16666666666666666,True
33939050,2021,1.0,0.0,0.0,True
33939083,2021,0.0,0.0,1.0,True
33939204,2021,0.2,0.6,0.2,True
33939254,2021,0.5,0.0,0.5,True
33940087,2021,1.0,0.0,0.0,True
33940617,2021,0.25,0.0,0.75,True
33940642,2023,1.0,0.0,0.0,True
33940845,2021,0.0,0.0,1.0,True
33941168,2021,1.0,0.0,0.0,True
33941582,2021,1.0,0.0,0.0,True
33941653,2021,0.2,0.0,0.8,True
33941685,2021,0.16666666666666666,0.0,0.8333333333333334,True
33941775,2021,0.0,0.3333333333333333,0.6666666666666666,True
33941922,2021,0.3333333333333333,0.0,0.6666666666666666,True
33941937,2021,0.25,0.0,0.75,True
33942292,2021,0.6,0.0,0.4,True
33942921,2021,1.0,0.0,0.0,True
33945523,2021,0.16666666666666666,0.3333333333333333,0.5,True
33945821,2021,1.0,0.0,0.0,True
33945878,2021,0.0,1.0,0.0,True
33946976,2021,0.16666666666666666,0.0,0.8333333333333334,True
33947759,2021,0.0,0.0,1.0,True
33947857,2021,0.0,1.0,0.0,True
33947861,2021,0.0,0.25,0.75,True
33947961,2021,0.2857142857142857,0.5714285714285714,0.14285714285714285,True
33948577,2021,0.2,0.6,0.2,True
33948606,2021,1.0,0.0,0.0,True
33948607,2021,0.5,0.0,0.5,True
33948611,2021,0.5,0.0,0.5,True
33948907,2022,0.6,0.0,0.4,True
33949002,2021,0.3333333333333333,0.6666666666666666,0.0,True
33950204,2021,1.0,0.0,0.0,True
33950220,2021,1.0,0.0,0.0,True
33950229,2021,1.0,0.0,0.0,True
33950494,2021,0.0,0.5,0.5,True
33950553,2021,0.0,0.0,1.0,True
33951889,2021,0.5,0.0,0.5,True
33952035,2021,0.0,1.0,0.0,True
33952312,2021,0.0,1.0,0.0,True
33952648,2021,0.5555555555555556,0.0,0.4444444444444444,True
33952660,2021,0.08333333333333333,0.5,0.4166666666666667,True
33953168,2021,0.5294117647058824,0.17647058823529413,0.29411764705882354,True
33953328,2021,0.0,0.16666666666666666,0.8333333333333334,True
33953399,2021,0.0,0.8333333333333334,0.16666666666666666,True
33953926,2021,0.0,0.0,1.0,True
33954330,2021,0.0,0.0,1.0,True
33954879,2021,0.8,0.0,0.2,True
33955213,2021,0.25,0.5,0.25,True
33956057,2021,1.0,0.0,0.0,True
33956074,2021,0.5,0.25,0.25,True
33958168,2021,1.0,0.0,0.0,True
33958444,2021,0.16666666666666666,0.3333333333333333,0.5,True
33958486,2021,0.0,0.3333333333333333,0.6666666666666666,True
33958667,2021,0.0,0.6,0.4,False
33958989,2021,0.0,0.4,0.6,True
33959672,2021,0.0,0.0,1.0,True
33960038,2021,0.125,0.125,0.75,True
33960148,2021,0.5,0.0,0.5,True
33960279,2022,0.0,0.4,0.6,True
33960523,2021,1.0,0.0,0.0,True
33960930,2021,1.0,0.0,0.0,True
33961055,2021,0.3333333333333333,0.0,0.6666666666666666,True
33962485,2021,0.5,0.0,0.5,True
33962531,2021,1.0,0.0,0.0,True
33962943,2021,0.4,0.0,0.6,True
33963002,2021,1.0,0.0,0.0,True
33963087,2021,1.0,0.0,0.0,True
33963192,2021,0.25,0.25,0.5,True
33963748,2021,1.0,0.0,0.0,True
33964094,2021,1.0,0.0,0.0,True
33964859,2021,1.0,0.0,0.0,True
33965046,2021,1.0,0.0,0.0,True
33965189,2021,0.3333333333333333,0.0,0.6666666666666666,True
33966283,2021,1.0,0.0,0.0,True
33967725,2021,0.0,0.0,0.0,True
33967751,2021,1.0,0.0,0.0,True
33967818,2021,1.0,0.0,0.0,True
33968750,2021,0.0,0.0,0.0,True
33969317,2020,1.0,0.0,0.0,True
33969458,2022,1.0,0.0,0.0,True
33970129,2021,1.0,0.0,0.0,True
33970195,2021,0.5,0.0,0.5,True
33970242,2021,1.0,0.0,0.0,True
33970290,2021,1.0,0.0,0.0,True
33970966,2021,0.125,0.25,0.625,True
33971182,2021,0.0,0.5,0.5,True
33971664,2021,0.2,0.4,0.4,True
33972733,2021,0.14285714285714285,0.2857142857142857,0.5714285714285714,True
33972783,2021,0.3333333333333333,0.6666666666666666,0.0,True
33972947,2022,0.0,0.0,1.0,True
33973924,2022,1.0,0.0,0.0,True
33974366,2021,0.7142857142857143,0.0,0.2857142857142857,True
33974442,2021,1.0,0.0,0.0,True
33974707,2021,0.75,0.0,0.25,True
33974712,2021,1.0,0.0,0.0,True
33974903,2022,0.8571428571428571,0.0,0.14285714285714285,True
33975068,2021,1.0,0.0,0.0,True
33975707,2021,1.0,0.0,0.0,True
33975819,2021,0.8571428571428571,0.0,0.14285714285714285,True
33975952,2021,0.0,0.0,1.0,True
33976222,2021,0.1,0.5,0.4,True
33977199,2021,0.3333333333333333,0.0,0.6666666666666666,True
33978412,2021,0.16666666666666666,0.0,0.8333333333333334,True
33978635,2021,0.3333333333333333,0.3333333333333333,0.3333333333333333,True
33979561,2021,1.0,0.0,0.0,True
33979604,2021,0.2,0.4,0.4,True
33979606,2021,0.5,0.0,0.5,True
33979654,2021,0.16666666666666666,0.0,0.8333333333333334,True
33980480,2021,0.0,0.6666666666666666,0.3333333333333333,True
33980601,2021,0.3333333333333333,0.0,0.6666666666666666,True
33980611,2021,0.1111111111111111,0.3333333333333333,0.5555555555555556,True
33980856,2021,0.0,0.6,0.4,True
33980982,2021,0.625,0.0,0.375,True
33981223,2021,0.0,0.6666666666666666,0.3333333333333333,True
33981791,2021,0.5,0.5,0.0,True
33981950,2021,1.0,0.0,0.0,True
33983376,2021,0.5,0.5,0.0,True
33983387,2021,0.125,0.0,0.875,True
33983545,2021,0.6666666666666666,0.0,0.3333333333333333,True
33983685,2021,0.2,0.0,0.8,True
33983928,2021,0.0,0.6666666666666666,0.3333333333333333,True
33984020,2021,1.0,0.0,0.0,True
33984026,2021,0.2,0.0,0.8,True
33984062,2021,1.0,0.0,0.0,True
33984553,2021,1.0,0.0,0.0,True
33986298,2021,1.0,0.0,0.0,True
33986362,2021,0.125,0.5,0.375,True
33986376,2021,0.0,1.0,0.0,True
33987465,2021,1.0,0.0,0.0,True
33987535,2021,0.3333333333333333,0.0,0.6666666666666666,True
33987672,2021,0.0,1.0,0.0,True
33987754,2021,1.0,0.0,0.0,True
33989079,2021,0.0,0.6666666666666666,0.3333333333333333,True
33989604,2021,0.6666666666666666,0.0,0.3333333333333333,True
33989625,2021,1.0,0.0,0.0,True
33990140,2021,0.0,0.0,1.0,True
33990558,2021,0.0,0.8571428571428571,0.14285714285714285,True
33990566,2021,0.1,0.3,0.6,True
33990576,2021,0.125,0.125,0.75,True
33990770,2021,1.0,0.0,0.0,True
33990798,2021,0.0,0.0,0.0,True
33991113,2021,0.2,0.6,0.2,True
33991226,2021,1.0,0.0,0.0,True
33991295,2022,1.0,0.0,0.0,True
33991680,2021,0.5,0.5,0.0,True
33992989,2021,0.0,1.0,0.0,True
33993053,2021,0.3333333333333333,0.0,0.6666666666666666,True
33993160,2021,0.75,0.0,0.25,True
33993466,2021,0.75,0.0,0.25,True
33995317,2021,0.0,0.0,1.0,True
33995348,2021,1.0,0.0,0.0,True
33995384,2021,0.0,0.5,0.5,True
33996199,2021,0.0,0.0,1.0,True
33996223,2021,0.0,0.0,0.0,True
33996251,2021,0.14285714285714285,0.14285714285714285,0.7142857142857143,True
33996267,2021,0.5,0.0,0.5,True
33996396,2021,1.0,0.0,0.0,True
33997112,2021,1.0,0.0,0.0,True
33997152,2021,0.0,1.0,0.0,True
33997271,2021,0.0,0.0,1.0,True
33997311,2021,0.0,0.0,1.0,True
33997662,2021,0.0,0.0,1.0,True
33997712,2021,0.2,0.2,0.6,True
33997717,2021,1.0,0.0,0.0,True
33999949,2021,0.25,0.0,0.75,True
34000245,2021,0.75,0.0,0.25,True
34000417,2021,0.0,1.0,0.0,True
34001007,2021,0.0,0.0,1.0,True
34001658,2021,0.0,0.6666666666666666,0.3333333333333333,True
34001812,2021,0.0,1.0,0.0,True
34001891,2021,0.0,0.75,0.25,True
34001896,2021,0.25,0.5,0.25,True
34001954,2021,0.0,0.6,0.4,True
34001972,2021,0.1111111111111111,0.3333333333333333,0.5555555555555556,True
34002096,2021,0.5,0.0,0.5,True
34002497,2021,0.0,0.0,0.0,True
34002696,2021,0.2,0.4,0.4,True
34003116,2021,0.0,0.42857142857142855,0.5714285714285714,True
34003127,2021,1.0,0.0,0.0,True
34003670,2021,1.0,0.0,0.0,True
34003679,2021,0.0,0.0,0.0,True
34003883,2021,1.0,0.0,0.0,True
34003914,2021,1.0,0.0,0.0,True
34004145,2021,0.125,0.125,0.75,True
34004258,2022,0.5,0.0,0.5,True
34005918,2021,0.0,0.0,0.0,True
34006506,2021,1.0,0.0,0.0,True
34006921,2021,0.8571428571428571,0.0,0.14285714285714285,True
34006962,2021,1.0,0.0,0.0,True
34007002,2021,1.0,0.0,0.0,True
34007056,2021,0.5,0.0,0.5,True
34007966,2021,1.0,0.0,0.0,True
34008172,2021,0.75,0.0,0.25,True
34008916,2021,1.0,0.0,0.0,True
34008967,2021,0.14285714285714285,0.0,0.8571428571428571,True
34009243,2021,0.6666666666666666,0.0,0.3333333333333333,True
34009283,2022,1.0,0.0,0.0,True
34009371,2021,0.6666666666666666,0.0,0.3333333333333333,True
34009385,2021,0.0,0.6666666666666666,0.3333333333333333,True
34010142,2021,0.09090909090909091,0.45454545454545453,0.45454545454545453,True
34010151,2021,0.0,0.0,0.0,True
34010303,2021,1.0,0.0,0.0,True
34010345,2021,1.0,0.0,0.0,True
34010397,2021,1.0,0.0,0.0,True
34010628,2021,0.0,1.0,0.0,True
34011153,2021,0.0,0.4,0.6,True
34011573,2021,1.0,0.0,0.0,True
34011832,2021,1.0,0.0,0.0,True
34012109,2022,0.0,0.5,0.5,True
34012454,2021,0.125,0.0,0.875,True
34012620,2021,1.0,0.0,0.0,True
34013094,2021,1.0,0.0,0.0,True
34013136,2021,0.0,0.5,0.5,True
34013212,2021,0.0,0.6,0.4,True
34013260,2021,0.0,0.0,1.0,True
34013270,2021,0.5,0.0,0.5,True
34013272,2021,0.0,0.0,1.0,True
34013274,2021,0.14285714285714285,0.14285714285714285,0.7142857142857143,True
34013280,2021,0.6666666666666666,0.0,0.3333333333333333,True
34013300,2021,0.5,0.0,0.5,True
34013335,2021,0.75,0.25,0.0,True
34013833,2021,0.14285714285714285,0.2857142857142857,0.5714285714285714,True
34013842,2021,0.16666666666666666,0.5,0.3333333333333333,True
34013862,2021,0.6666666666666666,0.0,0.3333333333333333,True
34013879,2021,0.5,0.0,0.5,True
34014263,2021,1.0,0.0,0.0,True
34014767,2021,0.25,0.75,0.0,True
34014917,2021,0.0,0.25,0.75,True
34014933,2021,0.5,0.5,0.0,True
34014961,2021,1.0,0.0,0.0,True
34015078,2021,1.0,0.0,0.0,True
34015244,2021,1.0,0.0,0.0,True
34015362,2021,0.16666666666666666,0.5,0.3333333333333333,True
34015609,2021,0.9,0.0,0.1,True
34016977,2021,0.2,0.2,0.6,True
34017984,2022,0.6666666666666666,0.3333333333333333,0.0,True
34019630,2021,0.6666666666666666,0.0,0.3333333333333333,True
34019669,2021,0.0,0.2,0.8,True
34019708,2021,1.0,0.0,0.0,True
34019795,2021,0.1111111111111111,0.2222222222222222,0.6666666666666666,True
34019899,2021,1.0,0.0,0.0,True
34020444,2021,1.0,0.0,0.0,True
34020817,2021,0.0,0.0,1.0,True
34021380,2021,0.0,1.0,0.0,True
34021930,2021,0.16666666666666666,0.0,0.8333333333333334,True
34022132,2021,0.3333333333333333,0.0,0.6666666666666666,True
34022824,2021,1.0,0.0,0.0,True
34022900,2021,1.0,0.0,0.0,True
34023184,2021,1.0,0.0,0.0,True
34023269,2021,1.0,0.0,0.0,True
34023277,2021,1.0,0.0,0.0,True
34023384,2021,0.08333333333333333,0.3333333333333333,0.5833333333333334,True
34023896,2021,0.0,0.0,1.0,True
34024018,2022,1.0,0.0,0.0,True
34024280,2021,0.3333333333333333,0.3333333333333333,0.3333333333333333,True
34024757,2021,1.0,0.0,0.0,True
34025670,2021,0.3333333333333333,0.0,0.6666666666666666,True
34026202,2021,0.75,0.0,0.25,True
34027407,2021,1.0,0.0,0.0,True
34027894,2021,1.0,0.0,0.0,True
34027896,2021,0.0,0.6,0.4,True
34028251,2021,0.0,0.0,1.0,True
34028346,2021,0.0,0.0,0.0,True
34028713,2021,1.0,0.0,0.0,True
34028721,2021,0.0,0.2857142857142857,0.7142857142857143,True
34028725,2021,0.3333333333333333,0.0,0.6666666666666666,True
34029142,2021,0.0,1.0,0.0,True
34030059,2021,1.0,0.0,0.0,True
34030585,2021,1.0,0.0,0.0,True
34030732,2021,0.0,0.0,0.0,True
34031242,2021,0.2,0.0,0.8,True
34031380,2021,0.3333333333333333,0.0,0.6666666666666666,True
34031488,2021,0.125,0.25,0.625,True
34031659,2021,0.0,0.0,1.0,True
34031795,2021,1.0,0.0,0.0,True
34033255,2021,0.6,0.4,0.0,True
34033261,2021,0.0,0.6666666666666666,0.3333333333333333,True
34033658,2021,0.0,1.0,0.0,True
34033842,2022,1.0,0.0,0.0,True
34033914,2021,1.0,0.0,0.0,True
34033968,2021,0.16666666666666666,0.3333333333333333,0.5,True
34033972,2021,0.6666666666666666,0.0,0.3333333333333333,True
34034815,2021,0.5,0.0,0.5,True
34035174,2021,0.0,0.25,0.75,True
34035177,2021,0.2,0.2,0.6,True
34035477,2021,0.5,0.0,0.5,True
34035881,2021,0.5,0.0,0.5,False
34036187,2021,0.4,0.0,0.6,True
34036237,2021,1.0,0.0,0.0,True
34036345,2021,0.36363636363636365,0.2727272727272727,0.36363636363636365,True
34037668,2021,0.3333333333333333,0.3333333333333333,0.3333333333333333,True
34037670,2021,0.0,0.3333333333333333,0.6666666666666666,True
34037709,2021,1.0,0.0,0.0,True
34038035,2021,1.0,0.0,0.0,True
34038132,2021,0.0,0.6666666666666666,0.3333333333333333,True
34038417,2021,0.08333333333333333,0.3333333333333333,0.5833333333333334,True
34038541,2021,0.5,0.0,0.5,True
34038674,2021,1.0,0.0,0.0,True
34038711,2021,0.0,0.7142857142857143,0.2857142857142857,True
34038737,2021,0.5,0.0,0.5,True
34038741,2021,0.1111111111111111,0.0,0.8888888888888888,True
34038935,2021,0.8,0.0,0.2,True
34039022,2021,1.0,0.0,0.0,True
34039276,2021,1.0,0.0,0.0,True
34039309,2021,0.8333333333333334,0.0,0.16666666666666666,True
34039392,2021,0.14285714285714285,0.42857142857142855,0.42857142857142855,True
34039612,2021,0.42857142857142855,0.0,0.5714285714285714,True
34039638,2021,0.0,0.6666666666666666,0.3333333333333333,True
34039759,2021,0.6,0.0,0.4,True
34039897,2021,1.0,0.0,0.0,True
34040161,2022,1.0,0.0,0.0,True
34040189,2021,0.3333333333333333,0.6666666666666666,0.0,True
34040190,2021,0.5,0.0,0.5,True
34040193,2021,1.0,0.0,0.0,True
34040256,2021,1.0,0.0,0.0,True
34040259,2021,0.0,0.6666666666666666,0.3333333333333333,True
34041264,2021,0.0,0.0,1.0,True
34041472,2021,0.0,0.0,1.0,True
34041478,2021,1.0,0.0,0.0,True
34042046,2021,0.0,0.4,0.6,True
34042535,2021,1.0,0.0,0.0,True
34042586,2021,0.0,0.6666666666666666,0.3333333333333333,True
34043268,2021,0.0,0.6666666666666666,0.3333333333333333,True
34043628,2021,1.0,0.0,0.0,True
34043713,2021,1.0,0.0,0.0,True
34043799,2022,1.0,0.0,0.0,True
34043959,2021,0.1111111111111111,0.3333333333333333,0.5555555555555556,True
34044591,2021,0.2,0.2,0.6,True
34045232,2021,0.125,0.375,0.5,True
34046681,2021,0.8333333333333334,0.0,0.16666666666666666,True
34046930,2021,1.0,0.0,0.0,True
34047186,2021,1.0,0.0,0.0,True
34048235,2021,0.0,0.0,1.0,True
34048573,2021,0.0,1.0,0.0,True
34048594,2021,0.8333333333333334,0.0,0.16666666666666666,True
34048701,2021,1.0,0.0,0.0,True
34048882,2021,0.3333333333333333,0.0,0.6666666666666666,True
34049209,2021,1.0,0.0,0.0,True
34049357,2021,1.0,0.0,0.0,True
34049395,2022,1.0,0.0,0.0,True
34049974,2021,0.5,0.0,0.5,True
34050002,2021,0.14285714285714285,0.0,0.8571428571428571,True
34050024,2021,0.0,0.6666666666666666,0.3333333333333333,True
34050141,2021,0.5,0.3125,0.1875,True
34050173,2021,0.2,0.6,0.2,True
34050261,2021,1.0,0.0,0.0,True
34050321,2021,0.3333333333333333,0.6666666666666666,0.0,True
34050697,2021,0.5,0.0,0.5,True
34050748,2021,1.0,0.0,0.0,True
34051093,2021,1.0,0.0,0.0,True
34051448,2021,0.5,0.0,0.5,True
34052834,2021,1.0,0.0,0.0,True
34053848,2021,0.5,0.0,0.5,True
34054601,2021,0.75,0.25,0.0,True
34054809,2021,0.0,0.6666666666666666,0.3333333333333333,True
34054848,2021,0.14285714285714285,0.2857142857142857,0.5714285714285714,True
34055569,2021,1.0,0.0,0.0,True
34055777,2021,0.14285714285714285,0.14285714285714285,0.7142857142857143,True
34056628,2021,0.1111111111111111,0.3333333333333333,0.5555555555555556,True
34056709,2021,0.25,0.0,0.75,True
34058008,2021,0.6666666666666666,0.0,0.3333333333333333,True
34058014,2021,1.0,0.0,0.0,True
34058714,2021,0.0,0.0,0.0,True
34059739,2021,0.5,0.0,0.5,True
34059824,2021,0.75,0.0,0.25,True
34059833,2021,1.0,0.0,0.0,True
34059901,2021,1.0,0.0,0.0,False
34060094,2021,1.0,0.0,0.0,True
34060104,2021,0.0,1.0,0.0,True
34060361,2022,1.0,0.0,0.0,True
34060489,2021,0.0,0.8,0.2,True
34060868,2021,0.0,0.0,0.0,True
34060869,2021,0.0,1.0,0.0,True
34061031,2021,0.0,0.0,1.0,True
34061827,2021,1.0,0.0,0.0,True
34062334,2021,0.0,0.0,1.0,True
34062395,2021,0.75,0.0,0.25,True
34062858,2021,0.0,0.0,1.0,True
34063570,2021,0.3333333333333333,0.0,0.6666666666666666,True
34064790,2021,1.0,0.0,0.0,True
34065548,2021,0.0,0.2222222222222222,0.7777777777777778,True
34065987,2021,0.2,0.4,0.4,True
34065996,2021,0.125,0.375,0.5,True
34066049,2021,1.0,0.0,0.0,True
34067034,2021,0.0,0.0,0.0,True
34070626,2021,0.14285714285714285,0.2857142857142857,0.5714285714285714,True
34070849,2021,0.6666666666666666,0.3333333333333333,0.0,True
34070911,2021,0.0,1.0,0.0,True
34071874,2021,1.0,0.0,0.0,True
34071938,2021,0.3333333333333333,0.0,0.6666666666666666,True
34072112,2021,0.0,1.0,0.0,True
34072604,2021,0.14285714285714285,0.14285714285714285,0.7142857142857143,True
34072628,2021,0.0,0.0,1.0,True
34073304,2021,1.0,0.0,0.0,True
34074611,2022,1.0,0.0,0.0,True
34074746,2021,0.0,0.3333333333333333,0.6666666666666666,True
34075056,2021,0.0,0.0,0.0,True
34075120,2021,0.0,0.5,0.5,True
34075375,2021,0.25,0.25,0.5,True
34075385,2021,0.5,0.0,0.5,True
34075392,2021,1.0,0.0,0.0,True
34075613,2022,0.0,1.0,0.0,True
34076298,2021,0.5,0.0,0.5,True
34076427,2021,0.0,1.0,0.0,True
34076480,2021,0.0,0.0,1.0,True
34076488,2021,0.0,0.16666666666666666,0.8333333333333334,True
34076503,2021,1.0,0.0,0.0,True
34077540,2022,0.2,0.4,0.4,True
34077687,2021,0.0,1.0,0.0,True
34077736,2021,0.16666666666666666,0.5,0.3333333333333333,True
34077937,2021,1.0,0.0,0.0,True
34078750,2021,0.0,0.6666666666666666,0.3333333333333333,True
34078879,2021,0.0,0.6666666666666666,0.3333333333333333,True
34079039,2021,0.25,0.0,0.75,True
34079130,2021,0.25,0.5,0.25,True
34079548,2021,0.42857142857142855,0.0,0.5714285714285714,True
34079627,2021,1.0,0.0,0.0,True
34079794,2021,1.0,0.0,0.0,True
34079928,2021,0.0,0.0,1.0,True
34080253,2021,1.0,0.0,0.0,True
34080553,2021,0.5,0.0,0.5,True
34080585,2021,1.0,0.0,0.0,True
34081128,2021,0.4,0.6,0.0,True
34081146,2021,0.5,0.5,0.0,True
34081700,2021,0.2857142857142857,0.42857142857142855,0.2857142857142857,True
34081913,2021,0.5,0.14285714285714285,0.35714285714285715,True
34082753,2021,0.0,0.5714285714285714,0.42857142857142855,True
34082785,2021,0.0,0.42857142857142855,0.5714285714285714,True
34083229,2021,0.2,0.4,0.4,True
34083252,2021,0.0,0.09090909090909091,0.9090909090909091,True
34083262,2021,1.0,0.0,0.0,True
34083381,2021,0.0,0.6666666666666666,0.3333333333333333,True
34083435,2021,0.5714285714285714,0.0,0.42857142857142855,True
34083449,2021,0.0,0.25,0.75,True
34083484,2021,0.0,0.4,0.6,True
34083495,2021,0.6666666666666666,0.0,0.3333333333333333,True
34084151,2021,1.0,0.0,0.0,True
34084490,2021,1.0,0.0,0.0,True
34084591,2021,0.3333333333333333,0.0,0.6666666666666666,True
34085060,2021,0.2,0.6,0.2,True
34085228,2021,0.2,0.0,0.8,True
34086012,2021,1.0,0.0,0.0,True
34086271,2021,0.0,0.0,1.0,True
34086483,2021,1.0,0.0,0.0,True
34086648,2021,1.0,0.0,0.0,True
34086728,2021,1.0,0.0,0.0,True
34086743,2021,0.1111111111111111,0.2222222222222222,0.6666666666666666,True
34086784,2021,1.0,0.0,0.0,True
34086838,2021,0.25,0.5,0.25,True
34086845,2022,1.0,0.0,0.0,True
34087103,2021,0.1,0.3,0.6,True
34087234,2021,0.125,0.375,0.5,True
34087243,2022,0.8,0.0,0.2,True
34087985,2021,0.5,0.0,0.5,True
34087995,2021,0.6666666666666666,0.0,0.3333333333333333,True
34088014,2021,0.5,0.0,0.5,True
34088363,2021,0.0,1.0,0.0,True
34088695,2021,1.0,0.0,0.0,True
34088742,2021,0.0,0.4444444444444444,0.5555555555555556,True
34088771,2022,1.0,0.0,0.0,True
34088830,2021,0.25,0.0,0.75,True
34088841,2021,0.0,0.6666666666666666,0.3333333333333333,True
34088846,2021,0.5,0.0,0.5,True
34088875,2021,0.75,0.0,0.25,True
34088893,2021,0.2857142857142857,0.14285714285714285,0.5714285714285714,True
34089216,2021,0.1111111111111111,0.0,0.8888888888888888,True
34089226,2021,1.0,0.0,0.0,True
34089610,2021,0.8571428571428571,0.0,0.14285714285714285,True
34089740,2021,1.0,0.0,0.0,True
34089750,2022,0.5,0.0,0.5,True
34090438,2021,0.0,0.5,0.5,True
34090518,2021,0.5,0.0,0.5,True
34091063,2021,0.0,0.6666666666666666,0.3333333333333333,True
34091768,2021,1.0,0.0,0.0,True
34092254,2021,0.5,0.0,0.5,True
34093666,2021,0.0,0.0,1.0,True
34095712,2021,0.8571428571428571,0.0,0.14285714285714285,True
34096581,2021,1.0,0.0,0.0,True
34096589,2021,0.16666666666666666,0.0,0.8333333333333334,True
34097045,2021,1.0,0.0,0.0,True
34097071,2021,1.0,0.0,0.0,True
34097448,2021,1.0,0.0,0.0,False
34097506,2021,0.125,0.5,0.375,True
34098250,2021,0.5,0.0,0.5,True
34098567,2021,0.16666666666666666,0.6666666666666666,0.16666666666666666,True
34099001,2021,0.625,0.25,0.125,True
34099511,2021,1.0,0.0,0.0,True
34099579,2021,0.0,1.0,0.0,True
34099644,2021,0.2,0.6,0.2,True
34099646,2021,0.8333333333333334,0.16666666666666666,0.0,True
34099648,2021,1.0,0.0,0.0,True
34099679,2021,0.16666666666666666,0.5,0.3333333333333333,True
34099922,2021,1.0,0.0,0.0,True
34100010,2021,1.0,0.0,0.0,True
34100027,2021,0.3333333333333333,0.0,0.6666666666666666,True
34100382,2021,0.25,0.0,0.75,True
34100901,2021,0.0,0.0,1.0,True
34101481,2021,1.0,0.0,0.0,True
34101486,2021,0.25,0.0,0.75,True
34101729,2021,0.25,0.5,0.25,True
34101947,2021,0.0,0.6666666666666666,0.3333333333333333,True
34102002,2021,0.0,0.5,0.5,True
34102107,2021,0.25,0.0,0.75,True
34102611,2021,0.125,0.0,0.875,True
34102835,2021,0.0,0.0,0.0,True
34103343,2021,1.0,0.0,0.0,True
34103377,2021,1.0,0.0,0.0,True
34103496,2021,0.25,0.0,0.75,True
34103502,2021,0.0,0.25,0.75,True
34103546,2021,0.0,0.4,0.6,True
34103600,2021,1.0,0.0,0.0,True
34103601,2021,0.0,1.0,0.0,True
34103643,2021,0.8,0.2,0.0,True
34103707,2021,1.0,0.0,0.0,True
34104639,2021,1.0,0.0,0.0,True
34104865,2021,1.0,0.0,0.0,True
34105192,2021,1.0,0.0,0.0,True
34105701,2021,0.3333333333333333,0.3333333333333333,0.3333333333333333,True
34105708,2021,1.0,0.0,0.0,True
34105804,2021,0.5,0.5,0.0,True
34105807,2021,1.0,0.0,0.0,True
34105995,2021,0.2,0.0,0.8,True
34106490,2021,1.0,0.0,0.0,True
34106920,2021,0.0,0.5,0.5,True
34107255,2021,1.0,0.0,0.0,True
34107523,2021,1.0,0.0,0.0,True
34107771,2022,0.5,0.0,0.5,True
34108246,2021,0.14285714285714285,0.42857142857142855,0.42857142857142855,True
34108259,2021,0.0,0.42857142857142855,0.5714285714285714,True
34108512,2021,0.14285714285714285,0.2857142857142857,0.5714285714285714,True
34108514,2021,0.14285714285714285,0.5714285714285714,0.2857142857142857,True
34108873,2021,0.0,0.6,0.4,True
34110438,2021,1.0,0.0,0.0,True
34110584,2022,1.0,0.0,0.0,True
34110797,2021,1.0,0.0,0.0,True
34111122,2021,1.0,0.0,0.0,True
34111268,2021,1.0,0.0,0.0,True
34111271,2021,0.5,0.0,0.5,False
34111372,2021,1.0,0.0,0.0,False
34111408,2021,0.125,0.0,0.875,True
34112056,2021,0.14285714285714285,0.42857142857142855,0.42857142857142855,True
34112176,2021,1.0,0.0,0.0,True
34112224,2021,0.16666666666666666,0.6666666666666666,0.16666666666666666,True
34112784,2021,0.1111111111111111,0.2222222222222222,0.6666666666666666,True
34112787,2021,0.0,0.5,0.5,True
34113010,2021,0.3333333333333333,0.0,0.6666666666666666,True
34113810,2021,0.0,0.0,1.0,True
34114309,2022,1.0,0.0,0.0,True
34114613,2021,1.0,0.0,0.0,True
34115614,2021,0.8571428571428571,0.0,0.14285714285714285,True
34115967,2021,1.0,0.0,0.0,True
34116030,2021,0.1111111111111111,0.3333333333333333,0.5555555555555556,True
34116134,2021,1.0,0.0,0.0,True
34116956,2021,0.5,0.0,0.5,True
34117112,2021,1.0,0.0,0.0,True
34117260,2021,1.0,0.0,0.0,True
34117323,2021,0.16666666666666666,0.6666666666666666,0.16666666666666666,True
34117572,2022,1.0,0.0,0.0,True
34117573,2022,1.0,0.0,0.0,True
34117578,2022,1.0,0.0,0.0,True
34117759,2021,0.5,0.0,0.5,True
34118612,2021,0.09090909090909091,0.18181818181818182,0.7272727272727273,True
34120091,2021,0.8,0.0,0.2,True
34120579,2021,0.16666666666666666,0.5,0.3333333333333333,True
34121594,2021,1.0,0.0,0.0,True
34122445,2021,0.14285714285714285,0.5714285714285714,0.2857142857142857,True
34123014,2020,0.0,0.0,1.0,True
34123272,2020,0.6666666666666666,0.3333333333333333,0.0,True
34123785,2021,0.14285714285714285,0.0,0.8571428571428571,True
34124698,2021,1.0,0.0,0.0,True
34124783,2021,0.25,0.5,0.25,True
34124796,2021,1.0,0.0,0.0,True
34125442,2021,1.0,0.0,0.0,True
34125573,2021,0.75,0.0,0.25,True
34125574,2021,0.6666666666666666,0.0,0.3333333333333333,True
34125832,2021,0.6666666666666666,0.0,0.3333333333333333,True
34126128,2021,1.0,0.0,0.0,True
34126294,2021,1.0,0.0,0.0,True
34127301,2021,1.0,0.0,0.0,True
34127548,2021,0.0,0.75,0.25,True
34127579,2021,1.0,0.0,0.0,True
34127801,2022,0.75,0.0,0.25,True
34127980,2021,0.0,0.0,1.0,True
34128205,2022,0.25,0.0,0.75,True
34128464,2021,1.0,0.0,0.0,True
34128693,2021,0.2857142857142857,0.2857142857142857,0.42857142857142855,True
34128970,2022,0.5,0.0,0.5,True
34129058,2021,0.0,0.625,0.375,True
34129817,2021,0.1111111111111111,0.0,0.8888888888888888,True
34129837,2021,0.2857142857142857,0.0,0.7142857142857143,True
34130033,2021,1.0,0.0,0.0,True
34130911,2021,1.0,0.0,0.0,True
34131117,2021,0.2,0.0,0.8,True
34131120,2021,0.1,0.4,0.5,True
34132175,2021,1.0,0.0,0.0,True
34132583,2021,0.3333333333333333,0.6666666666666666,0.0,True
34132755,2021,0.0,0.0,0.0,True
34132951,2022,1.0,0.0,0.0,True
34133313,2021,1.0,0.0,0.0,True
34133756,2021,0.0,0.2727272727272727,0.7272727272727273,True
34133774,2021,0.75,0.0,0.25,True
34133940,2021,0.09090909090909091,0.18181818181818182,0.7272727272727273,True
34134087,2021,1.0,0.0,0.0,True
34134146,2022,0.6666666666666666,0.0,0.3333333333333333,True
34134696,2021,1.0,0.0,0.0,True
34135108,2021,0.25,0.5,0.25,True
34135355,2021,0.0,0.0,1.0,True
34135472,2021,1.0,0.0,0.0,True
34135785,2021,0.3333333333333333,0.6666666666666666,0.0,True
34135892,2021,0.2,0.0,0.8,True
34135907,2021,0.14285714285714285,0.2857142857142857,0.5714285714285714,True
34136758,2021,0.4,0.0,0.6,True
34136910,2021,0.8333333333333334,0.0,0.16666666666666666,True
34137164,2021,1.0,0.0,0.0,True
34137476,2021,1.0,0.0,0.0,True
34137596,2021,0.14285714285714285,0.2857142857142857,0.5714285714285714,True
34137798,2021,0.0,0.0,0.0,True
34138521,2021,0.5,0.0,0.5,True
34138816,2021,1.0,0.0,0.0,True
34138941,2021,0.0,0.75,0.25,True
34139016,2021,0.0,0.2857142857142857,0.7142857142857143,True
34139223,2021,1.0,0.0,0.0,True
34139358,2021,0.6666666666666666,0.0,0.3333333333333333,True
34139591,2021,1.0,0.0,0.0,True
34139597,2021,0.5,0.0,0.5,True
34140245,2021,1.0,0.0,0.0,True
34140350,2021,0.16666666666666666,0.6666666666666666,0.16666666666666666,True
34140358,2021,0.0,0.3333333333333333,0.6666666666666666,True
34140396,2021,0.75,0.0,0.25,True
34140459,2021,0.6666666666666666,0.0,0.3333333333333333,True
34140467,2021,0.1,0.3,0.6,True
34140472,2021,0.07142857142857142,0.5714285714285714,0.35714285714285715,True
34141066,2020,0.16666666666666666,0.0,0.8333333333333334,True
34142023,2021,0.0,1.0,0.0,True
34142550,2021,0.16666666666666666,0.0,0.8333333333333334,True
34142658,2021,0.16666666666666666,0.3333333333333333,0.5,True
34143799,2021,0.0,0.0,1.0,True
34143885,2022,0.5,0.0,0.5,True
34144034,2021,1.0,0.0,0.0,True
34144038,2021,0.3333333333333333,0.0,0.6666666666666666,True
34144216,2022,0.8,0.0,0.2,True
34144382,2021,1.0,0.0,0.0,True
34144933,2021,1.0,0.0,0.0,False
34144978,2021,0.25,0.0,0.75,True
34145010,2021,1.0,0.0,0.0,True
34145272,2021,0.14285714285714285,0.2857142857142857,0.5714285714285714,True
34145313,2021,0.14285714285714285,0.0,0.8571428571428571,True
34145719,2021,1.0,0.0,0.0,True
34146516,2021,0.25,0.0,0.75,True
34146888,2021,1.0,0.0,0.0,True
34147437,2021,1.0,0.0,0.0,True
34147469,2021,1.0,0.0,0.0,True
34147585,2022,1.0,0.0,0.0,True
34148545,2021,1.0,0.0,0.0,True
34149696,2021,0.0,0.6666666666666666,0.3333333333333333,True
34151207,2021,0.0,0.3333333333333333,0.6666666666666666,True
34151211,2021,0.0,0.0,1.0,True
34152326,2021,0.0,0.25,0.75,True
34152827,2021,1.0,0.0,0.0,True
34153068,2021,1.0,0.0,0.0,True
34153074,2021,0.0,1.0,0.0,True
34153318,2021,1.0,0.0,0.0,True
34153328,2021,1.0,0.0,0.0,True
34155146,2021,0.0,1.0,0.0,True
34155340,2021,0.16666666666666666,0.3333333333333333,0.5,True
34155405,2021,0.0625,0.3125,0.625,True
34155414,2021,0.5,0.5,0.0,True
34155504,2021,0.3333333333333333,0.0,0.6666666666666666,True
34155954,2022,0.0,0.0,1.0,True
34156261,2021,0.2,0.2,0.6,True
34156301,2021,1.0,0.0,0.0,True
34157104,2021,1.0,0.0,0.0,True
34157127,2021,1.0,0.0,0.0,True
34157301,2021,0.0,0.3333333333333333,0.6666666666666666,True
34157312,2021,1.0,0.0,0.0,True
34157422,2021,0.0,0.5,0.5,True
34157707,2021,0.0,0.0,0.0,True
34157853,2021,1.0,0.0,0.0,True
34157896,2021,1.0,0.0,0.0,True
34158060,2021,1.0,0.0,0.0,True
34158114,2021,0.08333333333333333,0.25,0.6666666666666666,True
34158343,2021,0.1,0.3,0.6,True
34158349,2021,0.25,0.25,0.5,True
34158358,2021,0.25,0.5,0.25,True
34158410,2021,0.6666666666666666,0.0,0.3333333333333333,True
34158481,2021,0.1111111111111111,0.3333333333333333,0.5555555555555556,True
34158594,2021,0.0,0.5,0.5,True
34159326,2021,0.0,0.0,1.0,True
34159328,2021,0.0,0.5,0.5,True
34159329,2021,0.25,0.5,0.25,True
34159332,2021,0.14285714285714285,0.5714285714285714,0.2857142857142857,True
34159370,2021,1.0,0.0,0.0,True
34159373,2021,1.0,0.0,0.0,True
34160068,2021,1.0,0.0,0.0,True
34160571,2021,1.0,0.0,0.0,True
34161137,2021,0.125,0.0,0.875,True
34161770,2021,0.09090909090909091,0.2727272727272727,0.6363636363636364,True
34161786,2022,0.16666666666666666,0.3333333333333333,0.5,True
34161903,2021,0.6666666666666666,0.0,0.3333333333333333,True
34162308,2021,0.14285714285714285,0.0,0.8571428571428571,True
34162381,2021,0.0,1.0,0.0,True
34162655,2021,1.0,0.0,0.0,True
34162668,2021,0.4,0.0,0.6,True
34162683,2021,1.0,0.0,0.0,True
34162742,2021,0.2,0.2,0.6,True
34162751,2021,0.2,0.6,0.2,True
34162842,2021,0.09090909090909091,0.36363636363636365,0.5454545454545454,True
34162872,2021,0.3333333333333333,0.0,0.6666666666666666,True
34162997,2021,0.0,1.0,0.0,True
34163647,2021,0.3333333333333333,0.3333333333333333,0.3333333333333333,True
34163656,2021,0.2,0.0,0.8,True
34163862,2020,0.0,0.0,1.0,True
34164613,2020,1.0,0.0,0.0,True
34165324,2021,1.0,0.0,0.0,True
34165557,2021,0.0,0.0,0.0,True
34165589,2021,0.875,0.0,0.125,True
34165997,2021,0.0,1.0,0.0,True
34166060,2021,0.8888888888888888,0.0,0.1111111111111111,True
34166225,2021,0.2222222222222222,0.1111111111111111,0.6666666666666666,True
34166228,2021,0.5,0.0,0.5,True
34166229,2021,0.625,0.0,0.375,True
34166231,2021,0.8,0.0,0.2,True
34166557,2021,0.0,0.42857142857142855,0.5714285714285714,True
34166614,2021,0.0,0.2727272727272727,0.7272727272727273,True
34166655,2022,1.0,0.0,0.0,True
34167299,2021,0.0,0.0,0.0,True
34167951,2021,0.5,0.0,0.5,True
34168045,2021,1.0,0.0,0.0,True
34169115,2021,0.25,0.25,0.5,True
34169199,2021,1.0,0.0,0.0,True
34170972,2021,1.0,0.0,0.0,True
34171305,2021,0.1111111111111111,0.2222222222222222,0.6666666666666666,True
34171358,2021,0.16666666666666666,0.0,0.8333333333333334,True
34171656,2021,0.14285714285714285,0.2857142857142857,0.5714285714285714,True
34171743,2021,0.6666666666666666,0.0,0.3333333333333333,True
34171765,2021,0.2,0.4,0.4,True
34171797,2021,0.2,0.0,0.8,True
34172013,2021,0.6666666666666666,0.0,0.3333333333333333,True
34172517,2021,1.0,0.0,0.0,True
34172587,2021,0.125,0.375,0.5,True
34172739,2021,0.1111111111111111,0.2222222222222222,0.6666666666666666,True
34172899,2021,0.3333333333333333,0.6666666666666666,0.0,True
34172972,2021,0.5,0.0,0.5,True
34173268,2021,1.0,0.0,0.0,True
34173819,2021,1.0,0.0,0.0,True
34174439,2022,0.0,1.0,0.0,True
34174935,2021,1.0,0.0,0.0,True
34175376,2022,1.0,0.0,0.0,True
34175748,2021,1.0,0.0,0.0,True
34175928,2022,1.0,0.0,0.0,True
34175980,2021,1.0,0.0,0.0,True
34176496,2021,0.3333333333333333,0.0,0.6666666666666666,True
34177929,2021,1.0,0.0,0.0,True
34178558,2021,0.0,0.5,0.5,True
34179020,2021,0.125,0.25,0.625,True
34179644,2021,0.0,0.0,1.0,True
34179783,2021,0.0,1.0,0.0,True
34180036,2021,1.0,0.0,0.0,True
34181465,2021,1.0,0.0,0.0,True
34181735,2021,0.16666666666666666,0.0,0.8333333333333334,True
34181784,2021,0.0,0.0,1.0,True
34182128,2021,0.1111111111111111,0.5555555555555556,0.3333333333333333,True
34182161,2021,0.5,0.0,0.5,True
34182182,2021,1.0,0.0,0.0,True
34183656,2021,0.7,0.0,0.3,True
34183697,2021,0.0,0.5,0.5,True
34183723,2021,1.0,0.0,0.0,True
34183838,2021,0.3333333333333333,0.0,0.6666666666666666,True
34184328,2021,0.0,0.0,1.0,True
34184537,2021,0.125,0.375,0.5,True
34184747,2022,1.0,0.0,0.0,True
34184910,2021,0.0,0.0,0.0,False
34185059,2021,1.0,0.0,0.0,True
34185153,2021,1.0,0.0,0.0,True
34185428,2021,0.2222222222222222,0.3333333333333333,0.4444444444444444,True
34185706,2021,0.14285714285714285,0.42857142857142855,0.42857142857142855,True
34185847,2022,0.5,0.0,0.5,True
34187551,2021,0.2,0.0,0.8,True
34187897,2021,0.0,0.5,0.5,True
34188072,2021,1.0,0.0,0.0,True
34188782,2021,0.0,0.0,1.0,True
34189375,2021,0.5,0.5,0.0,True
34189458,2021,1.0,0.0,0.0,True
34193182,2021,0.5,0.0,0.5,False
34193248,2021,1.0,0.0,0.0,True
34193392,2021,0.25,0.75,0.0,True
34193462,2021,0.2,0.4,0.4,True
34193512,2021,0.25,0.5,0.25,True
34193610,2021,0.2,0.0,0.8,True
34193920,2021,0.5,0.0,0.5,True
34194289,2021,0.0,0.0,1.0,True
34194391,2021,0.75,0.25,0.0,True
34195525,2021,0.5,0.0,0.5,True
34195531,2021,1.0,0.0,0.0,True
34195670,2021,0.0,0.5,0.5,True
34195677,2021,0.1111111111111111,0.3333333333333333,0.5555555555555556,True
34195680,2021,0.42857142857142855,0.0,0.5714285714285714,True
34195686,2021,0.75,0.0,0.25,True
34196372,2021,1.0,0.0,0.0,True
34196501,2021,1.0,0.0,0.0,True
34197114,2021,0.3333333333333333,0.0,0.6666666666666666,True
34197597,2021,0.5,0.0,0.5,True
34197610,2021,1.0,0.0,0.0,True
34197743,2021,1.0,0.0,0.0,True
34197866,2021,0.16666666666666666,0.3333333333333333,0.5,True
34198011,2021,0.0,0.8333333333333334,0.16666666666666666,True
34198050,2021,0.5,0.0,0.5,True
34198154,2021,0.5,0.0,0.5,True
34199348,2021,0.3333333333333333,0.0,0.6666666666666666,True
34200174,2021,0.0,0.5,0.5,True
34200548,2021,0.25,0.125,0.625,True
34200826,2021,0.0,0.0,1.0,True
34202037,2021,1.0,0.0,0.0,True
34202076,2021,0.2,0.8,0.0,True
34202156,2021,1.0,0.0,0.0,True
34202310,2021,0.16666666666666666,0.0,0.8333333333333334,True
34202500,2021,0.25,0.5,0.25,True
34203993,2021,0.0,0.0,0.0,True
34204305,2021,0.125,0.25,0.625,True
34205507,2021,1.0,0.0,0.0,True
34205689,2021,0.0,0.625,0.375,True
34205869,2021,0.0,1.0,0.0,True
34206213,2021,0.0,0.625,0.375,True
34206262,2021,0.0,0.5,0.5,True
34206385,2021,0.0,0.0,1.0,True
34208349,2021,0.2,0.2,0.6,True
34209265,2021,0.375,0.125,0.5,True
34210154,2021,1.0,0.0,0.0,True
34210776,2021,0.0,0.75,0.25,True
34210798,2021,0.0,0.0,1.0,True
34210822,2021,1.0,0.0,0.0,True
34210892,2021,0.3333333333333333,0.0,0.6666666666666666,True
34210965,2021,0.16666666666666666,0.0,0.8333333333333334,True
34210989,2021,1.0,0.0,0.0,True
34211098,2021,0.16666666666666666,0.6666666666666666,0.16666666666666666,True
34211105,2022,1.0,0.0,0.0,False
34211180,2021,0.3333333333333333,0.6666666666666666,0.0,True
34211466,2021,0.4,0.26666666666666666,0.3333333333333333,True
34211479,2021,0.6666666666666666,0.0,0.3333333333333333,True
34211736,2020,0.25,0.0,0.75,True
34213402,2022,0.5,0.0,0.5,True
34213859,2021,1.0,0.0,0.0,True
34214393,2021,0.0,0.0,0.0,True
34214470,2021,0.0,0.5714285714285714,0.42857142857142855,True
34214472,2021,0.2,0.2,0.6,True
34214541,2021,0.0,0.0,1.0,True
34214881,2021,1.0,0.0,0.0,True
34214947,2021,0.0,0.5,0.5,True
34215150,2021,1.0,0.0,0.0,True
34215186,2021,0.0,0.0,1.0,True
34215221,2021,1.0,0.0,0.0,True
34215871,2021,1.0,0.0,0.0,True
34215961,2022,0.5,0.0,0.5,True
34216157,2021,0.0,0.75,0.25,True
34216463,2021,0.2,0.4,0.4,True
34216536,2021,0.2,0.4,0.4,True
34216724,2021,0.5,0.0,0.5,True
34217415,2021,0.3333333333333333,0.0,0.6666666666666666,True
34217547,2022,1.0,0.0,0.0,True
34217703,2021,1.0,0.0,0.0,False
34217890,2022,0.25,0.5,0.25,True
34218259,2022,1.0,0.0,0.0,True
34218509,2022,1.0,0.0,0.0,True
34219465,2021,0.8,0.0,0.2,True
34219655,2021,1.0,0.0,0.0,True
34220466,2021,0.0,0.0,0.0,True
34220581,2021,0.5,0.0,0.5,True
34222356,2021,0.6666666666666666,0.0,0.3333333333333333,True
34222791,2021,1.0,0.0,0.0,True
34223172,2021,0.0,1.0,0.0,True
34223258,2020,0.5,0.0,0.5,True
34223797,2021,1.0,0.0,0.0,True
34223895,2021,1.0,0.0,0.0,True
34223906,2021,0.2,0.0,0.8,True
34224257,2021,0.6666666666666666,0.0,0.3333333333333333,True
34225360,2021,1.0,0.0,0.0,True
34226280,2021,1.0,0.0,0.0,True
34226613,2021,1.0,0.0,0.0,True
34228646,2021,0.16666666666666666,0.5,0.3333333333333333,True
34228762,2021,0.0,0.4,0.6,True
34228964,2021,0.0,0.6666666666666666,0.3333333333333333,True
34229153,2021,1.0,0.0,0.0,True
34229325,2021,1.0,0.0,0.0,True
34229367,2021,0.6666666666666666,0.0,0.3333333333333333,True
34229711,2021,0.0,0.0,0.0,True
34230196,2021,1.0,0.0,0.0,True
34230202,2021,1.0,0.0,0.0,True
34230461,2021,0.0,0.75,0.25,True
34230936,2021,0.5,0.0,0.5,True
34231218,2021,1.0,0.0,0.0,True
34232709,2021,0.0,0.0,1.0,True
34232734,2021,0.16666666666666666,0.3333333333333333,0.5,True
34233096,2021,0.5,0.0,0.5,True
34233304,2021,0.0,0.0,1.0,True
34233327,2021,1.0,0.0,0.0,True
34233450,2021,1.0,0.0,0.0,True
34234117,2021,1.0,0.0,0.0,True
34234130,2021,0.0,0.375,0.625,True
34234814,2021,0.0,0.0,0.0,True
34235093,2021,0.0,0.5,0.5,True
34235229,2021,0.0,0.0,1.0,True
34235409,2021,0.0,0.6666666666666666,0.3333333333333333,True
34235489,2021,0.08333333333333333,0.5,0.4166666666666667,True
34236051,2021,0.375,0.25,0.375,True
34236312,2021,0.0,0.75,0.25,True
34237029,2021,0.1111111111111111,0.5555555555555556,0.3333333333333333,True
34237247,2021,0.09090909090909091,0.18181818181818182,0.7272727272727273,True
34237254,2021,0.1,0.0,0.9,True
34237283,2021,0.1111111111111111,0.2222222222222222,0.6666666666666666,True
34237330,2022,1.0,0.0,0.0,True
34238831,2021,0.5,0.0,0.5,True
34239035,2021,0.1111111111111111,0.3333333333333333,0.5555555555555556,True
34239123,2021,0.1,0.2,0.7,True
34240052,2021,1.0,0.0,0.0,True
34240115,2021,1.0,0.0,0.0,True
34240317,2021,1.0,0.0,0.0,True
34240714,2021,1.0,0.0,0.0,True
34241169,2021,0.0,0.0,0.0,True
34241624,2021,0.8,0.0,0.2,True
34242558,2021,0.0,0.0,0.0,True
34242577,2021,0.14285714285714285,0.5714285714285714,0.2857142857142857,True
34244153,2021,1.0,0.0,0.0,False
34244306,2021,0.2,0.4,0.4,True
34244364,2021,0.8333333333333334,0.0,0.16666666666666666,True
34244481,2021,0.3333333333333333,0.3333333333333333,0.3333333333333333,True
34244895,2021,1.0,0.0,0.0,True
34244959,2021,1.0,0.0,0.0,True
34245014,2021,0.0,0.7142857142857143,0.2857142857142857,True
34245615,2021,0.25,0.0,0.75,True
34246036,2021,1.0,0.0,0.0,True
34246199,2021,1.0,0.0,0.0,True
34246386,2021,0.5,0.25,0.25,True
34246578,2021,1.0,0.0,0.0,False
34247526,2021,0.5,0.0,0.5,True
34247900,2021,0.6666666666666666,0.0,0.3333333333333333,True
34248932,2021,0.6153846153846154,0.23076923076923078,0.15384615384615385,True
34248973,2021,0.0,0.5,0.5,True
34249305,2021,0.14285714285714285,0.5714285714285714,0.2857142857142857,True
34249330,2021,0.75,0.0,0.25,True
34250326,2021,0.0,0.0,0.0,True
34250492,2021,0.6666666666666666,0.3333333333333333,0.0,True
34252298,2021,0.0,1.0,0.0,True
34252307,2021,0.25,0.5,0.25,True
34252398,2022,0.7142857142857143,0.14285714285714285,0.14285714285714285,True
34252616,2021,0.5,0.0,0.5,True
34252970,2021,0.0,0.0,0.0,True
34253028,2021,0.25,0.5,0.25,True
34253580,2021,1.0,0.0,0.0,True
34253615,2021,0.25,0.5,0.25,True
34253851,2021,0.0,0.8333333333333334,0.16666666666666666,True
34254405,2021,1.0,0.0,0.0,True
34255071,2022,1.0,0.0,0.0,True
34255164,2021,1.0,0.0,0.0,True
34255745,2021,0.5,0.0,0.5,True
34255772,2021,1.0,0.0,0.0,True
34256011,2021,0.1111111111111111,0.2222222222222222,0.6666666666666666,True
34256816,2021,1.0,0.0,0.0,True
34257069,2021,1.0,0.0,0.0,True
34257417,2022,0.0,1.0,0.0,True
34257421,2021,1.0,0.0,0.0,True
34258013,2021,0.0,0.0,1.0,True
34258102,2021,0.3333333333333333,0.0,0.6666666666666666,True
34258103,2021,0.5,0.0,0.5,True
34258585,2020,1.0,0.0,0.0,True
34258619,2021,1.0,0.0,0.0,True
34258889,2021,1.0,0.0,0.0,True
34259446,2022,1.0,0.0,0.0,True
34260278,2021,0.125,0.0,0.875,True
34260404,2021,0.14285714285714285,0.0,0.8571428571428571,True
34260822,2021,0.0,0.0,1.0,True
34260899,2021,0.09090909090909091,0.2727272727272727,0.6363636363636364,True
34260940,2021,0.16666666666666666,0.0,0.8333333333333334,True
34261096,2021,1.0,0.0,0.0,True
34261345,2021,0.6666666666666666,0.0,0.3333333333333333,True
34261506,2021,0.0,0.4,0.6,True
34261800,2021,0.25,0.5,0.25,True
34262154,2021,1.0,0.0,0.0,True
34262177,2021,0.0,0.75,0.25,True
34262518,2021,1.0,0.0,0.0,True
34262794,2021,0.6666666666666666,0.0,0.3333333333333333,True
34263019,2021,0.0,0.0,0.0,True
34263489,2021,0.5,0.0,0.5,True
34264335,2022,1.0,0.0,0.0,True
34264694,2021,0.0,1.0,0.0,True
34264865,2021,1.0,0.0,0.0,True
34264868,2021,0.14285714285714285,0.42857142857142855,0.42857142857142855,True
34265024,2021,0.0,0.75,0.25,True
34265170,2021,0.5,0.3333333333333333,0.16666666666666666,True
34265281,2021,0.3333333333333333,0.0,0.6666666666666666,True
34266885,2021,0.5,0.0,0.5,True
34266886,2021,1.0,0.0,0.0,False
34266888,2021,0.0,0.6666666666666666,0.3333333333333333,True
34267199,2021,0.25,0.0,0.75,True
34267371,2021,0.1111111111111111,0.3333333333333333,0.5555555555555556,True
34267373,2021,0.5,0.0,0.5,True
34268295,2021,0.0,0.3333333333333333,0.6666666666666666,True
34268503,2021,0.5,0.0,0.5,True
34268506,2021,0.0,0.6,0.4,True
34268507,2021,0.3333333333333333,0.3333333333333333,0.3333333333333333,True
34268520,2021,0.2,0.0,0.8,True
34268523,2021,0.2857142857142857,0.0,0.7142857142857143,True
34268559,2021,1.0,0.0,0.0,True
34268819,2021,0.5,0.0,0.5,True
34269114,2021,0.3333333333333333,0.0,0.6666666666666666,True
34269806,2021,1.0,0.0,0.0,True
34270548,2021,0.5,0.0,0.5,True
34270795,2021,1.0,0.0,0.0,True
34270823,2022,0.5,0.0,0.5,True
34270939,2021,0.2,0.4,0.4,True
34271019,2021,0.0,0.75,0.25,True
34271681,2021,0.0,0.0,1.0,True
34273280,2021,0.0,0.6666666666666666,0.3333333333333333,True
34273456,2021,1.0,0.0,0.0,True
34273979,2021,0.0,0.6666666666666666,0.3333333333333333,True
34275906,2021,1.0,0.0,0.0,True
34276051,2021,1.0,0.0,0.0,True
34276390,2021,1.0,0.0,0.0,True
34276603,2021,0.25,0.0,0.75,True
34277024,2021,1.0,0.0,0.0,True
34277122,2021,0.0,0.0,1.0,True
34277935,2021,0.0,0.0,1.0,True
34277985,2021,1.0,0.0,0.0,True
34280251,2021,0.5,0.0,0.5,True
34280415,2021,0.0,0.75,0.25,True
34280418,2021,1.0,0.0,0.0,True
34280776,2021,0.0,0.42857142857142855,0.5714285714285714,True
34280845,2021,1.0,0.0,0.0,True
34281576,2021,1.0,0.0,0.0,True
34281989,2021,1.0,0.0,0.0,True
34282048,2021,1.0,0.0,0.0,True
34282082,2022,1.0,0.0,0.0,True
34282258,2021,1.0,0.0,0.0,True
34282300,2021,0.0,0.5,0.5,True
34282422,2021,0.3333333333333333,0.3333333333333333,0.3333333333333333,True
34282751,2021,1.0,0.0,0.0,True
34282768,2021,0.42857142857142855,0.14285714285714285,0.42857142857142855,True
34283064,2021,1.0,0.0,0.0,True
34283244,2021,1.0,0.0,0.0,True
34283825,2021,0.2,0.2,0.6,True
34283885,2021,0.2,0.6,0.2,True
34284378,2021,1.0,0.0,0.0,True
34284682,2021,1.0,0.0,0.0,True
34285097,2021,1.0,0.0,0.0,True
34285666,2021,0.0,0.0,0.0,True
34285669,2021,1.0,0.0,0.0,True
34285679,2021,0.0,0.0,0.0,True
34286237,2021,0.7142857142857143,0.0,0.2857142857142857,True
34286291,2021,0.25,0.0,0.75,True
34286695,2021,0.0,0.0,1.0,True
34287641,2021,0.0,0.6,0.4,True
34287731,2021,0.0,1.0,0.0,True
34287962,2022,1.0,0.0,0.0,True
34288113,2021,0.0,1.0,0.0,True
34288702,2021,0.0,0.0,1.0,True
34289030,2021,1.0,0.0,0.0,True
34289065,2021,0.125,0.0,0.875,True
34289968,2021,1.0,0.0,0.0,True
34289973,2021,1.0,0.0,0.0,True
34290074,2021,1.0,0.0,0.0,True
34290240,2021,1.0,0.0,0.0,True
34290243,2021,0.16666666666666666,0.3333333333333333,0.5,True
34290340,2021,0.8333333333333334,0.0,0.16666666666666666,True
34291279,2021,0.8,0.0,0.2,True
34291969,2021,1.0,0.0,0.0,True
34292776,2021,1.0,0.0,0.0,True
34292871,2021,0.25,0.0,0.75,True
34292953,2021,0.16666666666666666,0.3333333333333333,0.5,True
34293114,2022,0.3333333333333333,0.0,0.6666666666666666,True
34293285,2021,0.3333333333333333,0.0,0.6666666666666666,True
34293352,2022,0.14285714285714285,0.42857142857142855,0.42857142857142855,True
34293382,2021,0.5,0.0,0.5,True
34293414,2021,1.0,0.0,0.0,True
34293440,2021,0.25,0.0,0.75,True
34293906,2021,0.0,0.0,0.0,True
34294479,2021,0.3333333333333333,0.6666666666666666,0.0,True
34294703,2021,0.0,1.0,0.0,True
34294836,2021,1.0,0.0,0.0,True
34294911,2021,1.0,0.0,0.0,True
34295941,2021,1.0,0.0,0.0,True
34296265,2021,0.2,0.6,0.2,True
34296504,2021,1.0,0.0,0.0,True
34297621,2021,1.0,0.0,0.0,True
34297830,2021,0.0,0.6666666666666666,0.3333333333333333,True
34297847,2021,1.0,0.0,0.0,True
34297937,2021,1.0,0.0,0.0,True
34298086,2021,0.0,0.0,0.0,True
34299759,2021,1.0,0.0,0.0,True
34299799,2021,1.0,0.0,0.0,True
34301273,2021,1.0,0.0,0.0,True
34301443,2022,1.0,0.0,0.0,True
34301838,2023,1.0,0.0,0.0,True
34301840,2021,0.14285714285714285,0.5714285714285714,0.2857142857142857,True
34301873,2021,0.4444444444444444,0.3333333333333333,0.2222222222222222,True
34301922,2021,0.5,0.0,0.5,True
34301946,2021,0.25,0.5,0.25,True
34301955,2021,0.0,0.0,1.0,True
34301969,2021,1.0,0.0,0.0,True
34302059,2021,1.0,0.0,0.0,True
34302236,2021,1.0,0.0,0.0,True
34302487,2021,1.0,0.0,0.0,True
34302772,2022,0.5,0.0,0.5,True
34302788,2021,0.6,0.0,0.4,True
34302796,2021,0.09090909090909091,0.7272727272727273,0.18181818181818182,True
34302839,2021,0.45454545454545453,0.0,0.5454545454545454,True
34302964,2021,0.6666666666666666,0.0,0.3333333333333333,True
34303007,2021,0.75,0.0,0.25,True
34303682,2021,1.0,0.0,0.0,True
34303710,2021,0.0,1.0,0.0,True
34303791,2021,0.5555555555555556,0.0,0.4444444444444444,True
34305930,2021,0.0,0.8,0.2,True
34308104,2021,1.0,0.0,0.0,True
34308414,2020,0.3333333333333333,0.0,0.6666666666666666,True
34308668,2021,0.0,0.5,0.5,True
34309071,2021,0.25,0.5,0.25,True
34309174,2021,0.5,0.0,0.5,True
34309222,2021,0.2,0.6,0.2,True
34309401,2022,0.0,0.0,1.0,True
34309902,2021,1.0,0.0,0.0,True
34310159,2021,0.6666666666666666,0.0,0.3333333333333333,True
34310489,2021,1.0,0.0,0.0,True
34310620,2021,0.3333333333333333,0.0,0.6666666666666666,True
34310889,2021,0.0,0.75,0.25,True
34311291,2021,1.0,0.0,0.0,True
34311582,2021,0.0,0.4,0.6,True
34312290,2021,0.5,0.0,0.5,True
34312556,2021,1.0,0.0,0.0,True
34313216,2021,0.875,0.0,0.125,True
34313394,2022,1.0,0.0,0.0,True
34313548,2022,0.3333333333333333,0.0,0.6666666666666666,True
34313741,2021,1.0,0.0,0.0,True
34314131,2021,1.0,0.0,0.0,True
34314492,2021,0.0,0.0,1.0,True
34314672,2021,1.0,0.0,0.0,True
34315336,2022,1.0,0.0,0.0,True
34315768,2021,0.125,0.5,0.375,True
34315806,2021,0.5,0.0,0.5,True
34315825,2021,0.0,0.75,0.25,True
34315826,2021,0.0,0.75,0.25,True
34315878,2021,0.14285714285714285,0.0,0.8571428571428571,True
34316031,2022,0.0,0.8,0.2,True
34316033,2022,0.25,0.0,0.75,True
34316326,2021,0.125,0.0,0.875,True
34316727,2021,0.9090909090909091,0.0,0.09090909090909091,True
34318308,2021,0.0,1.0,0.0,True
34318489,2022,1.0,0.0,0.0,True
34319145,2021,1.0,0.0,0.0,True
34319781,2021,0.5,0.0,0.5,True
34319859,2021,0.0,0.6666666666666666,0.3333333333333333,True
34319949,2022,1.0,0.0,0.0,True
34319984,2021,0.0,0.2,0.8,True
34320204,2022,1.0,0.0,0.0,True
34320218,2021,1.0,0.0,0.0,True
34320657,2021,0.0,0.6666666666666666,0.3333333333333333,True
34321240,2021,0.1111111111111111,0.3333333333333333,0.5555555555555556,True
34321276,2021,1.0,0.0,0.0,True
34321320,2021,0.0,0.6666666666666666,0.3333333333333333,True
34321421,2021,1.0,0.0,0.0,True
34321507,2021,0.16666666666666666,0.5,0.3333333333333333,True
34321532,2021,0.7777777777777778,0.0,0.2222222222222222,True
34321597,2022,1.0,0.0,0.0,True
34321699,2021,1.0,0.0,0.0,True
34321704,2021,1.0,0.0,0.0,True
34322387,2021,0.0,0.0,1.0,True
34322559,2021,0.3333333333333333,0.0,0.6666666666666666,True
34322566,2021,0.5,0.0,0.5,True
34322645,2021,0.0,0.0,0.0,True
34322655,2021,1.0,0.0,0.0,True
34323016,2022,0.0,0.0,1.0,True
34323306,2021,1.0,0.0,0.0,True
34323400,2021,0.42857142857142855,0.42857142857142855,0.14285714285714285,True
34323918,2021,0.125,0.625,0.25,True
34324127,2021,1.0,0.0,0.0,True
34324277,2021,0.5,0.0,0.5,True
34324420,2022,1.0,0.0,0.0,True
34324582,2021,0.0,0.6666666666666666,0.3333333333333333,True
34325054,2021,1.0,0.0,0.0,True
34325938,2021,1.0,0.0,0.0,True
34326065,2021,0.0,1.0,0.0,True
34326133,2021,1.0,0.0,0.0,True
34326180,2021,0.6666666666666666,0.0,0.3333333333333333,True
34326186,2021,1.0,0.0,0.0,True
34326420,2021,1.0,0.0,0.0,True
34326490,2021,1.0,0.0,0.0,True
34326811,2021,0.8888888888888888,0.0,0.1111111111111111,True
34328413,2021,0.0,0.5,0.5,True
34328798,2022,0.3333333333333333,0.0,0.6666666666666666,True
34329447,2022,1.0,0.0,0.0,True
34329676,2021,0.5,0.0,0.5,True
34329805,2021,0.0,0.0,0.0,True
34330709,2021,0.0,0.0,1.0,True
34330739,2021,1.0,0.0,0.0,False
34330751,2021,0.0,0.5,0.5,True
34330999,2021,0.0,1.0,0.0,True
34331054,2022,1.0,0.0,0.0,True
34331386,2021,1.0,0.0,0.0,True
34331495,2021,1.0,0.0,0.0,True
34331860,2021,1.0,0.0,0.0,True
34332095,2021,0.5,0.0,0.5,True
34333066,2021,0.5,0.0,0.5,True
34333739,2021,1.0,0.0,0.0,True
34333820,2021,1.0,0.0,0.0,True
34334719,2022,1.0,0.0,0.0,True
34335453,2021,0.5,0.25,0.25,True
34335560,2021,0.8,0.0,0.2,True
34335606,2021,0.4,0.2,0.4,True
34336705,2021,0.1,0.2,0.7,True
34337120,2021,0.0,0.0,1.0,True
34337551,2021,1.0,0.0,0.0,True
34337556,2021,0.9,0.1,0.0,True
34338426,2022,1.0,0.0,0.0,True
34339164,2021,0.0,1.0,0.0,True
34339628,2021,0.5,0.0,0.5,True
34339697,2022,1.0,0.0,0.0,True
34340996,2022,0.2,0.0,0.8,True
34341150,2022,1.0,0.0,0.0,True
34341493,2021,1.0,0.0,0.0,True
34341513,2021,0.125,0.25,0.625,True
34341517,2021,1.0,0.0,0.0,True
34341792,2021,0.25,0.25,0.5,True
34342260,2021,1.0,0.0,0.0,True
34342281,2021,0.0,0.5,0.5,True
34342534,2021,0.0,0.0,1.0,True
34342640,2021,0.3333333333333333,0.4444444444444444,0.2222222222222222,True
34342986,2021,0.0,0.0,1.0,True
34343212,2021,0.0,0.625,0.375,True
34343338,2021,1.0,0.0,0.0,True
34343493,2021,0.2,0.0,0.8,True
34344623,2021,1.0,0.0,0.0,True
34344832,2021,0.0,0.5,0.5,True
34345667,2021,0.0,0.0,0.0,True
34345808,2021,0.4,0.0,0.6,True
34346072,2021,1.0,0.0,0.0,True
34346704,2021,0.5,0.5,0.0,True
34346770,2021,0.0,0.42857142857142855,0.5714285714285714,True
34346898,2021,1.0,0.0,0.0,True
34347010,2021,0.2,0.5,0.3,True
34347289,2021,0.0,0.5,0.5,True
34348118,2021,0.0,0.625,0.375,True
34348410,2021,1.0,0.0,0.0,True
34348897,2021,0.8,0.0,0.2,True
34349010,2021,1.0,0.0,0.0,True
34349265,2021,0.5,0.5,0.0,True
34349757,2021,0.0,0.5,0.5,True
34349975,2021,1.0,0.0,0.0,True
34350410,2021,1.0,0.0,0.0,True
34350716,2021,0.5,0.0,0.5,True
34350728,2022,1.0,0.0,0.0,True
34351007,2021,0.0,0.0,1.0,True
34351392,2022,0.5,0.0,0.5,True
34351497,2021,1.0,0.0,0.0,True
34352226,2021,0.8,0.0,0.2,True
34352292,2021,0.0,1.0,0.0,True
34352390,2021,0.25,0.0,0.75,True
34353882,2021,0.1111111111111111,0.3333333333333333,0.5555555555555556,True
34353896,2021,0.0,0.42857142857142855,0.5714285714285714,True
34354009,2021,0.875,0.125,0.0,True
34354115,2021,0.0,0.5,0.5,True
34354220,2021,0.0,0.0,0.0,True
34354282,2021,0.8333333333333334,0.0,0.16666666666666666,True
34354323,2021,0.0,0.0,1.0,True
34355163,2021,0.0,0.0,1.0,True
34355183,2021,0.5,0.0,0.5,True
34355204,2021,1.0,0.0,0.0,True
34355215,2020,0.0,1.0,0.0,True
34355256,2021,1.0,0.0,0.0,True
34355424,2021,1.0,0.0,0.0,True
34355475,2021,0.6666666666666666,0.0,0.3333333333333333,True
34355505,2021,0.6,0.0,0.4,True
34356143,2021,0.5,0.5,0.0,True
34357781,2021,1.0,0.0,0.0,True
34357831,2021,0.0,1.0,0.0,True
34358715,2021,0.0,1.0,0.0,True
34359014,2021,1.0,0.0,0.0,True
34359671,2021,0.25,0.0,0.75,True
34359702,2021,0.4,0.4,0.2,True
34359745,2021,0.2,0.0,0.8,True
34360537,2021,0.3333333333333333,0.0,0.6666666666666666,True
34361041,2021,0.0,1.0,0.0,True
34362850,2021,0.0,0.0,1.0,True
34363001,2021,1.0,0.0,0.0,True
34363068,2021,1.0,0.0,0.0,True
34363474,2021,1.0,0.0,0.0,True
34363755,2021,0.125,0.0,0.875,True
34363922,2021,0.0,0.6666666666666666,0.3333333333333333,True
34364390,2021,0.3333333333333333,0.6666666666666666,0.0,True
34364993,2021,1.0,0.0,0.0,True
34365505,2021,0.0,0.0,1.0,True
34365812,2021,1.0,0.0,0.0,True
34366109,2021,1.0,0.0,0.0,True
34366662,2021,0.5,0.5,0.0,True
34367156,2021,0.14285714285714285,0.2857142857142857,0.5714285714285714,True
34367162,2021,0.9,0.0,0.1,True
34368410,2021,0.14285714285714285,0.2857142857142857,0.5714285714285714,True
34368812,2021,0.0,0.0,1.0,True
34368831,2022,1.0,0.0,0.0,True
34369110,2022,0.5,0.0,0.5,True
34370406,2021,0.25,0.25,0.5,True
34371135,2021,0.0,0.6,0.4,True
34371183,2022,0.5,0.0,0.5,True
34372599,2021,0.0,1.0,0.0,True
34374761,2022,0.5,0.0,0.5,True
34375097,2021,1.0,0.0,0.0,True
34375312,2021,0.3333333333333333,0.3333333333333333,0.3333333333333333,True
34375333,2021,0.0,0.75,0.25,True
34375508,2021,0.5,0.0,0.5,True
34375581,2021,0.0,0.3333333333333333,0.6666666666666666,True
34376213,2021,1.0,0.0,0.0,True
34376486,2021,1.0,0.0,0.0,True
34376576,2021,0.1111111111111111,0.2222222222222222,0.6666666666666666,True
34376581,2021,0.1,0.4,0.5,True
34376812,2022,0.0,0.5,0.5,True
34377779,2021,1.0,0.0,0.0,True
34378982,2021,0.14285714285714285,0.2857142857142857,0.5714285714285714,True
34379251,2021,1.0,0.0,0.0,True
34379524,2021,1.0,0.0,0.0,True
34379536,2021,0.0,1.0,0.0,True
34379740,2022,0.5,0.0,0.5,True
34379770,2022,1.0,0.0,0.0,True
34379916,2021,0.8,0.2,0.0,True
34380035,2021,0.0,0.42857142857142855,0.5714285714285714,True
34380090,2021,1.0,0.0,0.0,True
34380499,2021,0.8,0.2,0.0,True
34380889,2022,0.0,0.0,0.0,True
34381034,2021,0.0,0.3333333333333333,0.6666666666666666,True
34381247,2021,0.14285714285714285,0.0,0.8571428571428571,True
34381737,2021,0.25,0.25,0.5,True
34381883,2021,0.0,0.2,0.8,True
34382034,2021,0.2,0.4,0.4,True
34382076,2022,1.0,0.0,0.0,True
34382119,2021,1.0,0.0,0.0,True
34382689,2021,1.0,0.0,0.0,True
34382747,2021,0.75,0.0,0.25,True
34383370,2021,1.0,0.0,0.0,True
34383897,2021,1.0,0.0,0.0,True
34384346,2021,0.0,0.0,0.0,True
34384537,2021,0.14285714285714285,0.0,0.8571428571428571,True
34384539,2021,0.5,0.0,0.5,True
34384841,2022,0.6666666666666666,0.0,0.3333333333333333,True
34385356,2021,0.8571428571428571,0.0,0.14285714285714285,True
34385400,2021,0.9166666666666666,0.0,0.08333333333333333,True
34385434,2021,0.16666666666666666,0.6666666666666666,0.16666666666666666,True
34385513,2021,0.0,0.4,0.6,True
34385700,2021,0.0,0.6,0.4,True
34386729,2021,0.0,0.0,1.0,True
34386746,2021,1.0,0.0,0.0,True
34387357,2022,0.0,0.6666666666666666,0.3333333333333333,True
34387904,2022,0.14285714285714285,0.42857142857142855,0.42857142857142855,True
34388157,2021,1.0,0.0,0.0,True
34388376,2021,0.3333333333333333,0.0,0.6666666666666666,True
34390015,2021,0.6,0.0,0.4,True
34390050,2021,1.0,0.0,0.0,True
34390234,2021,1.0,0.0,0.0,True
34390365,2021,1.0,0.0,0.0,True
34390503,2021,0.5,0.0,0.5,True
34390534,2021,0.5,0.0,0.5,True
34390567,2021,0.0,0.6,0.4,True
34390837,2021,0.14285714285714285,0.5714285714285714,0.2857142857142857,True
34391794,2021,0.5,0.0,0.5,True
34391887,2021,0.6666666666666666,0.0,0.3333333333333333,True
34392304,2021,0.16666666666666666,0.6666666666666666,0.16666666666666666,True
34394844,2021,0.16666666666666666,0.0,0.8333333333333334,True
34395450,2021,0.1111111111111111,0.3333333333333333,0.5555555555555556,True
34396082,2021,0.4,0.0,0.6,True
34398238,2021,0.3333333333333333,0.0,0.6666666666666666,True
34399111,2021,0.5,0.5,0.0,True
34399606,2021,0.16666666666666666,0.3333333333333333,0.5,True
34399610,2021,0.0,0.0,1.0,True
34399690,2021,0.0,1.0,0.0,True
34400158,2021,0.0,0.75,0.25,True
34400207,2021,1.0,0.0,0.0,True
34400337,2022,0.5,0.5,0.0,True
34400781,2021,1.0,0.0,0.0,True
34400784,2021,0.0,1.0,0.0,True
34400910,2021,0.5,0.0,0.5,True
34401309,2021,0.5,0.0,0.5,True
34401678,2021,0.16666666666666666,0.0,0.8333333333333334,True
34401737,2021,0.0,0.0,0.0,True
34401871,2021,0.25,0.25,0.5,True
34401888,2021,0.0,0.0,1.0,True
34401891,2021,0.8,0.0,0.2,True
34401892,2021,0.7777777777777778,0.0,0.2222222222222222,True
34402430,2021,0.0,0.42857142857142855,0.5714285714285714,True
34402912,2022,0.3333333333333333,0.0,0.6666666666666666,True
34403466,2021,0.16666666666666666,0.0,0.8333333333333334,True
34403666,2022,1.0,0.0,0.0,True
34403695,2021,0.09090909090909091,0.18181818181818182,0.7272727272727273,True
34403987,2021,0.0,0.6666666666666666,0.3333333333333333,True
34404683,2021,1.0,0.0,0.0,True
34404723,2021,0.0,0.3333333333333333,0.6666666666666666,True
34404778,2021,0.0,0.5,0.5,True
34404863,2021,0.25,0.0,0.75,True
34405000,2021,0.0,0.0,1.0,True
34405127,2021,1.0,0.0,0.0,True
34406794,2021,0.3333333333333333,0.3333333333333333,0.3333333333333333,True
34407014,2022,1.0,0.0,0.0,True
34407251,2022,0.5,0.0,0.5,True
34407396,2021,0.16666666666666666,0.0,0.8333333333333334,True
34407413,2021,0.0,1.0,0.0,True
34407489,2021,1.0,0.0,0.0,True
34407795,2021,1.0,0.0,0.0,True
34407845,2021,1.0,0.0,0.0,True
34407988,2021,1.0,0.0,0.0,True
34407999,2021,0.0,0.75,0.25,True
34408009,2021,0.0,0.6666666666666666,0.3333333333333333,True
34408078,2021,0.0,1.0,0.0,True
34408080,2021,0.0,0.5,0.5,True
34408146,2021,0.16666666666666666,0.0,0.8333333333333334,True
34408672,2021,1.0,0.0,0.0,True
34409429,2022,1.0,0.0,0.0,True
34409936,2021,0.25,0.5,0.25,True
34410386,2021,0.25,0.5,0.25,True
34411412,2022,0.5,0.0,0.5,True
34411609,2021,0.16666666666666666,0.0,0.8333333333333334,True
34411659,2021,0.0,0.2857142857142857,0.7142857142857143,True
34413127,2021,0.3333333333333333,0.6666666666666666,0.0,True
34413139,2021,1.0,0.0,0.0,True
34413140,2021,1.0,0.0,0.0,True
34413159,2021,0.5,0.0,0.5,True
34413199,2021,0.0,1.0,0.0,True
34413232,2021,0.1111111111111111,0.2222222222222222,0.6666666666666666,True
34413303,2021,0.0,0.4,0.6,True
34413514,2021,0.0,1.0,0.0,True
34414388,2021,0.0,0.0,1.0,True
34414405,2022,0.6666666666666666,0.0,0.3333333333333333,True
34414766,2021,0.16666666666666666,0.0,0.8333333333333334,True
34415061,2022,0.0,0.6666666666666666,0.3333333333333333,True
34415294,2021,0.5,0.0,0.5,True
34415308,2021,0.75,0.0,0.25,True
34415310,2021,1.0,0.0,0.0,True
34415331,2022,1.0,0.0,0.0,True
34415955,2021,0.0,0.8333333333333334,0.16666666666666666,True
34417184,2021,0.0,1.0,0.0,True
34417337,2022,1.0,0.0,0.0,True
34417448,2021,0.2,0.0,0.8,True
34417466,2021,0.125,0.25,0.625,True
34417590,2021,0.1111111111111111,0.5555555555555556,0.3333333333333333,True
34417593,2021,0.0,1.0,0.0,True
34417597,2022,1.0,0.0,0.0,True
34417753,2021,0.0,0.0,0.0,True
34417803,2022,1.0,0.0,0.0,True
34417873,2021,0.0,0.0,1.0,True
34418121,2021,1.0,0.0,0.0,True
34418353,2021,0.0,0.8,0.2,True
34418400,2021,1.0,0.0,0.0,True
34418934,2021,0.0,0.0,1.0,True
34419119,2021,0.0,0.1,0.9,False
34419554,2022,1.0,0.0,0.0,True
34419651,2021,1.0,0.0,0.0,True
34419745,2021,0.3333333333333333,0.0,0.6666666666666666,True
34420032,2021,0.75,0.0,0.25,True
34420294,2021,1.0,0.0,0.0,True
34420370,2021,0.0,1.0,0.0,True
34420964,2021,1.0,0.0,0.0,True
34420971,2021,0.75,0.0,0.25,True
34421692,2021,1.0,0.0,0.0,True
34421988,2021,0.5,0.0,0.5,True
34422323,2021,0.4,0.2,0.4,True
34423072,2021,0.0,0.0,0.0,True
34423271,2021,0.3333333333333333,0.3333333333333333,0.3333333333333333,True
34423272,2021,0.14285714285714285,0.14285714285714285,0.7142857142857143,True
34423274,2021,0.0,0.2,0.8,True
34423369,2022,0.3333333333333333,0.3333333333333333,0.3333333333333333,True
34423482,2021,0.0,0.75,0.25,True
34423762,2021,0.0,0.6666666666666666,0.3333333333333333,True
34424055,2021,0.25,0.25,0.5,True
34424958,2021,0.16666666666666666,0.0,0.8333333333333334,True
34425177,2022,0.5,0.0,0.5,True
34425496,2021,0.0,0.6666666666666666,0.3333333333333333,True
34426670,2022,1.0,0.0,0.0,True
34426807,2021,0.2,0.0,0.8,True
34426813,2021,0.0,0.6666666666666666,0.3333333333333333,True
34427584,2021,1.0,0.0,0.0,True
34428097,2021,0.8,0.0,0.2,True
34428178,2021,0.0,0.2857142857142857,0.7142857142857143,True
34428282,2022,1.0,0.0,0.0,True
34428294,2021,0.2,0.0,0.8,True
34428424,2021,0.0,0.4444444444444444,0.5555555555555556,True
34428449,2021,0.16666666666666666,0.0,0.8333333333333334,True
34428556,2021,1.0,0.0,0.0,True
34429399,2021,0.5,0.0,0.5,True
34429404,2021,0.25,0.5,0.25,True
34429407,2021,0.25,0.25,0.5,True
34430349,2021,0.5,0.0,0.5,True
34430511,2021,0.5,0.0,0.5,True
34431085,2021,0.6666666666666666,0.0,0.3333333333333333,True
34431366,2022,1.0,0.0,0.0,True
34431373,2021,1.0,0.0,0.0,True
34432237,2021,0.0,0.0,1.0,True
34432492,2021,0.14285714285714285,0.0,0.8571428571428571,True
34432494,2021,0.0,0.14285714285714285,0.8571428571428571,True
34432874,2021,1.0,0.0,0.0,True
34433027,2021,0.0,1.0,0.0,True
34433302,2022,1.0,0.0,0.0,True
34433830,2021,0.0,0.5,0.5,True
34433902,2021,1.0,0.0,0.0,True
34433909,2021,0.3333333333333333,0.6666666666666666,0.0,True
34433910,2021,0.0,0.75,0.25,True
34433916,2021,1.0,0.0,0.0,True
34433964,2021,0.0,0.5,0.5,True
34435232,2022,0.3333333333333333,0.0,0.6666666666666666,True
34435718,2021,1.0,0.0,0.0,True
34435786,2021,0.1,0.3,0.6,True
34436255,2021,0.25,0.0,0.75,True
34436572,2021,0.0,0.625,0.375,True
34437304,2021,0.8888888888888888,0.0,0.1111111111111111,True
34437536,2021,0.5,0.0,0.5,True
34438022,2022,1.0,0.0,0.0,True
34439097,2021,0.0,0.3333333333333333,0.6666666666666666,True
34439226,2021,1.0,0.0,0.0,True
34439280,2021,0.0,1.0,0.0,True
34440432,2021,0.3333333333333333,0.0,0.6666666666666666,True
34443679,2021,0.0,0.75,0.25,True
34445399,2021,0.16666666666666666,0.5,0.3333333333333333,True
34445723,2021,0.0,0.16666666666666666,0.8333333333333334,True
34446472,2021,1.0,0.0,0.0,True
34446712,2021,0.125,0.375,0.5,True
34448031,2021,1.0,0.0,0.0,True
34448046,2021,1.0,0.0,0.0,True
34448810,2022,0.0,1.0,0.0,True
34449112,2021,0.0,0.6666666666666666,0.3333333333333333,True
34449775,2021,0.0,0.4,0.6,True
34449812,2021,0.4,0.0,0.6,True
34449957,2021,0.6666666666666666,0.0,0.3333333333333333,True
34450041,2021,0.14285714285714285,0.0,0.8571428571428571,True
34450045,2021,0.0,0.0,0.0,True
34450229,2021,0.5,0.5,0.0,True
34450493,2021,0.0,0.0,1.0,True
34450618,2022,0.0,0.0,1.0,True
34451101,2021,1.0,0.0,0.0,True
34451986,2021,0.5,0.0,0.5,True
34452509,2021,0.0,0.5,0.5,True
34452993,2021,0.0,0.6666666666666666,0.3333333333333333,True
34452994,2021,0.16666666666666666,0.0,0.8333333333333334,True
34453483,2021,0.16666666666666666,0.6666666666666666,0.16666666666666666,True
34453519,2022,0.6666666666666666,0.0,0.3333333333333333,True
34453886,2021,0.5,0.0,0.5,True
34453891,2021,0.0,0.25,0.75,True
34455040,2021,0.0,0.6666666666666666,0.3333333333333333,True
34456972,2021,1.0,0.0,0.0,True
34457160,2021,1.0,0.0,0.0,True
34458552,2021,0.6666666666666666,0.0,0.3333333333333333,True
34458868,2021,0.3333333333333333,0.3333333333333333,0.3333333333333333,True
34458915,2022,1.0,0.0,0.0,True
34459852,2021,0.0,0.5,0.5,True
34459874,2021,1.0,0.0,0.0,True
34460416,2021,0.9166666666666666,0.0,0.08333333333333333,True
34461087,2021,0.3333333333333333,0.0,0.6666666666666666,True
34461095,2021,0.125,0.375,0.5,True
34461377,2021,1.0,0.0,0.0,True
34462275,2021,0.1111111111111111,0.3333333333333333,0.5555555555555556,True
34462327,2021,0.2,0.4,0.4,True
34462750,2021,0.3333333333333333,0.3333333333333333,0.3333333333333333,True
34463877,2021,0.3333333333333333,0.0,0.6666666666666666,True
34464388,2021,1.0,0.0,0.0,True
34464898,2021,0.2,0.0,0.8,True
34465588,2021,1.0,0.0,0.0,True
34465647,2021,1.0,0.0,0.0,True
34465649,2021,1.0,0.0,0.0,True
34465900,2021,0.6666666666666666,0.0,0.3333333333333333,True
34467402,2022,0.6666666666666666,0.0,0.3333333333333333,True
34468169,2021,0.3333333333333333,0.0,0.6666666666666666,True
34468722,2022,1.0,0.0,0.0,True
34468815,2021,0.14285714285714285,0.5714285714285714,0.2857142857142857,True
34469031,2021,0.0,0.4,0.6,True
34469110,2021,0.0,1.0,0.0,True
34469185,2021,0.3333333333333333,0.0,0.6666666666666666,True
34469508,2021,1.0,0.0,0.0,True
34469519,2022,1.0,0.0,0.0,True
34469647,2021,0.4,0.0,0.6,True
34470363,2021,0.0,0.0,0.0,True
34471102,2021,1.0,0.0,0.0,True
34471196,2021,1.0,0.0,0.0,True
34471251,2021,0.3333333333333333,0.0,0.6666666666666666,True
34471285,2021,0.1111111111111111,0.0,0.8888888888888888,True
34471985,2022,1.0,0.0,0.0,True
34472586,2021,1.0,0.0,0.0,True
34472889,2021,1.0,0.0,0.0,True
34473088,2021,0.0,0.5555555555555556,0.4444444444444444,True
34473196,2021,0.16666666666666666,0.3333333333333333,0.5,True
34473212,2022,1.0,0.0,0.0,True
34474081,2022,0.2,0.4,0.4,True
34474689,2021,0.0,0.0,1.0,True
34475161,2021,1.0,0.0,0.0,True
34475242,2021,1.0,0.0,0.0,False
34476340,2021,1.0,0.0,0.0,True
34477118,2021,1.0,0.0,0.0,True
34477552,2021,0.16666666666666666,0.0,0.8333333333333334,True
34477824,2021,0.9,0.0,0.1,True
34477829,2021,1.0,0.0,0.0,True
34478905,2021,0.0,0.8,0.2,True
34479891,2021,1.0,0.0,0.0,True
34479925,2021,1.0,0.0,0.0,True
34479949,2021,1.0,0.0,0.0,True
34480642,2022,1.0,0.0,0.0,True
34480685,2022,1.0,0.0,0.0,True
34480833,2022,1.0,0.0,0.0,True
34480893,2022,0.0,0.5,0.5,True
34481014,2022,0.75,0.25,0.0,True
34481829,2021,0.3333333333333333,0.0,0.6666666666666666,True
34482522,2021,0.0,0.8333333333333334,0.16666666666666666,True
34483067,2022,0.3333333333333333,0.0,0.6666666666666666,True
34483500,2021,0.3333333333333333,0.0,0.6666666666666666,True
34483804,2020,0.5,0.0,0.5,True
34484156,2021,0.125,0.5,0.375,True
34484494,2021,0.0,0.0,0.0,True
34485225,2021,0.3333333333333333,0.0,0.6666666666666666,True
34485611,2021,0.25,0.25,0.5,True
34485613,2021,0.0,0.3333333333333333,0.6666666666666666,True
34485806,2021,1.0,0.0,0.0,True
34485830,2021,0.0,0.0,1.0,True
34485936,2021,0.0,0.5,0.5,True
34486668,2021,0.125,0.375,0.5,True
34487221,2021,0.2,0.4,0.4,True
34487234,2021,1.0,0.0,0.0,True
34487267,2021,0.0,0.6,0.4,True
34487279,2022,1.0,0.0,0.0,True
34487349,2021,0.0,0.0,1.0,True
34487426,2021,0.0,0.4,0.6,True
34487600,2021,0.25,0.75,0.0,True
34487749,2021,1.0,0.0,0.0,True
34488805,2021,0.0,0.75,0.25,True
34489406,2021,0.0,0.3333333333333333,0.6666666666666666,True
34489643,2021,0.2857142857142857,0.42857142857142855,0.2857142857142857,True
34491744,2021,0.16666666666666666,0.3333333333333333,0.5,True
34491789,2021,0.0,0.0,1.0,True
34492165,2022,1.0,0.0,0.0,True
34492260,2021,0.6,0.0,0.4,True
34492572,2021,1.0,0.0,0.0,True
34492681,2021,0.0,0.5,0.5,True
34493599,2021,0.2,0.2,0.6,True
34493658,2021,1.0,0.0,0.0,True
34493674,2021,1.0,0.0,0.0,True
34493867,2021,0.875,0.0,0.125,True
34494027,2021,0.3333333333333333,0.0,0.6666666666666666,True
34495738,2021,0.25,0.0,0.75,True
34495761,2021,1.0,0.0,0.0,True
34496149,2021,0.2,0.0,0.8,True
34496929,2021,0.25,0.0,0.75,True
34497121,2021,0.2,0.6,0.2,True
34497278,2021,1.0,0.0,0.0,True
34497421,2021,0.2222222222222222,0.3333333333333333,0.4444444444444444,True
34498013,2021,0.0,0.0,0.0,True
34498417,2022,1.0,0.0,0.0,True
34498740,2021,0.2,0.0,0.8,True
34499219,2021,0.5,0.0,0.5,True
34499398,2022,0.6,0.0,0.4,True
34499774,2021,0.0,0.75,0.25,True
34501574,2021,0.0,0.0,0.0,True
34502259,2021,0.0,0.625,0.375,True
34502288,2021,0.0,0.625,0.375,True
34503088,2021,0.25,0.0,0.75,True
34503205,2021,0.0,0.5,0.5,True
34503990,2021,0.0,0.0,1.0,True
34504007,2021,0.3333333333333333,0.0,0.6666666666666666,True
34504056,2021,1.0,0.0,0.0,True
34504346,2021,0.3333333333333333,0.0,0.6666666666666666,True
34504347,2021,0.3333333333333333,0.0,0.6666666666666666,True
34504497,2021,0.6666666666666666,0.0,0.3333333333333333,True
34504903,2021,0.3333333333333333,0.0,0.6666666666666666,True
34506540,2021,1.0,0.0,0.0,True
34506725,2021,0.0,0.4,0.6,True
34506850,2022,0.2,0.0,0.8,True
34507066,2021,0.2,0.6,0.2,True
34508290,2022,1.0,0.0,0.0,True
34508644,2022,1.0,0.0,0.0,True
34508697,2021,0.0,0.6666666666666666,0.3333333333333333,True
34509474,2021,0.125,0.0,0.875,True
34509798,2021,0.1111111111111111,0.0,0.8888888888888888,True
34510123,2021,0.3333333333333333,0.6666666666666666,0.0,True
34510484,2022,0.16666666666666666,0.5,0.3333333333333333,True
34510499,2021,1.0,0.0,0.0,True
34510833,2021,1.0,0.0,0.0,True
34512672,2021,0.6666666666666666,0.0,0.3333333333333333,True
34513762,2021,0.5,0.3333333333333333,0.16666666666666666,True
34513880,2021,0.6666666666666666,0.0,0.3333333333333333,True
34514330,2021,0.0,0.0,1.0,False
34514444,2021,1.0,0.0,0.0,True
34514472,2021,0.0,0.0,0.0,True
34515661,2021,1.0,0.0,0.0,True
34515662,2021,1.0,0.0,0.0,True
34516045,2022,0.0,0.0,0.0,True
34516174,2021,1.0,0.0,0.0,True
34516245,2021,0.5,0.0,0.5,True
34516295,2021,0.5,0.0,0.5,True
34516617,2022,1.0,0.0,0.0,True
34516645,2022,1.0,0.0,0.0,True
34516984,2021,0.0,1.0,0.0,True
34518290,2021,1.0,0.0,0.0,True
34518299,2021,0.0,0.6666666666666666,0.3333333333333333,True
34518365,2021,0.0,0.5,0.5,True
34518534,2021,0.08333333333333333,0.5,0.4166666666666667,True
34518542,2021,0.0,0.25,0.75,True
34518555,2021,0.8,0.0,0.2,True
34518838,2021,1.0,0.0,0.0,True
34519272,2021,0.07142857142857142,0.35714285714285715,0.5714285714285714,True
34519385,2021,1.0,0.0,0.0,True
34519517,2021,0.5,0.0,0.5,True
34519790,2022,1.0,0.0,0.0,True
34519823,2022,0.7,0.0,0.3,True
34520227,2021,0.0,0.0,1.0,True
34520248,2021,1.0,0.0,0.0,True
34521638,2021,1.0,0.0,0.0,True
34521758,2021,0.3333333333333333,0.3333333333333333,0.3333333333333333,True
34521764,2021,0.2,0.6,0.2,True
34521765,2021,0.16666666666666666,0.8333333333333334,0.0,True
34521813,2021,0.8333333333333334,0.0,0.16666666666666666,True
34522608,2021,0.0,0.6666666666666666,0.3333333333333333,True
34522852,2021,0.0,0.3333333333333333,0.6666666666666666,True
34522865,2021,0.0,0.0,0.0,True
34523618,2021,1.0,0.0,0.0,False
34523960,2021,0.2,0.2,0.6,True
34523971,2021,0.25,0.0,0.75,True
34523990,2021,0.8,0.0,0.2,True
34524425,2022,0.5,0.0,0.5,True
34524458,2021,0.6666666666666666,0.0,0.3333333333333333,True
34525122,2021,1.0,0.0,0.0,True
34525183,2021,0.5,0.0,0.5,True
34525188,2022,1.0,0.0,0.0,True
34525568,2021,0.0,0.0,1.0,True
34526307,2021,1.0,0.0,0.0,True
34526699,2021,0.5,0.0,0.5,True
34526719,2021,0.125,0.25,0.625,True
34528289,2022,1.0,0.0,0.0,True
34528437,2021,0.125,0.25,0.625,True
34528698,2021,0.6666666666666666,0.0,0.3333333333333333,True
34529025,2021,1.0,0.0,0.0,True
34529251,2022,1.0,0.0,0.0,True
34529404,2021,1.0,0.0,0.0,True
34529476,2021,0.0,0.6,0.4,True
34529738,2021,0.16666666666666666,0.3333333333333333,0.5,True
34529785,2022,1.0,0.0,0.0,True
34529830,2021,1.0,0.0,0.0,True
34529832,2021,1.0,0.0,0.0,True
34529884,2021,0.14285714285714285,0.2857142857142857,0.5714285714285714,True
34531242,2021,1.0,0.0,0.0,True
34531244,2021,0.75,0.0,0.25,True
34531250,2021,0.25,0.5,0.25,True
34531522,2021,0.0,0.75,0.25,True
34532320,2021,0.0,0.0,1.0,True
34532720,2021,0.16666666666666666,0.0,0.8333333333333334,True
34532991,2021,1.0,0.0,0.0,True
34533562,2021,0.3333333333333333,0.0,0.6666666666666666,True
34533571,2021,1.0,0.0,0.0,True
34534377,2021,0.1111111111111111,0.2222222222222222,0.6666666666666666,True
34534680,2022,0.3333333333333333,0.0,0.6666666666666666,True
34535742,2021,1.0,0.0,0.0,True
34535973,2022,1.0,0.0,0.0,True
34536193,2022,1.0,0.0,0.0,True
34537245,2021,0.16666666666666666,0.0,0.8333333333333334,True
34537679,2021,0.5,0.0,0.5,True
34537881,2021,1.0,0.0,0.0,True
34538105,2021,1.0,0.0,0.0,True
34539512,2021,1.0,0.0,0.0,True
34541456,2021,0.5,0.0,0.5,True
34542605,2021,0.125,0.625,0.25,True
34542912,2022,1.0,0.0,0.0,True
34545022,2022,1.0,0.0,0.0,True
34545374,2021,0.6,0.0,0.4,True
34545791,2021,0.2,0.6,0.2,True
34546977,2021,0.3333333333333333,0.6666666666666666,0.0,True
34547026,2021,0.25,0.5,0.25,True
34547333,2021,0.0,1.0,0.0,True
34547770,2022,1.0,0.0,0.0,True
34548329,2022,1.0,0.0,0.0,True
34548492,2021,0.16666666666666666,0.16666666666666666,0.6666666666666666,True
34548657,2022,0.3333333333333333,0.6666666666666666,0.0,True
34549489,2021,1.0,0.0,0.0,True
34549726,2021,0.0,0.5,0.5,True
34549976,2021,0.25,0.0,0.75,True
34549989,2021,1.0,0.0,0.0,True
34550019,2021,0.0,0.0,1.0,True
34551020,2021,0.0,0.5,0.5,True
34551064,2022,1.0,0.0,0.0,True
34551316,2021,0.0,0.2857142857142857,0.7142857142857143,True
34551415,2022,1.0,0.0,0.0,True
34551432,2021,0.16666666666666666,0.3333333333333333,0.5,True
34551978,2021,0.16666666666666666,0.5,0.3333333333333333,True
34552193,2021,0.0,0.6,0.4,True
34552440,2021,0.5,0.0,0.5,True
34553155,2021,0.4,0.0,0.6,True
34553185,2021,1.0,0.0,0.0,True
34553764,2022,0.5,0.0,0.5,True
34554412,2022,0.5,0.0,0.5,True
34554658,2021,1.0,0.0,0.0,True
34554724,2021,0.125,0.375,0.5,True
34555175,2022,0.5,0.0,0.5,True
34556215,2021,0.0,0.0,0.0,True
34556645,2021,0.8333333333333334,0.0,0.16666666666666666,True
34556833,2021,0.3333333333333333,0.0,0.6666666666666666,True
34556874,2021,0.0,0.75,0.25,True
34556879,2021,0.16666666666666666,0.3333333333333333,0.5,True
34557308,2021,0.2857142857142857,0.0,0.7142857142857143,True
34558806,2021,0.75,0.0,0.25,True
34558821,2021,1.0,0.0,0.0,True
34558968,2021,0.0,0.0,0.0,True
34559195,2022,0.5,0.0,0.5,True
34559216,2022,1.0,0.0,0.0,True
34559564,2021,0.3333333333333333,0.6666666666666666,0.0,True
34559904,2021,1.0,0.0,0.0,True
34559995,2021,1.0,0.0,0.0,True
34560324,2022,1.0,0.0,0.0,True
34560325,2022,0.0,0.0,0.0,True
34561346,2022,1.0,0.0,0.0,True
34561431,2021,0.5,0.0,0.5,True
34562096,2022,0.3333333333333333,0.0,0.6666666666666666,True
34562525,2022,1.0,0.0,0.0,True
34562716,2021,1.0,0.0,0.0,True
34563136,2021,0.5,0.0,0.5,True
34563674,2022,0.16666666666666666,0.3333333333333333,0.5,True
34563945,2021,0.7142857142857143,0.0,0.2857142857142857,True
34565652,2022,0.0,0.0,1.0,True
34566577,2021,0.3333333333333333,0.3333333333333333,0.3333333333333333,True
34566668,2021,0.125,0.375,0.5,True
34566715,2021,1.0,0.0,0.0,True
34566972,2021,0.5,0.0,0.5,True
34568716,2021,1.0,0.0,0.0,True
34569598,2021,0.5,0.0,0.5,True
34569615,2021,0.1111111111111111,0.4444444444444444,0.4444444444444444,True
34570382,2022,0.5,0.0,0.5,True
34570667,2022,0.3333333333333333,0.0,0.6666666666666666,True
34570764,2021,0.3333333333333333,0.6666666666666666,0.0,True
34571455,2021,1.0,0.0,0.0,True
34571960,2021,0.0,0.3333333333333333,0.6666666666666666,True
34572275,2021,0.6666666666666666,0.0,0.3333333333333333,True
34572357,2021,0.25,0.25,0.5,True
34572502,2021,0.0,0.0,1.0,True
34576993,2021,0.0,1.0,0.0,True
34578379,2021,0.125,0.25,0.625,True
34578426,2021,0.6666666666666666,0.0,0.3333333333333333,True
34578445,2021,0.0,0.5,0.5,True
34580037,2021,1.0,0.0,0.0,True
34580171,2021,1.0,0.0,0.0,True
34580177,2021,0.0,0.4444444444444444,0.5555555555555556,True
34580230,2021,0.0,0.6666666666666666,0.3333333333333333,True
34580862,2022,0.75,0.0,0.25,True
34581306,2022,0.5714285714285714,0.0,0.42857142857142855,True
34581605,2021,0.0,0.42857142857142855,0.5714285714285714,True
34581627,2021,1.0,0.0,0.0,False
34581773,2021,1.0,0.0,0.0,False
34581780,2021,1.0,0.0,0.0,True
34582281,2021,1.0,0.0,0.0,True
34582742,2022,0.3333333333333333,0.0,0.6666666666666666,True
34582748,2021,0.0,0.4,0.6,True
34582791,2021,0.5,0.0,0.5,True
34583087,2022,0.25,0.5,0.25,True
34583301,2021,1.0,0.0,0.0,True
34583334,2021,0.75,0.0,0.25,True
34584091,2021,0.16666666666666666,0.8333333333333334,0.0,True
34584240,2021,1.0,0.0,0.0,True
34584862,2021,0.5,0.5,0.0,True
34585778,2022,1.0,0.0,0.0,True
34585950,2021,0.5714285714285714,0.0,0.42857142857142855,True
34586415,2021,0.125,0.625,0.25,True
34586495,2021,1.0,0.0,0.0,True
34586867,2021,0.07692307692307693,0.3076923076923077,0.6153846153846154,True
34587480,2021,0.18181818181818182,0.18181818181818182,0.6363636363636364,True
34587551,2022,0.5,0.0,0.5,True
34587721,2022,0.3333333333333333,0.0,0.6666666666666666,True
34587830,2021,1.0,0.0,0.0,True
34588308,2021,0.16666666666666666,0.0,0.8333333333333334,True
34588430,2021,0.0,0.4,0.6,True
34588469,2021,1.0,0.0,0.0,True
34589661,2021,0.5,0.0,0.5,True
34589770,2021,0.0,0.3333333333333333,0.6666666666666666,True
34590113,2021,1.0,0.0,0.0,True
34590122,2022,1.0,0.0,0.0,True
34590136,2021,0.5,0.0,0.5,True
34590141,2021,0.5,0.0,0.5,True
34590334,2021,1.0,0.0,0.0,True
34591235,2022,0.0,0.8,0.2,True
34591327,2021,0.0,0.6,0.4,True
34591708,2023,1.0,0.0,0.0,True
34591792,2021,0.14285714285714285,0.42857142857142855,0.42857142857142855,True
34592985,2021,0.3333333333333333,0.0,0.6666666666666666,True
34593595,2022,1.0,0.0,0.0,True
34593959,2021,0.5,0.5,0.0,True
34594031,2021,0.3333333333333333,0.0,0.6666666666666666,True
34594331,2021,0.16666666666666666,0.3333333333333333,0.5,True
34597052,2021,0.0,0.0,0.0,True
34597136,2021,0.0,0.0,1.0,True
34598155,2021,1.0,0.0,0.0,True
34598789,2022,1.0,0.0,0.0,True
34598869,2022,1.0,0.0,0.0,True
34599145,2021,1.0,0.0,0.0,True
34600249,2021,1.0,0.0,0.0,True
34600480,2021,0.0,0.0,0.0,True
34601876,2021,0.0,0.5,0.5,True
34603297,2021,0.16666666666666666,0.5,0.3333333333333333,True
34603676,2021,0.2,0.0,0.8,True
34603979,2021,0.3333333333333333,0.0,0.6666666666666666,True
34604445,2021,0.3333333333333333,0.0,0.6666666666666666,True
34604944,2021,0.2,0.6,0.2,True
34605056,2021,1.0,0.0,0.0,True
34606321,2021,0.9230769230769231,0.0,0.07692307692307693,True
34606590,2021,0.6666666666666666,0.0,0.3333333333333333,True
34606673,2021,0.0,0.0,1.0,True
34606726,2021,0.25,0.0,0.75,True
34607084,2021,0.5,0.0,0.5,True
34607348,2021,1.0,0.0,0.0,True
34607466,2021,0.0,1.0,0.0,True
34607834,2021,1.0,0.0,0.0,True
34607940,2021,0.1111111111111111,0.4444444444444444,0.4444444444444444,True
34608449,2021,0.3333333333333333,0.0,0.6666666666666666,True
34608938,2022,1.0,0.0,0.0,True
34609966,2021,0.125,0.25,0.625,True
34610275,2021,0.0,1.0,0.0,True
34610295,2021,0.14285714285714285,0.7142857142857143,0.14285714285714285,True
34610968,2021,0.875,0.0,0.125,True
34611289,2021,0.6666666666666666,0.0,0.3333333333333333,True
34611364,2021,0.5,0.0,0.5,True
34611643,2021,0.0,0.0,0.0,True
34611667,2021,1.0,0.0,0.0,True
34611671,2021,0.3333333333333333,0.0,0.6666666666666666,True
34611997,2022,1.0,0.0,0.0,True
34612005,2022,0.5,0.25,0.25,True
34612499,2021,0.6666666666666666,0.0,0.3333333333333333,True
34612579,2021,0.8,0.0,0.2,True
34612580,2021,0.14285714285714285,0.0,0.8571428571428571,True
34612714,2021,0.3333333333333333,0.0,0.6666666666666666,True
34613431,2021,0.0,1.0,0.0,True
34613812,2021,0.5,0.0,0.5,True
34614192,2022,0.5,0.0,0.5,True
34614419,2021,0.0,0.75,0.25,True
34615341,2022,0.25,0.5,0.25,True
34615874,2021,0.25,0.0,0.75,True
34615909,2021,1.0,0.0,0.0,True
34616066,2021,0.0,0.5,0.5,True
34616075,2021,0.16666666666666666,0.5,0.3333333333333333,True
34616364,2021,0.8,0.0,0.2,True
34618370,2021,0.0,0.625,0.375,True
34618539,2021,1.0,0.0,0.0,True
34618712,2021,0.0,1.0,0.0,True
34619643,2021,0.5,0.0,0.5,True
34619742,2021,1.0,0.0,0.0,True
34620810,2021,1.0,0.0,0.0,True
34620866,2021,0.0,0.6666666666666666,0.3333333333333333,True
34622145,2021,0.0,0.0,1.0,True
34622218,2021,0.0,0.6666666666666666,0.3333333333333333,True
34622802,2021,0.42857142857142855,0.42857142857142855,0.14285714285714285,True
34623326,2021,0.16666666666666666,0.3333333333333333,0.5,True
34623903,2021,0.0,0.8,0.2,True
34623907,2021,0.2,0.0,0.8,True
34623926,2021,1.0,0.0,0.0,True
34624222,2021,0.07692307692307693,0.3076923076923077,0.6153846153846154,True
34624401,2021,1.0,0.0,0.0,True
34625127,2021,1.0,0.0,0.0,True
34625432,2022,1.0,0.0,0.0,True
34625550,2021,0.0,0.16666666666666666,0.8333333333333334,True
34625552,2021,0.2,0.6,0.2,True
34625558,2021,0.0,0.25,0.75,True
34625792,2021,0.3333333333333333,0.6666666666666666,0.0,True
34625802,2022,1.0,0.0,0.0,True
34626895,2021,0.0,0.0,1.0,True
34627174,2021,0.5,0.0,0.5,True
34627890,2022,0.5,0.0,0.5,True
34628503,2022,1.0,0.0,0.0,True
34628937,2021,0.0,1.0,0.0,True
34629570,2021,0.0,0.0,0.0,True
34630033,2021,0.0,0.0,1.0,True
34630052,2021,0.25,0.5,0.25,True
34632484,2021,0.5,0.5,0.0,True
34632800,2022,1.0,0.0,0.0,True
34632931,2021,1.0,0.0,0.0,True
34634300,2021,0.0,1.0,0.0,True
34635070,2021,1.0,0.0,0.0,True
34635127,2021,0.14285714285714285,0.0,0.8571428571428571,True
34636551,2021,0.3333333333333333,0.0,0.6666666666666666,True
34637358,2021,1.0,0.0,0.0,True
34637497,2022,0.8,0.0,0.2,True
34637504,2022,1.0,0.0,0.0,True
34638252,2021,0.2,0.0,0.8,True
34638305,2021,0.2857142857142857,0.0,0.7142857142857143,True
34638439,2021,0.16666666666666666,0.0,0.8333333333333334,True
34638544,2021,0.25,0.0,0.75,True
34638991,2021,0.0,0.75,0.25,True
34641337,2021,0.16666666666666666,0.3333333333333333,0.5,True
34642183,2021,0.0,0.5714285714285714,0.42857142857142855,True
34642411,2021,0.75,0.0,0.25,True
34642704,2021,1.0,0.0,0.0,True
34642734,2022,1.0,0.0,0.0,True
34642740,2022,1.0,0.0,0.0,True
34643667,2022,1.0,0.0,0.0,True
34643710,2021,0.0,0.0,0.0,True
34644426,2021,0.14285714285714285,0.7142857142857143,0.14285714285714285,True
34644558,2021,0.0,0.5,0.5,True
34644563,2021,0.25,0.25,0.5,True
34644666,2021,1.0,0.0,0.0,True
34645815,2021,0.1,0.0,0.9,True
34645982,2023,0.0,1.0,0.0,True
34646014,2021,0.2,0.0,0.8,True
34646575,2021,0.1,0.3,0.6,True
34647770,2022,0.0,0.0,0.0,True
34648019,2021,0.0,0.2,0.8,True
34648031,2022,1.0,0.0,0.0,True
34648187,2022,1.0,0.0,0.0,True
34648946,2022,1.0,0.0,0.0,True
34649270,2022,1.0,0.0,0.0,True
34649926,2021,0.4,0.4,0.2,True
34649938,2021,0.0,0.4444444444444444,0.5555555555555556,True
34649967,2021,1.0,0.0,0.0,True
34650170,2021,1.0,0.0,0.0,True
34650206,2022,1.0,0.0,0.0,True
34650408,2021,1.0,0.0,0.0,True
34650521,2021,0.25,0.75,0.0,True
34650589,2021,1.0,0.0,0.0,True
34651101,2020,1.0,0.0,0.0,True
34651464,2021,1.0,0.0,0.0,True
34651582,2021,0.25,0.5,0.25,True
34651586,2021,0.3333333333333333,0.0,0.6666666666666666,True
34652056,2022,0.0,0.0,1.0,True
34652160,2021,0.0,0.0,1.0,True
34652290,2022,1.0,0.0,0.0,True
34652432,2022,1.0,0.0,0.0,True
34652576,2021,1.0,0.0,0.0,True
34653670,2021,0.0,1.0,0.0,True
34654688,2021,0.5,0.0,0.5,True
34655326,2022,1.0,0.0,0.0,True
34656649,2022,1.0,0.0,0.0,True
34656763,2022,0.6666666666666666,0.0,0.3333333333333333,True
34657151,2022,0.5714285714285714,0.0,0.42857142857142855,True
34657154,2022,0.125,0.25,0.625,True
34657245,2022,1.0,0.0,0.0,True
34658255,2021,1.0,0.0,0.0,True
34659219,2021,0.4166666666666667,0.3333333333333333,0.25,True
34659703,2021,0.0,0.0,0.0,True
34660212,2021,1.0,0.0,0.0,True
34661061,2021,0.0,0.0,0.0,False
34661083,2021,0.2,0.0,0.8,True
34661178,2021,0.5,0.0,0.5,True
34661792,2021,0.0,0.0,0.0,True
34662221,2021,0.5,0.0,0.5,True
34662339,2021,1.0,0.0,0.0,True
34662368,2021,1.0,0.0,0.0,True
34662808,2021,0.0,0.5,0.5,True
34662828,2021,0.3333333333333333,0.0,0.6666666666666666,True
34663503,2022,1.0,0.0,0.0,True
34663616,2022,1.0,0.0,0.0,True
34663815,2021,0.125,0.0,0.875,True
34663879,2021,0.14285714285714285,0.42857142857142855,0.42857142857142855,True
34663957,2021,0.0,0.8,0.2,True
34665379,2022,0.0,0.5,0.5,True
34666161,2022,1.0,0.0,0.0,True
34667116,2021,0.0,1.0,0.0,True
34667120,2021,0.25,0.0,0.75,True
34668231,2021,1.0,0.0,0.0,True
34668234,2022,1.0,0.0,0.0,True
34668514,2022,0.0,1.0,0.0,True
34668736,2021,0.5,0.0,0.5,True
34669981,2022,0.5,0.0,0.5,True
34670043,2021,1.0,0.0,0.0,True
34670275,2022,0.3333333333333333,0.0,0.6666666666666666,True
34670583,2021,0.0,0.0,1.0,True
34670817,2021,1.0,0.0,0.0,True
34670863,2022,0.5,0.0,0.5,True
34671032,2021,0.8,0.0,0.2,True
34671108,2022,1.0,0.0,0.0,True
34671157,2021,0.0,0.75,0.25,True
34671694,2021,0.6666666666666666,0.0,0.3333333333333333,True
34671775,2021,1.0,0.0,0.0,True
34671776,2021,0.0,1.0,0.0,True
34671781,2021,1.0,0.0,0.0,True
34671883,2022,1.0,0.0,0.0,True
34672684,2021,1.0,0.0,0.0,True
34674235,2021,1.0,0.0,0.0,True
34674239,2021,1.0,0.0,0.0,True
34674297,2022,0.5,0.0,0.5,True
34674556,2021,0.3333333333333333,0.6666666666666666,0.0,True
34674701,2021,0.0,0.5,0.5,True
34675073,2021,0.125,0.0,0.875,True
34675078,2021,0.0,1.0,0.0,True
34675120,2022,0.2,0.6,0.2,True
34675189,2021,1.0,0.0,0.0,True
34676045,2021,0.3333333333333333,0.0,0.6666666666666666,True
34676539,2022,0.0,0.0,0.0,True
34677608,2022,1.0,0.0,0.0,True
34677937,2021,0.0,0.0,1.0,True
34677966,2021,0.0,0.0,1.0,True
34678071,2021,0.0,0.6666666666666666,0.3333333333333333,True
34678077,2021,1.0,0.0,0.0,True
34678436,2022,1.0,0.0,0.0,True
34679246,2021,0.0,0.2857142857142857,0.7142857142857143,True
34682373,2021,1.0,0.0,0.0,True
34684228,2021,0.0,0.75,0.25,True
34685559,2021,0.5,0.0,0.5,True
34686324,2021,0.1111111111111111,0.4444444444444444,0.4444444444444444,True
34686873,2022,0.6666666666666666,0.0,0.3333333333333333,True
34687542,2022,1.0,0.0,0.0,True
34687939,2022,0.5,0.0,0.5,True
34687993,2021,1.0,0.0,0.0,True
34688607,2021,0.0,1.0,0.0,True
34688614,2022,1.0,0.0,0.0,True
34688659,2021,0.16666666666666666,0.5,0.3333333333333333,True
34688663,2021,0.0,0.3333333333333333,0.6666666666666666,True
34688666,2021,0.25,0.75,0.0,True
34688687,2021,0.5,0.0,0.5,True
34688701,2021,0.0,0.6666666666666666,0.3333333333333333,True
34688897,2021,1.0,0.0,0.0,True
34688968,2022,1.0,0.0,0.0,True
34689421,2022,0.0,0.0,1.0,True
34690138,2021,1.0,0.0,0.0,True
34691060,2021,0.1,0.3,0.6,True
34691079,2021,0.16666666666666666,0.0,0.8333333333333334,True
34692416,2021,0.0,0.0,1.0,True
34692955,2021,0.3333333333333333,0.3333333333333333,0.3333333333333333,True
34693027,2021,0.5,0.5,0.0,True
34693224,2021,0.5,0.0,0.5,True
34693284,2021,0.0,0.0,1.0,True
34693755,2021,0.8571428571428571,0.0,0.14285714285714285,True
34693882,2021,0.0,1.0,0.0,True
34695724,2021,0.5,0.0,0.5,True
34697033,2021,1.0,0.0,0.0,True
34697062,2022,1.0,0.0,0.0,True
34697063,2021,0.3333333333333333,0.0,0.6666666666666666,True
34697090,2023,1.0,0.0,0.0,True
34697307,2021,0.0,0.3333333333333333,0.6666666666666666,True
34697698,2022,1.0,0.0,0.0,True
34698187,2021,0.5,0.0,0.5,True
34698347,2022,0.6,0.0,0.4,True
34698770,2021,1.0,0.0,0.0,True
34700041,2021,0.0,0.0,1.0,True
34700378,2021,0.5,0.5,0.0,True
34704790,2021,0.14285714285714285,0.0,0.8571428571428571,True
34705466,2021,0.2,0.0,0.8,True
34705506,2021,0.0,0.0,1.0,True
34706222,2021,0.3333333333333333,0.0,0.6666666666666666,True
34706271,2021,0.0,0.0,1.0,True
34706463,2021,1.0,0.0,0.0,True
34706928,2022,1.0,0.0,0.0,True
34707106,2021,0.0,0.4,0.6,True
34707136,2021,0.0,0.5,0.5,True
34707237,2022,1.0,0.0,0.0,True
34707698,2021,0.0,0.25,0.75,True
34709361,2021,0.5,0.0,0.5,True
34709608,2022,0.25,0.0,0.75,True
34709706,2022,1.0,0.0,0.0,True
34709707,2021,0.16666666666666666,0.3333333333333333,0.5,True
34709991,2022,0.2,0.4,0.4,True
34711538,2022,1.0,0.0,0.0,True
34711612,2022,0.75,0.0,0.25,True
34711682,2021,0.0,0.75,0.25,True
34711815,2021,0.0,0.6,0.4,True
34713378,2021,0.2,0.6,0.2,True
34714084,2021,0.0,0.0,1.0,True
34714162,2022,0.6,0.0,0.4,True
34715570,2021,1.0,0.0,0.0,True
34716452,2021,0.1111111111111111,0.2222222222222222,0.6666666666666666,True
34716842,2022,1.0,0.0,0.0,True
34717915,2022,0.14285714285714285,0.0,0.8571428571428571,True
34718074,2021,0.0,1.0,0.0,True
34718232,2021,0.8571428571428571,0.0,0.14285714285714285,True
34718551,2022,0.0,0.75,0.25,True
34718588,2022,1.0,0.0,0.0,True
34718628,2022,1.0,0.0,0.0,True
34718636,2022,0.4,0.4,0.2,True
34718641,2022,0.3333333333333333,0.3333333333333333,0.3333333333333333,True
34718676,2022,1.0,0.0,0.0,True
34718678,2022,0.75,0.0,0.25,True
34718701,2021,0.0,0.6,0.4,True
34718768,2021,0.0,0.5,0.5,True
34718810,2021,0.5,0.0,0.5,True
34719109,2022,0.25,0.5,0.25,True
34721405,2021,0.0,0.4166666666666667,0.5833333333333334,True
34721425,2021,0.8333333333333334,0.0,0.16666666666666666,True
34722266,2021,0.0,0.0,1.0,True
34722527,2021,0.3333333333333333,0.0,0.6666666666666666,True
34723246,2021,1.0,0.0,0.0,True
34723253,2021,0.375,0.25,0.375,True
34723625,2022,0.5,0.0,0.5,True
34723967,2021,0.2,0.6,0.2,True
34724140,2022,1.0,0.0,0.0,True
34724566,2021,0.8333333333333334,0.0,0.16666666666666666,True
34724835,2022,1.0,0.0,0.0,True
34724885,2021,0.0,0.6666666666666666,0.3333333333333333,True
34725161,2021,1.0,0.0,0.0,True
34725189,2021,1.0,0.0,0.0,True
34725191,2022,0.3333333333333333,0.6666666666666666,0.0,True
34725321,2021,0.14285714285714285,0.0,0.8571428571428571,True
34725572,2021,1.0,0.0,0.0,True
34725696,2021,1.0,0.0,0.0,True
34726473,2022,0.25,0.5,0.25,True
34726730,2021,0.0,0.5,0.5,True
34726731,2021,0.5,0.0,0.5,True
34727232,2022,1.0,0.0,0.0,True
34727930,2021,0.1111111111111111,0.0,0.8888888888888888,True
34728343,2022,0.3333333333333333,0.0,0.6666666666666666,True
34729558,2021,0.0,0.5,0.5,True
34729560,2022,0.25,0.0,0.75,True
34729564,2022,0.6666666666666666,0.0,0.3333333333333333,True
34729958,2021,0.25,0.0,0.75,True
34731268,2022,1.0,0.0,0.0,True
34731616,2021,0.14285714285714285,0.0,0.8571428571428571,True
34731632,2021,0.09090909090909091,0.36363636363636365,0.5454545454545454,True
34732583,2021,0.14285714285714285,0.14285714285714285,0.7142857142857143,True
34733313,2021,1.0,0.0,0.0,True
34733603,2021,1.0,0.0,0.0,True
34734147,2021,0.25,0.25,0.5,True
34734209,2020,0.0,0.0,0.0,True
34734483,2021,1.0,0.0,0.0,True
34734495,2021,0.75,0.0,0.25,True
34735539,2021,0.0,1.0,0.0,True
34736381,2022,1.0,0.0,0.0,True
34737198,2022,0.125,0.25,0.625,True
34737209,2022,0.8,0.0,0.2,True
34737258,2021,0.75,0.25,0.0,True
34737269,2021,0.0,0.4,0.6,True
34737386,2021,1.0,0.0,0.0,True
34738070,2021,1.0,0.0,0.0,True
34739844,2021,1.0,0.0,0.0,True
34739918,2022,0.0,0.75,0.25,True
34740139,2021,1.0,0.0,0.0,True
34740315,2021,0.6666666666666666,0.0,0.3333333333333333,True
34740385,2021,0.0,1.0,0.0,True
34741009,2021,1.0,0.0,0.0,True
34741800,2022,1.0,0.0,0.0,True
34741979,2022,0.0,1.0,0.0,True
34742038,2021,1.0,0.0,0.0,True
34742348,2021,1.0,0.0,0.0,True
34742666,2022,1.0,0.0,0.0,True
34743536,2022,0.8333333333333334,0.0,0.16666666666666666,True
34744927,2021,1.0,0.0,0.0,True
34745023,2021,0.42857142857142855,0.0,0.5714285714285714,True
34745100,2021,0.0,0.5714285714285714,0.42857142857142855,True
34745336,2021,0.2,0.8,0.0,True
34746125,2021,0.0,0.0,1.0,True
34746678,2021,1.0,0.0,0.0,True
34746712,2021,0.8,0.0,0.2,True
34747370,2021,0.25,0.5,0.25,True
34748223,2021,0.0,1.0,0.0,True
34748578,2021,0.0,0.0,1.0,True
34748596,2021,0.42857142857142855,0.2857142857142857,0.2857142857142857,True
34748615,2021,0.8571428571428571,0.0,0.14285714285714285,True
34748952,2022,1.0,0.0,0.0,True
34749164,2022,1.0,0.0,0.0,True
34749189,2021,0.0,0.16666666666666666,0.8333333333333334,True
34749232,2021,1.0,0.0,0.0,True
34749533,2021,0.5,0.0,0.5,True
34750356,2021,0.0,0.6666666666666666,0.3333333333333333,True
34750565,2022,0.16666666666666666,0.6666666666666666,0.16666666666666666,True
34750957,2021,0.14285714285714285,0.0,0.8571428571428571,True
34751129,2021,0.7,0.2,0.1,True
34751158,2022,1.0,0.0,0.0,True
34751270,2021,0.0,0.6,0.4,True
34751572,2021,0.3333333333333333,0.3333333333333333,0.3333333333333333,True
34751671,2021,0.16666666666666666,0.5,0.3333333333333333,True
34752112,2021,0.0,0.0,1.0,True
34752140,2021,0.0,0.0,1.0,True
34752333,2021,0.0,0.0,0.0,True
34753449,2021,1.0,0.0,0.0,True
34753492,2021,0.8,0.0,0.2,True
34753907,2021,0.3333333333333333,0.0,0.6666666666666666,True
34753921,2021,0.0,1.0,0.0,True
34753924,2021,1.0,0.0,0.0,True
34753956,2021,0.5,0.0,0.5,True
34754089,2021,0.0,0.0,0.0,True
34754602,2021,1.0,0.0,0.0,True
34755359,2022,1.0,0.0,0.0,True
34756026,2021,0.3333333333333333,0.6666666666666666,0.0,True
34756073,2021,0.2,0.6,0.2,True
34756752,2022,1.0,0.0,0.0,True
34756888,2021,0.0,0.4,0.6,True
34757725,2021,0.0,0.0,1.0,True
34757788,2021,1.0,0.0,0.0,True
34757806,2021,0.5,0.0,0.5,True
34757808,2021,0.0,0.6,0.4,True
34757841,2022,0.1,0.4,0.5,True
34757909,2023,0.0,1.0,0.0,True
34758029,2021,0.4444444444444444,0.0,0.5555555555555556,True
34758100,2022,1.0,0.0,0.0,True
34758303,2021,0.0,0.4,0.6,True
34758415,2021,0.0,0.5,0.5,True
34758869,2021,0.0,1.0,0.0,True
34759053,2021,1.0,0.0,0.0,True
34759268,2021,1.0,0.0,0.0,True
34759357,2022,1.0,0.0,0.0,True
34759925,2021,0.6,0.0,0.4,True
34761120,2021,0.25,0.0,0.75,True
34762054,2021,1.0,0.0,0.0,True
34762337,2022,1.0,0.0,0.0,True
34762600,2022,0.5,0.0,0.5,True
34763024,2022,0.0,0.5,0.5,True
34763675,2021,0.3333333333333333,0.0,0.6666666666666666,True
34764240,2021,1.0,0.0,0.0,True
34764359,2021,0.07142857142857142,0.21428571428571427,0.7142857142857143,True
34764490,2022,0.2,0.0,0.8,True
34764491,2022,0.0,0.5,0.5,True
34765568,2021,0.3333333333333333,0.0,0.6666666666666666,True
34765923,2021,0.14285714285714285,0.0,0.8571428571428571,True
34766247,2022,0.25,0.5,0.25,True
34766362,2022,1.0,0.0,0.0,True
34766475,2022,1.0,0.0,0.0,True
34766643,2022,1.0,0.0,0.0,True
34767461,2022,1.0,0.0,0.0,True
34767787,2021,0.0,0.0,1.0,True
34769427,2021,0.0,1.0,0.0,True
34770047,2021,1.0,0.0,0.0,True
34770976,2021,1.0,0.0,0.0,True
34772932,2021,0.0,0.6,0.4,True
34773339,2022,1.0,0.0,0.0,True
34774847,2022,0.0,0.75,0.25,True
34775619,2022,1.0,0.0,0.0,True
34775876,2022,1.0,0.0,0.0,True
34775986,2021,0.3333333333333333,0.0,0.6666666666666666,True
34776223,2021,0.0,0.5,0.5,True
34777360,2021,0.2222222222222222,0.0,0.7777777777777778,True
34777366,2021,0.8,0.0,0.2,True
34777392,2021,0.0,0.3333333333333333,0.6666666666666666,True
34777884,2021,1.0,0.0,0.0,True
34778197,2021,0.875,0.0,0.125,True
34778744,2021,0.0,0.5,0.5,True
34778782,2021,0.0,0.0,0.0,True
34778802,2021,1.0,0.0,0.0,True
34779398,2021,1.0,0.0,0.0,True
34779586,2021,0.3333333333333333,0.0,0.6666666666666666,True
34779817,2021,0.5,0.0,0.5,True
34779895,2021,0.0,0.2222222222222222,0.7777777777777778,True
34779979,2022,1.0,0.0,0.0,True
34780561,2021,0.0,0.42857142857142855,0.5714285714285714,True
34780712,2021,1.0,0.0,0.0,True
34781692,2021,0.16666666666666666,0.0,0.8333333333333334,True
34781719,2022,0.4,0.0,0.6,True
34781807,2022,1.0,0.0,0.0,True
34782464,2021,0.0,0.5,0.5,True
34782638,2021,1.0,0.0,0.0,True
34783310,2021,0.0,0.5,0.5,True
34783391,2022,0.5,0.0,0.5,True
34783657,2021,0.0,0.3333333333333333,0.6666666666666666,True
34783947,2022,1.0,0.0,0.0,True
34784250,2021,0.2,0.4,0.4,True
34784298,2021,0.3333333333333333,0.6666666666666666,0.0,True
34785526,2022,0.0,0.5,0.5,True
34786815,2022,0.5,0.0,0.5,True
34786837,2022,1.0,0.0,0.0,True
34787097,2021,0.0,0.0,1.0,True
34787459,2022,0.2,0.0,0.8,True
34787639,2021,0.09090909090909091,0.2727272727272727,0.6363636363636364,True
34787650,2022,0.1111111111111111,0.2222222222222222,0.6666666666666666,True
34788420,2022,0.75,0.0,0.25,True
34788508,2021,1.0,0.0,0.0,True
34788599,2021,0.14285714285714285,0.5714285714285714,0.2857142857142857,True
34788792,2022,1.0,0.0,0.0,True
34788810,2022,1.0,0.0,0.0,True
34789470,2022,1.0,0.0,0.0,True
34789471,2022,1.0,0.0,0.0,True
34789498,2022,1.0,0.0,0.0,True
34789553,2022,1.0,0.0,0.0,True
34790817,2021,1.0,0.0,0.0,True
34790835,2021,1.0,0.0,0.0,False
34790904,2021,0.25,0.0,0.75,True
34790973,2021,0.4444444444444444,0.0,0.5555555555555556,True
34791066,2022,1.0,0.0,0.0,True
34791087,2022,1.0,0.0,0.0,True
34791232,2022,0.0,0.3333333333333333,0.6666666666666666,True
34791348,2022,0.5,0.0,0.5,True
34791428,2022,1.0,0.0,0.0,True
34791587,2022,0.3333333333333333,0.6666666666666666,0.0,True
34791837,2022,0.0,0.0,0.0,True
34792200,2022,1.0,0.0,0.0,True
34792530,2022,0.0,0.5,0.5,True
34792590,2021,1.0,0.0,0.0,True
34792593,2021,1.0,0.0,0.0,True
34793238,2021,0.5,0.0,0.5,True
34793239,2021,0.5,0.5,0.0,True
34793442,2021,0.5,0.0,0.5,True
34793581,2021,0.5714285714285714,0.0,0.42857142857142855,True
34793633,2022,1.0,0.0,0.0,True
34793870,2022,0.0,0.4,0.6,True
34794079,2021,0.0,0.6666666666666666,0.3333333333333333,True
34794175,2022,1.0,0.0,0.0,True
34794473,2021,1.0,0.0,0.0,True
34794498,2021,0.0,0.0,1.0,True
34795053,2021,0.0,0.5,0.5,True
34797564,2022,1.0,0.0,0.0,True
34797715,2021,0.14285714285714285,0.0,0.8571428571428571,True
34798488,2021,1.0,0.0,0.0,True
34799399,2021,0.8,0.0,0.2,True
34799402,2021,0.2,0.2,0.6,True
34799565,2021,0.0,0.0,1.0,True
34799570,2021,0.1,0.3,0.6,True
34799664,2021,0.3333333333333333,0.3333333333333333,0.3333333333333333,True
34800038,2022,0.5,0.0,0.5,True
34800530,2022,1.0,0.0,0.0,True
34800622,2022,0.3333333333333333,0.6666666666666666,0.0,True
34800913,2021,1.0,0.0,0.0,True
34800961,2021,0.0,0.0,1.0,True
34801112,2022,0.6666666666666666,0.2222222222222222,0.1111111111111111,True
34801823,2021,0.0,0.0,0.0,True
34802041,2022,0.0,0.75,0.25,True
34802791,2022,0.0,0.75,0.25,True
34804549,2021,0.0,0.0,1.0,True
34804862,2021,1.0,0.0,0.0,True
34804941,2021,0.16666666666666666,0.08333333333333333,0.75,True
34805134,2021,0.375,0.0,0.625,True
34805168,2021,0.2,0.4,0.4,True
34805283,2021,0.1111111111111111,0.4444444444444444,0.4444444444444444,True
34805717,2021,1.0,0.0,0.0,True
34806461,2022,0.0,0.3333333333333333,0.6666666666666666,True
34806651,2021,0.3333333333333333,0.6666666666666666,0.0,True
34807735,2022,0.3333333333333333,0.0,0.6666666666666666,True
34807911,2021,0.0,0.375,0.625,True
34808009,2022,0.6666666666666666,0.0,0.3333333333333333,True
34808078,2021,0.2,0.4,0.4,True
34808237,2022,0.3333333333333333,0.6666666666666666,0.0,True
34808541,2021,1.0,0.0,0.0,True
34809439,2022,1.0,0.0,0.0,True
34809448,2022,0.4,0.6,0.0,True
34809575,2021,0.75,0.0,0.25,True
34810222,2021,0.0,0.6666666666666666,0.3333333333333333,True
34810256,2021,0.0,0.42857142857142855,0.5714285714285714,True
34811542,2021,0.0,0.6666666666666666,0.3333333333333333,True
34811964,2022,0.0,0.6666666666666666,0.3333333333333333,True
34812142,2021,0.0,0.4,0.6,True
34812507,2022,0.5,0.0,0.5,True
34812649,2021,0.5,0.0,0.5,True
34812653,2022,0.8571428571428571,0.0,0.14285714285714285,True
34813142,2022,0.0,0.0,0.0,True
34813969,2022,0.8571428571428571,0.0,0.14285714285714285,True
34814237,2022,1.0,0.0,0.0,True
34814922,2021,1.0,0.0,0.0,True
34815117,2021,0.25,0.5,0.25,True
34815299,2022,1.0,0.0,0.0,True
34816788,2022,1.0,0.0,0.0,True
34817557,2022,0.14285714285714285,0.2857142857142857,0.5714285714285714,True
34817560,2022,1.0,0.0,0.0,True
34818031,2021,0.0,0.2,0.8,True
34818054,2021,0.0,0.6666666666666666,0.3333333333333333,True
34818068,2022,0.16666666666666666,0.5,0.3333333333333333,True
34818414,2022,0.5,0.0,0.5,True
34818478,2021,1.0,0.0,0.0,True
34818552,2021,0.5555555555555556,0.0,0.4444444444444444,True
34819039,2021,0.6,0.0,0.4,True
34819091,2021,0.1111111111111111,0.2222222222222222,0.6666666666666666,True
34819105,2021,0.5,0.0,0.5,True
34819160,2021,0.6666666666666666,0.0,0.3333333333333333,True
34819275,2021,0.8,0.0,0.2,True
34819514,2021,0.6666666666666666,0.0,0.3333333333333333,True
34820293,2021,1.0,0.0,0.0,True
34824242,2021,0.09090909090909091,0.18181818181818182,0.7272727272727273,True
34824475,2021,0.16666666666666666,0.3333333333333333,0.5,True
34825213,2021,0.0,0.6666666666666666,0.3333333333333333,True
34825496,2022,0.25,0.75,0.0,True
34825887,2021,0.375,0.25,0.375,True
34826341,2022,1.0,0.0,0.0,True
34828271,2021,0.14285714285714285,0.5714285714285714,0.2857142857142857,True
34829341,2021,0.2,0.8,0.0,True
34829628,2021,0.4,0.0,0.6,True
34829816,2021,0.0,0.0,1.0,True
34829933,2021,0.0,0.0,1.0,True
34830090,2021,0.0,1.0,0.0,True
34830383,2021,0.2,0.4,0.4,True
34831174,2021,0.2,0.4,0.4,True
34831219,2021,0.25,0.0,0.75,True
34831329,2021,0.0,0.4,0.6,True
34831926,2021,0.5,0.0,0.5,True
34835015,2021,0.3333333333333333,0.0,0.6666666666666666,True
34835109,2021,0.6666666666666666,0.0,0.3333333333333333,True
34835123,2021,0.14285714285714285,0.2857142857142857,0.5714285714285714,True
34835379,2021,0.14285714285714285,0.8571428571428571,0.0,True
34836465,2021,1.0,0.0,0.0,True
34836485,2022,0.125,0.25,0.625,True
34836627,2022,1.0,0.0,0.0,True
34836971,2021,0.3333333333333333,0.0,0.6666666666666666,True
34836988,2021,1.0,0.0,0.0,True
34837016,2021,0.125,0.375,0.5,True
34837038,2022,1.0,0.0,0.0,True
34837071,2021,0.14285714285714285,0.5714285714285714,0.2857142857142857,True
34837385,2022,1.0,0.0,0.0,True
34838008,2021,1.0,0.0,0.0,True
34838604,2022,1.0,0.0,0.0,True
34838750,2021,0.0,1.0,0.0,True
34838844,2022,0.0,0.8,0.2,True
34839469,2024,1.0,0.0,0.0,True
34841225,2021,0.1111111111111111,0.1111111111111111,0.7777777777777778,True
34841476,2022,0.0,0.0,1.0,True
34844790,2022,0.3333333333333333,0.0,0.6666666666666666,True
34845084,2022,0.0,0.0,1.0,True
34845190,2021,1.0,0.0,0.0,True
34845451,2021,0.2,0.2,0.6,True
34845719,2022,1.0,0.0,0.0,True
34847083,2022,1.0,0.0,0.0,True
34847148,2021,0.125,0.375,0.5,True
34847615,2022,1.0,0.0,0.0,True
34848725,2021,0.0,0.0,1.0,True
34849372,2021,0.1111111111111111,0.0,0.8888888888888888,True
34849631,2022,0.3333333333333333,0.0,0.6666666666666666,True
34849797,2021,0.0,0.5,0.5,True
34849884,2021,0.0,0.3333333333333333,0.6666666666666666,True
34850094,2022,0.0,0.0,1.0,True
34850129,2021,0.25,0.25,0.5,True
34850632,2021,0.0,0.0,1.0,True
34850941,2022,1.0,0.0,0.0,True
34850943,2022,0.0,0.0,1.0,True
34851661,2021,0.0,0.0,1.0,True
34851691,2021,0.6,0.2,0.2,True
34851712,2022,1.0,0.0,0.0,True
34852175,2022,0.3333333333333333,0.0,0.6666666666666666,True
34853299,2021,0.0,1.0,0.0,True
34853804,2021,0.14285714285714285,0.0,0.8571428571428571,True
34854746,2022,1.0,0.0,0.0,True
34855915,2021,0.14285714285714285,0.42857142857142855,0.42857142857142855,True
34855941,2022,0.4,0.4,0.2,True
34856072,2022,0.2,0.4,0.4,True
34856412,2022,0.14285714285714285,0.5714285714285714,0.2857142857142857,True
34857420,2022,0.42857142857142855,0.0,0.5714285714285714,True
34857670,2021,0.6666666666666666,0.0,0.3333333333333333,True
34857734,2021,0.2857142857142857,0.14285714285714285,0.5714285714285714,True
34857844,2021,0.0,0.75,0.25,True
34857913,2022,0.5,0.0,0.5,True
34858131,2021,0.0,0.0,0.0,True
34858420,2021,0.2,0.0,0.8,True
34859120,2021,0.0,0.0,1.0,True
34859247,2021,0.0,0.0,0.0,True
34859519,2022,1.0,0.0,0.0,True
34860539,2022,1.0,0.0,0.0,True
34861035,2022,1.0,0.0,0.0,True
34861058,2022,0.16666666666666666,0.5,0.3333333333333333,True
34861164,2021,0.1,0.0,0.9,True
34861173,2021,1.0,0.0,0.0,False
34861291,2022,0.16666666666666666,0.6666666666666666,0.16666666666666666,True
34861493,2022,1.0,0.0,0.0,True
34861940,2021,0.3333333333333333,0.0,0.6666666666666666,True
34862075,2021,0.0,1.0,0.0,True
34862247,2022,0.5,0.0,0.5,True
34862367,2021,0.14285714285714285,0.2857142857142857,0.5714285714285714,True
34862382,2021,1.0,0.0,0.0,True
34862502,2022,0.0,0.0,0.0,True
34862790,2022,0.0,0.75,0.25,True
34864818,2021,1.0,0.0,0.0,True
34864821,2021,1.0,0.0,0.0,True
34864889,2022,0.3333333333333333,0.0,0.6666666666666666,True
34864901,2022,0.0,0.0,1.0,True
34865212,2022,1.0,0.0,0.0,True
34867494,2021,0.75,0.25,0.0,True
34867953,2021,1.0,0.0,0.0,True
34868226,2021,0.0,0.0,1.0,True
34868681,2021,0.0,0.0,0.0,True
34868830,2021,0.9333333333333333,0.0,0.06666666666666667,True
34870278,2021,1.0,0.0,0.0,True
34870418,2021,0.0,0.0,0.0,True
34871001,2022,0.0,0.0,1.0,True
34871037,2022,1.0,0.0,0.0,True
34871332,2021,0.2,0.6,0.2,True
34871362,2022,0.0,0.5,0.5,True
34871370,2022,0.75,0.25,0.0,True
34871450,2021,0.14285714285714285,0.0,0.8571428571428571,True
34871548,2022,0.0,0.6,0.4,True
34871625,2022,0.2,0.6,0.2,True
34872347,2021,0.0,0.0,1.0,True
34872357,2021,0.3333333333333333,0.0,0.6666666666666666,True
34873037,2021,0.0,0.5,0.5,True
34873042,2021,0.3333333333333333,0.0,0.6666666666666666,True
34873090,2022,0.5,0.0,0.5,True
34873293,2022,0.16666666666666666,0.5,0.3333333333333333,True
34873315,2022,0.0,0.0,1.0,True
34873784,2022,1.0,0.0,0.0,True
34874300,2022,1.0,0.0,0.0,True
34874455,2022,0.0,1.0,0.0,True
34874579,2022,0.0,0.4,0.6,True
34875023,2022,1.0,0.0,0.0,True
34875033,2022,1.0,0.0,0.0,True
34875272,2022,1.0,0.0,0.0,True
34875533,2022,0.0,0.5,0.5,True
34876184,2021,0.25,0.75,0.0,True
34876469,2022,0.16666666666666666,0.6666666666666666,0.16666666666666666,True
34876495,2022,0.25,0.75,0.0,True
34876520,2021,0.0,0.4,0.6,True
34877804,2022,1.0,0.0,0.0,True
34878316,2021,0.3333333333333333,0.0,0.6666666666666666,True
34878432,2022,1.0,0.0,0.0,True
34878886,2022,0.125,0.25,0.625,True
34878901,2022,0.6666666666666666,0.0,0.3333333333333333,True
34879065,2021,0.125,0.0,0.875,True
34880232,2021,0.25,0.0,0.75,True
34880297,2021,0.8571428571428571,0.0,0.14285714285714285,True
34880419,2021,1.0,0.0,0.0,True
34880903,2021,0.3333333333333333,0.0,0.6666666666666666,True
34881637,2022,1.0,0.0,0.0,True
34882206,2021,0.0,0.8,0.2,True
34882480,2021,0.14285714285714285,0.42857142857142855,0.42857142857142855,True
34882655,2021,1.0,0.0,0.0,True
34882686,2021,1.0,0.0,0.0,True
34882836,2022,0.5,0.5,0.0,True
34883252,2022,0.0,1.0,0.0,True
34883278,2022,0.0,0.8,0.2,True
34884537,2021,0.0,0.2857142857142857,0.7142857142857143,True
34884829,2021,0.0,0.75,0.25,True
34885201,2021,0.3333333333333333,0.0,0.6666666666666666,True
34885778,2021,0.0,0.0,1.0,True
34886689,2022,1.0,0.0,0.0,True
34886879,2021,0.3333333333333333,0.0,0.6666666666666666,True
34887073,2022,1.0,0.0,0.0,True
34887311,2021,1.0,0.0,0.0,True
34887389,2021,0.3333333333333333,0.0,0.6666666666666666,True
34887417,2021,0.6666666666666666,0.0,0.3333333333333333,True
34887419,2021,0.25,0.0,0.75,True
34887448,2021,0.25,0.75,0.0,True
34887495,2021,1.0,0.0,0.0,True
34887558,2021,0.0,0.3333333333333333,0.6666666666666666,True
34887591,2021,1.0,0.0,0.0,True
34888397,2021,0.16666666666666666,0.0,0.8333333333333334,True
34889205,2022,1.0,0.0,0.0,True
34889385,2021,0.6666666666666666,0.0,0.3333333333333333,True
34889468,2022,0.0,1.0,0.0,True
34889942,2022,0.16666666666666666,0.6666666666666666,0.16666666666666666,True
34890221,2021,0.0,0.0,1.0,True
34890228,2021,0.3333333333333333,0.3333333333333333,0.3333333333333333,True
34890234,2021,0.0,0.0,1.0,True
34890565,2022,0.09090909090909091,0.18181818181818182,0.7272727272727273,True
34890597,2022,1.0,0.0,0.0,True
34893818,2022,0.3333333333333333,0.0,0.6666666666666666,True
34894486,2022,1.0,0.0,0.0,True
34895098,2022,0.3333333333333333,0.6666666666666666,0.0,True
34895138,2021,1.0,0.0,0.0,True
34895281,2021,1.0,0.0,0.0,True
34895481,2022,1.0,0.0,0.0,True
34896118,2022,0.0,0.8,0.2,True
34896311,2022,0.5,0.0,0.5,True
34896620,2022,0.25,0.5,0.25,True
34897212,2022,1.0,0.0,0.0,True
34897522,2022,1.0,0.0,0.0,True
34897992,2021,0.5,0.0,0.5,True
34898541,2021,1.0,0.0,0.0,True
34898670,2021,0.25,0.25,0.5,True
34899005,2021,1.0,0.0,0.0,True
34899762,2021,0.5714285714285714,0.0,0.42857142857142855,True
34899830,2021,1.0,0.0,0.0,True
34901307,2021,0.4,0.2,0.4,True
34902367,2022,0.3333333333333333,0.0,0.6666666666666666,True
34903681,2022,1.0,0.0,0.0,True
34903738,2021,0.07142857142857142,0.14285714285714285,0.7857142857142857,True
34905031,2021,1.0,0.0,0.0,True
34905804,2022,1.0,0.0,0.0,True
34906458,2022,1.0,0.0,0.0,True
34906508,2022,0.25,0.5,0.25,True
34906542,2022,1.0,0.0,0.0,True
34906633,2022,1.0,0.0,0.0,True
34906711,2022,1.0,0.0,0.0,True
34906967,2022,1.0,0.0,0.0,True
34907224,2021,0.125,0.375,0.5,True
34908132,2022,0.0,0.6666666666666666,0.3333333333333333,True
34909374,2021,1.0,0.0,0.0,True
34909774,2021,0.2,0.2,0.6,True
34910153,2021,1.0,0.0,0.0,True
34910220,2022,1.0,0.0,0.0,True
34910552,2021,0.4,0.0,0.6,True
34910560,2022,0.0,0.5,0.5,True
34911436,2021,0.8,0.0,0.2,True
34911936,2021,0.16666666666666666,0.0,0.8333333333333334,True
34911937,2021,0.1,0.3,0.6,True
34911940,2021,0.5,0.0,0.5,True
34912111,2022,0.125,0.125,0.75,True
34913584,2022,1.0,0.0,0.0,True
34913949,2022,0.8,0.0,0.2,True
34914695,2021,0.3333333333333333,0.3333333333333333,0.3333333333333333,True
34915239,2022,1.0,0.0,0.0,True
34916229,2022,1.0,0.0,0.0,True
34916246,2022,1.0,0.0,0.0,True
34916251,2022,0.0,0.3333333333333333,0.6666666666666666,True
34916494,2021,0.25,0.0,0.75,True
34916526,2021,0.3333333333333333,0.3333333333333333,0.3333333333333333,True
34916590,2022,1.0,0.0,0.0,True
34917079,2021,0.6666666666666666,0.0,0.3333333333333333,True
34917696,2021,0.0,0.0,0.0,True
34918394,2022,1.0,0.0,0.0,True
34919348,2021,0.16666666666666666,0.5,0.3333333333333333,True
34919554,2021,0.75,0.0,0.25,True
34919634,2022,1.0,0.0,0.0,True
34920453,2022,1.0,0.0,0.0,True
34921108,2022,1.0,0.0,0.0,True
34921178,2021,0.2,0.4,0.4,True
34921602,2022,1.0,0.0,0.0,True
34921668,2021,1.0,0.0,0.0,True
34921774,2022,0.0,0.42857142857142855,0.5714285714285714,True
34921779,2022,0.0,0.6666666666666666,0.3333333333333333,True
34923028,2022,0.0,0.42857142857142855,0.5714285714285714,True
34923576,2022,0.0,1.0,0.0,True
34923765,2021,0.5,0.0,0.5,True
34923887,2022,0.16666666666666666,0.0,0.8333333333333334,True
34923968,2021,0.0,1.0,0.0,True
34927080,2021,0.3333333333333333,0.0,0.6666666666666666,True
34927122,2021,0.5,0.5,0.0,True
34927540,2022,0.0,0.5,0.5,True
34928367,2022,0.0,0.0,1.0,True
34928392,2022,0.25,0.0,0.75,True
34928588,2021,0.25,0.75,0.0,True
34928698,2022,0.75,0.0,0.25,True
34929010,2021,0.5,0.0,0.5,True
34929108,2022,0.6666666666666666,0.0,0.3333333333333333,True
34929352,2022,0.0,1.0,0.0,True
34929460,2022,1.0,0.0,0.0,True
34929494,2022,0.5,0.0,0.5,True
34930808,2022,0.2,0.2,0.6,True
34931021,2021,0.5714285714285714,0.0,0.42857142857142855,True
34931066,2022,0.0,0.0,1.0,True
34931070,2022,0.16666666666666666,0.3333333333333333,0.5,True
34932384,2021,0.14285714285714285,0.5714285714285714,0.2857142857142857,True
34933240,2022,0.8,0.0,0.2,True
34933444,2021,0.75,0.16666666666666666,0.08333333333333333,True
34934004,2021,0.0,0.4,0.6,True
34934887,2021,1.0,0.0,0.0,True
34934913,2021,0.5,0.5,0.0,True
34935918,2021,1.0,0.0,0.0,True
34936382,2021,1.0,0.0,0.0,True
34936462,2021,0.0,0.0,1.0,True
34936881,2022,0.125,0.0,0.875,True
34936884,2022,0.25,0.5,0.25,True
34936929,2022,1.0,0.0,0.0,True
34937911,2022,0.0,0.0,1.0,True
34938286,2021,0.4444444444444444,0.0,0.5555555555555556,True
34938960,2021,0.0,0.15384615384615385,0.8461538461538461,True
34939182,2022,0.5,0.0,0.5,True
34939198,2022,0.5,0.5,0.0,True
34939228,2022,1.0,0.0,0.0,True
34939352,2022,1.0,0.0,0.0,True
34940844,2022,0.3333333333333333,0.0,0.6666666666666666,True
34941003,2022,1.0,0.0,0.0,True
34941392,2021,0.2,0.6,0.2,True
34942146,2022,0.0,0.0,1.0,True
34942977,2021,0.16666666666666666,0.16666666666666666,0.6666666666666666,True
34946015,2021,0.0,0.3333333333333333,0.6666666666666666,True
34948160,2021,0.0,0.6,0.4,True
34950780,2021,0.0,0.0,1.0,True
34950905,2021,0.0,0.0,1.0,False
34952199,2022,1.0,0.0,0.0,True
34952927,2021,0.25,0.5,0.25,True
34952941,2022,0.9,0.0,0.1,True
34953857,2022,1.0,0.0,0.0,True
34953957,2022,1.0,0.0,0.0,True
34954465,2022,0.0,0.0,1.0,True
34954894,2021,0.5,0.0,0.5,True
34955381,2022,1.0,0.0,0.0,True
34956199,2021,0.0,0.5,0.5,True
34956207,2021,0.5,0.0,0.5,True
34956490,2021,0.3333333333333333,0.0,0.6666666666666666,True
34957260,2021,0.0,0.16666666666666666,0.8333333333333334,True
34957633,2022,1.0,0.0,0.0,True
34958662,2022,0.25,0.5,0.25,True
34959580,2021,0.0,0.25,0.75,True
34960113,2021,0.8,0.0,0.2,True
34960191,2021,0.25,0.0,0.75,True
34960755,2021,0.25,0.0,0.75,True
34960770,2021,0.0,0.0,1.0,True
34960775,2021,0.2,0.6,0.2,True
34961881,2022,1.0,0.0,0.0,True
34963888,2021,0.0,0.0,0.0,False
34964002,2021,1.0,0.0,0.0,True
34964999,2022,0.0,0.5,0.5,True
34965283,2021,0.0,0.5714285714285714,0.42857142857142855,True
34965548,2021,1.0,0.0,0.0,True
34966482,2021,0.3333333333333333,0.0,0.6666666666666666,True
34966948,2021,0.08333333333333333,0.16666666666666666,0.75,True
34966960,2022,0.6,0.0,0.4,True
34967748,2021,0.0,0.0,0.0,True
34967835,2021,1.0,0.0,0.0,True
34968393,2021,1.0,0.0,0.0,True
34968795,2022,0.75,0.0,0.25,True
34969255,2022,1.0,0.0,0.0,True
34969861,2022,0.0,0.5,0.5,True
34970500,2021,0.75,0.0,0.25,True
34970923,2022,1.0,0.0,0.0,True
34971004,2022,0.0,0.6666666666666666,0.3333333333333333,True
34971407,2021,0.0,0.25,0.75,True
34971525,2022,0.6666666666666666,0.3333333333333333,0.0,True
34971530,2022,1.0,0.0,0.0,True
34971573,2022,0.0,0.0,1.0,True
34973459,2023,0.75,0.0,0.25,True
34973470,2022,1.0,0.0,0.0,True
34974068,2022,1.0,0.0,0.0,True
34974116,2022,1.0,0.0,0.0,True
34975146,2022,1.0,0.0,0.0,True
34975461,2021,0.5,0.0,0.5,True
34975916,2021,0.5,0.0,0.5,True
34976830,2021,0.25,0.0,0.75,True
34978045,2022,0.0,1.0,0.0,True
34978374,2022,0.6666666666666666,0.0,0.3333333333333333,True
34978851,2022,1.0,0.0,0.0,False
34978889,2022,0.5,0.0,0.5,True
34980216,2022,1.0,0.0,0.0,True
34980502,2022,1.0,0.0,0.0,True
34981044,2021,0.1111111111111111,0.6666666666666666,0.2222222222222222,True
34981056,2021,0.0,0.0,1.0,True
34981308,2022,1.0,0.0,0.0,True
34982113,2022,0.8,0.0,0.2,True
34982132,2022,1.0,0.0,0.0,True
34982279,2022,1.0,0.0,0.0,True
34983414,2022,0.75,0.25,0.0,True
34983562,2022,0.0,0.6,0.4,True
34983606,2022,1.0,0.0,0.0,True
34983745,2022,0.3333333333333333,0.0,0.6666666666666666,True
34983871,2022,1.0,0.0,0.0,True
34984437,2022,1.0,0.0,0.0,True
34984451,2022,0.0,0.0,1.0,True
34986348,2022,0.125,0.25,0.625,True
34986350,2022,0.0,1.0,0.0,True
34988044,2021,0.6,0.0,0.4,True
34990403,2022,0.0,0.6,0.4,True
34990412,2022,0.0,0.5,0.5,True
34990440,2022,0.8333333333333334,0.0,0.16666666666666666,True
34990619,2022,0.25,0.0,0.75,True
34990643,2022,1.0,0.0,0.0,True
34990822,2022,0.0,1.0,0.0,True
34992224,2023,1.0,0.0,0.0,True
34992730,2021,1.0,0.0,0.0,False
34992967,2021,0.6666666666666666,0.3333333333333333,0.0,True
34993110,2022,0.0,0.0,0.0,True
34994225,2022,0.0,0.75,0.25,True
34994387,2022,1.0,0.0,0.0,True
34994632,2021,1.0,0.0,0.0,True
34994687,2022,0.0,1.0,0.0,True
34994893,2022,1.0,0.0,0.0,True
34995370,2022,0.3333333333333333,0.3333333333333333,0.3333333333333333,True
34995708,2022,0.14285714285714285,0.42857142857142855,0.42857142857142855,True
34995831,2022,0.6666666666666666,0.0,0.3333333333333333,True
34996510,2022,1.0,0.0,0.0,True
34997620,2022,1.0,0.0,0.0,True
34998436,2022,1.0,0.0,0.0,True
34999875,2022,1.0,0.0,0.0,True
34999890,2022,1.0,0.0,0.0,True
35000205,2022,0.25,0.0,0.75,True
35000237,2022,0.0,0.0,1.0,True
35001894,2022,1.0,0.0,0.0,True
35003591,2021,0.0,0.0,1.0,True
35003897,2022,0.3333333333333333,0.0,0.6666666666666666,True
35004916,2021,1.0,0.0,0.0,True
35005182,2021,1.0,0.0,0.0,True
35005296,2021,1.0,0.0,0.0,True
35005538,2021,0.4,0.0,0.6,True
35005541,2021,0.25,0.0,0.75,True
35005542,2021,0.0,0.0,1.0,True
35005638,2021,0.0,0.0,1.0,True
35006272,2022,1.0,0.0,0.0,True
35007127,2022,1.0,0.0,0.0,True
35008699,2021,0.14285714285714285,0.2857142857142857,0.5714285714285714,True
35011629,2021,0.0,0.5555555555555556,0.4444444444444444,True
35012339,2022,0.0,0.4,0.6,True
35012348,2022,0.25,0.0,0.75,True
35012356,2022,0.5,0.0,0.5,True
35012690,2022,0.5,0.0,0.5,True
35012904,2022,1.0,0.0,0.0,True
35013148,2022,0.0,0.42857142857142855,0.5714285714285714,True
35013190,2022,0.8,0.0,0.2,True
35013228,2022,0.25,0.0,0.75,True
35013250,2022,1.0,0.0,0.0,True
35013255,2022,1.0,0.0,0.0,True
35013297,2022,1.0,0.0,0.0,True
35013319,2022,0.3333333333333333,0.16666666666666666,0.5,False
35013429,2022,0.16666666666666666,0.0,0.8333333333333334,True
35013556,2022,0.125,0.0,0.875,True
35013765,2022,0.16666666666666666,0.6666666666666666,0.16666666666666666,True
35015028,2022,1.0,0.0,0.0,True
35015055,2022,0.0,0.25,0.75,True
35015074,2022,1.0,0.0,0.0,True
35015509,2022,0.0,0.0,1.0,True
35016813,2022,1.0,0.0,0.0,True
35017151,2022,1.0,0.0,0.0,True
35017259,2022,0.0,0.6666666666666666,0.3333333333333333,True
35017298,2022,0.1111111111111111,0.2222222222222222,0.6666666666666666,True
35017622,2022,0.16666666666666666,0.0,0.8333333333333334,True
35017636,2022,0.25,0.0,0.75,True
35018216,2022,0.0,0.0,0.0,True
35018384,2022,0.8888888888888888,0.0,0.1111111111111111,True
35020440,2022,0.2,0.2,0.6,True
35020781,2022,1.0,0.0,0.0,True
35020798,2022,0.0,0.0,1.0,True
35021041,2022,0.16666666666666666,0.16666666666666666,0.6666666666666666,True
35021075,2022,0.16666666666666666,0.6666666666666666,0.16666666666666666,True
35021084,2022,0.14285714285714285,0.42857142857142855,0.42857142857142855,True
35021100,2022,0.0,0.6,0.4,True
35022238,2022,0.2,0.0,0.8,True
35022322,2022,0.125,0.25,0.625,True
35022423,2022,1.0,0.0,0.0,True
35022691,2022,1.0,0.0,0.0,True
35022715,2022,1.0,0.0,0.0,True
35023131,2021,1.0,0.0,0.0,True
35025762,2022,0.5,0.0,0.5,True
35025765,2022,0.5,0.0,0.5,True
35026233,2022,0.0,1.0,0.0,True
35026411,2022,1.0,0.0,0.0,True
35026471,2022,1.0,0.0,0.0,True
35026625,2022,1.0,0.0,0.0,True
35026839,2022,0.5,0.0,0.5,True
35027372,2022,1.0,0.0,0.0,True
35027407,2022,0.25,0.5,0.25,True
35027437,2022,1.0,0.0,0.0,True
35027474,2022,1.0,0.0,0.0,True
35027481,2022,0.2,0.4,0.4,True
35027567,2022,0.0,1.0,0.0,True
35027648,2022,1.0,0.0,0.0,True
35028637,2021,0.0,0.4,0.6,True
35029169,2022,1.0,0.0,0.0,True
35029775,2022,0.2,0.0,0.8,True
35029981,2022,0.1111111111111111,0.2222222222222222,0.6666666666666666,True
35030014,2022,0.0,0.0,1.0,True
35030356,2022,1.0,0.0,0.0,True
35030368,2022,0.3333333333333333,0.3333333333333333,0.3333333333333333,True
35030628,2022,0.2,0.4,0.4,True
35030631,2022,1.0,0.0,0.0,True
35031163,2022,0.5,0.0,0.5,True
35031545,2022,1.0,0.0,0.0,True
35031598,2022,0.3076923076923077,0.15384615384615385,0.5384615384615384,True
35031611,2022,0.2,0.4,0.4,True
35031943,2022,1.0,0.0,0.0,True
35032343,2022,0.2,0.0,0.8,True
35032437,2022,1.0,0.0,0.0,True
35032523,2022,0.0,0.6666666666666666,0.3333333333333333,True
35032643,2022,1.0,0.0,0.0,True
35032694,2022,0.5,0.0,0.5,True
35033700,2022,1.0,0.0,0.0,True
35034648,2022,0.25,0.0,0.75,True
35036479,2022,0.6666666666666666,0.3333333333333333,0.0,True
35036505,2021,0.0,0.0,0.0,True
35036684,2021,0.0,0.0,1.0,True
35036857,2022,0.4,0.0,0.6,True
35036900,2021,0.0,0.0,1.0,True
35036969,2022,0.5,0.0,0.5,True
35036986,2021,0.5,0.0,0.5,True
35037018,2022,0.0,0.5,0.5,True
35037030,2022,0.5,0.0,0.5,True
35037050,2022,0.5,0.0,0.5,True
35038191,2022,1.0,0.0,0.0,True
35038479,2022,1.0,0.0,0.0,True
35038902,2022,0.25,0.0,0.75,True
35038914,2022,0.25,0.0,0.75,True
35039102,2023,1.0,0.0,0.0,True
35039334,2022,0.0,0.42857142857142855,0.5714285714285714,True
35039442,2022,0.0,0.4,0.6,True
35039947,2022,1.0,0.0,0.0,True
35040907,2022,0.0,0.6666666666666666,0.3333333333333333,True
35041689,2022,0.16666666666666666,0.3333333333333333,0.5,True
35042581,2022,0.0,0.5,0.5,True
35042795,2022,0.0,0.8,0.2,True
35042802,2022,0.25,0.5,0.25,True
35042807,2022,0.5,0.5,0.0,True
35042810,2022,1.0,0.0,0.0,True
35042816,2022,0.5,0.0,0.5,True
35042933,2022,1.0,0.0,0.0,True
35042965,2022,0.5,0.0,0.5,True
35043109,2022,1.0,0.0,0.0,True
35043111,2022,0.0,0.3333333333333333,0.6666666666666666,True
35043601,2022,1.0,0.0,0.0,True
35043674,2022,0.3333333333333333,0.6666666666666666,0.0,True
35044204,2022,0.6666666666666666,0.0,0.3333333333333333,True
35044435,2022,0.0,0.6666666666666666,0.3333333333333333,True
35044790,2022,0.2,0.4,0.4,True
35044839,2022,1.0,0.0,0.0,True
35045307,2022,0.1111111111111111,0.5555555555555556,0.3333333333333333,True
35045743,2022,0.3333333333333333,0.0,0.6666666666666666,True
35045892,2022,1.0,0.0,0.0,True
35046094,2022,0.3333333333333333,0.0,0.6666666666666666,True
35046529,2022,0.0,0.0,1.0,True
35046963,2022,0.2,0.2,0.6,True
35047420,2022,0.25,0.75,0.0,True
35047826,2022,0.3333333333333333,0.0,0.6666666666666666,True
35047841,2021,1.0,0.0,0.0,True
35047844,2021,1.0,0.0,0.0,True
35047861,2021,1.0,0.0,0.0,True
35048450,2022,0.0,1.0,0.0,True
35048491,2022,0.75,0.0,0.25,True
35048876,2021,1.0,0.0,0.0,True
35049499,2022,0.0,1.0,0.0,True
35049965,2021,0.0,0.6666666666666666,0.3333333333333333,True
35050314,2022,0.8,0.0,0.2,True
35050683,2022,1.0,0.0,0.0,True
35051209,2022,0.6666666666666666,0.0,0.3333333333333333,True
35051899,2022,1.0,0.0,0.0,True
35056035,2022,0.0,0.0,1.0,True
35056458,2021,0.5,0.0,0.5,True
35058173,2022,1.0,0.0,0.0,True
35058177,2022,0.5,0.0,0.5,True
35058790,2022,0.2,0.2,0.6,True
35058881,2021,0.0,0.4,0.6,True
35059962,2023,1.0,0.0,0.0,True
35060082,2022,1.0,0.0,0.0,True
35060117,2022,0.6666666666666666,0.0,0.3333333333333333,True
35061122,2022,1.0,0.0,0.0,True
35061542,2022,0.0,0.5,0.5,True
35061813,2022,1.0,0.0,0.0,True
35062015,2022,0.1111111111111111,0.7777777777777778,0.1111111111111111,True
35062308,2022,0.5,0.0,0.5,True
35062340,2022,0.8,0.0,0.2,True
35062724,2021,0.3333333333333333,0.0,0.6666666666666666,True
35062891,2022,0.6666666666666666,0.0,0.3333333333333333,True
35063084,2022,0.1,0.0,0.9,True
35063131,2022,0.09090909090909091,0.2727272727272727,0.6363636363636364,True
35063839,2022,0.0,1.0,0.0,True
35064000,2022,0.0,0.5,0.5,True
35064017,2022,1.0,0.0,0.0,True
35064236,2022,0.0,1.0,0.0,True
35064269,2022,1.0,0.0,0.0,True
35064432,2022,1.0,0.0,0.0,True
35064770,2022,1.0,0.0,0.0,True
35064929,2022,0.8,0.0,0.2,True
35065205,2022,1.0,0.0,0.0,True
35065420,2022,0.8571428571428571,0.0,0.14285714285714285,True
35065768,2022,0.0,0.0,1.0,True
35067565,2022,1.0,0.0,0.0,True
35067607,2022,1.0,0.0,0.0,True
35067905,2022,0.6666666666666666,0.0,0.3333333333333333,True
35068490,2021,1.0,0.0,0.0,True
35069564,2022,0.1111111111111111,0.3333333333333333,0.5555555555555556,True
35069963,2021,1.0,0.0,0.0,True
35070081,2022,1.0,0.0,0.0,True
35070633,2021,0.3333333333333333,0.0,0.6666666666666666,True
35071781,2021,0.3333333333333333,0.3333333333333333,0.3333333333333333,True
35071980,2021,1.0,0.0,0.0,True
35072377,2022,1.0,0.0,0.0,True
35072513,2022,0.5,0.5,0.0,True
35072664,2021,0.2222222222222222,0.2222222222222222,0.5555555555555556,True
35072692,2022,0.6666666666666666,0.0,0.3333333333333333,True
35072698,2022,1.0,0.0,0.0,True
35072712,2022,1.0,0.0,0.0,True
35072912,2022,0.25,0.5,0.25,True
35073285,2021,0.4,0.6,0.0,True
35073286,2021,0.6666666666666666,0.3333333333333333,0.0,True
35073400,2022,0.14285714285714285,0.7142857142857143,0.14285714285714285,True
35073562,2021,0.0,1.0,0.0,True
35073737,2022,0.25,0.0,0.75,True
35074211,2022,0.4,0.6,0.0,True
35074459,2022,1.0,0.0,0.0,True
35074471,2022,1.0,0.0,0.0,True
35074784,2023,1.0,0.0,0.0,True
35074870,2022,0.6666666666666666,0.0,0.3333333333333333,True
35074880,2022,1.0,0.0,0.0,True
35075111,2022,1.0,0.0,0.0,True
35075270,2022,1.0,0.0,0.0,True
35075453,2022,0.3333333333333333,0.0,0.6666666666666666,True
35075486,2022,0.0,0.4,0.6,True
35076009,2022,0.5,0.0,0.5,True
35076026,2022,0.5,0.0,0.5,True
35076028,2022,0.0,0.6,0.4,True
35076390,2022,0.0,1.0,0.0,True
35076393,2022,0.0,0.0,1.0,True
35077220,2022,1.0,0.0,0.0,True
35077243,2022,1.0,0.0,0.0,True
35077470,2022,0.8181818181818182,0.18181818181818182,0.0,True
35078018,2022,0.0,0.0,1.0,True
35078347,2022,1.0,0.0,0.0,True
35078985,2022,0.16666666666666666,0.3333333333333333,0.5,True
35078996,2022,1.0,0.0,0.0,True
35079000,2022,1.0,0.0,0.0,True
35079115,2022,1.0,0.0,0.0,True
35080107,2022,0.0,1.0,0.0,True
35080202,2022,1.0,0.0,0.0,True
35080321,2022,0.5,0.0,0.5,True
35080883,2022,0.3333333333333333,0.0,0.6666666666666666,True
35080914,2022,0.3333333333333333,0.0,0.6666666666666666,True
35081118,2022,1.0,0.0,0.0,True
35081293,2022,0.7142857142857143,0.0,0.2857142857142857,True
35081298,2022,0.0,0.0,1.0,True
35081349,2022,0.0,0.6666666666666666,0.3333333333333333,True
35081508,2022,0.0,0.6666666666666666,0.3333333333333333,True
35081841,2022,0.3333333333333333,0.0,0.6666666666666666,True
35081987,2022,1.0,0.0,0.0,True
35082166,2022,0.3333333333333333,0.6666666666666666,0.0,True
35082309,2022,0.2,0.0,0.8,True
35083394,2022,0.0,0.0,0.0,True
35083439,2021,0.0,0.0,1.0,True
35084050,2022,0.5,0.0,0.5,True
35085334,2022,1.0,0.0,0.0,True
35085396,2022,1.0,0.0,0.0,True
35085569,2022,1.0,0.0,0.0,True
35086793,2022,0.3333333333333333,0.0,0.6666666666666666,True
35086813,2022,1.0,0.0,0.0,True
35089540,2022,1.0,0.0,0.0,True
35090192,2022,1.0,0.0,0.0,True
35090310,2022,0.5,0.0,0.5,True
35090584,2022,0.75,0.0,0.25,True
35090588,2022,0.25,0.75,0.0,True
35091501,2022,0.0,0.6666666666666666,0.3333333333333333,True
35091969,2022,1.0,0.0,0.0,True
35092647,2022,0.3333333333333333,0.6666666666666666,0.0,True
35092840,2022,0.3333333333333333,0.0,0.6666666666666666,True
35092868,2022,1.0,0.0,0.0,True
35093143,2022,0.5,0.0,0.5,True
35093182,2022,0.0,0.6666666666666666,0.3333333333333333,True
35093205,2022,1.0,0.0,0.0,True
35093590,2022,0.0,0.75,0.25,True
35093604,2022,1.0,0.0,0.0,True
35094092,2022,1.0,0.0,0.0,True
35095846,2022,0.0,0.5,0.5,True
35095880,2022,0.42857142857142855,0.0,0.5714285714285714,True
35095905,2022,1.0,0.0,0.0,True
35096197,2021,0.3333333333333333,0.6666666666666666,0.0,True
35096838,2022,0.25,0.5,0.25,True
35097154,2022,0.75,0.0,0.25,True
35097227,2021,0.4,0.2,0.4,True
35098020,2021,1.0,0.0,0.0,True
35098346,2022,1.0,0.0,0.0,True
35098635,2022,0.3333333333333333,0.6666666666666666,0.0,True
35098974,2022,0.6666666666666666,0.3333333333333333,0.0,True
35099272,2022,0.25,0.5,0.25,True
35099572,2022,1.0,0.0,0.0,True
35099848,2022,1.0,0.0,0.0,True
35100591,2022,1.0,0.0,0.0,True
35101336,2022,1.0,0.0,0.0,False
35101413,2022,1.0,0.0,0.0,True
35101947,2022,0.2,0.6,0.2,True
35102814,2022,0.5,0.0,0.5,True
35103485,2022,1.0,0.0,0.0,True
35103557,2022,0.0,1.0,0.0,True
35103596,2022,0.3333333333333333,0.3333333333333333,0.3333333333333333,True
35103816,2022,0.6666666666666666,0.0,0.3333333333333333,True
35103881,2022,1.0,0.0,0.0,True
35104158,2022,0.5,0.0,0.5,True
35104245,2022,0.8333333333333334,0.0,0.16666666666666666,True
35104260,2022,1.0,0.0,0.0,True
35104325,2022,1.0,0.0,0.0,True
35104452,2022,0.09090909090909091,0.2727272727272727,0.6363636363636364,True
35104841,2022,1.0,0.0,0.0,True
35104863,2022,0.0,0.0,1.0,True
35105669,2022,0.25,0.5,0.25,True
35105816,2022,0.2,0.0,0.8,True
35106043,2022,1.0,0.0,0.0,True
35106185,2022,1.0,0.0,0.0,True
35106480,2022,1.0,0.0,0.0,True
35106536,2022,1.0,0.0,0.0,True
35107211,2022,1.0,0.0,0.0,True
35107712,2022,1.0,0.0,0.0,True
35108274,2022,0.5,0.0,0.5,True
35108506,2022,0.3333333333333333,0.0,0.6666666666666666,True
35108515,2022,0.0,0.6666666666666666,0.3333333333333333,True
35108539,2022,0.0,0.5,0.5,True
35110616,2022,0.5,0.0,0.5,True
35110947,2022,1.0,0.0,0.0,True
35111607,2022,0.5,0.0,0.5,True
35112050,2022,1.0,0.0,0.0,True
35113535,2022,0.0,1.0,0.0,True
35113556,2022,0.0,0.6666666666666666,0.3333333333333333,True
35113651,2022,0.16666666666666666,0.0,0.8333333333333334,True
35113815,2022,0.2,0.4,0.4,True
35113870,2022,1.0,0.0,0.0,True
35113871,2022,0.1111111111111111,0.2222222222222222,0.6666666666666666,True
35114355,2022,0.0,0.6666666666666666,0.3333333333333333,True
35114411,2022,1.0,0.0,0.0,True
35115511,2022,0.6,0.0,0.4,True
35115525,2022,0.2,0.0,0.8,True
35115706,2022,0.6666666666666666,0.0,0.3333333333333333,True
35116027,2022,0.7777777777777778,0.0,0.2222222222222222,True
35118177,2022,0.0,0.25,0.75,True
35118385,2021,0.6666666666666666,0.0,0.3333333333333333,True
35118474,2022,0.125,0.375,0.5,True
35119103,2022,1.0,0.0,0.0,True
35119255,2022,0.0,0.0,0.0,True
35120036,2022,1.0,0.0,0.0,True
35121230,2022,0.0,0.75,0.25,True
35121655,2022,0.09090909090909091,0.2727272727272727,0.6363636363636364,True
35121673,2022,1.0,0.0,0.0,True
35121733,2022,0.18181818181818182,0.36363636363636365,0.45454545454545453,True
35121856,2022,1.0,0.0,0.0,True
35122262,2022,0.3333333333333333,0.6666666666666666,0.0,True
35122843,2022,1.0,0.0,0.0,True
35123338,2022,0.75,0.0,0.25,True
35123653,2022,0.0,0.6666666666666666,0.3333333333333333,True
35123967,2022,1.0,0.0,0.0,True
35124007,2022,0.0,0.0,1.0,True
35124270,2023,1.0,0.0,0.0,True
35124828,2022,1.0,0.0,0.0,True
35125242,2022,0.3333333333333333,0.0,0.6666666666666666,True
35128358,2022,1.0,0.0,0.0,True
35128628,2022,1.0,0.0,0.0,True
35128809,2022,0.6666666666666666,0.0,0.3333333333333333,True
35129066,2022,0.5,0.0,0.5,True
35129071,2022,1.0,0.0,0.0,True
35130118,2022,0.0,1.0,0.0,True
35131294,2022,0.0,0.6666666666666666,0.3333333333333333,True
35131485,2022,1.0,0.0,0.0,True
35131873,2022,0.3333333333333333,0.0,0.6666666666666666,True
35131882,2022,0.5,0.0,0.5,True
35132135,2022,0.0,0.5,0.5,True
35132260,2022,1.0,0.0,0.0,True
35132409,2022,0.3333333333333333,0.0,0.6666666666666666,True
35132436,2022,0.0,1.0,0.0,True
35132612,2022,0.25,0.0,0.75,True
35132872,2022,1.0,0.0,0.0,True
35132885,2022,0.0,1.0,0.0,True
35132952,2023,1.0,0.0,0.0,True
35133277,2022,0.14285714285714285,0.42857142857142855,0.42857142857142855,True
35133436,2022,1.0,0.0,0.0,True
35134144,2022,1.0,0.0,0.0,True
35134542,2022,1.0,0.0,0.0,True
35134860,2022,1.0,0.0,0.0,True
35135038,2022,0.5,0.0,0.5,True
35135546,2022,0.8333333333333334,0.16666666666666666,0.0,True
35135547,2022,0.5,0.0,0.5,True
35136030,2022,0.6666666666666666,0.0,0.3333333333333333,True
35136084,2022,0.125,0.25,0.625,True
35136096,2022,0.2,0.4,0.4,True
35136903,2022,1.0,0.0,0.0,True
35137150,2022,0.0,0.0,1.0,True
35138370,2022,1.0,0.0,0.0,True
35138910,2022,0.25,0.75,0.0,True
35139144,2022,0.14285714285714285,0.0,0.8571428571428571,True
35139305,2022,0.3333333333333333,0.6666666666666666,0.0,True
35140121,2022,1.0,0.0,0.0,True
35140179,2022,0.125,0.0,0.875,True
35140266,2022,0.625,0.0,0.375,True
35140399,2022,1.0,0.0,0.0,True
35141820,2022,1.0,0.0,0.0,True
35142033,2022,1.0,0.0,0.0,True
35142351,2022,0.0,0.75,0.25,True
35142534,2022,1.0,0.0,0.0,True
35142571,2022,1.0,0.0,0.0,True
35143160,2022,0.5,0.0,0.5,True
35143587,2022,0.25,0.5,0.25,True
35143622,2022,1.0,0.0,0.0,True
35143843,2022,0.0,0.0,1.0,True
35144482,2022,1.0,0.0,0.0,True
35144680,2022,0.25,0.0,0.75,True
35144840,2022,1.0,0.0,0.0,True
35144859,2022,0.5,0.0,0.5,True
35145055,2022,0.25,0.0,0.75,True
35145086,2022,0.0,0.2857142857142857,0.7142857142857143,True
35145228,2022,0.6,0.0,0.4,True
35145472,2022,0.2,0.0,0.8,True
35146058,2021,0.0,0.0,0.0,True
35146059,2021,1.0,0.0,0.0,True
35146209,2022,0.5,0.0,0.5,True
35147198,2022,1.0,0.0,0.0,True
35147199,2022,0.8571428571428571,0.0,0.14285714285714285,True
35147231,2022,0.0,0.0,1.0,True
35148393,2022,1.0,0.0,0.0,True
35148417,2022,0.8,0.0,0.2,True
35148649,2022,0.5,0.0,0.5,True
35148673,2022,0.0,0.0,1.0,True
35148812,2022,0.0,0.5,0.5,True
35149520,2022,0.2,0.8,0.0,True
35149529,2022,0.0,0.42857142857142855,0.5714285714285714,True
35150145,2022,0.2,0.6,0.2,True
35150465,2022,1.0,0.0,0.0,True
35150605,2022,0.0,0.0,1.0,True
35150834,2022,0.8571428571428571,0.0,0.14285714285714285,True
35152062,2022,0.5,0.0,0.5,True
35152487,2022,1.0,0.0,0.0,True
35153877,2022,1.0,0.0,0.0,True
35154097,2022,0.5,0.3333333333333333,0.16666666666666666,True
35154106,2022,0.5714285714285714,0.14285714285714285,0.2857142857142857,True
35154260,2022,0.14285714285714285,0.2857142857142857,0.5714285714285714,True
35155574,2022,0.0,0.0,1.0,True
35155735,2022,1.0,0.0,0.0,True
35155868,2021,0.0,0.0,1.0,True
35156077,2022,0.5,0.0,0.5,True
35156103,2022,1.0,0.0,0.0,True
35156216,2022,1.0,0.0,0.0,True
35157022,2022,0.0,0.0,0.0,True
35157769,2022,1.0,0.0,0.0,True
35158337,2022,0.0,0.4,0.6,True
35158790,2022,0.0,0.0,1.0,True
35158792,2022,0.0,0.0,1.0,True
35158887,2022,0.25,0.25,0.5,True
35159246,2022,0.5,0.0,0.5,True
35162330,2022,1.0,0.0,0.0,True
35162406,2022,1.0,0.0,0.0,True
35163147,2022,0.0,0.5,0.5,True
35164002,2022,0.0,0.0,1.0,True
35164561,2021,0.25,0.0,0.75,True
35165177,2022,1.0,0.0,0.0,True
35165199,2022,0.0,0.6666666666666666,0.3333333333333333,True
35165974,2022,1.0,0.0,0.0,True
35166834,2022,0.0,0.0,1.0,True
35167497,2022,0.25,0.5,0.25,True
35167655,2022,1.0,0.0,0.0,True
35167877,2022,0.5,0.0,0.5,True
35168121,2022,1.0,0.0,0.0,True
35169053,2022,1.0,0.0,0.0,True
35169189,2022,0.0,0.75,0.25,True
35169716,2022,0.0,0.5,0.5,True
35169767,2021,0.0,0.0,0.0,True
35169797,2022,0.5,0.0,0.5,True
35169799,2022,0.3333333333333333,0.0,0.6666666666666666,True
35169800,2022,0.0,0.0,1.0,True
35169818,2022,0.3333333333333333,0.3333333333333333,0.3333333333333333,True
35169842,2022,0.5,0.0,0.5,True
35170223,2022,0.0,0.0,1.0,True
35170729,2022,0.6666666666666666,0.0,0.3333333333333333,True
35171114,2022,1.0,0.0,0.0,True
35171671,2022,0.0,0.6666666666666666,0.3333333333333333,True
35171827,2022,0.3333333333333333,0.0,0.6666666666666666,True
35171979,2022,0.75,0.0,0.25,False
35172720,2022,0.0,0.0,1.0,True
35173166,2022,0.1111111111111111,0.0,0.8888888888888888,True
35173254,2022,0.5,0.0,0.5,True
35173566,2022,0.09090909090909091,0.45454545454545453,0.45454545454545453,True
35174044,2022,1.0,0.0,0.0,True
35174669,2022,0.5,0.0,0.5,True
35174859,2022,1.0,0.0,0.0,True
35175194,2022,0.0,0.6,0.4,True
35175249,2022,1.0,0.0,0.0,True
35175278,2022,0.07692307692307693,0.3076923076923077,0.6153846153846154,True
35175286,2022,1.0,0.0,0.0,True
35175291,2022,1.0,0.0,0.0,False
35175645,2022,0.5,0.0,0.5,True
35176161,2022,0.6666666666666666,0.0,0.3333333333333333,True
35176168,2022,0.3333333333333333,0.0,0.6666666666666666,True
35176501,2022,1.0,0.0,0.0,True
35177862,2022,0.5,0.0,0.5,True
35177863,2022,0.5,0.0,0.5,True
35178190,2022,1.0,0.0,0.0,True
35178511,2022,1.0,0.0,0.0,True
35178527,2022,1.0,0.0,0.0,True
35178612,2022,0.0,0.3333333333333333,0.6666666666666666,True
35179228,2022,1.0,0.0,0.0,True
35180432,2022,0.25,0.0,0.75,True
35180497,2022,0.0,1.0,0.0,True
35181508,2022,0.3333333333333333,0.6666666666666666,0.0,True
35181548,2022,1.0,0.0,0.0,True
35181635,2022,0.5,0.0,0.5,True
35181735,2022,0.7142857142857143,0.0,0.2857142857142857,True
35182524,2022,0.0,1.0,0.0,True
35182582,2022,1.0,0.0,0.0,True
35183438,2022,1.0,0.0,0.0,True
35183508,2022,0.0,0.0,1.0,True
35183552,2022,1.0,0.0,0.0,True
35183785,2022,1.0,0.0,0.0,True
35185011,2022,1.0,0.0,0.0,True
35186306,2022,1.0,0.0,0.0,True
35186664,2021,0.125,0.125,0.75,True
35187492,2022,0.0,0.0,1.0,True
35188062,2022,0.25,0.0,0.75,True
35188541,2022,0.0,0.0,1.0,True
35189047,2022,1.0,0.0,0.0,True
35189151,2022,0.3333333333333333,0.0,0.6666666666666666,True
35189332,2022,0.6666666666666666,0.0,0.3333333333333333,True
35189353,2022,1.0,0.0,0.0,True
35189384,2022,0.3333333333333333,0.0,0.6666666666666666,True
35189701,2022,0.0,0.6666666666666666,0.3333333333333333,True
35189840,2022,0.6666666666666666,0.0,0.3333333333333333,True
35191378,2022,0.2,0.6,0.2,True
35191395,2022,0.0,0.42857142857142855,0.5714285714285714,True
35192346,2022,0.0,0.5,0.5,True
35192406,2022,0.0,0.5,0.5,True
35192612,2022,0.0,1.0,0.0,True
35192633,2022,0.0,0.5,0.5,True
35192692,2022,0.25,0.25,0.5,True
35192997,2022,0.5,0.0,0.5,True
35193028,2022,1.0,0.0,0.0,True
35194167,2022,0.0,0.0,0.0,True
35194602,2022,0.0,0.6,0.4,True
35195447,2022,1.0,0.0,0.0,True
35195699,2022,1.0,0.0,0.0,True
35196107,2022,1.0,0.0,0.0,True
35196484,2022,0.3333333333333333,0.3333333333333333,0.3333333333333333,True
35196489,2022,0.3333333333333333,0.0,0.6666666666666666,True
35197464,2022,0.0,0.0,0.0,True
35197557,2022,1.0,0.0,0.0,True
35197580,2022,0.0,0.0,1.0,True
35197628,2022,0.5,0.0,0.5,True
35198874,2022,0.0,0.0,1.0,True
35198898,2022,0.0,0.0,1.0,True
35198900,2022,0.0,0.25,0.75,True
35199555,2022,1.0,0.0,0.0,True
35201381,2022,1.0,0.0,0.0,True
35201641,2022,0.16666666666666666,0.3333333333333333,0.5,True
35201781,2022,1.0,0.0,0.0,True
35201883,2022,0.0,0.42857142857142855,0.5714285714285714,True
35202531,2022,0.5,0.0,0.5,True
35202566,2022,0.0,0.0,1.0,True
35202574,2022,0.0,0.6666666666666666,0.3333333333333333,True
35204265,2022,0.25,0.25,0.5,True
35205076,2022,0.25,0.0,0.75,True
35208863,2022,0.0,0.25,0.75,True
35209743,2022,0.0,1.0,0.0,True
35210361,2022,0.0,0.5,0.5,True
35211426,2022,0.5,0.5,0.0,True
35213144,2022,0.3333333333333333,0.0,0.6666666666666666,True
35213666,2022,1.0,0.0,0.0,True
35213725,2022,1.0,0.0,0.0,True
35215301,2022,0.4,0.6,0.0,True
35215815,2022,0.0,0.2857142857142857,0.7142857142857143,True
35216090,2022,0.125,0.375,0.5,True
35216668,2022,0.0,0.0,1.0,True
35217274,2022,1.0,0.0,0.0,True
35217309,2022,0.2,0.4,0.4,True
35217604,2022,0.2,0.0,0.8,True
35217614,2022,0.0,0.6666666666666666,0.3333333333333333,True
35218343,2022,1.0,0.0,0.0,True
35219065,2022,1.0,0.0,0.0,True
35219151,2022,0.0,1.0,0.0,True
35220002,2022,0.0,0.0,1.0,True
35220276,2022,1.0,0.0,0.0,True
35220331,2022,0.6666666666666666,0.3333333333333333,0.0,True
35220877,2022,1.0,0.0,0.0,True
35220902,2022,0.0,0.5,0.5,True
35220905,2022,0.14285714285714285,0.2857142857142857,0.5714285714285714,True
35223137,2021,0.0,0.0,1.0,True
35223446,2022,0.2857142857142857,0.14285714285714285,0.5714285714285714,True
35223535,2022,0.5,0.0,0.5,True
35224031,2022,0.3333333333333333,0.6666666666666666,0.0,True
35224516,2022,1.0,0.0,0.0,True
35224839,2022,0.5,0.0,0.5,True
35225224,2022,1.0,0.0,0.0,True
35225292,2022,0.0,0.0,0.0,True
35225756,2022,1.0,0.0,0.0,True
35226188,2022,1.0,0.0,0.0,True
35226216,2022,1.0,0.0,0.0,True
35226729,2022,1.0,0.0,0.0,True
35226866,2022,0.16666666666666666,0.6666666666666666,0.16666666666666666,True
35226872,2022,0.1111111111111111,0.4444444444444444,0.4444444444444444,True
35227084,2022,1.0,0.0,0.0,True
35227770,2022,0.0,0.0,0.0,True
35227866,2022,0.5,0.0,0.5,True
35228079,2022,1.0,0.0,0.0,True
35228264,2022,1.0,0.0,0.0,True
35228612,2022,0.25,0.5,0.25,True
35228752,2022,0.5,0.0,0.5,True
35229049,2022,0.0,0.0,0.0,True
35229078,2021,0.0,0.6666666666666666,0.3333333333333333,True
35229211,2022,1.0,0.0,0.0,True
35229218,2022,1.0,0.0,0.0,True
35229637,2022,0.25,0.0,0.75,True
35229639,2022,0.0,0.5,0.5,True
35229700,2023,0.0,1.0,0.0,True
35229714,2022,1.0,0.0,0.0,True
35229939,2022,1.0,0.0,0.0,True
35230423,2022,0.5,0.0,0.5,True
35230915,2022,0.0,0.0,1.0,True
35230974,2022,0.0,0.6666666666666666,0.3333333333333333,True
35231446,2022,0.0,0.0,1.0,True
35231481,2022,1.0,0.0,0.0,True
35231585,2022,1.0,0.0,0.0,True
35232996,2022,1.0,0.0,0.0,True
35233052,2022,0.0,0.0,1.0,True
35233544,2022,0.4444444444444444,0.0,0.5555555555555556,True
35233550,2022,0.5555555555555556,0.2222222222222222,0.2222222222222222,True
35233572,2022,0.2,0.2,0.6,True
35233576,2023,0.14285714285714285,0.2857142857142857,0.5714285714285714,True
35233581,2022,0.16666666666666666,0.0,0.8333333333333334,True
35233961,2022,1.0,0.0,0.0,False
35233986,2022,1.0,0.0,0.0,False
35233989,2022,1.0,0.0,0.0,False
35233993,2022,1.0,0.0,0.0,False
35234334,2022,0.0,0.8,0.2,True
35234920,2022,0.2,0.2,0.6,True
35235361,2022,0.3333333333333333,0.0,0.6666666666666666,True
35236754,2022,0.0,0.5,0.5,True
35236846,2022,0.0,0.0,0.0,True
35237733,2022,0.0,0.0,0.0,True
35237785,2022,0.0,0.0,0.0,True
35238677,2022,1.0,0.0,0.0,True
35238941,2022,1.0,0.0,0.0,True
35239393,2022,0.0,0.5,0.5,True
35239434,2022,0.0,0.0,1.0,True
35239439,2022,0.0,0.5,0.5,True
35239441,2022,0.0,0.0,1.0,True
35239443,2022,0.0,1.0,0.0,True
35239675,2022,0.0,0.6666666666666666,0.3333333333333333,True
35240684,2022,1.0,0.0,0.0,True
35240706,2024,1.0,0.0,0.0,True
35241721,2022,0.5,0.0,0.5,True
35242129,2022,0.0,0.5,0.5,True
35242446,2022,0.6666666666666666,0.3333333333333333,0.0,True
35242883,2022,0.3333333333333333,0.0,0.6666666666666666,True
35243372,2022,0.0,0.6666666666666666,0.3333333333333333,True
35243383,2022,0.0,0.6666666666666666,0.3333333333333333,True
35243657,2022,0.0,0.0,1.0,True
35243857,2022,1.0,0.0,0.0,True
35244716,2022,1.0,0.0,0.0,True
35245345,2022,0.0,0.5,0.5,True
35245431,2022,0.0,0.6666666666666666,0.3333333333333333,True
35245938,2022,0.25,0.0,0.75,True
35246225,2022,0.0,0.0,1.0,True
35246351,2022,1.0,0.0,0.0,True
35246530,2022,0.0,1.0,0.0,True
35246973,2022,1.0,0.0,0.0,True
35247211,2022,0.5,0.0,0.5,True
35247352,2022,1.0,0.0,0.0,True
35247926,2022,0.5,0.0,0.5,True
35247986,2022,0.5,0.0,0.5,True
35248306,2022,1.0,0.0,0.0,True
35248766,2022,1.0,0.0,0.0,True
35250994,2022,0.6,0.0,0.4,True
35251038,2022,0.2,0.4,0.4,True
35252348,2022,0.125,0.625,0.25,True
35252351,2022,0.0,1.0,0.0,True
35253072,2022,1.0,0.0,0.0,True
35253449,2022,1.0,0.0,0.0,True
35254390,2022,1.0,0.0,0.0,True
35254863,2022,1.0,0.0,0.0,True
35255112,2022,0.0,0.5,0.5,True
35256733,2022,1.0,0.0,0.0,True
35256781,2022,0.3333333333333333,0.0,0.6666666666666666,True
35257059,2021,0.6,0.0,0.4,True
35257060,2021,1.0,0.0,0.0,True
35257747,2022,0.0,0.0,1.0,True
35258122,2022,0.16666666666666666,0.0,0.8333333333333334,True
35258320,2022,0.0,0.0,1.0,True
35258332,2022,0.0,0.5,0.5,True
35258551,2022,1.0,0.0,0.0,True
35258767,2022,1.0,0.0,0.0,True
35259129,2022,1.0,0.0,0.0,True
35259201,2022,0.0,1.0,0.0,True
35259317,2022,1.0,0.0,0.0,True
35260194,2022,1.0,0.0,0.0,True
35260533,2022,0.3333333333333333,0.0,0.6666666666666666,True
35260537,2022,0.0,0.5,0.5,True
35260696,2022,0.3333333333333333,0.0,0.6666666666666666,True
35260709,2022,1.0,0.0,0.0,True
35260800,2022,1.0,0.0,0.0,True
35262076,2022,0.0,0.0,1.0,True
35262085,2022,0.5,0.0,0.5,True
35262093,2022,0.5,0.0,0.5,True
35262630,2022,0.0,0.25,0.75,True
35262657,2022,1.0,0.0,0.0,True
35262711,2022,1.0,0.0,0.0,True
35263120,2022,1.0,0.0,0.0,True
35263138,2022,0.0,0.3333333333333333,0.6666666666666666,True
35263570,2022,0.25,0.0,0.75,True
35263573,2022,0.0,0.6666666666666666,0.3333333333333333,True
35263638,2022,0.2,0.6,0.2,True
35264559,2022,0.3333333333333333,0.0,0.6666666666666666,True
35264790,2022,0.0,0.0,1.0,True
35264870,2022,0.0,0.5,0.5,True
35265193,2022,0.14285714285714285,0.42857142857142855,0.42857142857142855,True
35266149,2022,1.0,0.0,0.0,True
35266249,2022,1.0,0.0,0.0,True
35266826,2022,0.5,0.0,0.5,True
35266981,2022,1.0,0.0,0.0,True
35267035,2022,1.0,0.0,0.0,True
35267598,2022,0.16666666666666666,0.0,0.8333333333333334,True
35268659,2022,0.0,1.0,0.0,True
35270258,2022,1.0,0.0,0.0,True
35271298,2022,0.0,0.16666666666666666,0.8333333333333334,True
35271708,2022,0.75,0.0,0.25,True
35272525,2022,1.0,0.0,0.0,True
35272717,2022,0.0,0.5,0.5,True
35273141,2022,0.4,0.4,0.2,True
35273264,2022,0.875,0.0,0.125,True
35274067,2021,0.0,0.0,1.0,True
35274129,2022,1.0,0.0,0.0,True
35274497,2022,1.0,0.0,0.0,True
35274710,2022,1.0,0.0,0.0,True
35274717,2022,1.0,0.0,0.0,True
35274990,2022,0.0,0.0,1.0,True
35275197,2022,0.5,0.0,0.5,True
35275285,2022,1.0,0.0,0.0,True
35275599,2022,1.0,0.0,0.0,True
35275639,2022,0.5,0.0,0.5,True
35275952,2022,1.0,0.0,0.0,True
35279790,2022,0.2,0.6,0.2,True
35283114,2022,0.3333333333333333,0.6666666666666666,0.0,True
35283191,2022,0.3333333333333333,0.0,0.6666666666666666,True
35283330,2022,0.5,0.0,0.5,True
35284265,2022,0.6666666666666666,0.0,0.3333333333333333,True
35284849,2022,0.25,0.75,0.0,True
35284941,2022,1.0,0.0,0.0,True
35285019,2022,1.0,0.0,0.0,True
35285072,2022,0.3333333333333333,0.0,0.6666666666666666,True
35285688,2022,0.25,0.0,0.75,True
35285979,2022,1.0,0.0,0.0,True
35286343,2022,0.16666666666666666,0.5,0.3333333333333333,True
35286453,2022,1.0,0.0,0.0,True
35287299,2022,1.0,0.0,0.0,True
35288121,2022,1.0,0.0,0.0,True
35289268,2022,0.0,1.0,0.0,True
35289310,2022,0.25,0.5,0.25,True
35289316,2022,0.6666666666666666,0.0,0.3333333333333333,True
35289611,2022,0.5,0.0,0.5,True
35289643,2022,0.5,0.0,0.5,True
35289719,2022,0.14285714285714285,0.42857142857142855,0.42857142857142855,True
35290118,2022,0.0,0.0,0.0,True
35290467,2022,0.2,0.6,0.2,True
35290722,2022,1.0,0.0,0.0,True
35291296,2022,1.0,0.0,0.0,True
35291693,2021,1.0,0.0,0.0,True
35292820,2022,0.5,0.0,0.5,True
35293056,2022,0.0,1.0,0.0,True
35293623,2023,1.0,0.0,0.0,True
35293859,2022,0.0,0.42857142857142855,0.5714285714285714,True
35294432,2022,0.0,0.4,0.6,True
35294750,2022,0.0,0.0,1.0,True
35294751,2022,0.0,0.0,1.0,True
35294752,2022,0.3333333333333333,0.0,0.6666666666666666,True
35294753,2022,0.3333333333333333,0.0,0.6666666666666666,True
35294755,2022,1.0,0.0,0.0,True
35294756,2022,0.0,0.0,1.0,True
35294757,2022,1.0,0.0,0.0,True
35294758,2022,0.0,0.5,0.5,True
35294762,2022,0.0,0.0,0.0,True
35294859,2022,0.0,0.0,1.0,True
35294883,2022,0.25,0.5,0.25,True
35296083,2022,0.0,0.75,0.25,True
35296110,2022,0.0,0.0,1.0,True
35296452,2022,1.0,0.0,0.0,True
35296648,2022,0.2,0.4,0.4,True
35296810,2022,0.0,1.0,0.0,True
35297114,2022,1.0,0.0,0.0,True
35297127,2022,1.0,0.0,0.0,True
35297654,2022,0.0,0.5,0.5,True
35297980,2022,0.0,0.2857142857142857,0.7142857142857143,True
35298440,2022,1.0,0.0,0.0,True
35300296,2022,0.6666666666666666,0.3333333333333333,0.0,True
35300389,2022,1.0,0.0,0.0,True
35300959,2022,1.0,0.0,0.0,True
35300967,2022,0.0,0.5,0.5,True
35301125,2022,1.0,0.0,0.0,True
35301181,2022,0.5,0.0,0.5,True
35301275,2022,0.3333333333333333,0.6666666666666666,0.0,True
35301522,2022,1.0,0.0,0.0,True
35302256,2022,1.0,0.0,0.0,True
35302510,2022,1.0,0.0,0.0,True
35302848,2022,0.5,0.0,0.5,True
35303054,2022,0.3333333333333333,0.0,0.6666666666666666,True
35303419,2022,0.3333333333333333,0.6666666666666666,0.0,True
35303517,2022,0.75,0.0,0.25,True
35304331,2022,0.0,0.75,0.25,True
35304419,2022,0.5,0.5,0.0,True
35304442,2022,0.3333333333333333,0.0,0.6666666666666666,True
35304484,2022,0.3333333333333333,0.0,0.6666666666666666,True
35306154,2022,0.25,0.0,0.75,True
35307029,2022,0.0,0.75,0.25,True
35307353,2022,0.0,0.4,0.6,True
35308882,2022,1.0,0.0,0.0,True
35308957,2022,1.0,0.0,0.0,True
35308963,2022,1.0,0.0,0.0,True
35310936,2022,0.14285714285714285,0.14285714285714285,0.7142857142857143,True
35311178,2021,1.0,0.0,0.0,True
35311240,2022,1.0,0.0,0.0,True
35311806,2022,1.0,0.0,0.0,True
35312150,2022,1.0,0.0,0.0,True
35312200,2022,1.0,0.0,0.0,True
35312631,2022,1.0,0.0,0.0,True
35312692,2022,0.0,0.0,1.0,True
35312764,2022,1.0,0.0,0.0,True
35312769,2022,0.2,0.4,0.4,True
35313387,2022,0.5,0.0,0.5,True
35313579,2022,0.3333333333333333,0.0,0.6666666666666666,True
35313597,2022,1.0,0.0,0.0,True
35313731,2022,0.5,0.0,0.5,True
35313800,2022,0.0,0.0,0.0,True
35313954,2022,0.0,0.0,1.0,True
35314072,2022,1.0,0.0,0.0,True
35314376,2022,1.0,0.0,0.0,True
35314627,2022,1.0,0.0,0.0,True
35314674,2022,0.0,0.0,1.0,True
35314805,2022,1.0,0.0,0.0,True
35315884,2022,1.0,0.0,0.0,True
35315916,2022,1.0,0.0,0.0,True
35315921,2022,1.0,0.0,0.0,True
35316140,2022,0.0,0.0,1.0,True
35316213,2022,0.8,0.0,0.2,True
35316214,2022,0.0,0.6666666666666666,0.3333333333333333,True
35316647,2022,0.0,0.75,0.25,True
35316695,2022,0.0,1.0,0.0,True
35317081,2022,1.0,0.0,0.0,True
35317524,2022,0.14285714285714285,0.2857142857142857,0.5714285714285714,True
35319248,2022,0.5,0.0,0.5,True
35319254,2022,1.0,0.0,0.0,True
35319830,2022,0.5,0.0,0.5,True
35320434,2022,0.0,0.0,0.0,True
35320569,2022,0.0,1.0,0.0,True
35321093,2022,0.3333333333333333,0.3333333333333333,0.3333333333333333,True
35321494,2022,0.0,0.25,0.75,True
35322150,2022,0.0,0.6666666666666666,0.3333333333333333,True
35322169,2022,1.0,0.0,0.0,True
35322196,2022,0.0,0.0,1.0,True
35322416,2022,0.0,0.0,1.0,True
35322546,2022,1.0,0.0,0.0,True
35323869,2022,0.5,0.0,0.5,True
35324257,2022,0.5,0.0,0.5,True
35324301,2022,0.0,0.3333333333333333,0.6666666666666666,True
35324659,2022,1.0,0.0,0.0,True
35325073,2022,0.4,0.0,0.6,True
35325185,2022,1.0,0.0,0.0,True
35325663,2022,1.0,0.0,0.0,True
35326576,2022,1.0,0.0,0.0,True
35327965,2022,1.0,0.0,0.0,True
35328338,2022,0.0,1.0,0.0,True
35330204,2022,0.5,0.0,0.5,True
35331274,2022,1.0,0.0,0.0,True
35331408,2022,1.0,0.0,0.0,True
35331842,2022,0.0,1.0,0.0,True
35332326,2022,0.6666666666666666,0.0,0.3333333333333333,True
35333343,2022,1.0,0.0,0.0,True
35333353,2022,0.2,0.0,0.8,True
35333459,2022,1.0,0.0,0.0,True
35333495,2022,1.0,0.0,0.0,True
35333496,2022,1.0,0.0,0.0,True
35334823,2022,1.0,0.0,0.0,True
35335067,2022,0.0,0.4,0.6,True
35335209,2022,0.5,0.0,0.5,True
35336801,2022,0.25,0.0,0.75,True
35336918,2022,0.3333333333333333,0.0,0.6666666666666666,True
35336950,2022,0.5,0.0,0.5,True
35338023,2022,0.5,0.0,0.5,True
35338126,2022,0.5,0.0,0.5,True
35338726,2022,0.5,0.0,0.5,True
35340265,2022,0.8571428571428571,0.0,0.14285714285714285,True
35341712,2022,1.0,0.0,0.0,True
35341740,2022,0.5,0.0,0.5,True
35341744,2022,0.3333333333333333,0.0,0.6666666666666666,True
35342383,2022,0.8571428571428571,0.0,0.14285714285714285,True
35342779,2022,1.0,0.0,0.0,True
35343376,2022,0.16666666666666666,0.3333333333333333,0.5,True
35343588,2022,1.0,0.0,0.0,True
35344227,2022,0.25,0.0,0.75,True
35344962,2022,1.0,0.0,0.0,True
35345409,2022,1.0,0.0,0.0,True
35345596,2022,0.0,1.0,0.0,True
35346259,2022,0.5,0.0,0.5,True
35347124,2022,0.2,0.4,0.4,True
35347128,2022,1.0,0.0,0.0,True
35347133,2022,0.0,0.0,1.0,True
35347274,2022,0.3333333333333333,0.0,0.6666666666666666,True
35348349,2022,0.0,0.0,1.0,True
35348360,2022,1.0,0.0,0.0,True
35348391,2023,1.0,0.0,0.0,True
35348651,2022,0.3333333333333333,0.6666666666666666,0.0,True
35348718,2022,1.0,0.0,0.0,True
35349039,2022,1.0,0.0,0.0,True
35349483,2022,0.3333333333333333,0.0,0.6666666666666666,True
35349486,2022,0.5,0.0,0.5,True
35349590,2022,0.0,0.5,0.5,True
35349664,2022,0.2,0.4,0.4,True
35349838,2022,1.0,0.0,0.0,True
35349912,2022,1.0,0.0,0.0,True
35350199,2022,0.6666666666666666,0.0,0.3333333333333333,True
35350206,2022,0.14285714285714285,0.0,0.8571428571428571,True
35350208,2022,0.6,0.0,0.4,True
35350914,2022,0.3333333333333333,0.5,0.16666666666666666,True
35351810,2022,1.0,0.0,0.0,True
35351896,2022,0.0,0.6666666666666666,0.3333333333333333,True
35351898,2022,0.3333333333333333,0.0,0.6666666666666666,True
35351966,2022,1.0,0.0,0.0,True
35352025,2022,0.0,0.0,0.0,True
35352112,2022,1.0,0.0,0.0,True
35352506,2022,0.6666666666666666,0.0,0.3333333333333333,True
35352678,2022,0.0,1.0,0.0,True
35353559,2022,0.0,0.0,1.0,True
35353576,2022,1.0,0.0,0.0,True
35353577,2022,0.0,0.0,0.0,True
35353811,2022,1.0,0.0,0.0,True
35353960,2022,1.0,0.0,0.0,True
35354053,2022,1.0,0.0,0.0,True
35354951,2022,0.0,0.6,0.4,True
35354960,2022,0.0,0.42857142857142855,0.5714285714285714,True
35356009,2022,1.0,0.0,0.0,True
35356033,2022,0.5,0.0,0.5,True
35357082,2022,0.0,1.0,0.0,True
35357464,2022,0.0,0.5,0.5,True
35357911,2022,0.3333333333333333,0.0,0.6666666666666666,True
35357915,2022,0.25,0.0,0.75,True
35357917,2022,0.5,0.0,0.5,True
35357919,2022,0.25,0.0,0.75,True
35357925,2022,0.25,0.0,0.75,True
35357935,2022,1.0,0.0,0.0,True
35358092,2022,1.0,0.0,0.0,True
35358235,2022,1.0,0.0,0.0,True
35358541,2022,1.0,0.0,0.0,True
35358566,2022,1.0,0.0,0.0,True
35358745,2023,1.0,0.0,0.0,True
35358998,2023,0.0,0.4,0.6,True
35359438,2022,0.1111111111111111,0.1111111111111111,0.7777777777777778,True
35359831,2022,0.0,0.5,0.5,True
35360001,2022,1.0,0.0,0.0,True
35360552,2022,1.0,0.0,0.0,True
35360706,2022,0.5,0.5,0.0,True
35360933,2022,1.0,0.0,0.0,True
35361629,2022,0.6666666666666666,0.0,0.3333333333333333,True
35361931,2022,0.5,0.0,0.5,True
35361932,2022,1.0,0.0,0.0,True
35362209,2022,1.0,0.0,0.0,True
35363246,2022,0.6666666666666666,0.0,0.3333333333333333,True
35363834,2022,0.2,0.0,0.8,True
35363860,2022,1.0,0.0,0.0,True
35365600,2022,1.0,0.0,0.0,True
35365620,2022,1.0,0.0,0.0,True
35365640,2022,0.0,0.6666666666666666,0.3333333333333333,True
35365675,2022,0.0,0.0,0.0,True
35365950,2022,1.0,0.0,0.0,True
35366378,2022,1.0,0.0,0.0,True
35366607,2022,0.2,0.4,0.4,True
35367211,2022,0.16666666666666666,0.5,0.3333333333333333,True
35367322,2022,1.0,0.0,0.0,True
35367918,2022,1.0,0.0,0.0,True
35368040,2022,1.0,0.0,0.0,True
35368437,2021,0.5,0.5,0.0,True
35369114,2022,1.0,0.0,0.0,True
35369790,2023,1.0,0.0,0.0,True
35370900,2022,1.0,0.0,0.0,True
35371100,2022,0.6666666666666666,0.0,0.3333333333333333,True
35372040,2022,0.2,0.0,0.8,True
35372387,2022,0.3333333333333333,0.0,0.6666666666666666,True
35372396,2022,1.0,0.0,0.0,True
35372986,2021,0.25,0.5,0.25,True
35373177,2022,0.0,1.0,0.0,True
35377195,2022,1.0,0.0,0.0,True
35377345,2022,1.0,0.0,0.0,True
35377867,2022,1.0,0.0,0.0,True
35377871,2022,0.0,0.5,0.5,True
35377924,2022,0.0,0.25,0.75,True
35377940,2022,0.3333333333333333,0.6666666666666666,0.0,True
35378172,2022,0.0,0.75,0.25,True
35378752,2022,0.0,0.42857142857142855,0.5714285714285714,True
35378757,2022,0.0,0.0,1.0,True
35378990,2022,0.3333333333333333,0.6666666666666666,0.0,True
35379302,2022,0.5,0.0,0.5,True
35379362,2022,0.0,0.6666666666666666,0.3333333333333333,True
35379748,2022,0.75,0.0,0.25,True
35379992,2022,1.0,0.0,0.0,True
35380448,2022,0.5,0.0,0.5,True
35380458,2022,0.0,0.0,0.0,True
35380492,2022,1.0,0.0,0.0,True
35380555,2022,1.0,0.0,0.0,True
35380721,2022,1.0,0.0,0.0,True
35381062,2022,1.0,0.0,0.0,True
35381204,2022,1.0,0.0,0.0,True
35381213,2022,0.0,0.0,1.0,True
35381348,2022,0.8,0.0,0.2,True
35381392,2022,1.0,0.0,0.0,True
35383176,2022,0.0,0.0,1.0,True
35383277,2022,1.0,0.0,0.0,True
35383961,2022,0.0,1.0,0.0,True
35384045,2022,0.5,0.0,0.5,True
35384360,2022,0.0,0.0,1.0,True
35385353,2022,0.0,1.0,0.0,True
35385415,2022,1.0,0.0,0.0,True
35385429,2022,1.0,0.0,0.0,True
35385572,2022,0.5,0.0,0.5,True
35385578,2022,0.0,0.8,0.2,True
35385699,2022,0.5,0.0,0.5,True
35385738,2022,0.5,0.0,0.5,True
35386056,2022,1.0,0.0,0.0,True
35386497,2022,1.0,0.0,0.0,True
35387429,2022,0.5,0.5,0.0,True
35387486,2022,0.5,0.0,0.5,True
35387667,2022,0.5,0.0,0.5,True
35388008,2022,0.0,0.0,0.0,True
35388076,2022,1.0,0.0,0.0,True
35388217,2022,1.0,0.0,0.0,True
35388223,2022,1.0,0.0,0.0,True
35388877,2022,1.0,0.0,0.0,True
35389191,2022,0.6666666666666666,0.0,0.3333333333333333,True
35389241,2022,0.0,0.5,0.5,True
35389340,2022,1.0,0.0,0.0,True
35389500,2022,1.0,0.0,0.0,True
35389566,2022,0.3333333333333333,0.0,0.6666666666666666,True
35389618,2022,1.0,0.0,0.0,True
35389781,2022,0.25,0.0,0.75,True
35389803,2022,0.0,0.0,1.0,True
35389888,2022,0.5,0.0,0.5,True
35389891,2022,1.0,0.0,0.0,True
35390066,2022,1.0,0.0,0.0,True
35390128,2022,1.0,0.0,0.0,True
35390130,2022,1.0,0.0,0.0,True
35390131,2022,1.0,0.0,0.0,True
35390166,2022,0.16666666666666666,0.0,0.8333333333333334,True
35390535,2022,1.0,0.0,0.0,True
35390636,2022,0.5,0.0,0.5,True
35391798,2022,0.3333333333333333,0.6666666666666666,0.0,True
35392453,2022,0.6,0.0,0.4,True
35393306,2022,0.6666666666666666,0.0,0.3333333333333333,True
35393337,2022,1.0,0.0,0.0,True
35393403,2022,1.0,0.0,0.0,True
35393570,2022,0.3333333333333333,0.6666666666666666,0.0,True
35394411,2022,0.8,0.2,0.0,True
35394510,2022,1.0,0.0,0.0,True
35394743,2022,0.0,0.0,0.0,True
35394839,2022,0.0,0.4,0.6,True
35395068,2022,0.6666666666666666,0.0,0.3333333333333333,True
35395191,2022,0.8,0.0,0.2,True
35395239,2022,0.0,0.0,1.0,True
35395404,2022,0.0,0.0,0.0,True
35396327,2022,0.0,0.4,0.6,True
35396452,2022,1.0,0.0,0.0,True
35396773,2022,0.5,0.0,0.5,True
35397211,2022,0.0,0.0,1.0,True
35398288,2022,1.0,0.0,0.0,True
35399514,2022,0.2,0.2,0.6,True
35400321,2022,1.0,0.0,0.0,True
35401559,2022,0.5,0.0,0.5,True
35402002,2022,0.25,0.0,0.75,True
35403125,2021,0.0,0.5,0.5,True
35403689,2022,0.0,0.6666666666666666,0.3333333333333333,True
35403729,2022,0.5,0.0,0.5,True
35404237,2022,0.0,0.4,0.6,True
35404238,2022,0.75,0.0,0.25,True
35404385,2022,0.16666666666666666,0.0,0.8333333333333334,True
35404422,2022,0.0,1.0,0.0,True
35404596,2022,0.5,0.0,0.5,True
35404959,2022,0.25,0.5,0.25,True
35406404,2022,0.5,0.0,0.5,True
35408685,2022,0.0,0.5,0.5,True
35409289,2022,0.16666666666666666,0.5,0.3333333333333333,True
35410381,2022,0.0,0.3333333333333333,0.6666666666666666,True
35411048,2022,0.5,0.0,0.5,True
35411076,2022,0.5,0.0,0.5,True
35411337,2022,0.3333333333333333,0.0,0.6666666666666666,True
35412204,2022,0.0,0.0,0.0,True
35412353,2022,0.0,0.0,1.0,True
35412582,2022,0.0,0.6666666666666666,0.3333333333333333,True
35412943,2022,1.0,0.0,0.0,True
35413243,2022,0.0,0.5,0.5,True
35414090,2022,1.0,0.0,0.0,True
35414769,2022,0.0,0.8,0.2,True
35415188,2022,0.5,0.0,0.5,True
35415200,2022,0.75,0.0,0.25,True
35416182,2022,1.0,0.0,0.0,True
35416932,2022,0.0,0.0,1.0,True
35416977,2022,0.0,1.0,0.0,True
35417234,2022,0.2,0.4,0.4,True
35417692,2022,0.0,0.5,0.5,True
35417706,2022,0.0,1.0,0.0,True
35417938,2023,1.0,0.0,0.0,True
35418346,2022,1.0,0.0,0.0,True
35418469,2022,0.0,0.5,0.5,True
35418484,2022,0.2,0.0,0.8,True
35418681,2022,0.25,0.0,0.75,True
35418701,2022,1.0,0.0,0.0,True
35419976,2022,1.0,0.0,0.0,True
35420481,2022,0.0,0.75,0.25,True
35421284,2022,1.0,0.0,0.0,True
35421427,2022,0.14285714285714285,0.2857142857142857,0.5714285714285714,True
35421712,2022,1.0,0.0,0.0,True
35421897,2023,1.0,0.0,0.0,True
35422527,2022,1.0,0.0,0.0,True
35423513,2021,0.16666666666666666,0.16666666666666666,0.6666666666666666,True
35425944,2021,1.0,0.0,0.0,True
35426747,2022,1.0,0.0,0.0,True
35426934,2022,0.0,1.0,0.0,True
35427375,2022,1.0,0.0,0.0,True
35427649,2022,0.0,0.0,1.0,True
35428413,2022,1.0,0.0,0.0,True
35428693,2022,0.0,0.6666666666666666,0.3333333333333333,True
35428779,2022,1.0,0.0,0.0,True
35429100,2022,1.0,0.0,0.0,True
35429111,2022,0.8571428571428571,0.0,0.14285714285714285,True
35429501,2022,0.0,0.6666666666666666,0.3333333333333333,True
35429919,2022,1.0,0.0,0.0,True
35430085,2022,0.3333333333333333,0.6666666666666666,0.0,True
35431416,2022,0.0,0.0,1.0,True
35432339,2022,0.5,0.0,0.5,True
35432354,2022,0.3333333333333333,0.0,0.6666666666666666,True
35433193,2022,1.0,0.0,0.0,True
35433219,2022,1.0,0.0,0.0,True
35433273,2022,0.3333333333333333,0.6666666666666666,0.0,True
35435491,2022,0.0,0.5,0.5,True
35436293,2022,1.0,0.0,0.0,True
35436557,2022,0.5,0.0,0.5,True
35437908,2022,0.3333333333333333,0.6666666666666666,0.0,True
35438186,2022,1.0,0.0,0.0,True
35438536,2022,0.3333333333333333,0.0,0.6666666666666666,True
35438546,2022,0.5,0.0,0.5,True
35438610,2022,1.0,0.0,0.0,True
35438787,2022,0.0,0.0,1.0,True
35438992,2022,0.0,0.0,0.0,True
35439320,2022,0.3333333333333333,0.6666666666666666,0.0,True
35440113,2022,0.0,0.4,0.6,True
35440132,2022,1.0,0.0,0.0,True
35440536,2022,0.0,0.0,0.0,True
35440587,2022,0.42857142857142855,0.0,0.5714285714285714,True
35440607,2022,0.0,1.0,0.0,True
35440629,2022,0.25,0.0,0.75,True
35440680,2022,0.3333333333333333,0.0,0.6666666666666666,True
35440799,2022,1.0,0.0,0.0,True
35441085,2022,1.0,0.0,0.0,True
35441161,2022,0.5,0.0,0.5,True
35441174,2022,0.0,0.5,0.5,True
35441178,2022,0.25,0.25,0.5,True
35441778,2022,1.0,0.0,0.0,True
35442221,2022,0.3333333333333333,0.0,0.6666666666666666,True
35443020,2022,0.5,0.0,0.5,True
35443073,2022,0.0,0.5,0.5,True
35443177,2022,0.5,0.0,0.5,True
35443183,2022,0.0,0.6666666666666666,0.3333333333333333,True
35443185,2022,0.0,0.6,0.4,True
35443665,2022,1.0,0.0,0.0,True
35443736,2022,0.0,0.0,1.0,True
35445768,2022,1.0,0.0,0.0,True
35445873,2022,0.25,0.0,0.75,True
35445907,2022,0.5,0.0,0.5,True
35446127,2022,0.0,0.0,1.0,True
35446370,2022,1.0,0.0,0.0,True
35446387,2022,1.0,0.0,0.0,True
35446564,2022,0.0,1.0,0.0,True
35446847,2022,0.6666666666666666,0.0,0.3333333333333333,True
35447052,2022,0.0,0.75,0.25,True
35447072,2022,0.0,0.6666666666666666,0.3333333333333333,True
35447082,2022,0.5,0.0,0.5,True
35447104,2022,0.25,0.0,0.75,True
35447423,2022,0.0,0.5,0.5,True
35448546,2022,1.0,0.0,0.0,True
35449456,2022,0.0,0.6666666666666666,0.3333333333333333,True
35450351,2022,0.14285714285714285,0.5714285714285714,0.2857142857142857,True
35450477,2022,1.0,0.0,0.0,True
35450819,2022,0.0,0.75,0.25,True
35451728,2022,0.0,0.0,0.0,True
35452076,2022,0.25,0.75,0.0,True
35452188,2022,0.5,0.0,0.5,True
35452257,2022,0.8333333333333334,0.0,0.16666666666666666,True
35452511,2022,0.5,0.0,0.5,True
35452566,2023,1.0,0.0,0.0,True
35452604,2022,0.25,0.0,0.75,True
35452608,2022,0.0,0.0,1.0,True
35452750,2022,1.0,0.0,0.0,True
35452785,2022,1.0,0.0,0.0,True
35452844,2022,1.0,0.0,0.0,True
35452896,2022,1.0,0.0,0.0,True
35453132,2022,1.0,0.0,0.0,True
35453445,2022,0.16666666666666666,0.16666666666666666,0.6666666666666666,True
35453667,2022,0.3333333333333333,0.0,0.6666666666666666,True
35454173,2022,0.0,0.0,0.0,True
35454993,2022,0.2,0.2,0.6,True
35456481,2022,1.0,0.0,0.0,True
35457170,2022,0.0,1.0,0.0,True
35457307,2022,1.0,0.0,0.0,True
35459782,2022,0.5,0.0,0.5,True
35460032,2022,0.0,1.0,0.0,True
35460240,2022,1.0,0.0,0.0,True
35460276,2023,0.2,0.8,0.0,True
35460690,2022,0.0,1.0,0.0,True
35461279,2022,1.0,0.0,0.0,True
35461718,2022,1.0,0.0,0.0,True
35461852,2022,1.0,0.0,0.0,True
35462263,2022,1.0,0.0,0.0,True
35463463,2022,0.0,0.0,1.0,True
35463632,2022,0.0,0.75,0.25,True
35463647,2022,0.5,0.0,0.5,True
35463920,2022,0.0,0.0,1.0,True
35464155,2021,0.3333333333333333,0.0,0.6666666666666666,True
35464297,2021,0.0,0.0,1.0,True
35464627,2021,0.4,0.0,0.6,True
35465056,2022,0.4,0.0,0.6,True
35465176,2022,0.0,1.0,0.0,True
35466371,2022,0.0,0.0,1.0,True
35466399,2022,1.0,0.0,0.0,True
35466940,2022,0.5,0.0,0.5,True
35467360,2022,0.0,1.0,0.0,True
35467443,2022,1.0,0.0,0.0,True
35467654,2022,0.0,0.0,1.0,True
35467708,2022,1.0,0.0,0.0,True
35467749,2022,1.0,0.0,0.0,True
35467861,2022,0.25,0.5,0.25,True
35468496,2022,1.0,0.0,0.0,True
35468567,2022,1.0,0.0,0.0,True
35468885,2022,0.0,0.0,1.0,True
35468990,2023,0.5,0.0,0.5,True
35469800,2022,0.5,0.0,0.5,True
35470161,2022,0.0,1.0,0.0,True
35470552,2022,0.0,1.0,0.0,True
35470685,2022,1.0,0.0,0.0,True
35470760,2022,0.2,0.2,0.6,True
35471186,2022,0.0,0.3333333333333333,0.6666666666666666,True
35471691,2022,1.0,0.0,0.0,True
35471695,2022,1.0,0.0,0.0,True
35472132,2022,0.3333333333333333,0.6666666666666666,0.0,True
35472727,2022,1.0,0.0,0.0,True
35473441,2023,0.14285714285714285,0.5714285714285714,0.2857142857142857,True
35473450,2022,0.0,0.6666666666666666,0.3333333333333333,True
35473766,2022,1.0,0.0,0.0,True
35473917,2022,1.0,0.0,0.0,True
35474218,2022,0.0,0.0,1.0,True
35474345,2022,1.0,0.0,0.0,True
35474740,2022,1.0,0.0,0.0,False
35474866,2022,0.0,0.0,1.0,True
35475145,2022,1.0,0.0,0.0,True
35475215,2021,0.3333333333333333,0.0,0.6666666666666666,True
35475540,2022,0.0,1.0,0.0,True
35475643,2022,0.25,0.5,0.25,True
35475888,2022,1.0,0.0,0.0,True
35475910,2023,0.25,0.5,0.25,True
35476126,2022,1.0,0.0,0.0,True
35476510,2022,0.0,0.0,1.0,True
35476528,2022,0.2,0.6,0.2,True
35476603,2022,0.3333333333333333,0.0,0.6666666666666666,True
35477752,2022,0.3333333333333333,0.0,0.6666666666666666,True
35477935,2022,0.5,0.0,0.5,True
35477980,2022,1.0,0.0,0.0,True
35478010,2022,0.0,1.0,0.0,True
35479090,2022,0.3333333333333333,0.0,0.6666666666666666,True
35479397,2022,0.0,0.4,0.6,True
35479404,2022,0.0,0.16666666666666666,0.8333333333333334,True
35480112,2022,0.2222222222222222,0.0,0.7777777777777778,True
35480315,2022,0.6666666666666666,0.0,0.3333333333333333,True
35480676,2021,0.0,0.0,0.0,True
35481284,2021,0.25,0.5,0.25,True
35481647,2022,0.0,0.0,1.0,True
35481781,2022,0.0,0.5,0.5,True
35482342,2022,1.0,0.0,0.0,True
35482674,2022,0.0,1.0,0.0,True
35482764,2022,1.0,0.0,0.0,True
35482927,2023,0.0,0.6666666666666666,0.3333333333333333,True
35483373,2022,0.0,0.0,1.0,True
35483390,2022,0.06666666666666667,0.7333333333333333,0.2,True
35484114,2022,0.3333333333333333,0.6666666666666666,0.0,True
35484142,2022,0.5,0.5,0.0,True
35484630,2022,0.8,0.0,0.2,True
35484638,2022,1.0,0.0,0.0,True
35485928,2022,1.0,0.0,0.0,True
35486721,2022,0.0,0.5,0.5,True
35488802,2022,1.0,0.0,0.0,True
35488870,2022,1.0,0.0,0.0,True
35489023,2022,1.0,0.0,0.0,True
35489200,2022,0.5,0.0,0.5,True
35489332,2022,0.5,0.0,0.5,True
35490822,2022,0.6666666666666666,0.0,0.3333333333333333,True
35491694,2022,0.2,0.0,0.8,True
35492434,2021,0.0,0.0,0.0,True
35492825,2022,0.5,0.0,0.5,True
35494244,2022,0.0,0.0,1.0,True
35496281,2022,0.0,1.0,0.0,True
35497797,2022,0.5,0.0,0.5,True
35499461,2022,0.2,0.4,0.4,True
35500023,2022,1.0,0.0,0.0,True
35500035,2022,0.0,0.5,0.5,True
35500221,2022,0.3333333333333333,0.0,0.6666666666666666,True
35500285,2023,1.0,0.0,0.0,True
35500537,2022,0.5,0.5,0.0,True
35500907,2022,0.25,0.0,0.75,True
35501309,2022,0.3333333333333333,0.6666666666666666,0.0,True
35501486,2022,0.25,0.5,0.25,True
35502318,2022,0.14285714285714285,0.0,0.8571428571428571,True
35502538,2022,1.0,0.0,0.0,True
35502722,2022,0.0,0.6666666666666666,0.3333333333333333,True
35502918,2023,1.0,0.0,0.0,True
35504570,2022,1.0,0.0,0.0,True
35504721,2022,0.3333333333333333,0.6666666666666666,0.0,True
35504930,2022,0.0,1.0,0.0,True
35506060,2022,0.0,0.0,1.0,True
35506128,2022,1.0,0.0,0.0,True
35506243,2023,0.5,0.0,0.5,True
35507146,2023,1.0,0.0,0.0,True
35507386,2022,0.0,0.6666666666666666,0.3333333333333333,True
35507394,2022,0.0,0.6666666666666666,0.3333333333333333,True
35507432,2023,0.0,0.5,0.5,True
35507602,2022,0.0,0.8,0.2,True
35508396,2022,1.0,0.0,0.0,True
35508574,2022,0.0,0.0,1.0,True
35508628,2022,1.0,0.0,0.0,True
35509004,2022,0.0,1.0,0.0,True
35509631,2022,0.0,0.25,0.75,True
35510647,2022,0.5,0.0,0.5,True
35510728,2022,1.0,0.0,0.0,True
35510986,2022,0.2,0.6,0.2,True
35511031,2022,0.5,0.0,0.5,True
35511145,2022,1.0,0.0,0.0,True
35511193,2022,0.0,0.6666666666666666,0.3333333333333333,True
35511431,2022,0.5,0.0,0.5,True
35511610,2022,0.5,0.5,0.0,True
35511749,2022,0.5,0.0,0.5,True
35511890,2022,1.0,0.0,0.0,True
35512094,2022,0.0,0.0,1.0,True
35512254,2022,1.0,0.0,0.0,True
35512400,2022,1.0,0.0,0.0,True
35512920,2022,1.0,0.0,0.0,True
35513123,2022,0.14285714285714285,0.7142857142857143,0.14285714285714285,True
35513371,2022,0.0,0.0,1.0,True
35513726,2022,1.0,0.0,0.0,True
35514207,2022,1.0,0.0,0.0,True
35516001,2022,0.125,0.125,0.75,True
35521889,2022,1.0,0.0,0.0,True
35522528,2022,0.5,0.0,0.5,True
35522714,2022,1.0,0.0,0.0,True
35522969,2022,1.0,0.0,0.0,True
35523008,2022,0.2,0.2,0.6,True
35523073,2022,0.25,0.5,0.25,True
35523590,2022,0.0,1.0,0.0,True
35523653,2022,1.0,0.0,0.0,True
35523680,2022,1.0,0.0,0.0,True
35523797,2022,0.25,0.5,0.25,True
35523942,2022,0.0,0.0,1.0,True
35523960,2022,0.0,0.0,1.0,True
35524087,2022,1.0,0.0,0.0,True
35524559,2022,0.0,0.0,1.0,True
35524627,2022,0.0,0.0,0.0,True
35524821,2023,0.5,0.0,0.5,True
35527283,2022,0.0,0.5,0.5,True
35527328,2022,1.0,0.0,0.0,True
35527548,2022,1.0,0.0,0.0,True
35527712,2022,1.0,0.0,0.0,True
35528741,2022,0.6,0.2,0.2,True
35530414,2022,0.3333333333333333,0.0,0.6666666666666666,True
35530816,2022,0.625,0.0,0.375,True
35532082,2022,0.6666666666666666,0.0,0.3333333333333333,True
35532087,2022,0.0,0.0,0.0,True
35532929,2022,0.25,0.5,0.25,True
35534047,2022,1.0,0.0,0.0,True
35534067,2022,1.0,0.0,0.0,True
35534528,2022,0.0,0.5,0.5,True
35536012,2022,0.0,0.5,0.5,True
35536285,2022,1.0,0.0,0.0,True
35536696,2022,0.5,0.0,0.5,True
35536809,2022,1.0,0.0,0.0,True
35537056,2022,1.0,0.0,0.0,True
35537058,2022,0.5,0.0,0.5,True
35537115,2022,0.5,0.0,0.5,True
35537862,2022,1.0,0.0,0.0,True
35538051,2022,1.0,0.0,0.0,True
35538057,2022,0.3333333333333333,0.0,0.6666666666666666,True
35538602,2022,0.0,1.0,0.0,True
35538890,2022,0.16666666666666666,0.5,0.3333333333333333,True
35543868,2023,1.0,0.0,0.0,True
35544033,2022,1.0,0.0,0.0,True
35544191,2022,1.0,0.0,0.0,True
35544408,2022,1.0,0.0,0.0,True
35544531,2022,1.0,0.0,0.0,True
35544996,2022,0.5,0.0,0.5,True
35545036,2022,0.25,0.0,0.75,True
35545047,2022,0.25,0.0,0.75,True
35545050,2022,0.0,0.6666666666666666,0.3333333333333333,True
35545668,2022,0.0,1.0,0.0,True
35545680,2022,1.0,0.0,0.0,True
35546234,2022,1.0,0.0,0.0,True
35546478,2022,0.5,0.0,0.5,True
35546886,2022,0.0,0.0,0.0,True
35547250,2022,0.6666666666666666,0.0,0.3333333333333333,True
35547845,2022,0.0,0.0,0.0,True
35547849,2022,0.3333333333333333,0.0,0.6666666666666666,True
35548327,2021,1.0,0.0,0.0,True
35548680,2022,0.2857142857142857,0.0,0.7142857142857143,True
35549618,2022,1.0,0.0,0.0,True
35550189,2022,0.2,0.4,0.4,True
35550379,2022,1.0,0.0,0.0,True
35550463,2022,0.6666666666666666,0.0,0.3333333333333333,True
35550663,2022,1.0,0.0,0.0,True
35550909,2022,0.25,0.0,0.75,True
35551291,2022,0.6666666666666666,0.0,0.3333333333333333,True
35551307,2022,1.0,0.0,0.0,True
35551368,2022,0.2,0.4,0.4,True
35552010,2022,1.0,0.0,0.0,True
35554533,2022,1.0,0.0,0.0,True
35559614,2022,0.0,0.0,0.0,True
35559931,2023,0.0,1.0,0.0,True
35560026,2022,0.0,0.0,1.0,True
35561186,2022,0.5,0.0,0.5,True
35562354,2022,0.0,0.75,0.25,True
35562811,2022,0.14285714285714285,0.14285714285714285,0.7142857142857143,True
35562955,2022,0.0,1.0,0.0,True
35563467,2022,0.2,0.6,0.2,True
35563566,2022,0.5,0.0,0.5,True
35563684,2022,0.25,0.0,0.75,True
35563754,2022,0.75,0.0,0.25,True
35565470,2022,0.0,0.0,1.0,True
35567646,2023,1.0,0.0,0.0,True
35568025,2022,0.5,0.0,0.5,True
35568028,2022,0.16666666666666666,0.5,0.3333333333333333,True
35568049,2022,0.5,0.25,0.25,True
35568118,2022,0.0,1.0,0.0,True
35568191,2022,0.5,0.5,0.0,True
35568252,2022,0.5,0.0,0.5,True
35568254,2022,0.0,0.6666666666666666,0.3333333333333333,True
35568532,2022,0.0,0.0,1.0,True
35570149,2023,1.0,0.0,0.0,True
35570651,2023,1.0,0.0,0.0,True
35571987,2022,0.0,0.0,0.0,True
35572122,2022,1.0,0.0,0.0,True
35572547,2022,0.3333333333333333,0.6666666666666666,0.0,True
35572558,2022,0.5,0.0,0.5,True
35574362,2022,0.2,0.2,0.6,True
35574456,2022,0.0,0.0,1.0,True
35575034,2022,0.5,0.5,0.0,True
35575082,2022,0.0,1.0,0.0,True
35575097,2022,0.2,0.8,0.0,True
35575389,2022,1.0,0.0,0.0,True
35575473,2022,0.16666666666666666,0.3333333333333333,0.5,True
35575955,2022,1.0,0.0,0.0,True
35576339,2022,1.0,0.0,0.0,True
35576468,2022,0.8333333333333334,0.0,0.16666666666666666,True
35576529,2022,1.0,0.0,0.0,True
35576972,2022,0.0,0.75,0.25,True
35577901,2023,1.0,0.0,0.0,True
35578388,2023,0.75,0.0,0.25,True
35579236,2022,1.0,0.0,0.0,True
35579509,2023,0.75,0.0,0.25,True
35579602,2022,0.14285714285714285,0.42857142857142855,0.42857142857142855,True
35579950,2022,1.0,0.0,0.0,True
35579953,2022,0.25,0.5,0.25,True
35579976,2022,1.0,0.0,0.0,True
35580040,2022,0.6666666666666666,0.0,0.3333333333333333,True
35580045,2022,0.0,0.0,1.0,True
35580054,2022,0.0,0.0,1.0,True
35580182,2022,0.25,0.5,0.25,True
35580205,2022,1.0,0.0,0.0,True
35580243,2022,1.0,0.0,0.0,True
35580588,2022,0.3333333333333333,0.6666666666666666,0.0,True
35580815,2022,0.0,0.0,1.0,True
35580853,2023,1.0,0.0,0.0,True
35583107,2022,0.0,0.5,0.5,True
35583137,2022,1.0,0.0,0.0,True
35583138,2022,1.0,0.0,0.0,True
35583697,2022,1.0,0.0,0.0,True
35584006,2022,1.0,0.0,0.0,True
35584117,2022,0.0,0.6666666666666666,0.3333333333333333,True
35584788,2023,0.0,0.6666666666666666,0.3333333333333333,True
35585300,2022,0.25,0.0,0.75,True
35585550,2022,1.0,0.0,0.0,True
35585985,2022,0.5,0.0,0.5,True
35586187,2022,0.25,0.25,0.5,True
35586249,2022,0.0,0.4,0.6,True
35586528,2022,1.0,0.0,0.0,True
35587341,2022,1.0,0.0,0.0,True
35587511,2022,0.5,0.0,0.5,True
35587797,2022,0.0,0.0,1.0,True
35588060,2022,0.25,0.25,0.5,True
35588128,2022,1.0,0.0,0.0,True
35589775,2022,0.3333333333333333,0.0,0.6666666666666666,True
35589938,2022,0.0,0.5,0.5,True
35590141,2022,1.0,0.0,0.0,True
35590255,2022,1.0,0.0,0.0,True
35591950,2022,0.0,0.0,0.0,True
35591999,2022,0.1111111111111111,0.4444444444444444,0.4444444444444444,True
35592434,2022,0.5,0.5,0.0,True
35592895,2023,1.0,0.0,0.0,True
35593385,2022,0.0,0.0,0.0,True
35594862,2022,0.0,0.3333333333333333,0.6666666666666666,True
35596270,2023,1.0,0.0,0.0,True
35597052,2022,1.0,0.0,0.0,True
35597871,2022,1.0,0.0,0.0,True
35597880,2022,0.0,0.0,1.0,True
35597982,2022,0.3333333333333333,0.0,0.6666666666666666,True
35598161,2022,0.0,0.6666666666666666,0.3333333333333333,True
35599495,2022,0.14285714285714285,0.42857142857142855,0.42857142857142855,True
35600119,2022,1.0,0.0,0.0,True
35600441,2022,0.5,0.0,0.5,True
35600934,2022,0.0,0.3333333333333333,0.6666666666666666,True
35601220,2022,1.0,0.0,0.0,True
35601968,2022,1.0,0.0,0.0,True
35602479,2022,0.1,0.3,0.6,True
35602553,2022,0.1111111111111111,0.3333333333333333,0.5555555555555556,True
35602653,2022,0.4,0.2,0.4,True
35602934,2022,0.14285714285714285,0.42857142857142855,0.42857142857142855,True
35603503,2022,1.0,0.0,0.0,True
35603600,2022,1.0,0.0,0.0,True
35603621,2022,1.0,0.0,0.0,True
35603841,2022,1.0,0.0,0.0,True
35603848,2022,1.0,0.0,0.0,True
35604551,2022,0.0,0.0,0.0,True
35604552,2022,0.0,0.0,1.0,True
35604556,2022,0.0,0.0,0.0,True
35604875,2022,1.0,0.0,0.0,True
35605121,2022,0.0,0.0,1.0,True
35605126,2022,0.0,0.5,0.5,True
35605184,2022,0.25,0.5,0.25,True
35605238,2022,0.6666666666666666,0.0,0.3333333333333333,True
35606166,2022,1.0,0.0,0.0,True
35606197,2022,1.0,0.0,0.0,True
35606495,2022,1.0,0.0,0.0,True
35606814,2022,1.0,0.0,0.0,True
35606923,2022,0.0,0.8,0.2,True
35607354,2022,0.0,0.0,0.0,True
35607409,2022,0.5,0.0,0.5,True
35607978,2022,0.0,0.5,0.5,True
35608110,2022,1.0,0.0,0.0,True
35608113,2022,1.0,0.0,0.0,True
35608336,2022,0.25,0.0,0.75,True
35608899,2022,0.0,0.4,0.6,True
35609088,2022,0.3333333333333333,0.3333333333333333,0.3333333333333333,True
35609150,2022,0.0,0.0,0.0,True
35609418,2022,0.0,0.6666666666666666,0.3333333333333333,True
35609565,2022,1.0,0.0,0.0,True
35609672,2022,0.3333333333333333,0.0,0.6666666666666666,True
35609986,2022,0.0,0.0,1.0,True
35610202,2022,1.0,0.0,0.0,False
35611336,2022,0.16666666666666666,0.0,0.8333333333333334,True
35611338,2022,0.2,0.0,0.8,True
35611837,2022,0.5,0.0,0.5,True
35613279,2022,0.3333333333333333,0.6666666666666666,0.0,True
35613517,2022,1.0,0.0,0.0,True
35613580,2022,0.25,0.0,0.75,True
35613930,2022,1.0,0.0,0.0,True
35614099,2022,1.0,0.0,0.0,True
35614362,2022,0.2222222222222222,0.2222222222222222,0.5555555555555556,True
35615005,2022,0.2,0.0,0.8,True
35615021,2022,0.0,0.0,1.0,True
35617021,2022,0.0,0.4,0.6,True
35617254,2022,0.16666666666666666,0.0,0.8333333333333334,True
35617367,2022,0.25,0.75,0.0,True
35617672,2022,0.0,0.0,1.0,True
35617919,2022,0.0,0.0,1.0,True
35617976,2022,0.6666666666666666,0.0,0.3333333333333333,True
35618095,2022,1.0,0.0,0.0,True
35618222,2022,1.0,0.0,0.0,True
35618479,2022,1.0,0.0,0.0,True
35618711,2022,0.125,0.75,0.125,True
35619114,2022,1.0,0.0,0.0,True
35619830,2022,0.0,1.0,0.0,True
35620221,2022,1.0,0.0,0.0,True
35620936,2024,1.0,0.0,0.0,True
35621196,2022,0.5,0.0,0.5,True
35621220,2022,1.0,0.0,0.0,True
35622390,2022,1.0,0.0,0.0,True
35622670,2022,0.0,0.5,0.5,True
35622896,2022,0.6666666666666666,0.0,0.3333333333333333,True
35623021,2022,1.0,0.0,0.0,True
35623721,2022,1.0,0.0,0.0,True
35626005,2022,0.0,1.0,0.0,True
35626036,2022,1.0,0.0,0.0,True
35626219,2022,0.0,0.0,1.0,True
35627201,2022,1.0,0.0,0.0,True
35627310,2022,1.0,0.0,0.0,True
35628231,2022,0.0,0.0,1.0,True
35628290,2022,0.0,0.6666666666666666,0.3333333333333333,True
35628521,2022,0.0,0.5,0.5,True
35631423,2022,0.3333333333333333,0.3333333333333333,0.3333333333333333,True
35631536,2022,0.0,0.3333333333333333,0.6666666666666666,True
35632392,2022,0.3333333333333333,0.0,0.6666666666666666,True
35632764,2022,0.3333333333333333,0.0,0.6666666666666666,True
35633863,2022,1.0,0.0,0.0,True
35634782,2022,0.0,0.0,0.0,True
35635577,2022,0.3333333333333333,0.3333333333333333,0.3333333333333333,True
35635723,2022,0.0,0.0,1.0,True
35635730,2022,0.3333333333333333,0.0,0.6666666666666666,True
35636708,2022,0.0,1.0,0.0,True
35637272,2022,1.0,0.0,0.0,True
35637788,2022,0.16666666666666666,0.0,0.8333333333333334,True
35638784,2022,0.16666666666666666,0.0,0.8333333333333334,True
35638897,2022,0.0,0.0,0.0,True
35639382,2022,1.0,0.0,0.0,True
35639484,2022,0.3333333333333333,0.0,0.6666666666666666,True
35639694,2022,0.5,0.0,0.5,True
35639772,2022,0.0,0.0,1.0,True
35639875,2023,0.6666666666666666,0.0,0.3333333333333333,True
35639929,2022,0.3333333333333333,0.6666666666666666,0.0,True
35639960,2022,0.0,1.0,0.0,True
35640474,2022,1.0,0.0,0.0,True
35640906,2022,1.0,0.0,0.0,True
35640978,2022,0.0,0.0,0.0,True
35640980,2022,0.4,0.0,0.6,True
35641516,2022,0.25,0.0,0.75,True
35641787,2022,1.0,0.0,0.0,True
35642317,2022,1.0,0.0,0.0,True
35642503,2022,1.0,0.0,0.0,True
35642516,2022,1.0,0.0,0.0,True
35642544,2022,0.0,0.5,0.5,True
35643189,2022,0.0,0.0,0.0,True
35643313,2022,0.25,0.0,0.75,True
35644465,2022,0.0,1.0,0.0,True
35645289,2022,1.0,0.0,0.0,True
35645763,2022,0.0,0.4,0.6,True
35646522,2022,0.0,1.0,0.0,True
35647400,2021,0.0,0.0,0.0,True
35648421,2022,1.0,0.0,0.0,True
35648703,2022,1.0,0.0,0.0,True
35648838,2022,0.5,0.0,0.5,True
35649365,2022,0.0,0.5,0.5,True
35649412,2022,0.6666666666666666,0.0,0.3333333333333333,True
35649416,2022,0.25,0.0,0.75,True
35650265,2022,0.0,0.6666666666666666,0.3333333333333333,True
35650549,2022,1.0,0.0,0.0,True
35651316,2022,0.5,0.0,0.5,True
35651694,2022,0.0,1.0,0.0,True
35651754,2022,0.0,0.5,0.5,True
35651829,2022,0.25,0.75,0.0,True
35651993,2022,1.0,0.0,0.0,True
35652341,2022,1.0,0.0,0.0,True
35652342,2022,0.8,0.0,0.2,True
35652602,2023,1.0,0.0,0.0,True
35653117,2022,1.0,0.0,0.0,True
35653196,2022,0.25,0.5,0.25,True
35653263,2022,0.5,0.0,0.5,True
35653550,2022,0.0,0.6666666666666666,0.3333333333333333,True
35653572,2022,0.0,0.0,1.0,True
35653592,2022,1.0,0.0,0.0,True
35654594,2022,1.0,0.0,0.0,True
35654604,2022,0.0,1.0,0.0,True
35655096,2023,0.0,0.75,0.25,True
35655316,2022,1.0,0.0,0.0,True
35657343,2022,1.0,0.0,0.0,True
35657352,2022,0.2,0.4,0.4,True
35657633,2022,0.0,0.0,1.0,True
35657990,2022,1.0,0.0,0.0,True
35658476,2022,0.4,0.4,0.2,True
35658513,2022,1.0,0.0,0.0,True
35659261,2022,0.0,0.6666666666666666,0.3333333333333333,True
35659933,2022,1.0,0.0,0.0,True
35660203,2022,0.25,0.75,0.0,True
35660417,2022,1.0,0.0,0.0,True
35660921,2022,0.3333333333333333,0.0,0.6666666666666666,True
35662215,2022,1.0,0.0,0.0,True
35662803,2022,0.5,0.25,0.25,True
35664992,2022,0.75,0.0,0.25,True
35664994,2022,0.0,0.0,0.0,True
35665018,2022,0.16666666666666666,0.16666666666666666,0.6666666666666666,True
35665242,2022,0.6,0.4,0.0,True
35665247,2022,0.3333333333333333,0.0,0.6666666666666666,True
35666174,2022,1.0,0.0,0.0,True
35666232,2022,0.0,0.0,1.0,True
35666530,2022,0.3333333333333333,0.0,0.6666666666666666,True
35666575,2023,1.0,0.0,0.0,True
35667088,2022,0.0,0.0,1.0,True
35667630,2022,0.25,0.5,0.25,True
35667772,2022,1.0,0.0,0.0,True
35668168,2022,1.0,0.0,0.0,True
35668307,2022,1.0,0.0,0.0,True
35668497,2022,1.0,0.0,0.0,True
35669519,2022,0.0,0.5,0.5,True
35670495,2022,0.0,1.0,0.0,True
35670560,2022,0.0,0.0,1.0,True
35670811,2022,0.5,0.0,0.5,True
35671392,2022,1.0,0.0,0.0,True
35672144,2023,1.0,0.0,0.0,True
35672316,2022,0.0,0.6666666666666666,0.3333333333333333,True
35672978,2022,0.0,0.0,0.0,True
35672982,2022,0.0,0.0,0.0,True
35674284,2022,1.0,0.0,0.0,True
35674431,2022,0.2,0.0,0.8,True
35674698,2022,1.0,0.0,0.0,True
35675101,2022,0.0,0.0,1.0,True
35675401,2022,0.0,0.0,1.0,True
35675429,2022,0.16666666666666666,0.6666666666666666,0.16666666666666666,True
35675615,2022,1.0,0.0,0.0,True
35676274,2022,0.0,1.0,0.0,True
35676488,2022,0.0,0.6666666666666666,0.3333333333333333,True
35676754,2022,0.8333333333333334,0.0,0.16666666666666666,True
35677875,2022,0.0,0.0,0.0,True
35678016,2022,1.0,0.0,0.0,True
35678263,2022,1.0,0.0,0.0,True
35678331,2022,1.0,0.0,0.0,True
35679059,2022,0.5,0.0,0.5,True
35679259,2022,0.5,0.0,0.5,True
35679294,2022,0.5,0.5,0.0,True
35679343,2022,0.16666666666666666,0.5,0.3333333333333333,True
35679405,2022,0.2,0.2,0.6,True
35679801,2022,1.0,0.0,0.0,True
35679869,2022,0.0,0.5,0.5,True
35680534,2022,1.0,0.0,0.0,True
35680862,2022,0.5,0.0,0.5,True
35681205,2022,1.0,0.0,0.0,True
35681455,2022,0.5,0.0,0.5,True
35681624,2022,0.2,0.0,0.8,True
35681947,2022,1.0,0.0,0.0,True
35682102,2022,1.0,0.0,0.0,True
35682264,2022,1.0,0.0,0.0,True
35682759,2022,0.0,1.0,0.0,True
35684039,2022,1.0,0.0,0.0,True
35684987,2023,1.0,0.0,0.0,True
35685280,2022,0.3333333333333333,0.6666666666666666,0.0,True
35686564,2023,0.75,0.0,0.25,True
35687212,2023,0.5,0.0,0.5,True
35687490,2022,1.0,0.0,0.0,True
35687680,2022,0.0,0.3333333333333333,0.6666666666666666,True
35687698,2022,0.0,0.0,1.0,True
35687881,2022,0.2,0.6,0.2,True
35688173,2022,1.0,0.0,0.0,True
35688289,2022,0.0,0.5,0.5,True
35688316,2022,1.0,0.0,0.0,True
35688481,2022,1.0,0.0,0.0,True
35688626,2022,1.0,0.0,0.0,True
35688891,2022,0.6,0.4,0.0,True
35689632,2022,1.0,0.0,0.0,True
35690058,2022,0.0,0.0,0.0,True
35690929,2022,1.0,0.0,0.0,True
35690958,2022,1.0,0.0,0.0,False
35690966,2022,1.0,0.0,0.0,True
35692046,2022,0.6666666666666666,0.0,0.3333333333333333,True
35692456,2022,0.5,0.5,0.0,True
35693807,2022,0.5,0.0,0.5,True
35694213,2022,0.3333333333333333,0.0,0.6666666666666666,True
35694269,2022,0.0,0.3333333333333333,0.6666666666666666,True
35694350,2022,0.3333333333333333,0.3333333333333333,0.3333333333333333,True
35694445,2021,1.0,0.0,0.0,True
35694561,2022,0.5,0.0,0.5,True
35694931,2022,1.0,0.0,0.0,True
35695870,2022,1.0,0.0,0.0,True
35696182,2022,1.0,0.0,0.0,True
35696333,2022,0.0,0.0,0.0,True
35696646,2022,0.3333333333333333,0.0,0.6666666666666666,True
35697532,2022,1.0,0.0,0.0,True
35697648,2023,1.0,0.0,0.0,True
35697668,2022,0.4,0.4,0.2,True
35697682,2022,1.0,0.0,0.0,True
35697829,2022,1.0,0.0,0.0,True
35697842,2022,1.0,0.0,0.0,True
35698232,2022,0.25,0.0,0.75,True
35698854,2022,1.0,0.0,0.0,True
35699190,2022,1.0,0.0,0.0,True
35699209,2022,1.0,0.0,0.0,True
35699443,2022,0.25,0.75,0.0,True
35699495,2022,1.0,0.0,0.0,True
35700037,2022,0.5,0.0,0.5,True
35700042,2022,0.0,0.4,0.6,True
35700419,2022,0.4,0.0,0.6,True
35700704,2022,1.0,0.0,0.0,True
35700771,2022,0.25,0.0,0.75,True
35701404,2022,1.0,0.0,0.0,True
35701440,2022,1.0,0.0,0.0,True
35701489,2022,1.0,0.0,0.0,True
35702154,2022,0.0,0.0,1.0,True
35702394,2022,0.5,0.0,0.5,True
35702502,2022,1.0,0.0,0.0,True
35702604,2022,1.0,0.0,0.0,True
35703323,2022,0.5,0.0,0.5,True
35704588,2022,0.0,0.25,0.75,True
35704758,2022,0.2,0.0,0.8,True
35705177,2022,0.6666666666666666,0.0,0.3333333333333333,True
35705636,2022,0.25,0.0,0.75,True
35705933,2022,1.0,0.0,0.0,True
35706427,2022,0.0,0.5,0.5,True
35707543,2022,0.25,0.0,0.75,True
35708626,2022,0.75,0.0,0.25,True
35708663,2022,0.0,0.75,0.25,True
35708913,2022,0.5,0.0,0.5,True
35708944,2022,0.2222222222222222,0.1111111111111111,0.6666666666666666,True
35709010,2023,0.3333333333333333,0.6666666666666666,0.0,True
35709309,2022,0.0,0.5,0.5,True
35709811,2022,0.5714285714285714,0.0,0.42857142857142855,True
35710508,2022,0.0,1.0,0.0,True
35712076,2022,0.3333333333333333,0.0,0.6666666666666666,True
35712668,2022,0.1,0.2,0.7,True
35712788,2022,0.0,0.0,1.0,True
35713309,2022,1.0,0.0,0.0,True
35713360,2022,0.2,0.4,0.4,True
35713523,2022,0.25,0.5,0.25,True
35713987,2022,0.0,0.0,0.0,False
35714180,2022,0.0,0.0,1.0,True
35714307,2022,0.375,0.25,0.375,True
35714364,2022,0.2,0.6,0.2,True
35715418,2022,0.0,0.6666666666666666,0.3333333333333333,True
35716026,2022,1.0,0.0,0.0,True
35716054,2022,0.5,0.0,0.5,True
35716653,2022,1.0,0.0,0.0,True
35716955,2022,1.0,0.0,0.0,True
35716965,2022,0.3333333333333333,0.0,0.6666666666666666,True
35717762,2022,0.0,0.5,0.5,True
35717994,2022,1.0,0.0,0.0,True
35719728,2022,0.0,0.5,0.5,True
35720098,2022,1.0,0.0,0.0,True
35720288,2022,1.0,0.0,0.0,True
35721211,2022,0.16666666666666666,0.3333333333333333,0.5,True
35721718,2022,0.5,0.0,0.5,True
35723065,2022,0.25,0.5,0.25,True
35723626,2022,0.25,0.0,0.75,True
35724639,2022,1.0,0.0,0.0,True
35725026,2023,1.0,0.0,0.0,True
35725425,2022,0.6,0.4,0.0,True
35725582,2022,1.0,0.0,0.0,True
35726573,2022,0.0,0.6666666666666666,0.3333333333333333,True
35726641,2023,1.0,0.0,0.0,True
35727023,2022,1.0,0.0,0.0,True
35727067,2022,0.6666666666666666,0.0,0.3333333333333333,True
35727629,2022,0.5,0.0,0.5,True
35727825,2022,0.3333333333333333,0.0,0.6666666666666666,True
35727842,2022,0.25,0.5,0.25,True
35727974,2022,0.0,0.5,0.5,True
35727979,2022,0.3333333333333333,0.0,0.6666666666666666,True
35728680,2022,1.0,0.0,0.0,True
35729184,2022,0.6666666666666666,0.0,0.3333333333333333,True
35729272,2022,1.0,0.0,0.0,True
35730316,2022,0.0,1.0,0.0,True
35730393,2022,1.0,0.0,0.0,True
35730989,2022,1.0,0.0,0.0,True
35731130,2022,0.25,0.5,0.25,True
35731645,2022,0.4,0.6,0.0,True
35731800,2022,0.0,0.6666666666666666,0.3333333333333333,True
35731869,2022,0.5,0.0,0.5,True
35732186,2022,0.5,0.0,0.5,True
35732578,2022,0.2,0.4,0.4,True
35732692,2023,0.5,0.5,0.0,False
35732734,2022,0.0,0.3333333333333333,0.6666666666666666,True
35732735,2022,0.5,0.0,0.5,True
35733234,2022,0.3333333333333333,0.0,0.6666666666666666,True
35733248,2022,0.0,0.3333333333333333,0.6666666666666666,True
35734093,2022,0.6666666666666666,0.0,0.3333333333333333,True
35736127,2022,0.0,0.3333333333333333,0.6666666666666666,True
35736210,2022,0.0,0.0,1.0,True
35736212,2022,1.0,0.0,0.0,True
35736240,2022,0.0,0.3333333333333333,0.6666666666666666,True
35736810,2022,0.3333333333333333,0.6666666666666666,0.0,True
35737460,2022,0.5,0.0,0.5,True
35737845,2022,0.0,0.6,0.4,True
35738745,2022,1.0,0.0,0.0,True
35739508,2022,0.2,0.4,0.4,True
35740345,2022,0.0,0.0,0.0,True
35740680,2022,0.0,0.0,1.0,True
35740711,2022,1.0,0.0,0.0,True
35741034,2022,0.3333333333333333,0.6666666666666666,0.0,True
35741134,2022,0.5,0.0,0.5,True
35741248,2022,0.6,0.2,0.2,True
35741252,2022,0.0,0.3333333333333333,0.6666666666666666,True
35741698,2022,1.0,0.0,0.0,True
35743186,2022,0.0,1.0,0.0,True
35743192,2022,0.0,1.0,0.0,True
35743793,2022,0.0,1.0,0.0,True
35744754,2022,0.5,0.0,0.5,True
35745234,2022,0.5,0.5,0.0,True
35745751,2022,0.0,0.0,1.0,True
35746716,2022,0.5,0.0,0.5,True
35746785,2022,1.0,0.0,0.0,True
35746792,2022,0.0,0.5714285714285714,0.42857142857142855,True
35747540,2022,1.0,0.0,0.0,True
35747850,2022,1.0,0.0,0.0,True
35748669,2022,1.0,0.0,0.0,True
35748872,2022,0.5,0.0,0.5,True
35748970,2022,1.0,0.0,0.0,True
35749057,2023,0.0,0.6,0.4,True
35749129,2022,1.0,0.0,0.0,True
35749347,2022,1.0,0.0,0.0,True
35749366,2022,0.0,0.4,0.6,True
35749867,2022,1.0,0.0,0.0,True
35750337,2022,0.0,0.25,0.75,True
35750958,2022,1.0,0.0,0.0,True
35751457,2022,0.5,0.0,0.5,True
35751643,2022,0.5,0.0,0.5,True
35752065,2022,0.0,0.0,0.0,True
35752273,2022,0.0,1.0,0.0,True
35753044,2022,0.6666666666666666,0.0,0.3333333333333333,True
35753962,2022,0.0,0.6666666666666666,0.3333333333333333,True
35754026,2022,0.3333333333333333,0.6666666666666666,0.0,True
35754433,2022,1.0,0.0,0.0,True
35754929,2022,1.0,0.0,0.0,True
35755836,2022,0.3333333333333333,0.6666666666666666,0.0,True
35756372,2022,0.0,0.0,1.0,True
35757544,2022,0.6666666666666666,0.3333333333333333,0.0,True
35757676,2021,1.0,0.0,0.0,True
35757680,2021,0.7142857142857143,0.0,0.2857142857142857,True
35759030,2022,1.0,0.0,0.0,True
35759080,2022,0.5,0.0,0.5,True
35759167,2022,0.0,1.0,0.0,True
35759653,2022,0.3333333333333333,0.0,0.6666666666666666,True
35759728,2022,0.0,0.6666666666666666,0.3333333333333333,True
35759799,2022,0.0,0.0,1.0,True
35760068,2022,1.0,0.0,0.0,True
35760390,2022,0.25,0.75,0.0,True
35760456,2023,1.0,0.0,0.0,True
35760780,2022,0.0,0.0,1.0,True
35760872,2022,0.0,1.0,0.0,True
35761366,2022,0.0,0.0,1.0,True
35761820,2022,0.0,0.0,0.0,True
35762214,2022,0.3333333333333333,0.6666666666666666,0.0,True
35762821,2023,1.0,0.0,0.0,True
35763030,2022,1.0,0.0,0.0,True
35763520,2022,0.0,0.0,0.0,True
35764133,2022,1.0,0.0,0.0,True
35764364,2022,0.0,0.5,0.5,True
35764382,2022,0.0,0.3333333333333333,0.6666666666666666,True
35764396,2022,1.0,0.0,0.0,True
35764638,2022,0.3333333333333333,0.0,0.6666666666666666,True
35764659,2022,0.14285714285714285,0.42857142857142855,0.42857142857142855,True
35765577,2021,0.25,0.0,0.75,True
35766490,2022,0.16666666666666666,0.0,0.8333333333333334,True
35766891,2022,1.0,0.0,0.0,True
35767189,2022,0.0,1.0,0.0,True
35767224,2023,1.0,0.0,0.0,True
35767272,2023,0.3333333333333333,0.0,0.6666666666666666,True
35767314,2022,1.0,0.0,0.0,True
35767367,2022,0.0,0.5,0.5,True
35767652,2022,0.6666666666666666,0.0,0.3333333333333333,True
35767773,2022,1.0,0.0,0.0,True
35767897,2022,1.0,0.0,0.0,True
35767957,2022,0.0,0.5,0.5,True
35768512,2022,0.25,0.0,0.75,True
35768639,2022,1.0,0.0,0.0,True
35768848,2022,1.0,0.0,0.0,True
35770336,2023,0.0,1.0,0.0,True
35770681,2023,0.5,0.0,0.5,True
35771399,2022,1.0,0.0,0.0,True
35771767,2022,1.0,0.0,0.0,True
35771945,2022,1.0,0.0,0.0,True
35771980,2023,1.0,0.0,0.0,True
35771992,2022,0.5,0.0,0.5,True
35772650,2022,1.0,0.0,0.0,True
35772961,2022,0.25,0.75,0.0,True
35774328,2022,0.3333333333333333,0.0,0.6666666666666666,True
35774552,2022,0.5,0.5,0.0,True
35775227,2022,1.0,0.0,0.0,True
35775377,2022,0.3333333333333333,0.6666666666666666,0.0,True
35775482,2022,0.0,0.0,1.0,True
35775490,2022,0.5,0.0,0.5,True
35775814,2023,1.0,0.0,0.0,True
35776116,2022,0.125,0.375,0.5,True
35776531,2022,0.8,0.0,0.2,True
35776639,2022,0.0,0.5,0.5,True
35776651,2022,0.0,0.6666666666666666,0.3333333333333333,True
35776903,2022,1.0,0.0,0.0,True
35776908,2022,0.5,0.0,0.5,True
35777694,2022,0.0,0.0,1.0,True
35778389,2022,0.0,0.0,1.0,True
35778397,2022,0.0,0.0,1.0,True
35778410,2022,0.0,0.0,1.0,True
35778467,2022,0.0,1.0,0.0,True
35778600,2022,0.0,0.0,1.0,True
35779250,2023,1.0,0.0,0.0,True
35779511,2022,1.0,0.0,0.0,True
35779765,2022,0.0,0.0,1.0,True
35780660,2022,1.0,0.0,0.0,True
35780937,2022,1.0,0.0,0.0,True
35780974,2022,1.0,0.0,0.0,True
35781079,2022,1.0,0.0,0.0,True
35781796,2022,0.5,0.0,0.5,True
35781941,2022,1.0,0.0,0.0,True
35781969,2022,0.0,0.0,1.0,True
35782272,2022,0.75,0.0,0.25,True
35782611,2022,0.23076923076923078,0.15384615384615385,0.6153846153846154,True
35783089,2022,0.42857142857142855,0.0,0.5714285714285714,True
35783481,2022,1.0,0.0,0.0,True
35783486,2022,0.5,0.0,0.5,True
35783502,2022,0.5,0.0,0.5,True
35783539,2022,0.5,0.5,0.0,True
35784317,2022,0.0,0.6666666666666666,0.3333333333333333,True
35784346,2022,1.0,0.0,0.0,True
35784651,2022,0.0,0.0,0.0,True
35785669,2022,1.0,0.0,0.0,True
35786392,2022,0.6666666666666666,0.0,0.3333333333333333,True
35787049,2022,0.0,1.0,0.0,True
35787218,2022,0.3333333333333333,0.0,0.6666666666666666,True
35787257,2022,1.0,0.0,0.0,True
35787945,2022,0.0,1.0,0.0,True
35788185,2022,0.5,0.0,0.5,True
35788262,2022,0.5,0.0,0.5,True
35788586,2022,0.5,0.0,0.5,True
35788695,2022,0.0,0.5,0.5,True
35789323,2022,0.16666666666666666,0.5,0.3333333333333333,True
35790351,2022,0.0,0.0,0.0,True
35790659,2023,0.0,0.6666666666666666,0.3333333333333333,True
35790973,2022,0.5,0.0,0.5,True
35790999,2022,1.0,0.0,0.0,True
35791789,2023,1.0,0.0,0.0,True
35791896,2022,1.0,0.0,0.0,True
35792044,2023,1.0,0.0,0.0,True
35792158,2023,0.5,0.0,0.5,True
35792417,2022,1.0,0.0,0.0,True
35793088,2022,1.0,0.0,0.0,True
35793241,2022,0.6666666666666666,0.0,0.3333333333333333,True
35793348,2022,0.0,0.25,0.75,True
35793467,2022,0.5,0.0,0.5,True
35793866,2022,0.25,0.5,0.25,True
35793869,2022,0.3333333333333333,0.0,0.6666666666666666,True
35794012,2022,0.5,0.5,0.0,True
35794204,2022,1.0,0.0,0.0,True
35794238,2022,0.5,0.0,0.5,True
35794298,2024,1.0,0.0,0.0,True
35794873,2022,1.0,0.0,0.0,True
35795258,2022,1.0,0.0,0.0,True
35795482,2022,0.25,0.0,0.75,True
35796425,2022,0.0,0.75,0.25,True
35796841,2022,1.0,0.0,0.0,True
35797339,2022,0.0,0.5,0.5,True
35798233,2022,1.0,0.0,0.0,True
35798366,2022,0.25,0.5,0.25,True
35798558,2023,0.5,0.5,0.0,True
35799831,2022,0.125,0.375,0.5,True
35800887,2022,1.0,0.0,0.0,True
35801347,2022,0.2,0.6,0.2,True
35801699,2022,1.0,0.0,0.0,True
35801916,2022,0.3333333333333333,0.0,0.6666666666666666,True
35802683,2022,0.2,0.6,0.2,True
35804086,2022,0.5,0.0,0.5,True
35805029,2022,1.0,0.0,0.0,True
35809062,2022,0.0,0.0,1.0,True
35809642,2022,0.16666666666666666,0.16666666666666666,0.6666666666666666,True
35810449,2022,1.0,0.0,0.0,True
35811532,2022,1.0,0.0,0.0,True
35811576,2022,1.0,0.0,0.0,True
35811698,2022,0.5,0.0,0.5,True
35812097,2022,0.625,0.0,0.375,True
35812168,2022,1.0,0.0,0.0,True
35812431,2022,1.0,0.0,0.0,True
35813003,2022,0.25,0.25,0.5,True
35813121,2022,0.0,0.0,0.0,True
35813464,2022,0.16666666666666666,0.0,0.8333333333333334,True
35813470,2022,0.25,0.0,0.75,True
35813870,2022,1.0,0.0,0.0,True
35814244,2022,0.5,0.0,0.5,True
35815205,2022,0.0,0.3333333333333333,0.6666666666666666,True
35816042,2022,0.0,0.75,0.25,True
35816333,2022,1.0,0.0,0.0,True
35816374,2022,1.0,0.0,0.0,True
35816430,2022,0.5,0.0,0.5,True
35816444,2022,0.0,0.5,0.5,True
35816490,2022,0.2,0.6,0.2,True
35816900,2022,0.25,0.0,0.75,True
35816955,2022,1.0,0.0,0.0,True
35817072,2022,1.0,0.0,0.0,True
35817504,2022,0.0,0.0,1.0,True
35817563,2023,1.0,0.0,0.0,True
35819192,2022,0.0,0.5,0.5,True
35819449,2022,0.2,0.4,0.4,True
35819766,2022,0.0,0.6666666666666666,0.3333333333333333,True
35820496,2022,0.5,0.5,0.0,True
35821507,2022,1.0,0.0,0.0,True
35821638,2022,1.0,0.0,0.0,True
35822558,2022,0.125,0.25,0.625,True
35829618,2022,0.0,0.2,0.8,True
35829770,2022,1.0,0.0,0.0,True
35829986,2023,1.0,0.0,0.0,True
35830198,2022,1.0,0.0,0.0,True
35830476,2022,0.75,0.0,0.25,True
35830602,2022,0.0,0.0,1.0,True
35830799,2022,0.0,0.0,1.0,True
35830858,2022,0.3333333333333333,0.0,0.6666666666666666,True
35831291,2022,0.0,1.0,0.0,True
35831747,2022,0.0,1.0,0.0,True
35833684,2022,0.2,0.6,0.2,True
35833836,2023,1.0,0.0,0.0,True
35834008,2023,0.25,0.5,0.25,True
35834313,2022,1.0,0.0,0.0,True
35834335,2022,0.3333333333333333,0.6666666666666666,0.0,True
35834496,2022,0.5,0.0,0.5,True
35834586,2022,0.0,0.0,1.0,True
35834728,2022,1.0,0.0,0.0,True
35835062,2022,1.0,0.0,0.0,True
35835218,2022,0.0,0.0,1.0,True
35835555,2022,0.0,0.6,0.4,True
35835627,2022,1.0,0.0,0.0,True
35835866,2022,0.0,0.5,0.5,True
35835913,2022,0.5,0.0,0.5,True
35836279,2022,0.75,0.0,0.25,True
35838048,2022,1.0,0.0,0.0,True
35838051,2022,0.0,1.0,0.0,True
35838483,2023,0.25,0.0,0.75,True
35838947,2022,1.0,0.0,0.0,True
35839129,2022,1.0,0.0,0.0,True
35839449,2022,0.25,0.0,0.75,True
35839459,2022,0.0,0.6666666666666666,0.3333333333333333,True
35839466,2022,1.0,0.0,0.0,True
35840551,2022,0.0,0.42857142857142855,0.5714285714285714,True
35841324,2022,0.0,0.6666666666666666,0.3333333333333333,True
35841868,2022,0.5,0.0,0.5,True
35841885,2022,0.0,0.6666666666666666,0.3333333333333333,True
35841889,2022,0.5,0.0,0.5,True
35842107,2022,1.0,0.0,0.0,True
35842229,2022,0.4444444444444444,0.0,0.5555555555555556,True
35843134,2022,1.0,0.0,0.0,True
35843468,2023,0.75,0.0,0.25,True
35844027,2022,0.0,1.0,0.0,True
35844150,2023,0.0,0.75,0.25,True
35844575,2022,0.25,0.0,0.75,True
35844595,2022,0.2,0.0,0.8,True
35846379,2022,0.0,0.5,0.5,True
35846389,2022,1.0,0.0,0.0,True
35846634,2022,0.0,0.0,0.0,True
35847040,2022,1.0,0.0,0.0,True
35847548,2022,1.0,0.0,0.0,True
35848209,2022,1.0,0.0,0.0,True
35848510,2022,0.5,0.0,0.5,True
35849035,2023,1.0,0.0,0.0,True
35849058,2022,1.0,0.0,0.0,True
35849702,2023,1.0,0.0,0.0,True
35849818,2022,0.0,0.0,0.0,True
35850381,2022,1.0,0.0,0.0,True
35850413,2023,0.5,0.0,0.5,True
35851312,2022,0.3333333333333333,0.0,0.6666666666666666,True
35851328,2022,0.0,0.0,0.0,True
35851573,2022,0.0,1.0,0.0,True
35852491,2022,1.0,0.0,0.0,True
35852767,2022,1.0,0.0,0.0,True
35852863,2022,0.5,0.0,0.5,True
35852866,2022,0.5,0.0,0.5,True
35853250,2022,1.0,0.0,0.0,True
35853265,2022,0.0,0.0,1.0,True
35853852,2022,0.0,0.2,0.8,True
35853899,2022,0.125,0.125,0.75,True
35853922,2022,1.0,0.0,0.0,True
35854128,2022,0.0,0.0,1.0,True
35854274,2022,0.3333333333333333,0.6666666666666666,0.0,True
35855002,2022,0.5,0.25,0.25,True
35855304,2021,0.5,0.5,0.0,True
35855480,2022,0.8,0.2,0.0,True
35856240,2022,1.0,0.0,0.0,True
35856268,2022,0.5,0.5,0.0,True
35856334,2022,0.5,0.0,0.5,True
35856618,2022,0.25,0.5,0.25,True
35856889,2022,0.0,0.0,0.0,True
35857355,2022,0.2,0.4,0.4,True
35857439,2022,0.25,0.0,0.75,True
35857504,2022,0.0,0.25,0.75,True
35857536,2022,0.0,1.0,0.0,True
35857576,2023,0.5,0.0,0.5,True
35857584,2022,0.25,0.0,0.75,True
35857620,2022,0.0,0.5,0.5,True
35857633,2022,0.0,0.4,0.6,True
35857718,2022,0.0,0.0,1.0,True
35857754,2022,0.5,0.5,0.0,True
35857845,2022,0.0,0.0,1.0,True
35858329,2022,0.25,0.0,0.75,True
35858344,2022,0.3333333333333333,0.3333333333333333,0.3333333333333333,True
35858412,2022,1.0,0.0,0.0,True
35858577,2022,0.5,0.0,0.5,True
35858580,2022,0.4,0.0,0.6,True
35858733,2022,0.5,0.0,0.5,True
35858915,2022,0.0,0.4,0.6,True
35859187,2022,0.3333333333333333,0.0,0.6666666666666666,True
35860226,2022,0.0,1.0,0.0,True
35860292,2022,0.0,0.0,0.0,True
35860599,2022,0.09090909090909091,0.45454545454545453,0.45454545454545453,True
35860755,2022,0.5,0.0,0.5,True
35862190,2022,0.3333333333333333,0.0,0.6666666666666666,True
35862192,2022,1.0,0.0,0.0,True
35862971,2022,0.5,0.0,0.5,True
35863348,2022,0.125,0.5,0.375,True
35863434,2022,0.0,0.4,0.6,True
35863453,2022,1.0,0.0,0.0,True
35863822,2022,0.5,0.0,0.5,True
35864125,2022,1.0,0.0,0.0,True
35864848,2022,0.5,0.16666666666666666,0.3333333333333333,True
35865361,2022,0.3333333333333333,0.0,0.6666666666666666,True
35865736,2022,1.0,0.0,0.0,True
35866295,2022,0.5,0.0,0.5,True
35866426,2022,1.0,0.0,0.0,True
35866568,2022,0.3333333333333333,0.6666666666666666,0.0,True
35867070,2022,0.3333333333333333,0.0,0.6666666666666666,True
35867253,2022,0.0,0.0,1.0,True
35867709,2022,0.0,0.5,0.5,True
35867722,2022,0.2,0.4,0.4,True
35867758,2022,0.3333333333333333,0.0,0.6666666666666666,True
35867811,2022,0.5,0.0,0.5,True
35867854,2023,0.3333333333333333,0.0,0.6666666666666666,True
35867953,2022,1.0,0.0,0.0,True
35868182,2022,1.0,0.0,0.0,True
35868241,2022,0.0,0.6,0.4,True
35868306,2022,0.3333333333333333,0.0,0.6666666666666666,True
35868430,2023,1.0,0.0,0.0,True
35868524,2022,0.0,1.0,0.0,True
35868819,2022,1.0,0.0,0.0,True
35868845,2022,0.3333333333333333,0.6666666666666666,0.0,True
35868861,2022,0.0,1.0,0.0,True
35868984,2023,1.0,0.0,0.0,True
35870650,2022,0.3333333333333333,0.0,0.6666666666666666,True
35871075,2022,0.0,0.4,0.6,True
35871298,2022,0.25,0.25,0.5,True
35871337,2022,1.0,0.0,0.0,True
35872013,2022,0.0,1.0,0.0,True
35872070,2022,0.25,0.0,0.75,True
35872109,2022,1.0,0.0,0.0,True
35872590,2022,1.0,0.0,0.0,True
35873792,2022,0.0,0.5,0.5,True
35874167,2022,0.2222222222222222,0.0,0.7777777777777778,True
35874244,2022,0.0,0.4,0.6,True
35874919,2022,0.2857142857142857,0.0,0.7142857142857143,True
35875611,2022,0.5,0.0,0.5,True
35875671,2022,0.2857142857142857,0.14285714285714285,0.5714285714285714,True
35875691,2022,0.2857142857142857,0.14285714285714285,0.5714285714285714,True
35876076,2023,1.0,0.0,0.0,True
35876450,2022,1.0,0.0,0.0,True
35876604,2022,0.0,0.6666666666666666,0.3333333333333333,True
35876653,2022,1.0,0.0,0.0,True
35876814,2022,0.0,0.5,0.5,True
35877095,2022,1.0,0.0,0.0,True
35877206,2022,0.0,0.0,0.0,True
35877472,2022,0.2,0.4,0.4,True
35878018,2023,1.0,0.0,0.0,True
35878308,2022,0.0,0.0,0.0,True
35879191,2023,1.0,0.0,0.0,True
35879349,2022,0.25,0.75,0.0,True
35879818,2022,1.0,0.0,0.0,True
35880016,2022,0.0,0.0,1.0,True
35880119,2022,0.0,0.0,0.0,True
35880133,2022,0.3333333333333333,0.0,0.6666666666666666,True
35880319,2022,1.0,0.0,0.0,True
35881585,2022,1.0,0.0,0.0,True
35881802,2022,0.25,0.0,0.75,True
35881986,2022,1.0,0.0,0.0,True
35882235,2022,0.0,0.0,1.0,True
35882475,2023,1.0,0.0,0.0,True
35882502,2022,0.25,0.75,0.0,True
35886224,2022,1.0,0.0,0.0,True
35886906,2022,0.5,0.0,0.5,True
35887093,2022,0.0,0.6,0.4,True
35887176,2022,0.0,0.0,1.0,True
35891568,2022,0.5,0.0,0.5,True
35891619,2022,0.25,0.5,0.25,True
35893912,2022,1.0,0.0,0.0,True
35895287,2022,0.5,0.0,0.5,True
35895370,2022,0.6666666666666666,0.3333333333333333,0.0,True
35895513,2023,0.16666666666666666,0.3333333333333333,0.5,True
35895835,2022,0.5,0.0,0.5,True
35896424,2022,0.0,0.5,0.5,True
35896530,2022,1.0,0.0,0.0,True
35896750,2022,0.0,0.0,1.0,True
35896822,2022,0.6666666666666666,0.0,0.3333333333333333,True
35897732,2022,0.0,0.6,0.4,True
35898195,2022,1.0,0.0,0.0,True
35898609,2022,0.4,0.0,0.6,True
35898632,2022,1.0,0.0,0.0,True
35899067,2022,0.0,0.0,1.0,True
35899070,2022,0.3333333333333333,0.0,0.6666666666666666,True
35899108,2022,1.0,0.0,0.0,True
35900009,2022,0.5,0.0,0.5,True
35900159,2022,1.0,0.0,0.0,True
35900727,2022,0.5,0.0,0.5,True
35900868,2022,1.0,0.0,0.0,True
35901271,2022,0.0,1.0,0.0,True
35901516,2022,1.0,0.0,0.0,True
35901840,2022,1.0,0.0,0.0,True
35901985,2022,0.3333333333333333,0.6666666666666666,0.0,True
35902632,2022,0.3333333333333333,0.6666666666666666,0.0,True
35902648,2022,0.0,1.0,0.0,True
35902861,2022,1.0,0.0,0.0,True
35902885,2022,1.0,0.0,0.0,True
35903541,2022,0.0,0.0,0.0,True
35903735,2022,0.0,0.0,0.0,True
35903760,2022,0.0,0.0,1.0,True
35904184,2022,1.0,0.0,0.0,True
35904259,2022,0.0,0.0,1.0,True
35904569,2022,0.0,0.0,0.0,True
35904997,2022,0.2,0.4,0.4,True
35905124,2022,1.0,0.0,0.0,True
35905725,2022,0.16666666666666666,0.3333333333333333,0.5,True
35905738,2022,0.16666666666666666,0.3333333333333333,0.5,True
35906236,2022,0.0,0.5,0.5,True
35906358,2022,1.0,0.0,0.0,True
35906489,2022,0.0,1.0,0.0,True
35907368,2022,0.0,0.75,0.25,True
35907887,2022,0.0,1.0,0.0,True
35908024,2022,0.14285714285714285,0.14285714285714285,0.7142857142857143,True
35909228,2022,1.0,0.0,0.0,True
35910352,2022,0.0,0.0,0.0,True
35911760,2022,0.3333333333333333,0.0,0.6666666666666666,True
35913542,2023,1.0,0.0,0.0,True
35913761,2023,1.0,0.0,0.0,True
35913993,2022,0.0,0.3333333333333333,0.6666666666666666,True
35914129,2022,0.25,0.0,0.75,True
35914684,2022,0.5,0.0,0.5,True
35914689,2022,0.0,1.0,0.0,True
35914929,2022,0.0,0.0,1.0,True
35915169,2022,1.0,0.0,0.0,True
35915227,2022,0.0,0.8,0.2,True
35915229,2023,0.0,0.0,1.0,False
35915272,2022,0.14285714285714285,0.0,0.8571428571428571,True
35916400,2022,0.5,0.0,0.5,True
35916526,2022,0.4,0.4,0.2,True
35916740,2022,0.0,0.6666666666666666,0.3333333333333333,True
35917044,2023,0.0,0.75,0.25,True
35917514,2022,0.75,0.0,0.25,True
35917881,2022,0.0,1.0,0.0,True
35918315,2022,0.16666666666666666,0.5,0.3333333333333333,True
35918877,2022,1.0,0.0,0.0,True
35920141,2022,0.6666666666666666,0.0,0.3333333333333333,True
35920299,2022,0.0,0.5,0.5,True
35921329,2022,0.0,1.0,0.0,True
35921407,2022,0.25,0.75,0.0,True
35921414,2022,0.3333333333333333,0.0,0.6666666666666666,True
35921424,2022,0.5,0.0,0.5,True
35921449,2022,0.6666666666666666,0.3333333333333333,0.0,True
35921771,2022,1.0,0.0,0.0,True
35922549,2023,1.0,0.0,0.0,False
35922689,2022,0.3333333333333333,0.0,0.6666666666666666,True
35922793,2022,1.0,0.0,0.0,True
35923113,2022,1.0,0.0,0.0,True
35923690,2022,0.25,0.0,0.75,True
35923858,2022,0.0,0.0,1.0,True
35924876,2023,1.0,0.0,0.0,True
35924920,2022,0.2,0.6,0.2,True
35925037,2022,1.0,0.0,0.0,True
35925599,2022,1.0,0.0,0.0,True
35925717,2022,1.0,0.0,0.0,True
35926648,2022,1.0,0.0,0.0,True
35927326,2022,1.0,0.0,0.0,True
35927489,2022,0.5,0.0,0.5,True
35927953,2022,0.0,0.0,1.0,True
35927959,2022,0.0,0.0,1.0,True
35929764,2022,0.25,0.5,0.25,True
35929779,2022,1.0,0.0,0.0,True
35929834,2022,0.0,0.3333333333333333,0.6666666666666666,True
35930411,2022,0.0,0.0,0.0,True
35931049,2022,0.5,0.0,0.5,True
35931070,2022,0.0,0.0,1.0,True
35931720,2022,0.0,0.6666666666666666,0.3333333333333333,True
35932216,2022,1.0,0.0,0.0,True
35932220,2022,0.6666666666666666,0.0,0.3333333333333333,True
35932641,2022,0.0,0.75,0.25,True
35932817,2022,0.0,1.0,0.0,True
35932909,2022,0.25,0.0,0.75,True
35933885,2022,1.0,0.0,0.0,True
35934056,2023,0.5,0.0,0.5,True
35935266,2021,0.25,0.25,0.5,True
35935779,2022,0.6666666666666666,0.0,0.3333333333333333,True
35935978,2022,0.0,0.6666666666666666,0.3333333333333333,True
35935984,2022,0.0,0.5,0.5,True
35936462,2022,0.0,0.25,0.75,True
35936917,2022,0.125,0.375,0.5,True
35936973,2022,0.0,0.0,0.0,True
35937545,2022,0.0,0.0,1.0,True
35937706,2022,0.0,0.0,0.0,True
35938073,2022,1.0,0.0,0.0,True
35938513,2023,0.5,0.0,0.5,True
35939696,2022,1.0,0.0,0.0,True
35939714,2022,0.14285714285714285,0.2857142857142857,0.5714285714285714,True
35939781,2022,1.0,0.0,0.0,True
35939810,2022,0.6666666666666666,0.0,0.3333333333333333,True
35939862,2022,0.5,0.0,0.5,True
35940477,2023,1.0,0.0,0.0,True
35940867,2022,0.6,0.4,0.0,True
35941149,2022,0.2,0.6,0.2,True
35941265,2022,0.5,0.0,0.5,True
35943488,2024,1.0,0.0,0.0,True
35943725,2022,0.0,0.0,1.0,True
35943854,2023,0.75,0.0,0.25,True
35944710,2022,1.0,0.0,0.0,True
35944754,2023,1.0,0.0,0.0,True
35945419,2022,0.3333333333333333,0.0,0.6666666666666666,True
35945463,2022,1.0,0.0,0.0,True
35945487,2022,0.6666666666666666,0.0,0.3333333333333333,True
35945902,2022,0.2,0.6,0.2,True
35946474,2022,1.0,0.0,0.0,True
35947366,2022,1.0,0.0,0.0,True
35947372,2022,1.0,0.0,0.0,True
35947396,2022,1.0,0.0,0.0,True
35947606,2022,0.25,0.0,0.75,True
35947673,2022,1.0,0.0,0.0,True
35947946,2022,0.0,1.0,0.0,True
35948881,2022,1.0,0.0,0.0,True
35951427,2022,0.25,0.5,0.25,True
35951700,2022,0.0,0.25,0.75,True
35952670,2022,0.25,0.5,0.25,True
35952840,2023,1.0,0.0,0.0,True
35953450,2023,0.5,0.0,0.5,True
35953545,2022,0.2,0.0,0.8,True
35954353,2022,0.25,0.25,0.5,True
35955060,2022,1.0,0.0,0.0,True
35955518,2022,0.0,1.0,0.0,True
35957524,2022,1.0,0.0,0.0,True
35958407,2022,0.3333333333333333,0.3333333333333333,0.3333333333333333,True
35958840,2022,1.0,0.0,0.0,True
35960613,2022,0.5,0.0,0.5,True
35960615,2022,0.0,1.0,0.0,True
35960629,2022,0.0,1.0,0.0,True
35960935,2022,0.5,0.5,0.0,True
35961004,2023,0.5,0.0,0.5,True
35961013,2022,0.0,0.0,1.0,True
35961028,2023,1.0,0.0,0.0,True
35961990,2022,0.0,0.4,0.6,True
35962067,2022,0.0,0.0,1.0,True
35962146,2022,0.3333333333333333,0.0,0.6666666666666666,True
35962188,2022,0.3333333333333333,0.6666666666666666,0.0,True
35964190,2022,1.0,0.0,0.0,True
35964611,2022,1.0,0.0,0.0,True
35965958,2022,0.25,0.5,0.25,True
35967115,2022,0.5,0.0,0.5,True
35967332,2022,0.0,1.0,0.0,True
35967429,2022,0.42857142857142855,0.42857142857142855,0.14285714285714285,True
35967922,2022,1.0,0.0,0.0,True
35967978,2022,0.16666666666666666,0.5,0.3333333333333333,True
35968626,2022,0.0,0.3333333333333333,0.6666666666666666,True
35969485,2022,0.0,1.0,0.0,True
35969518,2023,0.0,0.0,0.0,False
35969760,2022,0.0,0.2857142857142857,0.7142857142857143,True
35970564,2022,0.0,0.3333333333333333,0.6666666666666666,True
35972230,2022,0.5,0.0,0.5,True
35973038,2022,1.0,0.0,0.0,True
35973149,2022,0.75,0.0,0.25,True
35975669,2022,1.0,0.0,0.0,True
35975888,2023,1.0,0.0,0.0,True
35976058,2023,0.0,0.6666666666666666,0.3333333333333333,True
35976647,2022,1.0,0.0,0.0,True
35976721,2022,0.0,0.0,1.0,True
35976997,2022,0.25,0.5,0.25,True
35977382,2022,0.0,0.0,1.0,True
35977485,2022,0.0,0.0,1.0,True
35977542,2022,0.25,0.75,0.0,True
35977544,2022,0.0,0.6666666666666666,0.3333333333333333,True
35979957,2022,0.0,0.0,1.0,True
35980299,2022,0.5,0.5,0.0,True
35980386,2022,0.0,0.5,0.5,True
35980627,2022,0.0,0.0,0.0,True
35980678,2022,1.0,0.0,0.0,True
35980695,2022,1.0,0.0,0.0,True
35981704,2022,0.3333333333333333,0.0,0.6666666666666666,True
35981855,2023,0.3333333333333333,0.3333333333333333,0.3333333333333333,True
35981916,2022,1.0,0.0,0.0,True
35982068,2022,0.75,0.0,0.25,True
35982159,2022,1.0,0.0,0.0,True
35982307,2022,0.0,0.5,0.5,True
35982453,2022,0.25,0.5,0.25,True
35982658,2022,0.2,0.4,0.4,True
35982677,2022,0.0,0.75,0.25,True
35982683,2022,0.25,0.25,0.5,True
35982797,2022,0.0,0.0,1.0,True
35982947,2022,1.0,0.0,0.0,True
35983277,2022,0.14285714285714285,0.14285714285714285,0.7142857142857143,True
35984756,2022,0.0,0.0,1.0,True
35984878,2022,0.0,0.3333333333333333,0.6666666666666666,True
35984892,2022,0.0,1.0,0.0,True
35984990,2022,1.0,0.0,0.0,True
35985007,2022,0.0,0.8,0.2,True
35985823,2022,0.6666666666666666,0.0,0.3333333333333333,True
35985993,2022,0.2,0.0,0.8,True
35986149,2023,1.0,0.0,0.0,True
35986970,2022,0.0,0.0,1.0,True
35987349,2022,0.75,0.0,0.25,True
35987350,2023,0.5,0.0,0.5,True
35988140,2022,0.0,0.4,0.6,True
35988584,2022,0.0,0.0,0.0,True
35988658,2022,0.25,0.75,0.0,True
35989229,2022,0.25,0.0,0.75,True
35989308,2023,1.0,0.0,0.0,True
35990648,2022,1.0,0.0,0.0,True
35990703,2022,0.25,0.0,0.75,True
35991529,2022,0.75,0.0,0.25,True
35991901,2022,0.125,0.625,0.25,True
35993366,2022,0.5,0.5,0.0,True
35994156,2022,0.6666666666666666,0.0,0.3333333333333333,True
35994174,2023,0.8,0.2,0.0,True
35994313,2022,1.0,0.0,0.0,True
35994647,2022,0.16666666666666666,0.5,0.3333333333333333,True
35995266,2022,0.5,0.0,0.5,True
35996540,2022,0.25,0.75,0.0,True
35997251,2022,0.0,0.3333333333333333,0.6666666666666666,True
35997627,2022,0.25,0.75,0.0,True
35997703,2022,0.0,0.0,0.0,True
35997788,2023,0.5,0.0,0.5,True
35999087,2022,1.0,0.0,0.0,True
35999252,2022,1.0,0.0,0.0,True
36000422,2022,0.0,0.75,0.25,True
36000847,2022,0.16666666666666666,0.5,0.3333333333333333,True
36001316,2022,1.0,0.0,0.0,True
36001429,2022,1.0,0.0,0.0,True
36001803,2022,1.0,0.0,0.0,True
36001818,2022,0.5,0.0,0.5,True
36001971,2022,0.25,0.5,0.25,True
36002468,2022,1.0,0.0,0.0,True
36002845,2022,1.0,0.0,0.0,True
36004317,2022,0.6666666666666666,0.3333333333333333,0.0,True
36004627,2022,1.0,0.0,0.0,True
36006053,2022,1.0,0.0,0.0,True
36006708,2023,1.0,0.0,0.0,True
36007524,2022,0.2,0.4,0.4,True
36007554,2022,1.0,0.0,0.0,True
36008132,2023,1.0,0.0,0.0,True
36008415,2022,1.0,0.0,0.0,True
36009874,2022,1.0,0.0,0.0,True
36010880,2022,0.5,0.5,0.0,True
36011372,2022,0.3333333333333333,0.5,0.16666666666666666,True
36012335,2022,0.2,0.0,0.8,True
36012727,2022,0.0,0.5,0.5,True
36015221,2022,0.2,0.4,0.4,True
36017733,2022,0.2,0.4,0.4,True
36018325,2022,0.6666666666666666,0.3333333333333333,0.0,True
36018801,2022,0.0,0.6666666666666666,0.3333333333333333,True
36026515,2022,1.0,0.0,0.0,True
36027952,2023,1.0,0.0,0.0,True
36029183,2022,0.75,0.0,0.25,True
36029241,2022,0.5,0.5,0.0,True
36029517,2022,1.0,0.0,0.0,True
36029520,2022,1.0,0.0,0.0,True
36029718,2022,0.3333333333333333,0.6666666666666666,0.0,True
36030054,2022,0.6666666666666666,0.0,0.3333333333333333,True
36032219,2022,1.0,0.0,0.0,True
36033590,2022,1.0,0.0,0.0,True
36035793,2022,0.25,0.5,0.25,True
36036631,2022,0.25,0.0,0.75,True
36037023,2023,0.0,1.0,0.0,True
36037469,2022,0.6666666666666666,0.0,0.3333333333333333,True
36037472,2022,1.0,0.0,0.0,True
36038904,2022,0.3333333333333333,0.0,0.6666666666666666,True
36040304,2022,1.0,0.0,0.0,True
36040809,2022,0.25,0.75,0.0,True
36041172,2022,1.0,0.0,0.0,True
36041994,2022,1.0,0.0,0.0,True
36042309,2022,0.4,0.4,0.2,True
36042351,2022,0.0,0.6666666666666666,0.3333333333333333,True
36042976,2022,1.0,0.0,0.0,True
36043792,2023,0.25,0.0,0.75,True
36043862,2022,0.0,0.0,1.0,True
36044336,2022,0.25,0.0,0.75,True
36044344,2022,0.0,0.3333333333333333,0.6666666666666666,True
36044447,2022,0.2,0.0,0.8,True
36044550,2022,0.5,0.0,0.5,True
36045142,2022,1.0,0.0,0.0,True
36046236,2022,0.75,0.0,0.25,True
36046792,2022,0.25,0.75,0.0,True
36048425,2023,0.5,0.0,0.5,True
36049065,2022,0.2,0.4,0.4,True
36049119,2022,0.0,0.0,0.0,True
36049655,2022,0.3333333333333333,0.6666666666666666,0.0,True
36050300,2022,0.3333333333333333,0.0,0.6666666666666666,True
36050589,2023,1.0,0.0,0.0,True
36051614,2022,1.0,0.0,0.0,True
36051621,2022,0.0,0.0,1.0,True
36052127,2022,0.1111111111111111,0.4444444444444444,0.4444444444444444,True
36052609,2022,0.25,0.75,0.0,True
36052991,2022,0.2,0.6,0.2,True
36053951,2022,1.0,0.0,0.0,True
36054485,2022,0.0,0.8,0.2,True
36054490,2023,1.0,0.0,0.0,True
36054890,2022,1.0,0.0,0.0,True
36054985,2022,0.3333333333333333,0.6666666666666666,0.0,True
36055226,2022,0.0,0.6666666666666666,0.3333333333333333,True
36055599,2022,1.0,0.0,0.0,True
36056624,2022,1.0,0.0,0.0,True
36056625,2023,0.6666666666666666,0.0,0.3333333333333333,True
36058417,2022,0.0,1.0,0.0,True
36058548,2022,0.0,0.0,0.0,False
36059196,2022,0.0,0.0,1.0,True
36059532,2022,0.3333333333333333,0.3333333333333333,0.3333333333333333,True
36060076,2022,0.3333333333333333,0.0,0.6666666666666666,True
36060633,2022,0.0,0.0,0.0,True
36061260,2022,1.0,0.0,0.0,True
36062265,2022,1.0,0.0,0.0,True
36062564,2022,0.0,0.0,1.0,True
36062894,2022,1.0,0.0,0.0,True
36062913,2022,0.0,0.0,1.0,True
36062951,2022,1.0,0.0,0.0,True
36063727,2022,0.25,0.0,0.75,True
36063900,2022,0.0,1.0,0.0,True
36064424,2022,0.0,1.0,0.0,False
36064597,2022,0.0,0.5,0.5,True
36065186,2022,0.2,0.0,0.8,True
36065188,2022,0.2,0.0,0.8,True
36066741,2022,0.25,0.75,0.0,True
36066977,2022,1.0,0.0,0.0,True
36067314,2022,0.0,0.0,1.0,True
36068261,2022,0.0,0.0,0.0,True
36068285,2022,1.0,0.0,0.0,True
36068478,2022,1.0,0.0,0.0,True
36068634,2022,0.5,0.0,0.5,True
36069923,2022,0.0,0.6,0.4,True
36069964,2023,1.0,0.0,0.0,True
36070143,2022,1.0,0.0,0.0,True
36070417,2022,1.0,0.0,0.0,True
36070610,2022,1.0,0.0,0.0,True
36071058,2022,0.5,0.0,0.5,True
36071172,2022,1.0,0.0,0.0,True
36071616,2023,1.0,0.0,0.0,True
36072267,2022,1.0,0.0,0.0,True
36072945,2022,0.2,0.2,0.6,True
36074076,2022,0.0,0.0,0.0,True
36074904,2022,0.5,0.0,0.5,True
36075220,2022,0.25,0.0,0.75,True
36075891,2022,0.0,0.0,1.0,True
36075914,2022,0.3333333333333333,0.0,0.6666666666666666,True
36075929,2022,0.5,0.0,0.5,True
36075962,2022,0.3333333333333333,0.0,0.6666666666666666,True
36077335,2022,0.5,0.0,0.5,True
36077488,2022,0.25,0.75,0.0,True
36077665,2022,0.25,0.0,0.75,True
36078786,2022,0.8333333333333334,0.0,0.16666666666666666,True
36082967,2023,1.0,0.0,0.0,True
36083212,2022,1.0,0.0,0.0,True
36084405,2022,1.0,0.0,0.0,True
36084637,2022,1.0,0.0,0.0,True
36084801,2022,1.0,0.0,0.0,True
36085199,2022,1.0,0.0,0.0,True
36087840,2022,0.5,0.0,0.5,True
36088683,2022,0.3333333333333333,0.0,0.6666666666666666,True
36091040,2022,0.5,0.0,0.5,True
36092250,2022,0.23076923076923078,0.0,0.7692307692307693,True
36092260,2022,1.0,0.0,0.0,True
36092569,2022,0.0,0.0,0.0,True
36093038,2022,0.0,0.0,0.0,True
36093377,2022,0.25,0.5,0.25,True
36093576,2023,0.0,0.5,0.5,True
36093861,2022,1.0,0.0,0.0,True
36094106,2022,0.2,0.4,0.4,True
36094488,2022,0.3333333333333333,0.0,0.6666666666666666,True
36096344,2022,0.0,0.0,0.0,True
36099324,2023,0.3333333333333333,0.0,0.6666666666666666,True
36099881,2022,0.5,0.0,0.5,True
36100597,2022,0.0,0.6666666666666666,0.3333333333333333,True
36100689,2022,0.5,0.0,0.5,True
36101738,2022,1.0,0.0,0.0,True
36102311,2023,0.5,0.0,0.5,True
36102641,2022,0.0,1.0,0.0,True
36102902,2022,0.25,0.0,0.75,True
36102938,2022,1.0,0.0,0.0,True
36103153,2022,1.0,0.0,0.0,True
36103385,2023,1.0,0.0,0.0,True
36103448,2023,1.0,0.0,0.0,True
36103542,2022,0.5,0.0,0.5,True
36104281,2022,0.0,0.5,0.5,True
36104343,2022,0.14285714285714285,0.2857142857142857,0.5714285714285714,True
36104525,2023,0.6666666666666666,0.3333333333333333,0.0,True
36104774,2022,1.0,0.0,0.0,True
36105325,2022,0.0,0.3333333333333333,0.6666666666666666,True
36105746,2022,0.16666666666666666,0.6666666666666666,0.16666666666666666,True
36107309,2022,0.5,0.0,0.5,True
36107739,2022,0.0,1.0,0.0,True
36107788,2022,0.75,0.0,0.25,True
36107966,2022,1.0,0.0,0.0,True
36108341,2023,1.0,0.0,0.0,True
36110920,2022,0.0,0.6666666666666666,0.3333333333333333,True
36111172,2022,0.0,0.0,0.0,True
36111273,2022,0.5,0.25,0.25,True
36111275,2022,1.0,0.0,0.0,True
36111812,2022,0.0,1.0,0.0,True
36112363,2022,1.0,0.0,0.0,True
36112613,2022,0.25,0.5,0.25,True
36113023,2022,0.5,0.5,0.0,True
36113465,2022,0.5,0.0,0.5,True
36113532,2022,0.8571428571428571,0.0,0.14285714285714285,True
36114169,2022,0.3333333333333333,0.0,0.6666666666666666,True
36114420,2022,0.3333333333333333,0.0,0.6666666666666666,True
36114445,2022,0.5,0.0,0.5,True
36115013,2023,1.0,0.0,0.0,True
36115062,2022,0.5,0.0,0.5,True
36115133,2022,1.0,0.0,0.0,True
36115809,2022,1.0,0.0,0.0,True
36115831,2022,0.5,0.0,0.5,True
36115844,2022,1.0,0.0,0.0,True
36116037,2022,0.5,0.0,0.5,True
36116133,2022,0.0,0.3333333333333333,0.6666666666666666,True
36116509,2023,1.0,0.0,0.0,True
36119018,2022,0.5,0.0,0.5,True
36120506,2022,0.16666666666666666,0.16666666666666666,0.6666666666666666,True
36121258,2022,1.0,0.0,0.0,True
36122251,2022,0.3333333333333333,0.0,0.6666666666666666,True
36123420,2022,0.2,0.8,0.0,True
36123662,2022,1.0,0.0,0.0,True
36124322,2022,1.0,0.0,0.0,True
36125890,2022,0.0,0.5,0.5,True
36126024,2022,0.5,0.0,0.5,True
36126402,2022,1.0,0.0,0.0,True
36127124,2022,0.5,0.0,0.5,True
36127149,2022,1.0,0.0,0.0,True
36128909,2022,0.5,0.0,0.5,True
36129874,2022,0.0,0.8,0.2,True
36129996,2022,1.0,0.0,0.0,True
36129997,2022,1.0,0.0,0.0,True
36130203,2022,0.14285714285714285,0.42857142857142855,0.42857142857142855,True
36130209,2023,0.5,0.0,0.5,True
36130211,2023,1.0,0.0,0.0,True
36130486,2022,0.5,0.0,0.5,True
36130924,2022,0.0,0.5,0.5,True
36134959,2022,1.0,0.0,0.0,True
36135279,2022,0.2,0.0,0.8,True
36136056,2022,0.0,0.0,1.0,True
36136740,2022,0.0,0.0,0.0,True
36136759,2023,0.3333333333333333,0.0,0.6666666666666666,True
36137483,2022,0.0,0.0,1.0,True
36138043,2022,0.0,0.8,0.2,True
36138047,2022,0.3333333333333333,0.0,0.6666666666666666,True
36138431,2022,0.0,1.0,0.0,True
36139481,2022,0.25,0.0,0.75,True
36139489,2022,0.0,1.0,0.0,True
36142363,2022,0.6666666666666666,0.0,0.3333333333333333,True
36142581,2022,0.0,0.5,0.5,True
36145680,2022,0.5,0.5,0.0,True
36146784,2022,0.0,0.0,1.0,True
36146799,2022,0.25,0.5,0.25,True
36147950,2022,0.0,0.0,1.0,True
36149265,2023,1.0,0.0,0.0,True
36149413,2022,1.0,0.0,0.0,True
36150180,2022,0.25,0.5,0.25,True
36150479,2022,1.0,0.0,0.0,True
36151566,2022,0.14285714285714285,0.2857142857142857,0.5714285714285714,True
36151863,2023,1.0,0.0,0.0,True
36151879,2023,0.5,0.0,0.5,True
36151928,2023,1.0,0.0,0.0,True
36152763,2023,1.0,0.0,0.0,True
36152778,2023,1.0,0.0,0.0,True
36152849,2023,0.5,0.5,0.0,True
36153317,2022,0.0,1.0,0.0,True
36154123,2022,1.0,0.0,0.0,True
36154181,2022,1.0,0.0,0.0,True
36156264,2022,1.0,0.0,0.0,True
36156283,2022,1.0,0.0,0.0,True
36156419,2022,1.0,0.0,0.0,True
36157588,2022,0.14285714285714285,0.42857142857142855,0.42857142857142855,True
36161320,2023,0.5,0.0,0.5,True
36161713,2023,0.5,0.0,0.5,True
36161763,2023,1.0,0.0,0.0,True
36161867,2022,1.0,0.0,0.0,True
36161920,2022,0.0,0.6666666666666666,0.3333333333333333,True
36161945,2022,1.0,0.0,0.0,True
36163250,2022,0.0,0.5,0.5,True
36163254,2022,1.0,0.0,0.0,True
36163279,2022,0.25,0.0,0.75,True
36165092,2024,1.0,0.0,0.0,True
36165199,2022,0.0,0.6666666666666666,0.3333333333333333,True
36165532,2022,0.0,0.0,1.0,True
36165699,2022,0.25,0.5,0.25,True
36165792,2023,0.75,0.0,0.25,True
36165806,2023,0.0,0.0,1.0,True
36165957,2022,0.0,0.0,1.0,True
36166305,2022,0.5,0.5,0.0,True
36167554,2022,0.0,0.5,0.5,True
36169564,2022,0.0,0.25,0.75,True
36169638,2022,0.0,0.0,1.0,True
36170207,2022,0.0,0.4,0.6,True
36170356,2022,0.0,0.3333333333333333,0.6666666666666666,True
36170795,2023,0.5,0.0,0.5,True
36170833,2022,0.0,1.0,0.0,True
36171069,2023,1.0,0.0,0.0,True
36171288,2022,0.3333333333333333,0.0,0.6666666666666666,True
36171577,2022,1.0,0.0,0.0,True
36172132,2022,0.2,0.0,0.8,True
36172177,2022,0.0,0.5,0.5,True
36173112,2022,0.5,0.0,0.5,True
36173542,2023,0.0,1.0,0.0,True
36173617,2022,0.0,0.6666666666666666,0.3333333333333333,True
36173676,2022,1.0,0.0,0.0,True
36174110,2022,0.2,0.6,0.2,True
36174715,2023,0.0,0.0,0.0,True
36174935,2022,1.0,0.0,0.0,True
36175037,2022,0.0,1.0,0.0,True
36176143,2022,1.0,0.0,0.0,True
36176662,2022,1.0,0.0,0.0,True
36176709,2022,0.4,0.6,0.0,True
36177040,2022,1.0,0.0,0.0,True
36179012,2022,0.0,0.0,1.0,True
36179046,2022,0.25,0.0,0.75,True
36179219,2022,0.25,0.75,0.0,True
36179402,2022,0.5,0.0,0.5,True
36179680,2022,0.3333333333333333,0.0,0.6666666666666666,True
36179684,2022,1.0,0.0,0.0,True
36179753,2022,1.0,0.0,0.0,True
36179945,2023,1.0,0.0,0.0,True
36180175,2022,1.0,0.0,0.0,True
36180221,2022,0.0,0.6,0.4,True
36181424,2023,1.0,0.0,0.0,True
36181613,2022,0.5,0.0,0.5,True
36182040,2022,0.0,1.0,0.0,True
36182566,2022,0.0,1.0,0.0,True
36182693,2022,0.0,1.0,0.0,True
36183296,2022,0.5,0.0,0.5,True
36184587,2022,0.5,0.0,0.5,True
36184852,2023,0.0,0.6666666666666666,0.3333333333333333,True
36185287,2022,0.0,0.0,0.0,True
36185477,2022,0.0,0.2857142857142857,0.7142857142857143,True
36186547,2022,0.0,0.0,1.0,True
36186623,2022,0.1111111111111111,0.1111111111111111,0.7777777777777778,True
36186952,2022,0.6666666666666666,0.16666666666666666,0.16666666666666666,True
36187721,2022,0.5,0.0,0.5,True
36189200,2022,0.16666666666666666,0.5,0.3333333333333333,True
36189212,2022,0.3333333333333333,0.3333333333333333,0.3333333333333333,True
36189261,2022,0.25,0.5,0.25,True
36189814,2022,0.0,0.0,1.0,True
36190452,2022,1.0,0.0,0.0,True
36190536,2022,0.0,1.0,0.0,True
36190676,2024,0.3333333333333333,0.3333333333333333,0.3333333333333333,True
36190929,2022,0.5,0.0,0.5,True
36191000,2022,0.0,0.0,0.0,True
36191226,2022,0.0,0.0,1.0,True
36191299,2022,1.0,0.0,0.0,True
36191605,2023,1.0,0.0,0.0,True
36192231,2022,1.0,0.0,0.0,True
36195542,2022,1.0,0.0,0.0,True
36196007,2023,0.75,0.0,0.25,True
36196300,2022,0.5,0.0,0.5,True
36196375,2022,0.0,0.0,1.0,True
36196594,2022,0.0,1.0,0.0,True
36197001,2022,0.0,0.6666666666666666,0.3333333333333333,True
36197094,2022,0.2,0.4,0.4,True
36197416,2022,0.0,0.0,1.0,True
36197970,2022,0.2,0.6,0.2,True
36197988,2022,0.5,0.0,0.5,True
36198268,2022,0.0,0.5,0.5,True
36198931,2022,1.0,0.0,0.0,True
36200701,2023,0.5,0.0,0.5,True
36201196,2022,1.0,0.0,0.0,True
36201310,2022,0.0,0.0,0.0,True
36201743,2023,0.75,0.0,0.25,True
36201744,2023,0.25,0.5,0.25,True
36201931,2022,1.0,0.0,0.0,True
36202818,2022,0.5,0.0,0.5,True
36202833,2022,1.0,0.0,0.0,True
36202883,2022,0.0,0.6666666666666666,0.3333333333333333,True
36203006,2023,0.0,0.5,0.5,True
36203018,2022,1.0,0.0,0.0,True
36203093,2022,1.0,0.0,0.0,True
36203583,2022,0.0,0.75,0.25,True
36204418,2022,0.0,0.0,1.0,True
36204530,2022,1.0,0.0,0.0,True
36204542,2022,1.0,0.0,0.0,True
36205036,2022,1.0,0.0,0.0,True
36206323,2022,0.25,0.0,0.75,True
36206863,2022,0.0,1.0,0.0,True
36207300,2022,0.25,0.0,0.75,True
36207498,2022,0.6666666666666666,0.3333333333333333,0.0,True
36208017,2023,1.0,0.0,0.0,True
36208183,2023,1.0,0.0,0.0,True
36208288,2023,0.3333333333333333,0.3333333333333333,0.3333333333333333,True
36208844,2022,1.0,0.0,0.0,True
36209823,2022,0.0,1.0,0.0,True
36209950,2022,0.2,0.6,0.2,True
36210504,2022,1.0,0.0,0.0,True
36211453,2022,0.09090909090909091,0.09090909090909091,0.8181818181818182,True
36211806,2022,0.25,0.5,0.25,True
36212030,2022,0.16666666666666666,0.16666666666666666,0.6666666666666666,True
36212983,2022,1.0,0.0,0.0,True
36213114,2022,0.3333333333333333,0.0,0.6666666666666666,True
36213206,2022,0.0,0.4,0.6,True
36213999,2022,1.0,0.0,0.0,True
36214198,2023,1.0,0.0,0.0,True
36214797,2023,1.0,0.0,0.0,True
36215040,2022,0.0,0.0,0.0,True
36215331,2022,0.3333333333333333,0.3333333333333333,0.3333333333333333,True
36215934,2022,0.5,0.0,0.5,True
36216206,2023,1.0,0.0,0.0,True
36216503,2022,0.3333333333333333,0.0,0.6666666666666666,True
36216808,2022,0.3333333333333333,0.0,0.6666666666666666,True
36216875,2022,1.0,0.0,0.0,True
36219096,2022,0.5,0.0,0.5,True
36219480,2022,1.0,0.0,0.0,True
36219822,2022,0.0,0.0,0.0,True
36220328,2022,1.0,0.0,0.0,True
36220393,2022,0.0,0.6666666666666666,0.3333333333333333,True
36220674,2023,1.0,0.0,0.0,True
36220867,2022,0.5,0.0,0.5,True
36220877,2022,0.0,0.6666666666666666,0.3333333333333333,True
36221098,2022,0.0,1.0,0.0,True
36222982,2023,1.0,0.0,0.0,True
36223450,2022,0.3333333333333333,0.6666666666666666,0.0,True
36223542,2023,0.0,0.5,0.5,True
36223603,2024,1.0,0.0,0.0,True
36223753,2022,1.0,0.0,0.0,True
36223838,2022,0.0,0.0,1.0,True
36224195,2023,0.4,0.0,0.6,True
36224341,2022,0.5,0.0,0.5,True
36224745,2022,0.0,1.0,0.0,True
36226585,2023,0.14285714285714285,0.5714285714285714,0.2857142857142857,True
36226957,2022,0.0,0.0,1.0,True
36227560,2023,0.0,0.0,0.0,True
36227603,2022,1.0,0.0,0.0,True
36227606,2022,0.0,0.6666666666666666,0.3333333333333333,True
36227853,2022,0.3333333333333333,0.3333333333333333,0.3333333333333333,True
36227998,2022,0.0,0.5,0.5,True
36228738,2023,0.5,0.0,0.5,True
36228848,2022,1.0,0.0,0.0,True
36229038,2022,1.0,0.0,0.0,True
36229433,2022,0.2,0.4,0.4,True
36229504,2022,1.0,0.0,0.0,True
36229646,2023,1.0,0.0,0.0,True
36230818,2022,0.2,0.0,0.8,True
36232321,2022,0.0,1.0,0.0,True
36232729,2022,0.0,0.0,1.0,True
36234992,2022,0.0,0.75,0.25,True
36235585,2022,1.0,0.0,0.0,True
36235684,2022,1.0,0.0,0.0,True
36239715,2022,0.25,0.0,0.75,True
36239754,2022,1.0,0.0,0.0,True
36240227,2022,0.0,0.6666666666666666,0.3333333333333333,True
36240296,2023,1.0,0.0,0.0,True
36240726,2023,1.0,0.0,0.0,True
36240805,2022,1.0,0.0,0.0,True
36241081,2023,1.0,0.0,0.0,True
36241625,2022,0.2,0.4,0.4,True
36241656,2022,1.0,0.0,0.0,True
36243062,2023,1.0,0.0,0.0,True
36243768,2022,0.5,0.0,0.5,True
36243969,2022,0.5,0.0,0.5,True
36244407,2023,1.0,0.0,0.0,True
36244455,2022,0.16666666666666666,0.3333333333333333,0.5,True
36245087,2022,1.0,0.0,0.0,True
36246151,2022,0.2,0.4,0.4,True
36246772,2022,1.0,0.0,0.0,True
36247383,2022,1.0,0.0,0.0,True
36247730,2022,0.0,0.6666666666666666,0.3333333333333333,True
36247839,2022,0.0,0.375,0.625,True
36248829,2022,0.2,0.6,0.2,True
36248851,2022,0.25,0.5,0.25,True
36248870,2022,1.0,0.0,0.0,True
36249761,2022,1.0,0.0,0.0,True
36252017,2022,0.0,0.0,1.0,True
36252717,2023,0.8,0.2,0.0,True
36253079,2023,0.3333333333333333,0.6666666666666666,0.0,True
36253497,2022,0.5,0.0,0.5,True
36253935,2022,1.0,0.0,0.0,True
36255695,2023,0.16666666666666666,0.5,0.3333333333333333,True
36255737,2024,1.0,0.0,0.0,True
36256604,2022,0.0,0.8,0.2,True
36256825,2022,0.0,0.0,1.0,True
36257313,2022,0.3333333333333333,0.0,0.6666666666666666,True
36257690,2022,1.0,0.0,0.0,True
36257719,2023,1.0,0.0,0.0,True
36259321,2022,0.0,0.0,1.0,True
36259385,2023,1.0,0.0,0.0,True
36259488,2022,0.0,0.4,0.6,True
36260312,2022,1.0,0.0,0.0,True
36260413,2022,1.0,0.0,0.0,True
36260702,2023,1.0,0.0,0.0,True
36261518,2022,0.5,0.0,0.5,True
36261549,2022,0.2,0.4,0.4,True
36263047,2022,0.0,0.6666666666666666,0.3333333333333333,True
36263161,2022,0.5,0.0,0.5,True
36264007,2023,0.5,0.0,0.5,True
36264172,2023,1.0,0.0,0.0,True
36264264,2022,0.5,0.0,0.5,True
36264335,2023,1.0,0.0,0.0,True
36264642,2022,0.5,0.0,0.5,True
36264882,2023,0.0,0.75,0.25,True
36265162,2023,1.0,0.0,0.0,True
36265467,2022,0.5,0.0,0.5,True
36265584,2022,0.0,0.4,0.6,True
36265895,2022,0.0,0.0,1.0,True
36266134,2023,1.0,0.0,0.0,True
36266274,2022,0.16666666666666666,0.3333333333333333,0.5,True
36267551,2022,0.5,0.0,0.5,True
36268115,2022,0.2,0.4,0.4,True
36268125,2022,0.0,0.0,1.0,True
36269044,2022,0.0,0.6666666666666666,0.3333333333333333,True
36269225,2022,1.0,0.0,0.0,True
36269839,2022,0.0,0.6666666666666666,0.3333333333333333,True
36270982,2022,0.3333333333333333,0.6666666666666666,0.0,True
36271074,2022,0.5,0.0,0.5,True
36271417,2022,1.0,0.0,0.0,True
36271817,2023,1.0,0.0,0.0,True
36271929,2023,0.5,0.0,0.5,True
36273204,2022,1.0,0.0,0.0,True
36273330,2023,0.5,0.0,0.5,True
36273745,2023,1.0,0.0,0.0,True
36274085,2022,0.0,0.6,0.4,True
36274950,2022,0.0,0.0,1.0,True
36276400,2022,1.0,0.0,0.0,True
36277384,2022,0.0,0.5,0.5,True
36277737,2022,1.0,0.0,0.0,True
36279283,2022,0.3333333333333333,0.6666666666666666,0.0,True
36279295,2022,0.25,0.75,0.0,True
36279417,2023,0.8,0.0,0.2,True
36279431,2022,0.5,0.0,0.5,True
36280099,2022,1.0,0.0,0.0,True
36280667,2022,0.0,0.5,0.5,True
36280842,2022,1.0,0.0,0.0,True
36281621,2022,1.0,0.0,0.0,True
36281969,2022,0.0,1.0,0.0,True
36283115,2023,0.8,0.0,0.2,True
36283814,2023,0.25,0.75,0.0,True
36284097,2022,0.0,0.0,1.0,True
36284107,2022,0.0,0.0,1.0,True
36284200,2022,0.0,0.5,0.5,True
36285717,2023,0.0,1.0,0.0,True
36285785,2022,1.0,0.0,0.0,True
36285884,2022,1.0,0.0,0.0,True
36286535,2022,0.25,0.0,0.75,True
36287532,2022,1.0,0.0,0.0,True
36288692,2022,0.0,1.0,0.0,True
36289220,2022,0.0,0.0,0.0,True
36289232,2022,0.0,0.16666666666666666,0.8333333333333334,True
36289478,2022,0.3333333333333333,0.0,0.6666666666666666,True
36291333,2022,0.0,0.0,0.0,True
36291592,2022,0.5,0.0,0.5,True
36291783,2022,0.16666666666666666,0.0,0.8333333333333334,True
36293452,2022,1.0,0.0,0.0,True
36298492,2022,0.5,0.0,0.5,True
36298700,2022,1.0,0.0,0.0,True
36299794,2022,1.0,0.0,0.0,True
36300623,2022,0.5,0.0,0.5,True
36300895,2022,0.3333333333333333,0.0,0.6666666666666666,True
36300929,2022,0.125,0.375,0.5,True
36301209,2022,1.0,0.0,0.0,True
36301822,2022,0.0,0.6666666666666666,0.3333333333333333,True
36301831,2022,0.0,1.0,0.0,True
36301895,2022,0.0,0.75,0.25,True
36301953,2022,0.5,0.0,0.5,True
36302175,2023,0.8571428571428571,0.0,0.14285714285714285,True
36302375,2022,0.5,0.0,0.5,True
36302779,2022,0.0,1.0,0.0,True
36302964,2022,1.0,0.0,0.0,True
36303448,2023,0.16666666666666666,0.3333333333333333,0.5,True
36303815,2022,1.0,0.0,0.0,True
36304115,2022,0.0,0.5,0.5,True
36304555,2022,0.6,0.0,0.4,True
36304842,2022,1.0,0.0,0.0,True
36305812,2023,0.0,0.0,0.0,True
36306403,2023,1.0,0.0,0.0,True
36306781,2022,0.5,0.0,0.5,True
36306784,2022,0.14285714285714285,0.5714285714285714,0.2857142857142857,True
36307411,2022,0.5,0.0,0.5,True
36308436,2023,1.0,0.0,0.0,True
36309101,2023,0.3333333333333333,0.6666666666666666,0.0,True
36309188,2023,1.0,0.0,0.0,True
36309332,2022,1.0,0.0,0.0,True
36309512,2022,0.3333333333333333,0.3333333333333333,0.3333333333333333,True
36309550,2022,0.0,0.6666666666666666,0.3333333333333333,True
36310182,2023,1.0,0.0,0.0,True
36310198,2023,0.25,0.0,0.75,True
36310638,2022,1.0,0.0,0.0,True
36311277,2022,0.0,0.0,0.0,True
36311298,2022,0.0,0.8,0.2,True
36311348,2022,0.0,0.0,1.0,True
36312032,2022,1.0,0.0,0.0,True
36313969,2022,1.0,0.0,0.0,True
36314907,2022,0.3333333333333333,0.0,0.6666666666666666,True
36315142,2022,1.0,0.0,0.0,True
36316315,2022,1.0,0.0,0.0,True
36316563,2022,0.0,0.0,0.0,True
36317052,2022,0.0,0.0,1.0,True
36317783,2022,0.6666666666666666,0.3333333333333333,0.0,True
36317867,2022,1.0,0.0,0.0,True
36318581,2022,0.0,0.6666666666666666,0.3333333333333333,True
36318785,2022,0.25,0.5,0.25,True
36319008,2023,1.0,0.0,0.0,True
36319119,2022,0.5,0.5,0.0,True
36321125,2022,1.0,0.0,0.0,True
36321828,2022,0.25,0.0,0.75,True
36322002,2023,0.3333333333333333,0.5,0.16666666666666666,True
36322537,2022,0.6666666666666666,0.0,0.3333333333333333,True
36322718,2022,0.0,0.6,0.4,True
36322769,2022,0.25,0.5,0.25,True
36322776,2022,1.0,0.0,0.0,True
36322781,2023,0.5,0.0,0.5,True
36322878,2023,1.0,0.0,0.0,True
36323641,2022,0.2,0.8,0.0,True
36324652,2021,0.0,0.0,0.0,True
36325065,2022,0.3333333333333333,0.0,0.6666666666666666,True
36325251,2022,1.0,0.0,0.0,True
36325429,2021,1.0,0.0,0.0,True
36325887,2022,1.0,0.0,0.0,True
36326302,2023,1.0,0.0,0.0,True
36326697,2023,0.25,0.5,0.25,True
36326718,2022,1.0,0.0,0.0,True
36326727,2022,0.2,0.8,0.0,True
36326816,2022,0.0,1.0,0.0,True
36326835,2022,0.3333333333333333,0.6666666666666666,0.0,True
36328071,2022,0.0,0.3333333333333333,0.6666666666666666,True
36328762,2023,0.0,0.6666666666666666,0.3333333333333333,True
36328784,2022,1.0,0.0,0.0,True
36329045,2022,0.3333333333333333,0.3333333333333333,0.3333333333333333,True
36330381,2022,0.3333333333333333,0.3333333333333333,0.3333333333333333,True
36330506,2022,0.0,0.6666666666666666,0.3333333333333333,True
36330812,2023,0.25,0.75,0.0,True
36331958,2022,0.2,0.8,0.0,True
36332160,2023,0.0,1.0,0.0,True
36332366,2022,1.0,0.0,0.0,True
36332653,2022,0.8,0.0,0.2,True
36332842,2023,1.0,0.0,0.0,True
36332849,2023,1.0,0.0,0.0,True
36332927,2022,1.0,0.0,0.0,True
36333356,2022,0.0,1.0,0.0,True
36333465,2022,0.5,0.5,0.0,True
36333911,2023,0.0,0.0,1.0,True
36334590,2022,0.0,0.25,0.75,True
36334690,2023,0.3333333333333333,0.6666666666666666,0.0,True
36334779,2022,0.25,0.0,0.75,True
36335105,2022,0.5,0.0,0.5,True
36335136,2022,0.0,0.0,1.0,True
36336082,2023,1.0,0.0,0.0,True
36336785,2022,0.6666666666666666,0.0,0.3333333333333333,True
36338188,2022,0.0,0.25,0.75,True
36338434,2022,0.25,0.25,0.5,True
36338744,2022,0.1111111111111111,0.0,0.8888888888888888,True
36339094,2022,0.0,0.0,1.0,True
36339251,2022,0.2,0.2,0.6,True
36339317,2022,1.0,0.0,0.0,True
36339947,2022,1.0,0.0,0.0,True
36341407,2022,1.0,0.0,0.0,True
36342127,2022,0.0,0.0,1.0,True
36342372,2022,0.2,0.6,0.2,True
36342754,2023,0.0,0.5,0.5,True
36342968,2022,0.0,0.6666666666666666,0.3333333333333333,True
36343842,2022,0.5,0.0,0.5,True
36344581,2022,0.5,0.0,0.5,True
36344645,2023,1.0,0.0,0.0,True
36344675,2022,0.16666666666666666,0.0,0.8333333333333334,True
36344764,2022,0.0,0.0,1.0,True
36344807,2022,1.0,0.0,0.0,True
36344847,2022,0.0,0.6666666666666666,0.3333333333333333,True
36344967,2022,0.3333333333333333,0.6666666666666666,0.0,True
36345169,2023,0.3333333333333333,0.3333333333333333,0.3333333333333333,True
36345264,2022,1.0,0.0,0.0,True
36345429,2022,0.3333333333333333,0.0,0.6666666666666666,True
36345811,2023,0.0,1.0,0.0,True
36345940,2022,0.3333333333333333,0.0,0.6666666666666666,True
36346334,2023,1.0,0.0,0.0,True
36346452,2022,0.6666666666666666,0.0,0.3333333333333333,True
36346688,2023,1.0,0.0,0.0,True
36347090,2022,0.0,1.0,0.0,True
36347238,2022,0.5,0.0,0.5,True
36347241,2022,0.0,0.5,0.5,True
36347257,2023,0.0,0.75,0.25,True
36347258,2022,0.5,0.0,0.5,True
36347310,2023,0.25,0.0,0.75,True
36347471,2023,0.5,0.0,0.5,True
36347891,2022,1.0,0.0,0.0,True
36348353,2022,1.0,0.0,0.0,True
36350598,2022,0.5,0.0,0.5,True
36350640,2023,0.5,0.0,0.5,True
36350672,2023,0.5,0.0,0.5,True
36351817,2022,0.0,0.75,0.25,True
36351913,2022,0.2,0.4,0.4,True
36352123,2023,0.0,0.0,0.0,True
36352232,2022,0.25,0.5,0.25,True
36352422,2022,1.0,0.0,0.0,True
36352452,2022,1.0,0.0,0.0,True
36352820,2023,1.0,0.0,0.0,True
36353533,2022,0.5,0.5,0.0,True
36353642,2022,0.25,0.5,0.25,True
36354340,2022,0.25,0.0,0.75,True
36355119,2022,0.0,0.5,0.5,True
36356572,2022,0.16666666666666666,0.5,0.3333333333333333,True
36356586,2022,0.5,0.0,0.5,True
36358697,2022,0.0,0.0,1.0,True
36358991,2022,1.0,0.0,0.0,True
36360602,2022,1.0,0.0,0.0,True
36361555,2022,0.5,0.0,0.5,True
36361898,2022,0.0,1.0,0.0,True
36362112,2022,0.0,0.75,0.25,True
36364905,2022,1.0,0.0,0.0,True
36366285,2022,1.0,0.0,0.0,True
36366544,2022,1.0,0.0,0.0,True
36366748,2023,0.0,0.75,0.25,True
36366807,2023,1.0,0.0,0.0,True
36367221,2023,0.3333333333333333,0.0,0.6666666666666666,True
36367441,2023,0.5,0.0,0.5,True
36367749,2022,0.2,0.4,0.4,True
36367829,2022,1.0,0.0,0.0,True
36367894,2022,1.0,0.0,0.0,True
36368157,2022,0.5,0.0,0.5,True
36368431,2023,0.5,0.0,0.5,True
36368598,2023,1.0,0.0,0.0,True
36368950,2022,1.0,0.0,0.0,True
36368988,2022,0.3333333333333333,0.0,0.6666666666666666,True
36369285,2022,0.0,1.0,0.0,True
36369657,2023,0.5,0.0,0.5,True
36370100,2023,0.0,0.0,0.0,True
36370101,2022,0.5,0.0,0.5,True
36370844,2022,0.0,0.5,0.5,True
36371462,2022,0.25,0.0,0.75,True
36373096,2022,0.3333333333333333,0.3333333333333333,0.3333333333333333,True
36373674,2022,0.5,0.0,0.5,True
36373969,2023,0.0,0.0,0.0,True
36373979,2022,0.0,1.0,0.0,True
36374038,2022,0.0,0.5,0.5,True
36374225,2023,0.0,0.4,0.6,True
36375380,2022,0.2,0.4,0.4,True
36375792,2022,0.0,1.0,0.0,True
36377664,2022,0.25,0.5,0.25,True
36378541,2023,0.5,0.0,0.5,True
36378765,2022,1.0,0.0,0.0,True
36379005,2022,0.5,0.0,0.5,True
36379270,2023,0.0,0.0,1.0,True
36379677,2022,1.0,0.0,0.0,True
36379793,2022,0.0,0.0,1.0,True
36379968,2022,0.0,1.0,0.0,True
36380121,2022,0.3333333333333333,0.0,0.6666666666666666,True
36380233,2023,0.5,0.0,0.5,True
36380373,2022,0.3333333333333333,0.3333333333333333,0.3333333333333333,True
36381384,2022,1.0,0.0,0.0,True
36381660,2022,0.5,0.0,0.5,True
36382536,2023,1.0,0.0,0.0,True
36382864,2022,0.0,0.0,1.0,True
36382883,2022,0.0,0.0,1.0,True
36382923,2022,0.0,0.0,0.0,True
36383380,2022,1.0,0.0,0.0,True
36383567,2022,0.0,1.0,0.0,True
36383734,2023,1.0,0.0,0.0,True
36384062,2023,0.5,0.0,0.5,True
36384474,2022,1.0,0.0,0.0,True
36385554,2022,0.0,0.5,0.5,True
36386035,2022,1.0,0.0,0.0,True
36387851,2022,0.0,0.6666666666666666,0.3333333333333333,True
36388423,2022,1.0,0.0,0.0,True
36388465,2022,0.3333333333333333,0.0,0.6666666666666666,True
36389797,2022,0.5714285714285714,0.2857142857142857,0.14285714285714285,True
36393906,2022,1.0,0.0,0.0,True
36394334,2022,0.0,1.0,0.0,True
36396453,2023,0.0,1.0,0.0,True
36396947,2022,0.7142857142857143,0.2857142857142857,0.0,True
36397776,2022,0.5,0.0,0.5,True
36398312,2022,0.5,0.5,0.0,True
36398439,2023,1.0,0.0,0.0,True
36398590,2022,0.5,0.0,0.5,True
36399436,2022,0.0,0.0,1.0,True
36399566,2022,0.25,0.5,0.25,True
36399622,2022,0.3333333333333333,0.0,0.6666666666666666,True
36399712,2023,1.0,0.0,0.0,True
36399927,2022,0.5,0.0,0.5,True
36400174,2023,1.0,0.0,0.0,True
36400200,2022,1.0,0.0,0.0,True
36400454,2023,1.0,0.0,0.0,True
36400786,2022,0.25,0.5,0.25,True
36402135,2022,0.0,0.6666666666666666,0.3333333333333333,True
36402773,2022,0.0,0.0,1.0,True
36402833,2022,0.3333333333333333,0.0,0.6666666666666666,True
36402890,2022,0.0,0.6666666666666666,0.3333333333333333,True
36403648,2023,1.0,0.0,0.0,True
36404344,2022,0.5,0.0,0.5,True
36404405,2022,1.0,0.0,0.0,True
36404827,2022,1.0,0.0,0.0,True
36407948,2022,0.2,0.4,0.4,True
36408349,2022,0.6666666666666666,0.3333333333333333,0.0,True
36408543,2022,1.0,0.0,0.0,True
36408969,2022,0.25,0.5,0.25,True
36409124,2022,0.16666666666666666,0.3333333333333333,0.5,True
36409884,2022,0.0,0.6666666666666666,0.3333333333333333,True
36409889,2022,0.16666666666666666,0.5,0.3333333333333333,True
36409970,2022,0.5,0.0,0.5,True
36410328,2022,0.5,0.5,0.0,True
36410696,2023,0.5,0.0,0.5,True
36411318,2022,0.0,0.5,0.5,True
36411380,2022,0.0,0.6666666666666666,0.3333333333333333,True
36411391,2023,0.2,0.6,0.2,True
36412209,2023,0.6666666666666666,0.3333333333333333,0.0,True
36412516,2022,1.0,0.0,0.0,True
36412553,2023,1.0,0.0,0.0,True
36412627,2022,0.5,0.0,0.5,True
36413032,2023,1.0,0.0,0.0,True
36413359,2022,1.0,0.0,0.0,True
36413498,2022,0.3333333333333333,0.0,0.6666666666666666,True
36413568,2022,0.3333333333333333,0.6666666666666666,0.0,True
36414405,2023,0.0,0.6666666666666666,0.3333333333333333,True
36414993,2023,0.6666666666666666,0.3333333333333333,0.0,True
36414998,2022,0.8571428571428571,0.0,0.14285714285714285,True
36417791,2023,1.0,0.0,0.0,True
36417863,2022,0.0,0.4,0.6,True
36418422,2022,0.2,0.4,0.4,True
36418514,2022,0.25,0.75,0.0,True
36419350,2023,0.0,0.0,1.0,True
36420197,2022,1.0,0.0,0.0,True
36421749,2022,0.6666666666666666,0.3333333333333333,0.0,True
36422331,2022,0.14285714285714285,0.42857142857142855,0.42857142857142855,True
36423012,2022,0.0,0.0,1.0,True
36423118,2022,0.3333333333333333,0.0,0.6666666666666666,True
36423296,2022,1.0,0.0,0.0,True
36423629,2022,0.25,0.5,0.25,True
36423637,2022,1.0,0.0,0.0,True
36423642,2023,0.5,0.0,0.5,True
36424123,2023,1.0,0.0,0.0,True
36424512,2022,1.0,0.0,0.0,True
36424733,2023,1.0,0.0,0.0,True
36425357,2022,0.0,0.0,0.0,True
36425759,2022,0.0,0.0,1.0,True
36426970,2022,0.2,0.4,0.4,True
36427325,2022,0.0,0.0,1.0,True
36430631,2022,1.0,0.0,0.0,True
36430826,2022,0.0,1.0,0.0,True
36430923,2022,0.4,0.4,0.2,True
36433814,2023,0.5,0.0,0.5,True
36433874,2022,1.0,0.0,0.0,True
36433939,2022,0.5,0.0,0.5,True
36434081,2023,0.0,0.0,0.0,True
36434858,2023,1.0,0.0,0.0,True
36435799,2022,0.0,0.4,0.6,True
36436258,2022,0.5,0.5,0.0,True
36436281,2022,0.7142857142857143,0.2857142857142857,0.0,True
36437428,2022,0.3333333333333333,0.0,0.6666666666666666,True
36439175,2022,0.0,1.0,0.0,True
36439394,2022,0.0,0.25,0.75,True
36439482,2022,0.5,0.5,0.0,True
36439493,2022,0.0,0.0,1.0,True
36439862,2022,0.0,0.4,0.6,True
36440604,2023,0.0,0.6666666666666666,0.3333333333333333,True
36441670,2022,0.16666666666666666,0.3333333333333333,0.5,True
36441759,2022,0.0,1.0,0.0,True
36442063,2022,1.0,0.0,0.0,True
36442665,2023,1.0,0.0,0.0,True
36443208,2023,1.0,0.0,0.0,True
36443515,2023,0.0,0.6666666666666666,0.3333333333333333,True
36444934,2023,1.0,0.0,0.0,True
36445023,2023,1.0,0.0,0.0,True
36447243,2022,0.8333333333333334,0.0,0.16666666666666666,True
36447429,2022,0.0,0.5,0.5,True
36448028,2023,0.0,0.0,1.0,True
36449053,2023,1.0,0.0,0.0,True
36449618,2022,0.2,0.6,0.2,True
36449624,2022,0.25,0.5,0.25,True
36450245,2022,0.2,0.6,0.2,True
36450247,2022,0.0,0.0,1.0,True
36450725,2022,0.3333333333333333,0.0,0.6666666666666666,True
36450981,2022,0.5,0.0,0.5,True
36453088,2023,0.25,0.0,0.75,True
36453688,2023,1.0,0.0,0.0,True
36453989,2022,0.3333333333333333,0.0,0.6666666666666666,True
36454759,2022,0.0,0.6666666666666666,0.3333333333333333,True
36454826,2022,0.125,0.0,0.875,True
36455002,2022,0.5,0.0,0.5,True
36455190,2023,1.0,0.0,0.0,True
36455197,2023,1.0,0.0,0.0,True
36456196,2023,0.0,1.0,0.0,True
36456359,2024,1.0,0.0,0.0,True
36456360,2023,1.0,0.0,0.0,True
36456361,2023,0.5,0.0,0.5,True
36456451,2023,1.0,0.0,0.0,True
36456558,2022,0.0,1.0,0.0,True
36456723,2024,1.0,0.0,0.0,False
36458542,2023,1.0,0.0,0.0,True
36458882,2023,1.0,0.0,0.0,True
36459711,2023,0.25,0.5,0.25,True
36459788,2023,1.0,0.0,0.0,True
36459969,2022,0.3333333333333333,0.0,0.6666666666666666,True
36460474,2023,1.0,0.0,0.0,True
36460524,2023,1.0,0.0,0.0,True
36460625,2023,0.5,0.0,0.5,True
36460922,2023,1.0,0.0,0.0,True
36461157,2023,0.75,0.0,0.25,True
36461652,2022,1.0,0.0,0.0,True
36461941,2023,0.3333333333333333,0.0,0.6666666666666666,True
36463228,2022,0.0,0.8571428571428571,0.14285714285714285,True
36463259,2022,0.0,0.0,1.0,True
36463445,2023,1.0,0.0,0.0,True
36464162,2022,0.0,0.0,1.0,True
36465486,2022,0.0,0.5,0.5,True
36466046,2022,1.0,0.0,0.0,True
36466899,2022,0.0,0.5,0.5,True
36467261,2022,1.0,0.0,0.0,True
36467586,2022,0.0,0.0,1.0,True
36467689,2022,0.25,0.0,0.75,True
36469087,2022,1.0,0.0,0.0,True
36469580,2022,1.0,0.0,0.0,True
36469769,2022,0.3333333333333333,0.6666666666666666,0.0,True
36470072,2023,0.14285714285714285,0.2857142857142857,0.5714285714285714,True
36470425,2023,0.1111111111111111,0.3333333333333333,0.5555555555555556,True
36470574,2023,0.5,0.0,0.5,True
36470871,2022,0.3333333333333333,0.0,0.6666666666666666,True
36472596,2022,1.0,0.0,0.0,True
36473754,2023,0.0,0.6666666666666666,0.3333333333333333,True
36473845,2022,0.0,0.0,0.0,True
36474319,2022,1.0,0.0,0.0,True
36475777,2023,1.0,0.0,0.0,True
36476263,2022,1.0,0.0,0.0,True
36476645,2022,0.5,0.0,0.5,True
36476875,2022,0.0,0.6666666666666666,0.3333333333333333,True
36477308,2023,1.0,0.0,0.0,True
36477530,2022,0.5,0.0,0.5,True
36477806,2023,0.2,0.0,0.8,True
36478205,2023,1.0,0.0,0.0,True
36479628,2022,0.0,0.0,1.0,True
36480267,2023,0.5,0.0,0.5,True
36481221,2023,1.0,0.0,0.0,True
36482060,2022,0.5,0.0,0.5,True
36482369,2022,1.0,0.0,0.0,True
36482431,2022,0.08333333333333333,0.08333333333333333,0.8333333333333334,True
36482987,2022,1.0,0.0,0.0,True
36483578,2022,1.0,0.0,0.0,True
36485093,2022,1.0,0.0,0.0,True
36490308,2023,1.0,0.0,0.0,True
36493338,2023,0.2,0.4,0.4,True
36493753,2022,0.0,1.0,0.0,True
36494014,2023,0.0,1.0,0.0,True
36494396,2022,0.0,1.0,0.0,True
36494621,2022,0.0,1.0,0.0,True
36494860,2022,0.2,0.6,0.2,True
36495949,2023,1.0,0.0,0.0,True
36496451,2023,1.0,0.0,0.0,True
36497296,2022,0.3333333333333333,0.0,0.6666666666666666,True
36497367,2022,0.75,0.0,0.25,True
36497438,2022,1.0,0.0,0.0,True
36499421,2022,0.0,1.0,0.0,True
36501197,2022,1.0,0.0,0.0,True
36503276,2023,0.0,0.75,0.25,True
36503654,2022,0.5,0.0,0.5,True
36504665,2022,1.0,0.0,0.0,True
36505727,2022,0.0,0.5714285714285714,0.42857142857142855,True
36506320,2022,0.2222222222222222,0.2222222222222222,0.5555555555555556,True
36506591,2022,0.0,0.0,1.0,True
36506838,2022,0.0,0.5,0.5,True
36507874,2023,0.0,0.0,1.0,True
36507892,2022,0.0,0.0,0.0,True
36508468,2022,0.0,0.3333333333333333,0.6666666666666666,True
36508878,2023,0.0,0.75,0.25,True
36509773,2022,0.3333333333333333,0.0,0.6666666666666666,True
36509784,2022,1.0,0.0,0.0,True
36510003,2023,1.0,0.0,0.0,True
36510222,2022,0.5,0.0,0.5,True
36511483,2022,0.25,0.5,0.25,True
36513065,2023,0.5,0.0,0.5,True
36513625,2023,1.0,0.0,0.0,True
36514120,2022,0.5,0.0,0.5,True
36514310,2023,0.4,0.2,0.4,True
36515265,2022,0.2,0.6,0.2,True
36515353,2023,0.6666666666666666,0.0,0.3333333333333333,True
36515492,2023,1.0,0.0,0.0,True
36516124,2022,0.75,0.0,0.25,True
36516224,2023,1.0,0.0,0.0,True
36516544,2023,0.5,0.5,0.0,True
36517243,2023,0.0,0.75,0.25,True
36517408,2023,0.5,0.5,0.0,True
36517467,2022,0.25,0.0,0.75,True
36517603,2022,0.5,0.0,0.5,True
36517642,2022,0.0,0.6666666666666666,0.3333333333333333,True
36518078,2023,0.3333333333333333,0.0,0.6666666666666666,True
36519897,2023,0.3333333333333333,0.0,0.6666666666666666,True
36520341,2023,1.0,0.0,0.0,True
36520627,2023,0.0,0.5,0.5,True
36520682,2022,0.0,1.0,0.0,True
36520713,2022,0.0,0.75,0.25,True
36520890,2022,0.5,0.0,0.5,True
36521862,2023,1.0,0.0,0.0,True
36524124,2022,0.0,0.25,0.75,True
36525362,2023,1.0,0.0,0.0,True
36525371,2023,1.0,0.0,0.0,True
36525397,2023,1.0,0.0,0.0,True
36525647,2023,1.0,0.0,0.0,True
36525653,2023,1.0,0.0,0.0,True
36525785,2023,1.0,0.0,0.0,True
36526647,2022,0.5,0.0,0.5,True
36526922,2023,1.0,0.0,0.0,True
36526967,2022,0.0,0.0,1.0,True
36527166,2022,0.16666666666666666,0.8333333333333334,0.0,True
36528023,2023,0.0,0.5,0.5,True
36528237,2023,1.0,0.0,0.0,True
36528790,2023,0.0,0.0,0.0,True
36528859,2022,1.0,0.0,0.0,True
36528936,2023,0.25,0.75,0.0,True
36529618,2023,1.0,0.0,0.0,True
36530475,2022,0.0,0.0,1.0,True
36532947,2022,0.0,0.0,0.0,True
36533450,2022,0.2,0.2,0.6,True
36533518,2022,0.2,0.0,0.8,True
36533601,2022,0.25,0.0,0.75,True
36534828,2023,1.0,0.0,0.0,True
36535215,2023,0.16666666666666666,0.3333333333333333,0.5,True
36535774,2023,1.0,0.0,0.0,True
36535979,2022,1.0,0.0,0.0,True
36537219,2022,0.25,0.0,0.75,True
36537669,2022,1.0,0.0,0.0,True
36537709,2023,0.0,0.6666666666666666,0.3333333333333333,True
36538032,2023,0.5,0.0,0.5,True
36538113,2022,0.75,0.0,0.25,True
36538317,2022,1.0,0.0,0.0,True
36539161,2023,1.0,0.0,0.0,True
36539234,2023,0.0,0.0,0.0,True
36539401,2022,0.1111111111111111,0.0,0.8888888888888888,True
36539618,2023,1.0,0.0,0.0,True
36540783,2022,0.5,0.0,0.5,True
36540889,2022,0.0,1.0,0.0,True
36542312,2023,1.0,0.0,0.0,True
36542476,2022,0.0,1.0,0.0,True
36543010,2023,0.0,0.0,1.0,True
36543539,2022,0.5,0.5,0.0,True
36543806,2022,0.14285714285714285,0.5714285714285714,0.2857142857142857,True
36543999,2023,1.0,0.0,0.0,True
36544264,2023,1.0,0.0,0.0,True
36544485,2022,0.6666666666666666,0.0,0.3333333333333333,True
36544496,2022,0.5,0.0,0.5,True
36544903,2022,0.0,0.0625,0.9375,True
36545505,2022,1.0,0.0,0.0,True
36546480,2022,0.4,0.4,0.2,True
36546626,2022,0.4,0.0,0.6,True
36546649,2023,1.0,0.0,0.0,True
36546661,2023,0.0,0.0,0.0,True
36547953,2023,1.0,0.0,0.0,True
36548593,2022,0.5,0.5,0.0,False
36548602,2022,0.5,0.5,0.0,True
36548994,2023,0.0,0.0,0.0,True
36550108,2022,0.3333333333333333,0.0,0.6666666666666666,True
36550290,2023,0.0,1.0,0.0,True
36552355,2022,0.3333333333333333,0.3333333333333333,0.3333333333333333,True
36555254,2022,0.0,0.75,0.25,True
36557227,2022,0.0,0.0,0.0,True
36557234,2022,1.0,0.0,0.0,True
36559994,2022,1.0,0.0,0.0,True
36562201,2023,1.0,0.0,0.0,True
36562498,2023,1.0,0.0,0.0,True
36562586,2023,0.4,0.6,0.0,True
36562825,2023,0.0,0.5,0.5,True
36563681,2023,1.0,0.0,0.0,True
36564129,2022,0.25,0.5,0.25,True
36564591,2023,0.2,0.0,0.8,True
36567427,2022,1.0,0.0,0.0,True
36567745,2023,0.5,0.0,0.5,True
36568885,2022,0.0,0.0,1.0,True
36569122,2022,1.0,0.0,0.0,True
36569583,2022,1.0,0.0,0.0,True
36569749,2022,0.0,0.0,1.0,True
36570617,2022,1.0,0.0,0.0,True
36570797,2022,0.0,0.0,0.0,True
36571566,2024,0.3333333333333333,0.3333333333333333,0.3333333333333333,False
36571770,2023,1.0,0.0,0.0,True
36571773,2022,1.0,0.0,0.0,True
36571908,2023,1.0,0.0,0.0,True
36572186,2023,0.5,0.0,0.5,True
36572353,2023,0.3333333333333333,0.0,0.6666666666666666,True
36572741,2022,0.0,0.5,0.5,True
36572976,2022,0.3333333333333333,0.0,0.6666666666666666,True
36573259,2023,1.0,0.0,0.0,True
36573441,2023,0.3333333333333333,0.0,0.6666666666666666,True
36573454,2023,1.0,0.0,0.0,True
36574296,2023,0.2,0.6,0.2,True
36574583,2023,1.0,0.0,0.0,True
36574698,2023,0.0,0.4,0.6,True
36574814,2023,1.0,0.0,0.0,True
36575190,2022,0.3333333333333333,0.0,0.6666666666666666,True
36575212,2022,0.3333333333333333,0.0,0.6666666666666666,True
36575460,2022,1.0,0.0,0.0,True
36575795,2023,0.3333333333333333,0.0,0.6666666666666666,True
36576240,2022,0.0,0.0,1.0,True
36576431,2023,1.0,0.0,0.0,True
36576985,2023,1.0,0.0,0.0,True
36577058,2023,0.2,0.6,0.2,True
36577076,2023,0.2,0.4,0.4,True
36577442,2023,0.25,0.5,0.25,True
36577843,2023,0.0,1.0,0.0,True
36578652,2022,0.0,1.0,0.0,True
36579945,2023,1.0,0.0,0.0,True
36580032,2023,1.0,0.0,0.0,True
36580595,2023,0.0,0.0,1.0,True
36582115,2023,0.5,0.0,0.5,True
36582240,2022,0.25,0.0,0.75,True
36582974,2022,1.0,0.0,0.0,True
36583469,2023,0.5,0.0,0.5,True
36583617,2023,1.0,0.0,0.0,True
36584051,2022,1.0,0.0,0.0,True
36584293,2023,0.0,0.0,0.0,True
36584680,2023,0.0,0.5,0.5,True
36585129,2022,1.0,0.0,0.0,True
36585278,2023,0.0,1.0,0.0,True
36585921,2022,0.16666666666666666,0.5,0.3333333333333333,True
36586175,2023,1.0,0.0,0.0,True
36586457,2023,1.0,0.0,0.0,True
36586812,2023,1.0,0.0,0.0,True
36587060,2022,0.0,0.6666666666666666,0.3333333333333333,True
36587184,2022,1.0,0.0,0.0,True
36587808,2023,0.2,0.6,0.2,True
36588050,2023,1.0,0.0,0.0,True
36588341,2023,0.0,0.0,1.0,True
36588876,2022,0.25,0.0,0.75,True
36589893,2022,0.5,0.0,0.5,True
36589902,2022,1.0,0.0,0.0,True
36589922,2022,0.14285714285714285,0.0,0.8571428571428571,True
36590291,2022,0.0,0.5,0.5,True
36590793,2022,0.2857142857142857,0.2857142857142857,0.42857142857142855,True
36592667,2023,0.0,0.8333333333333334,0.16666666666666666,True
36593103,2023,0.0,0.75,0.25,True
36593337,2023,1.0,0.0,0.0,True
36593519,2023,0.14285714285714285,0.42857142857142855,0.42857142857142855,True
36594026,2022,0.25,0.0,0.75,True
36594442,2023,0.5,0.0,0.5,True
36594750,2023,0.2,0.6,0.2,True
36595377,2023,0.0,0.5,0.5,True
36595676,2023,0.5,0.5,0.0,True
36596305,2023,0.2,0.0,0.8,True
36597808,2023,1.0,0.0,0.0,True
36598231,2023,0.0,0.0,1.0,True
36598365,2023,0.3333333333333333,0.0,0.6666666666666666,True
36598417,2023,0.5,0.0,0.5,True
36598437,2023,0.25,0.0,0.75,True
36598833,2023,1.0,0.0,0.0,True
36598976,2023,1.0,0.0,0.0,True
36598996,2023,0.5,0.0,0.5,True
36599348,2023,0.5,0.5,0.0,True
36599367,2023,0.2,0.6,0.2,True
36599369,2023,0.4,0.0,0.6,True
36599719,2023,0.6,0.4,0.0,True
36599892,2023,0.0,0.0,0.0,True
36599977,2023,0.2,0.0,0.8,True
36599978,2023,0.125,0.0,0.875,True
36600603,2022,0.6666666666666666,0.0,0.3333333333333333,True
36600698,2022,1.0,0.0,0.0,True
36600996,2022,0.0,0.0,0.0,True
36601386,2022,0.0,0.2,0.8,True
36602162,2023,0.2,0.8,0.0,True
36602298,2023,1.0,0.0,0.0,True
36602307,2023,0.25,0.0,0.75,True
36602381,2023,0.0,0.5,0.5,True
36602710,2023,1.0,0.0,0.0,False
36603175,2023,1.0,0.0,0.0,True
36603188,2022,0.0,1.0,0.0,True
36603206,2023,0.0,0.0,1.0,True
36603461,2023,1.0,0.0,0.0,True
36604594,2023,0.2,0.0,0.8,True
36605190,2022,0.0,0.4,0.6,True
36605199,2022,0.0,1.0,0.0,True
36605613,2022,0.0,0.2727272727272727,0.7272727272727273,True
36606409,2023,1.0,0.0,0.0,True
36607469,2023,1.0,0.0,0.0,True
36607809,2023,0.0,0.6666666666666666,0.3333333333333333,True
36607839,2023,0.5,0.0,0.5,True
36608129,2023,0.5,0.0,0.5,True
36608150,2023,0.0,1.0,0.0,True
36608175,2023,0.3333333333333333,0.0,0.6666666666666666,True
36609028,2023,0.8,0.0,0.2,True
36609397,2023,1.0,0.0,0.0,True
36609526,2023,0.25,0.5,0.25,True
36610232,2023,0.5,0.0,0.5,True
36610394,2023,0.25,0.5,0.25,True
36611058,2023,0.0,1.0,0.0,True
36611062,2023,0.0,0.0,1.0,True
36612280,2022,0.3333333333333333,0.0,0.6666666666666666,True
36614028,2022,0.0,0.6666666666666666,0.3333333333333333,True
36614088,2022,0.5,0.0,0.5,True
36617164,2023,0.8,0.0,0.2,True
36617561,2023,0.75,0.0,0.25,True
36619290,2022,0.25,0.0,0.75,True
36619973,2022,0.3333333333333333,0.0,0.6666666666666666,True
36620072,2022,0.0,0.5,0.5,True
36620075,2022,0.5,0.0,0.5,True
36620220,2022,0.0,0.3333333333333333,0.6666666666666666,True
36621267,2023,1.0,0.0,0.0,True
36621605,2023,1.0,0.0,0.0,True
36622673,2023,1.0,0.0,0.0,True
36622908,2023,1.0,0.0,0.0,True
36622937,2023,1.0,0.0,0.0,True
36623243,2023,1.0,0.0,0.0,True
36623245,2023,1.0,0.0,0.0,True
36623247,2023,1.0,0.0,0.0,True
36623805,2023,0.3333333333333333,0.6666666666666666,0.0,True
36624264,2023,0.14285714285714285,0.2857142857142857,0.5714285714285714,True
36624347,2023,0.0,0.0,1.0,True
36624533,2023,1.0,0.0,0.0,True
36624662,2023,1.0,0.0,0.0,True
36624666,2023,1.0,0.0,0.0,True
36625569,2023,0.5,0.5,0.0,True
36625657,2023,0.6666666666666666,0.0,0.3333333333333333,True
36626558,2023,0.0,0.0,1.0,True
36626642,2023,1.0,0.0,0.0,True
36627168,2023,1.0,0.0,0.0,True
36627643,2023,0.0,0.5,0.5,True
36628649,2023,0.6666666666666666,0.0,0.3333333333333333,True
36629414,2023,0.16666666666666666,0.6666666666666666,0.16666666666666666,True
36629488,2023,0.5,0.5,0.0,True
36630511,2023,0.3333333333333333,0.3333333333333333,0.3333333333333333,True
36630562,2023,0.25,0.0,0.75,True
36630564,2023,1.0,0.0,0.0,True
36630568,2023,0.5,0.0,0.5,True
36630917,2023,0.25,0.5,0.25,True
36630955,2023,0.0,0.0,1.0,True
36630962,2023,0.0,0.6666666666666666,0.3333333333333333,True
36631162,2023,0.3333333333333333,0.6666666666666666,0.0,True
36631163,2023,0.0,0.6666666666666666,0.3333333333333333,True
36631267,2023,0.16666666666666666,0.6666666666666666,0.16666666666666666,True
36631279,2023,0.0,1.0,0.0,True
36631664,2023,0.0,0.5,0.5,True
36632565,2023,1.0,0.0,0.0,True
36633307,2023,1.0,0.0,0.0,True
36634173,2023,0.0,0.5,0.5,True
36634189,2023,0.0,0.6666666666666666,0.3333333333333333,True
36635572,2023,0.5,0.0,0.5,True
36636252,2022,1.0,0.0,0.0,True
36637077,2023,1.0,0.0,0.0,True
36637251,2023,1.0,0.0,0.0,True
36637914,2023,0.6666666666666666,0.3333333333333333,0.0,True
36638125,2023,1.0,0.0,0.0,True
36638187,2023,0.0,1.0,0.0,True
36638211,2023,0.0,0.6666666666666666,0.3333333333333333,True
36638922,2023,0.5,0.0,0.5,True
36638956,2023,1.0,0.0,0.0,True
36639202,2023,0.0,0.4,0.6,True
36639249,2023,1.0,0.0,0.0,True
36639381,2023,0.3333333333333333,0.0,0.6666666666666666,True
36639656,2023,0.0,0.5,0.5,True
36640137,2023,1.0,0.0,0.0,True
36640308,2023,0.0,0.0,1.0,True
36640333,2023,0.16666666666666666,0.3333333333333333,0.5,True
36641369,2023,1.0,0.0,0.0,True
36642125,2023,1.0,0.0,0.0,True
36642186,2023,0.3333333333333333,0.0,0.6666666666666666,True
36642424,2023,0.5,0.0,0.5,True
36642713,2023,0.0,1.0,0.0,True
36643765,2022,1.0,0.0,0.0,True
36643922,2022,0.3333333333333333,0.0,0.6666666666666666,True
36644347,2022,0.16666666666666666,0.0,0.8333333333333334,True
36645076,2023,0.0,1.0,0.0,True
36646104,2023,0.5,0.3333333333333333,0.16666666666666666,True
36646786,2023,0.5,0.0,0.5,True
36647835,2023,1.0,0.0,0.0,True
36648132,2023,0.5,0.0,0.5,True
36648443,2023,0.0,1.0,0.0,True
36648507,2023,0.25,0.25,0.5,True
36648999,2023,1.0,0.0,0.0,True
36649080,2023,0.0,0.6666666666666666,0.3333333333333333,True
36649143,2023,1.0,0.0,0.0,True
36649170,2023,0.0,1.0,0.0,True
36649430,2023,0.3333333333333333,0.0,0.6666666666666666,True
36650008,2023,0.0,1.0,0.0,True
36650450,2023,1.0,0.0,0.0,True
36652230,2023,0.6666666666666666,0.0,0.3333333333333333,True
36652272,2023,0.0,0.0,0.0,True
36652484,2023,0.0,1.0,0.0,True
36652685,2023,1.0,0.0,0.0,True
36652957,2023,1.0,0.0,0.0,True
36653022,2023,0.0,0.0,0.0,True
36653033,2023,1.0,0.0,0.0,True
36653245,2023,1.0,0.0,0.0,True
36653422,2023,1.0,0.0,0.0,True
36653713,2023,0.0,0.0,1.0,True
36654682,2022,0.25,0.0,0.75,True
36654757,2022,0.2,0.4,0.4,True
36655171,2022,0.4,0.2,0.4,True
36656038,2023,0.0,1.0,0.0,True
36656578,2023,1.0,0.0,0.0,True
36656833,2023,0.5,0.0,0.5,True
36657109,2023,1.0,0.0,0.0,True
36657670,2023,1.0,0.0,0.0,True
36657977,2023,1.0,0.0,0.0,True
36658223,2023,0.0,0.5,0.5,True
36658307,2023,1.0,0.0,0.0,True
36658436,2023,0.0,0.5,0.5,True
36659972,2022,1.0,0.0,0.0,True
36661295,2023,1.0,0.0,0.0,True
36661568,2023,0.0,1.0,0.0,True
36662523,2023,1.0,0.0,0.0,True
36662526,2023,1.0,0.0,0.0,True
36662619,2023,0.0,0.6666666666666666,0.3333333333333333,True
36662819,2023,1.0,0.0,0.0,True
36662884,2023,0.25,0.5,0.25,True
36669145,2023,1.0,0.0,0.0,True
36669485,2023,0.5,0.0,0.5,True
36669877,2023,0.3333333333333333,0.6666666666666666,0.0,True
36670115,2023,0.0,0.0,1.0,True
36670602,2022,0.0,0.0,0.0,True
36671538,2023,0.0,0.0,1.0,True
36671553,2023,0.3333333333333333,0.6666666666666666,0.0,True
36672409,2023,0.3333333333333333,0.0,0.6666666666666666,True
36677521,2023,0.0,0.0,1.0,True
36678803,2023,0.25,0.0,0.75,True
36679939,2022,0.0,0.0,0.0,True
36680108,2022,0.6666666666666666,0.0,0.3333333333333333,True
36681898,2023,0.6666666666666666,0.0,0.3333333333333333,True
36682187,2023,1.0,0.0,0.0,True
36683075,2023,0.16666666666666666,0.0,0.8333333333333334,True
36683094,2023,0.0,0.5,0.5,True
36683829,2023,0.0,1.0,0.0,True
36684993,2023,1.0,0.0,0.0,True
36685042,2023,0.0,0.16666666666666666,0.8333333333333334,True
36685559,2023,0.0,0.6,0.4,True
36687508,2023,0.5,0.375,0.125,True
36688643,2023,0.5,0.0,0.5,True
36688720,2023,1.0,0.0,0.0,True
36688725,2023,1.0,0.0,0.0,True
36689218,2023,1.0,0.0,0.0,True
36689233,2023,0.0,1.0,0.0,True
36689648,2023,0.16666666666666666,0.8333333333333334,0.0,True
36690168,2023,0.0,1.0,0.0,True
36690456,2023,1.0,0.0,0.0,True
36690803,2023,0.5,0.0,0.5,True
36691969,2023,0.25,0.5,0.25,True
36692019,2023,0.3333333333333333,0.0,0.6666666666666666,True
36692218,2023,0.0,0.5,0.5,True
36692302,2023,0.0,0.4,0.6,True
36692560,2023,1.0,0.0,0.0,True
36693370,2023,0.125,0.25,0.625,True
36693842,2023,0.0,0.5,0.5,True
36693887,2023,0.25,0.75,0.0,True
36694041,2023,1.0,0.0,0.0,True
36694118,2023,1.0,0.0,0.0,True
36694157,2023,1.0,0.0,0.0,True
36694330,2023,0.25,0.0,0.75,True
36694456,2023,1.0,0.0,0.0,True
36695055,2023,0.6666666666666666,0.0,0.3333333333333333,True
36695285,2023,1.0,0.0,0.0,True
36695358,2023,0.3333333333333333,0.0,0.6666666666666666,True
36695574,2023,0.3333333333333333,0.0,0.6666666666666666,True
36695611,2023,0.5,0.0,0.5,True
36695634,2023,1.0,0.0,0.0,True
36696094,2023,1.0,0.0,0.0,True
36696440,2023,0.16666666666666666,0.3333333333333333,0.5,True
36696540,2023,1.0,0.0,0.0,True
36696902,2023,0.0,0.0,1.0,True
36697121,2023,0.8888888888888888,0.0,0.1111111111111111,True
36697369,2023,0.25,0.0,0.75,True
36698662,2022,0.0,0.0,1.0,True
36699615,2022,0.1,0.1,0.8,True
36699640,2022,0.0,0.16666666666666666,0.8333333333333334,True
36700582,2023,0.0,1.0,0.0,True
36700736,2022,0.3333333333333333,0.0,0.6666666666666666,True
36700853,2023,1.0,0.0,0.0,True
36701470,2023,0.0,0.0,1.0,True
36702125,2023,0.3333333333333333,0.3333333333333333,0.3333333333333333,True
36702196,2023,0.0,1.0,0.0,True
36702318,2023,0.2,0.6,0.2,True
36702356,2023,1.0,0.0,0.0,True
36702468,2023,0.0,0.0,0.0,True
36702771,2023,0.6666666666666666,0.0,0.3333333333333333,True
36702826,2023,0.3333333333333333,0.0,0.6666666666666666,True
36702897,2023,0.0,0.0,1.0,True
36702996,2023,0.5,0.0,0.5,True
36703164,2023,1.0,0.0,0.0,True
36703228,2023,0.0,0.6,0.4,True
36704840,2023,0.3333333333333333,0.0,0.6666666666666666,True
36705550,2023,0.0,0.0,0.0,True
36705597,2023,1.0,0.0,0.0,True
36706504,2023,0.3333333333333333,0.0,0.6666666666666666,True
36706677,2023,0.0,0.0,1.0,True
36707427,2023,0.2,0.0,0.8,True
36707444,2023,1.0,0.0,0.0,True
36707822,2023,0.3333333333333333,0.6666666666666666,0.0,True
36708073,2023,0.0,0.0,0.0,True
36708949,2023,0.0,0.4,0.6,True
36709074,2023,0.2857142857142857,0.2857142857142857,0.42857142857142855,True
36709532,2023,0.0,1.0,0.0,True
36709665,2023,0.3333333333333333,0.6666666666666666,0.0,True
36709846,2023,1.0,0.0,0.0,True
36710345,2023,0.6,0.0,0.4,True
36710673,2023,1.0,0.0,0.0,True
36712480,2022,1.0,0.0,0.0,True
36712882,2023,0.2857142857142857,0.0,0.7142857142857143,True
36713582,2023,0.2,0.0,0.8,True
36714202,2023,1.0,0.0,0.0,True
36714460,2023,0.6666666666666666,0.3333333333333333,0.0,True
36715097,2023,0.0,0.0,1.0,True
36715449,2023,1.0,0.0,0.0,True
36715552,2023,1.0,0.0,0.0,True
36715691,2023,0.25,0.0,0.75,True
36716027,2023,1.0,0.0,0.0,True
36716083,2023,0.5,0.0,0.5,True
36716320,2023,0.0,0.0,0.0,True
36716914,2023,0.25,0.75,0.0,True
36717230,2023,0.0,1.0,0.0,True
36717246,2023,0.2,0.4,0.4,True
36717694,2023,0.0,0.4,0.6,True
36719087,2023,0.25,0.5,0.25,True
36719093,2023,0.25,0.0,0.75,True
36719165,2023,0.75,0.0,0.25,True
36719272,2023,0.0,0.0,1.0,True
36719383,2023,0.75,0.0,0.25,True
36719678,2023,0.8333333333333334,0.16666666666666666,0.0,True
36719974,2023,1.0,0.0,0.0,True
36720000,2023,0.5,0.0,0.5,True
36721240,2023,1.0,0.0,0.0,True
36721410,2022,1.0,0.0,0.0,True
36721982,2023,0.0,1.0,0.0,True
36723440,2023,0.5,0.0,0.5,True
36723951,2023,1.0,0.0,0.0,True
36724001,2023,1.0,0.0,0.0,True
36724075,2023,0.0,0.75,0.25,True
36724127,2023,0.5,0.0,0.5,True
36724259,2023,0.2,0.0,0.8,True
36724417,2023,1.0,0.0,0.0,True
36724784,2023,0.0,0.5,0.5,True
36725433,2023,0.25,0.25,0.5,True
36726110,2023,1.0,0.0,0.0,True
36726377,2023,0.0,0.0,1.0,True
36726645,2023,0.2,0.8,0.0,True
36727488,2023,0.0,0.6666666666666666,0.3333333333333333,True
36727945,2023,0.0,1.0,0.0,True
36728413,2023,0.0,0.3333333333333333,0.6666666666666666,True
36729250,2023,1.0,0.0,0.0,True
36729469,2023,1.0,0.0,0.0,True
36729476,2023,0.6666666666666666,0.0,0.3333333333333333,True
36729673,2023,1.0,0.0,0.0,True
36729683,2023,1.0,0.0,0.0,True
36729903,2023,0.2,0.4,0.4,True
36730201,2023,0.0,1.0,0.0,True
36731429,2023,0.3333333333333333,0.3333333333333333,0.3333333333333333,True
36731721,2023,0.0,0.8,0.2,True
36731813,2023,1.0,0.0,0.0,True
36732510,2023,0.0,1.0,0.0,True
36732531,2023,0.3333333333333333,0.0,0.6666666666666666,True
36733807,2023,1.0,0.0,0.0,True
36733941,2023,0.0,0.0,0.0,True
36734144,2022,0.5,0.0,0.5,True
36734402,2023,1.0,0.0,0.0,True
36735533,2023,0.0,0.5,0.5,True
36735910,2023,0.5,0.0,0.5,True
36736426,2023,0.3333333333333333,0.3333333333333333,0.3333333333333333,True
36736431,2023,0.0,0.5,0.5,True
36736875,2023,1.0,0.0,0.0,True
36737106,2023,0.0,0.4,0.6,True
36737481,2023,1.0,0.0,0.0,True
36737743,2023,0.4,0.6,0.0,True
36737758,2023,0.25,0.0,0.75,True
36738241,2023,0.5,0.0,0.5,True
36738688,2023,0.0,0.0,1.0,True
36738797,2023,0.0,0.0,1.0,True
36739273,2023,0.2,0.0,0.8,True
36739295,2023,1.0,0.0,0.0,True
36739444,2023,0.3333333333333333,0.0,0.6666666666666666,True
36739463,2023,0.0,0.75,0.25,True
36739477,2023,0.0,0.0,1.0,True
36739565,2023,0.6666666666666666,0.0,0.3333333333333333,True
36739878,2023,0.0,0.4,0.6,True
36739951,2023,0.5,0.0,0.5,True
36741001,2023,0.8,0.0,0.2,True
36741385,2023,0.0,0.6666666666666666,0.3333333333333333,True
36741535,2022,0.16666666666666666,0.5,0.3333333333333333,True
36741836,2023,0.0,0.125,0.875,True
36742299,2023,0.0,0.0,0.0,True
36745536,2023,0.0,0.0,0.0,True
36745553,2023,0.0,0.5,0.5,True
36745787,2023,0.0,0.0,0.0,True
36745932,2023,1.0,0.0,0.0,True
36746112,2023,0.0,1.0,0.0,True
36746336,2023,1.0,0.0,0.0,True
36746924,2023,1.0,0.0,0.0,True
36746939,2023,0.0,1.0,0.0,True
36748043,2023,0.125,0.25,0.625,True
36748316,2023,1.0,0.0,0.0,True
36748495,2023,0.0,0.0,1.0,True
36749211,2023,1.0,0.0,0.0,True
36749728,2023,0.0,1.0,0.0,True
36749982,2023,0.3333333333333333,0.6666666666666666,0.0,True
36750741,2023,0.8,0.0,0.2,True
36752464,2023,1.0,0.0,0.0,True
36753412,2023,0.25,0.75,0.0,True
36753564,2023,0.2,0.4,0.4,True
36753641,2023,0.3333333333333333,0.0,0.6666666666666666,True
36754451,2023,0.5,0.0,0.5,True
36754634,2023,1.0,0.0,0.0,True
36754859,2023,0.5,0.0,0.5,True
36754959,2023,0.3333333333333333,0.0,0.6666666666666666,True
36755207,2023,0.0,1.0,0.0,True
36755544,2022,0.5,0.0,0.5,True
36756125,2023,0.0,0.6,0.4,True
36756127,2023,0.2,0.4,0.4,True
36757281,2023,1.0,0.0,0.0,True
36757801,2023,0.0,0.75,0.25,True
36757813,2023,0.3333333333333333,0.0,0.6666666666666666,True
36757889,2023,1.0,0.0,0.0,True
36758122,2023,0.0,0.6666666666666666,0.3333333333333333,True
36758209,2023,1.0,0.0,0.0,True
36758675,2023,0.0,0.8,0.2,True
36758799,2023,1.0,0.0,0.0,True
36759615,2023,0.3333333333333333,0.0,0.6666666666666666,True
36759616,2023,0.0,0.5,0.5,True
36759899,2023,1.0,0.0,0.0,True
36761845,2022,0.25,0.75,0.0,True
36762407,2023,0.6666666666666666,0.0,0.3333333333333333,True
36762418,2023,1.0,0.0,0.0,True
36762421,2023,0.0,0.0,1.0,True
36762476,2023,0.0,0.0,1.0,True
36762496,2023,1.0,0.0,0.0,True
36762588,2023,0.0,0.5,0.5,True
36763093,2023,1.0,0.0,0.0,True
36763540,2023,1.0,0.0,0.0,True
36763635,2023,0.0,0.75,0.25,True
36763778,2023,0.5,0.0,0.5,True
36764908,2023,0.2,0.4,0.4,True
36765047,2023,0.0,0.6666666666666666,0.3333333333333333,True
36765070,2023,0.14285714285714285,0.14285714285714285,0.7142857142857143,True
36765261,2023,1.0,0.0,0.0,True
36766826,2023,0.0,0.0,1.0,True
36767383,2023,1.0,0.0,0.0,True
36767414,2023,1.0,0.0,0.0,True
36767684,2023,0.0,0.0,0.0,True
36768931,2023,0.0,0.5,0.5,True
36769244,2023,0.25,0.0,0.75,True
36769639,2023,0.8,0.0,0.2,True
36771093,2023,1.0,0.0,0.0,True
36771486,2023,1.0,0.0,0.0,True
36772948,2023,1.0,0.0,0.0,True
36773182,2023,1.0,0.0,0.0,True
36773602,2023,0.3333333333333333,0.0,0.6666666666666666,True
36774100,2022,1.0,0.0,0.0,True
36774228,2023,1.0,0.0,0.0,True
36774660,2023,1.0,0.0,0.0,True
36774693,2023,0.3333333333333333,0.6666666666666666,0.0,True
36774715,2023,1.0,0.0,0.0,True
36775844,2023,1.0,0.0,0.0,True
36776716,2023,1.0,0.0,0.0,True
36777171,2022,0.0,0.5,0.5,True
36777465,2023,0.0,0.0,0.0,True
36778849,2023,0.0,0.0,1.0,True
36778948,2023,0.0,0.0,1.0,True
36779417,2023,0.0,1.0,0.0,True
36779427,2023,0.0,0.0,0.0,True
36780238,2023,0.0,0.5,0.5,True
36780482,2023,0.25,0.0,0.75,True
36780560,2023,1.0,0.0,0.0,True
36780872,2023,0.2,0.4,0.4,True
36781221,2023,0.0,1.0,0.0,True
36781286,2023,0.5,0.5,0.0,True
36781825,2023,0.0,1.0,0.0,True
36781870,2023,0.3333333333333333,0.0,0.6666666666666666,True
36782063,2023,1.0,0.0,0.0,True
36782149,2023,0.0,0.5,0.5,True
36782237,2023,0.2,0.4,0.4,True
36785484,2023,1.0,0.0,0.0,True
36785787,2023,0.0,0.0,1.0,True
36786055,2023,0.3333333333333333,0.6666666666666666,0.0,True
36786832,2023,0.0,0.3333333333333333,0.6666666666666666,True
36787354,2023,0.25,0.5,0.25,True
36787359,2023,0.0,0.0,0.0,True
36787466,2023,1.0,0.0,0.0,True
36788244,2023,1.0,0.0,0.0,True
36788255,2023,0.5,0.0,0.5,True
36788284,2023,1.0,0.0,0.0,True
36788424,2023,0.5,0.0,0.5,True
36788566,2023,0.25,0.75,0.0,True
36788583,2023,1.0,0.0,0.0,True
36788734,2023,0.2,0.4,0.4,True
36789106,2023,0.0,0.14285714285714285,0.8571428571428571,True
36789551,2023,1.0,0.0,0.0,True
36790075,2023,0.8,0.0,0.2,True
36790144,2023,0.25,0.0,0.75,True
36790505,2023,0.0,0.6666666666666666,0.3333333333333333,True
36790818,2023,0.25,0.0,0.75,True
36790924,2023,1.0,0.0,0.0,True
36790955,2023,0.3333333333333333,0.0,0.6666666666666666,True
36791193,2023,0.5,0.0,0.5,True
36791195,2023,0.0,0.0,1.0,True
36791419,2023,1.0,0.0,0.0,True
36791506,2023,1.0,0.0,0.0,True
36791566,2023,0.25,0.5,0.25,True
36792576,2023,1.0,0.0,0.0,True
36793061,2023,0.14285714285714285,0.2857142857142857,0.5714285714285714,True
36793728,2023,0.5,0.0,0.5,True
36793774,2023,1.0,0.0,0.0,True
36793865,2023,0.3333333333333333,0.0,0.6666666666666666,True
36794732,2023,0.16666666666666666,0.3333333333333333,0.5,True
36795469,2023,0.0,0.6666666666666666,0.3333333333333333,True
36795561,2023,0.25,0.0,0.75,True
36796223,2023,0.25,0.75,0.0,True
36796505,2023,0.0,1.0,0.0,True
36796514,2023,0.0,0.0,1.0,True
36796842,2023,0.0,0.0,0.0,True
36796878,2023,0.16666666666666666,0.3333333333333333,0.5,True
36797040,2023,1.0,0.0,0.0,True
36797290,2023,0.3333333333333333,0.6666666666666666,0.0,True
36797416,2023,0.25,0.5,0.25,True
36797475,2023,0.2,0.0,0.8,True
36797493,2023,0.5,0.0,0.5,True
36797998,2023,0.5,0.0,0.5,True
36799072,2023,1.0,0.0,0.0,True
36799129,2023,0.3333333333333333,0.0,0.6666666666666666,True
36799629,2023,0.16666666666666666,0.3333333333333333,0.5,True
36799863,2023,0.2,0.4,0.4,True
36800291,2023,0.0,0.5,0.5,True
36800387,2023,0.0,1.0,0.0,True
36800423,2023,1.0,0.0,0.0,True
36800430,2023,0.0,0.2857142857142857,0.7142857142857143,True
36800930,2023,1.0,0.0,0.0,True
36801400,2023,0.3333333333333333,0.6666666666666666,0.0,True
36801810,2023,0.3333333333333333,0.0,0.6666666666666666,True
36801811,2023,0.5,0.0,0.5,True
36801946,2023,0.5,0.0,0.5,True
36802419,2023,0.0,0.6666666666666666,0.3333333333333333,True
36803209,2023,1.0,0.0,0.0,True
36803654,2023,1.0,0.0,0.0,True
36804133,2023,1.0,0.0,0.0,True
36804453,2023,0.5,0.0,0.5,True
36804936,2023,0.0,0.3333333333333333,0.6666666666666666,True
36805499,2023,1.0,0.0,0.0,True
36805886,2022,0.5,0.0,0.5,True
36806146,2023,0.125,0.375,0.5,True
36806329,2023,0.0,0.0,0.0,True
36806333,2023,1.0,0.0,0.0,True
36806387,2023,1.0,0.0,0.0,True
36806439,2023,1.0,0.0,0.0,True
36806683,2023,0.0,0.0,1.0,True
36807241,2023,0.3333333333333333,0.6666666666666666,0.0,True
36807310,2023,0.0,1.0,0.0,True
36808125,2023,0.3333333333333333,0.6666666666666666,0.0,True
36808143,2023,1.0,0.0,0.0,True
36808164,2023,0.0,0.0,0.0,True
36808241,2023,1.0,0.0,0.0,True
36808817,2023,1.0,0.0,0.0,True
36809119,2023,0.25,0.75,0.0,True
36809470,2023,1.0,0.0,0.0,True
36809715,2023,0.5,0.0,0.5,True
36810713,2024,1.0,0.0,0.0,True
36811231,2023,1.0,0.0,0.0,True
36811575,2023,0.25,0.75,0.0,True
36812441,2023,1.0,0.0,0.0,True
36813269,2023,0.5,0.0,0.5,True
36813963,2023,0.3333333333333333,0.0,0.6666666666666666,True
36814845,2023,1.0,0.0,0.0,True
36814914,2023,1.0,0.0,0.0,True
36814928,2023,0.0,0.5,0.5,True
36815703,2023,1.0,0.0,0.0,True
36817413,2023,0.0,0.0,1.0,True
36819642,2023,0.0,0.0,0.0,True
36819663,2023,0.2,0.0,0.8,True
36820236,2022,1.0,0.0,0.0,True
36820301,2023,0.09090909090909091,0.18181818181818182,0.7272727272727273,True
36821354,2023,1.0,0.0,0.0,True
36821369,2023,0.0,0.6666666666666666,0.3333333333333333,True
36821582,2023,0.5,0.25,0.25,True
36821613,2023,1.0,0.0,0.0,True
36821638,2023,0.0,1.0,0.0,True
36821717,2023,0.5,0.5,0.0,True
36821823,2023,1.0,0.0,0.0,True
36822122,2023,1.0,0.0,0.0,True
36822140,2023,1.0,0.0,0.0,True
36822279,2023,1.0,0.0,0.0,True
36822325,2023,0.0,0.6666666666666666,0.3333333333333333,True
36822664,2023,0.0,1.0,0.0,True
36823217,2023,1.0,0.0,0.0,True
36823235,2023,0.25,0.5,0.25,True
36823605,2023,1.0,0.0,0.0,True
36823612,2023,0.18181818181818182,0.5454545454545454,0.2727272727272727,True
36824269,2023,0.25,0.25,0.5,True
36825385,2023,1.0,0.0,0.0,True
36826621,2023,0.25,0.5,0.25,True
36826851,2023,0.2,0.2,0.6,True
36827103,2023,0.0,1.0,0.0,True
36827419,2023,0.14285714285714285,0.2857142857142857,0.5714285714285714,True
36827971,2023,0.5,0.0,0.5,True
36827983,2023,0.0,0.0,1.0,True
36828228,2023,1.0,0.0,0.0,True
36828585,2024,1.0,0.0,0.0,True
36828628,2023,0.0,1.0,0.0,True
36828809,2023,1.0,0.0,0.0,True
36830622,2023,1.0,0.0,0.0,True
36830658,2023,0.0,0.75,0.25,True
36830680,2023,0.5,0.0,0.5,True
36831373,2023,0.0,0.0,1.0,True
36831656,2023,0.25,0.0,0.75,True
36832235,2023,1.0,0.0,0.0,True
36833192,2023,1.0,0.0,0.0,True
36834278,2023,1.0,0.0,0.0,True
36836334,2023,0.09090909090909091,0.9090909090909091,0.0,True
36837829,2023,1.0,0.0,0.0,True
36839479,2023,0.0,0.6666666666666666,0.3333333333333333,True
36841368,2023,1.0,0.0,0.0,True
36841831,2023,0.25,0.5,0.25,True
36842431,2023,0.3333333333333333,0.6666666666666666,0.0,True
36843608,2023,0.0,0.75,0.25,True
36843654,2023,0.0,0.0,0.0,True
36844167,2022,1.0,0.0,0.0,True
36845078,2023,0.0,0.5,0.5,True
36845315,2022,1.0,0.0,0.0,True
36846105,2022,0.5,0.25,0.25,True
36846212,2023,1.0,0.0,0.0,True
36847016,2023,0.2,0.4,0.4,True
36847339,2023,1.0,0.0,0.0,True
36847357,2023,1.0,0.0,0.0,True
36847501,2023,0.1111111111111111,0.4444444444444444,0.4444444444444444,True
36847507,2023,0.2,0.4,0.4,True
36848230,2023,0.0,0.6666666666666666,0.3333333333333333,True
36848233,2023,0.0,0.4,0.6,True
36848636,2023,0.5,0.0,0.5,True
36849026,2023,0.2,0.6,0.2,True
36849591,2023,1.0,0.0,0.0,True
36851697,2023,0.0,0.6666666666666666,0.3333333333333333,True
36852088,2023,0.3,0.3,0.4,True
36852995,2023,0.0,1.0,0.0,True
36853008,2023,0.5,0.5,0.0,True
36853056,2023,0.0,0.0,1.0,True
36853940,2023,0.0,0.6666666666666666,0.3333333333333333,True
36854674,2023,0.5,0.0,0.5,True
36854751,2023,0.3333333333333333,0.0,0.6666666666666666,True
36855134,2023,1.0,0.0,0.0,True
36855860,2023,1.0,0.0,0.0,True
36856421,2023,0.2,0.8,0.0,True
36856712,2023,1.0,0.0,0.0,True
36857394,2023,0.14285714285714285,0.2857142857142857,0.5714285714285714,True
36857449,2023,0.5,0.0,0.5,True
36857453,2023,0.0,0.5,0.5,True
36858044,2023,1.0,0.0,0.0,True
36858190,2023,0.3333333333333333,0.6666666666666666,0.0,True
36858332,2023,1.0,0.0,0.0,True
36858826,2023,0.0,0.6666666666666666,0.3333333333333333,True
36859526,2023,0.0,1.0,0.0,True
36860349,2022,0.0,0.0,0.0,True
36860703,2022,0.16666666666666666,0.3333333333333333,0.5,True
36860875,2023,0.3333333333333333,0.0,0.6666666666666666,True
36861959,2023,1.0,0.0,0.0,True
36862161,2023,1.0,0.0,0.0,True
36862625,2023,0.5,0.0,0.5,True
36862755,2023,0.16666666666666666,0.6666666666666666,0.16666666666666666,True
36863851,2023,1.0,0.0,0.0,True
36864132,2023,1.0,0.0,0.0,True
36864781,2023,0.0,0.3333333333333333,0.6666666666666666,True
36864926,2023,0.0,1.0,0.0,True
36865553,2023,0.2,0.4,0.4,True
36865905,2023,0.3333333333333333,0.3333333333333333,0.3333333333333333,True
36867023,2023,0.0,1.0,0.0,True
36867521,2023,1.0,0.0,0.0,True
36867701,2023,0.0,1.0,0.0,True
36867991,2023,1.0,0.0,0.0,True
36868199,2023,1.0,0.0,0.0,True
36868260,2023,1.0,0.0,0.0,True
36869333,2023,0.3333333333333333,0.6666666666666666,0.0,True
36869417,2023,1.0,0.0,0.0,True
36869703,2023,0.0,0.0,0.0,True
36869714,2023,1.0,0.0,0.0,True
36870109,2023,0.14285714285714285,0.42857142857142855,0.42857142857142855,True
36870293,2023,0.0,1.0,0.0,True
36871077,2023,0.0,0.0,1.0,True
36871185,2023,1.0,0.0,0.0,True
36871639,2023,1.0,0.0,0.0,True
36872133,2023,1.0,0.0,0.0,True
36872339,2023,0.3333333333333333,0.6666666666666666,0.0,True
36873095,2023,0.0,1.0,0.0,True
36873731,2023,1.0,0.0,0.0,True
36873924,2023,0.25,0.125,0.625,True
36875017,2023,0.0,0.0,1.0,True
36875114,2023,1.0,0.0,0.0,True
36875636,2023,1.0,0.0,0.0,True
36875691,2023,0.0,0.0,0.0,True
36875753,2023,0.3333333333333333,0.0,0.6666666666666666,True
36876055,2023,0.0,0.0,1.0,True
36876220,2022,0.25,0.5,0.25,True
36876231,2023,1.0,0.0,0.0,True
36876911,2023,0.0,1.0,0.0,True
36877675,2023,0.3333333333333333,0.6666666666666666,0.0,True
36877848,2023,0.3333333333333333,0.0,0.6666666666666666,True
36878110,2023,1.0,0.0,0.0,True
36878686,2023,0.5,0.0,0.5,True
36879021,2023,0.08333333333333333,0.08333333333333333,0.8333333333333334,True
36879282,2023,0.5,0.0,0.5,True
36879434,2023,0.75,0.0,0.25,True
36880755,2023,0.14285714285714285,0.2857142857142857,0.5714285714285714,True
36880770,2023,0.25,0.75,0.0,True
36880831,2023,0.6666666666666666,0.0,0.3333333333333333,True
36881031,2023,1.0,0.0,0.0,True
36881408,2023,0.3333333333333333,0.6666666666666666,0.0,True
36882163,2023,0.0,0.0,0.0,True
36882188,2023,0.0,0.5,0.5,True
36882501,2023,1.0,0.0,0.0,True
36882504,2023,1.0,0.0,0.0,True
36882633,2023,1.0,0.0,0.0,True
36883452,2023,1.0,0.0,0.0,True
36883564,2023,0.5,0.0,0.5,True
36884201,2023,1.0,0.0,0.0,True
36884218,2023,1.0,0.0,0.0,True
36889304,2023,1.0,0.0,0.0,True
36889791,2023,1.0,0.0,0.0,True
36890337,2023,0.5,0.0,0.5,True
36891503,2023,1.0,0.0,0.0,True
36892048,2023,0.6666666666666666,0.0,0.3333333333333333,True
36892090,2023,1.0,0.0,0.0,True
36892768,2023,0.0,0.0,1.0,True
36893281,2023,0.5,0.0,0.5,True
36893732,2023,1.0,0.0,0.0,True
36894627,2023,0.0,0.6,0.4,True
36894654,2023,0.0,0.5,0.5,True
36894684,2023,1.0,0.0,0.0,True
36895388,2023,0.0,0.25,0.75,True
36895793,2023,0.16666666666666666,0.08333333333333333,0.75,True
36896966,2023,0.2,0.4,0.4,True
36897309,2023,0.5,0.0,0.5,True
36897526,2023,0.25,0.75,0.0,True
36897562,2023,0.0,0.3333333333333333,0.6666666666666666,True
36897799,2023,1.0,0.0,0.0,True
36897927,2023,0.25,0.5,0.25,True
36897929,2023,0.3333333333333333,0.0,0.6666666666666666,True
36897941,2023,0.25,0.75,0.0,True
36898370,2023,0.25,0.0,0.75,True
36898551,2023,0.0,0.5,0.5,True
36898756,2023,1.0,0.0,0.0,True
36898838,2023,0.25,0.75,0.0,True
36899335,2023,1.0,0.0,0.0,True
36899395,2023,1.0,0.0,0.0,True
36899892,2023,0.0,0.5,0.5,True
36900170,2023,1.0,0.0,0.0,True
36900799,2023,1.0,0.0,0.0,True
36901757,2023,0.0,0.75,0.25,True
36901936,2023,0.3333333333333333,0.0,0.6666666666666666,True
36902031,2023,0.0,0.6,0.4,True
36902115,2023,0.0,1.0,0.0,True
36906109,2023,0.3333333333333333,0.6666666666666666,0.0,True
36906275,2023,0.75,0.0,0.25,True
36907221,2023,1.0,0.0,0.0,True
36907281,2023,0.5,0.0,0.5,True
36907691,2023,1.0,0.0,0.0,True
36909343,2023,1.0,0.0,0.0,True
36909352,2023,0.5,0.5,0.0,True
36910594,2022,0.0,0.0,0.0,True
36910690,2023,0.0,0.0,0.0,True
36911658,2023,0.5,0.0,0.5,True
36911670,2023,0.5,0.0,0.5,True
36912080,2023,0.25,0.0,0.75,True
36912255,2023,0.0,0.0,1.0,True
36912623,2023,0.25,0.5,0.25,True
36912659,2023,0.5,0.0,0.5,True
36912773,2023,0.5,0.0,0.5,True
36913182,2023,1.0,0.0,0.0,True
36913882,2023,0.0,0.0,0.0,True
36914240,2023,0.2,0.6,0.2,True
36914634,2023,0.0,0.0,1.0,True
36914719,2023,1.0,0.0,0.0,True
36914875,2023,1.0,0.0,0.0,True
36915446,2023,0.5,0.5,0.0,True
36915530,2023,0.3333333333333333,0.0,0.6666666666666666,True
36915903,2022,0.5714285714285714,0.42857142857142855,0.0,True
36915943,2023,0.0,0.0,0.0,True
36917121,2023,1.0,0.0,0.0,True
36917478,2023,1.0,0.0,0.0,True
36918070,2023,1.0,0.0,0.0,True
36918225,2023,0.5,0.0,0.5,True
36918461,2024,0.0,0.6666666666666666,0.3333333333333333,True
36920308,2023,0.3333333333333333,0.0,0.6666666666666666,True
36920369,2023,1.0,0.0,0.0,True
36922393,2023,0.5,0.0,0.5,True
36922419,2023,1.0,0.0,0.0,True
36922494,2023,0.0,0.0,0.0,True
36922547,2023,1.0,0.0,0.0,True
36922930,2023,1.0,0.0,0.0,True
36922933,2022,0.5,0.0,0.5,True
36922980,2023,0.0,1.0,0.0,True
36923454,2023,0.6666666666666666,0.0,0.3333333333333333,True
36924350,2023,1.0,0.0,0.0,True
36924503,2023,0.0,0.0,1.0,True
36925066,2023,1.0,0.0,0.0,True
36926348,2023,0.5,0.0,0.5,True
36926457,2023,0.2222222222222222,0.0,0.7777777777777778,True
36927883,2023,1.0,0.0,0.0,True
36927955,2023,0.25,0.75,0.0,True
36928064,2023,1.0,0.0,0.0,True
36928087,2023,0.0,1.0,0.0,True
36928108,2023,0.5,0.5,0.0,True
36928598,2023,0.0,0.75,0.25,True
36929918,2023,1.0,0.0,0.0,True
36929923,2023,1.0,0.0,0.0,True
36929942,2023,0.5,0.0,0.5,True
36930528,2023,0.0,0.0,1.0,True
36930640,2023,0.5,0.0,0.5,True
36930738,2023,1.0,0.0,0.0,True
36931276,2023,0.5,0.5,0.0,True
36932053,2023,1.0,0.0,0.0,True
36932057,2023,0.5,0.0,0.5,True
36932059,2023,0.0,0.6666666666666666,0.3333333333333333,True
36932076,2023,0.25,0.0,0.75,True
36932097,2023,1.0,0.0,0.0,True
36932332,2023,1.0,0.0,0.0,True
36933012,2023,1.0,0.0,0.0,True
36933558,2023,0.0,0.0,0.0,True
36933724,2023,0.5,0.0,0.5,True
36933835,2023,0.2,0.4,0.4,True
36934843,2023,0.0,1.0,0.0,True
36934849,2023,1.0,0.0,0.0,True
36935165,2023,1.0,0.0,0.0,True
36935289,2023,0.5,0.0,0.5,True
36935515,2023,1.0,0.0,0.0,True
36935552,2023,1.0,0.0,0.0,True
36935719,2023,1.0,0.0,0.0,True
36936198,2023,0.25,0.0,0.75,True
36936220,2023,1.0,0.0,0.0,True
36936303,2023,0.5,0.0,0.5,True
36936756,2023,0.0,0.0,1.0,True
36937405,2023,0.5,0.0,0.5,True
36937987,2022,0.2222222222222222,0.1111111111111111,0.6666666666666666,True
36938663,2023,0.5,0.0,0.5,True
36939084,2023,1.0,0.0,0.0,True
36939877,2023,0.2,0.0,0.8,True
36940138,2023,0.2,0.4,0.4,True
36940812,2023,0.0,1.0,0.0,True
36941053,2023,0.16666666666666666,0.6666666666666666,0.16666666666666666,True
36941081,2023,1.0,0.0,0.0,True
36941246,2023,1.0,0.0,0.0,True
36941311,2023,0.0,1.0,0.0,True
36941562,2023,0.2,0.6,0.2,True
36941605,2023,0.5,0.0,0.5,True
36943362,2023,1.0,0.0,0.0,True
36943385,2023,1.0,0.0,0.0,True
36943870,2023,0.0,0.6666666666666666,0.3333333333333333,True
36943880,2023,0.3333333333333333,0.0,0.6666666666666666,True
36943913,2023,1.0,0.0,0.0,True
36944712,2023,0.0,1.0,0.0,True
36944930,2023,1.0,0.0,0.0,True
36948261,2023,0.2,0.4,0.4,True
36948505,2023,1.0,0.0,0.0,True
36948922,2023,0.5,0.0,0.5,True
36949107,2023,0.0,0.5,0.5,True
36949119,2023,0.0,0.0,0.0,True
36949937,2023,0.3333333333333333,0.6666666666666666,0.0,True
36950378,2023,0.0,0.0,1.0,True
36950690,2023,0.0,0.5,0.5,True
36950857,2023,1.0,0.0,0.0,True
36951053,2023,1.0,0.0,0.0,True
36951427,2023,1.0,0.0,0.0,True
36951526,2023,0.6666666666666666,0.0,0.3333333333333333,True
36951961,2023,0.3333333333333333,0.5,0.16666666666666666,True
36952545,2023,0.0,0.3333333333333333,0.6666666666666666,True
36957974,2023,0.5,0.0,0.5,True
36958379,2023,1.0,0.0,0.0,True
36958466,2023,0.0,0.6666666666666666,0.3333333333333333,True
36958667,2023,0.6666666666666666,0.0,0.3333333333333333,True
36959291,2023,0.0,0.0,1.0,True
36960051,2023,0.0,0.5,0.5,True
36960093,2023,0.16666666666666666,0.5,0.3333333333333333,True
36960317,2023,1.0,0.0,0.0,True
36960342,2023,1.0,0.0,0.0,True
36960714,2023,1.0,0.0,0.0,True
36960914,2023,0.5,0.0,0.5,True
36961465,2023,0.75,0.0,0.25,True
36961472,2023,0.25,0.0,0.75,True
36961501,2023,0.5,0.0,0.5,True
36961765,2023,1.0,0.0,0.0,True
36961831,2023,0.75,0.25,0.0,True
36961903,2023,0.0,1.0,0.0,True
36962397,2022,0.8,0.0,0.2,True
36962417,2022,1.0,0.0,0.0,True
36963080,2023,1.0,0.0,0.0,True
36963472,2023,1.0,0.0,0.0,True
36963628,2023,0.5,0.0,0.5,True
36964296,2023,0.5,0.0,0.5,True
36964712,2023,1.0,0.0,0.0,True
36965478,2023,0.625,0.0,0.375,True
36966070,2023,0.0,0.6666666666666666,0.3333333333333333,True
36966147,2023,0.0,0.0,1.0,True
36966175,2023,0.3333333333333333,0.0,0.6666666666666666,True
36966234,2023,1.0,0.0,0.0,True
36966617,2023,0.6666666666666666,0.0,0.3333333333333333,True
36967193,2023,0.0,0.5,0.5,True
36967390,2023,0.0,0.0,0.0,True
36968065,2023,0.0,0.2,0.8,True
36968141,2023,1.0,0.0,0.0,True
36968430,2023,0.0,0.0,1.0,True
36968585,2023,1.0,0.0,0.0,True
36969368,2022,0.8333333333333334,0.16666666666666666,0.0,True
36969797,2022,0.0,0.0,1.0,True
36970182,2023,0.0,0.2,0.8,True
36970749,2023,0.0,1.0,0.0,True
36971428,2023,0.0,0.6666666666666666,0.3333333333333333,True
36971511,2023,0.3333333333333333,0.0,0.6666666666666666,True
36971661,2023,0.0,1.0,0.0,True
36972660,2023,0.5,0.0,0.5,True
36972758,2023,1.0,0.0,0.0,True
36972976,2023,1.0,0.0,0.0,True
36972977,2023,1.0,0.0,0.0,True
36973172,2024,1.0,0.0,0.0,True
36973267,2023,0.25,0.25,0.5,True
36973439,2023,0.3333333333333333,0.0,0.6666666666666666,True
36974632,2023,0.0,0.0,1.0,True
36974720,2023,0.6666666666666666,0.0,0.3333333333333333,True
36975162,2023,1.0,0.0,0.0,True
36975192,2023,1.0,0.0,0.0,True
36975211,2023,0.0,0.5,0.5,True
36975616,2023,1.0,0.0,0.0,True
36976017,2023,0.0,0.5,0.5,True
36976252,2023,0.0,0.0,1.0,True
36976558,2023,1.0,0.0,0.0,True
36977151,2023,0.0,0.0,0.0,True
36977629,2023,1.0,0.0,0.0,True
36977910,2023,0.2,0.4,0.4,True
36978190,2023,1.0,0.0,0.0,True
36978267,2023,0.0,1.0,0.0,True
36978889,2023,0.0,0.0,1.0,True
36980006,2023,1.0,0.0,0.0,True
36980375,2023,0.0,0.0,0.0,True
36980755,2023,0.5714285714285714,0.0,0.42857142857142855,True
36980922,2023,0.0,1.0,0.0,True
36982411,2023,0.0,0.6,0.4,True
36983050,2023,0.0,1.0,0.0,True
36987692,2024,0.0,0.0,1.0,True
36987696,2023,0.3333333333333333,0.6666666666666666,0.0,True
36988164,2023,1.0,0.0,0.0,True
36988432,2023,0.5,0.0,0.5,True
36988887,2023,0.0,0.0,1.0,True
36989488,2023,1.0,0.0,0.0,True
36990610,2023,1.0,0.0,0.0,True
36990659,2023,1.0,0.0,0.0,True
36991131,2024,0.2,0.0,0.8,True
36991390,2023,1.0,0.0,0.0,True
36991516,2023,0.6666666666666666,0.0,0.3333333333333333,True
36991555,2023,0.0,0.0,0.0,True
36992166,2023,1.0,0.0,0.0,True
36992369,2023,0.0,0.0,1.0,True
36992528,2023,0.0,0.4,0.6,True
36995689,2023,0.0,0.0,0.0,True
36995904,2023,0.25,0.0,0.75,True
36995926,2023,0.0,0.75,0.25,True
36996101,2023,0.0,0.0,1.0,True
36996276,2023,1.0,0.0,0.0,True
36996445,2024,1.0,0.0,0.0,True
36997024,2023,1.0,0.0,0.0,True
36997122,2023,1.0,0.0,0.0,True
36997168,2023,1.0,0.0,0.0,True
36997331,2023,0.25,0.5,0.25,True
36997521,2023,0.3333333333333333,0.6666666666666666,0.0,True
36998058,2023,1.0,0.0,0.0,True
36998631,2023,0.4,0.0,0.6,True
36999602,2023,0.3333333333333333,0.0,0.6666666666666666,True
36999846,2023,0.0,1.0,0.0,True
37001215,2023,1.0,0.0,0.0,True
37001432,2023,0.16666666666666666,0.3333333333333333,0.5,True
37002277,2023,1.0,0.0,0.0,True
37003294,2023,0.0,1.0,0.0,True
37003305,2023,0.2,0.6,0.2,True
37004012,2023,1.0,0.0,0.0,True
37004072,2023,0.0,0.0,0.0,True
37004336,2023,1.0,0.0,0.0,True
37004747,2023,1.0,0.0,0.0,True
37005411,2023,0.14285714285714285,0.42857142857142855,0.42857142857142855,True
37005419,2023,0.0,0.0,1.0,True
37007686,2023,1.0,0.0,0.0,True
37007799,2023,0.0,0.6,0.4,True
37008654,2023,0.5,0.0,0.5,True
37009059,2023,0.0,0.0,0.0,True
37009203,2022,1.0,0.0,0.0,True
37009481,2023,0.0,0.0,1.0,True
37009983,2023,0.16666666666666666,0.8333333333333334,0.0,True
37010311,2023,0.5,0.0,0.5,True
37010416,2023,0.0,0.75,0.25,True
37010988,2023,1.0,0.0,0.0,True
37011700,2023,0.16666666666666666,0.5,0.3333333333333333,True
37012188,2023,1.0,0.0,0.0,True
37012369,2023,1.0,0.0,0.0,True
37013528,2023,0.3333333333333333,0.6666666666666666,0.0,True
37013538,2023,0.6666666666666666,0.0,0.3333333333333333,True
37013609,2023,0.5,0.0,0.5,True
37013719,2023,1.0,0.0,0.0,True
37013952,2023,1.0,0.0,0.0,True
37014538,2023,0.0,1.0,0.0,True
37014920,2023,0.16666666666666666,0.5,0.3333333333333333,True
37015418,2023,1.0,0.0,0.0,True
37016066,2023,1.0,0.0,0.0,True
37016359,2023,1.0,0.0,0.0,True
37016727,2023,0.5,0.0,0.5,True
37017086,2023,1.0,0.0,0.0,True
37017524,2023,0.0,0.5,0.5,True
37017580,2023,0.25,0.0,0.75,True
37017827,2023,0.0,1.0,0.0,True
37018058,2023,1.0,0.0,0.0,True
37018064,2023,0.5,0.0,0.5,True
37018390,2023,0.5,0.0,0.5,True
37018759,2024,1.0,0.0,0.0,True
37019514,2023,1.0,0.0,0.0,True
37020259,2023,0.8,0.0,0.2,True
37020391,2023,0.0,0.6,0.4,True
37020550,2023,0.25,0.5,0.25,True
37022144,2023,0.25,0.0,0.75,True
37022617,2023,0.0,0.0,1.0,True
37023490,2023,1.0,0.0,0.0,True
37023756,2023,0.0,0.75,0.25,True
37023964,2023,1.0,0.0,0.0,True
37024449,2023,0.0,1.0,0.0,True
37024461,2023,0.25,0.0,0.75,True
37024528,2023,0.6666666666666666,0.0,0.3333333333333333,False
37024617,2023,0.4,0.4,0.2,True
37025303,2023,1.0,0.0,0.0,True
37025992,2023,0.25,0.5,0.25,True
37026915,2023,1.0,0.0,0.0,True
37027157,2023,0.8,0.0,0.2,True
37027391,2023,0.3333333333333333,0.6666666666666666,0.0,True
37027458,2023,0.4,0.0,0.6,True
37028583,2023,0.3333333333333333,0.0,0.6666666666666666,True
37029730,2023,1.0,0.0,0.0,True
37029916,2023,1.0,0.0,0.0,True
37030115,2023,0.0,0.6666666666666666,0.3333333333333333,True
37030330,2023,1.0,0.0,0.0,True
37030453,2023,1.0,0.0,0.0,True
37030592,2023,0.2,0.6,0.2,True
37031249,2023,0.0,0.5,0.5,True
37033230,2023,0.2,0.8,0.0,True
37033725,2023,0.25,0.0,0.75,True
37033916,2023,0.42857142857142855,0.0,0.5714285714285714,True
37034120,2023,1.0,0.0,0.0,True
37036230,2023,0.3333333333333333,0.6666666666666666,0.0,True
37036346,2023,0.25,0.5,0.25,True
37036445,2023,0.16666666666666666,0.0,0.8333333333333334,True
37037594,2023,0.0,0.75,0.25,True
37037607,2023,1.0,0.0,0.0,True
37037613,2023,1.0,0.0,0.0,True
37037679,2023,1.0,0.0,0.0,True
37038090,2023,0.3333333333333333,0.6666666666666666,0.0,True
37039367,2023,0.5,0.0,0.5,True
37040086,2023,0.16666666666666666,0.0,0.8333333333333334,True
37040196,2023,1.0,0.0,0.0,True
37040388,2023,1.0,0.0,0.0,True
37040761,2023,0.0,0.3333333333333333,0.6666666666666666,True
37041301,2023,0.6666666666666666,0.3333333333333333,0.0,True
37042413,2023,1.0,0.0,0.0,True
37042708,2023,0.0,0.0,0.0,True
37042921,2023,1.0,0.0,0.0,True
37043028,2023,0.25,0.0,0.75,True
37043503,2023,1.0,0.0,0.0,True
37043534,2023,0.0,0.3333333333333333,0.6666666666666666,True
37043542,2023,0.2,0.8,0.0,True
37044067,2023,0.14285714285714285,0.0,0.8571428571428571,True
37045473,2023,0.5,0.0,0.5,True
37045811,2023,0.0,0.5,0.5,True
37045819,2023,0.0,0.6666666666666666,0.3333333333333333,True
37045841,2023,0.3333333333333333,0.6666666666666666,0.0,True
37045860,2023,0.0,0.0,1.0,True
37045940,2023,0.16666666666666666,0.3333333333333333,0.5,True
37046084,2023,0.0,0.6666666666666666,0.3333333333333333,True
37046820,2023,0.0,0.0,1.0,True
37047571,2023,0.0,0.0,1.0,True
37048130,2023,0.25,0.0,0.75,True
37051681,2023,0.2,0.4,0.4,True
37052768,2023,1.0,0.0,0.0,True
37053378,2023,0.0,0.0,0.0,True
37054678,2023,0.25,0.0,0.75,True
37054779,2023,0.4,0.6,0.0,True
37054948,2023,0.3333333333333333,0.0,0.6666666666666666,True
37054986,2023,0.5,0.0,0.5,True
37055579,2023,0.3333333333333333,0.0,0.6666666666666666,True
37056138,2023,0.0,0.0,0.0,True
37056373,2023,0.0,0.0,1.0,True
37058547,2023,0.5,0.5,0.0,True
37058563,2023,0.3333333333333333,0.0,0.6666666666666666,True
37059104,2023,0.3333333333333333,0.0,0.6666666666666666,True
37059834,2023,1.0,0.0,0.0,True
37061082,2023,1.0,0.0,0.0,True
37061547,2023,0.14285714285714285,0.7142857142857143,0.14285714285714285,True
37062362,2023,1.0,0.0,0.0,True
37062516,2023,0.8,0.0,0.2,True
37063293,2023,0.0,0.0,1.0,True
37063388,2023,0.6666666666666666,0.0,0.3333333333333333,True
37063496,2022,0.0,0.5,0.5,True
37065726,2023,0.25,0.25,0.5,True
37065926,2023,0.25,0.0,0.75,True
37067793,2023,0.0,0.0,1.0,True
37067915,2023,1.0,0.0,0.0,True
37068113,2023,1.0,0.0,0.0,True
37068595,2023,0.2,0.6,0.2,True
37070061,2023,0.3333333333333333,0.0,0.6666666666666666,True
37070724,2023,0.3333333333333333,0.6666666666666666,0.0,True
37071552,2023,0.0,0.0,1.0,True
37071789,2023,1.0,0.0,0.0,True
37072092,2023,0.3333333333333333,0.0,0.6666666666666666,True
37072321,2023,1.0,0.0,0.0,True
37074026,2023,0.6666666666666666,0.0,0.3333333333333333,True
37074174,2023,0.75,0.0,0.25,True
37074246,2023,0.3333333333333333,0.6666666666666666,0.0,True
37074922,2023,0.0,0.0,0.0,True
37074947,2023,1.0,0.0,0.0,True
37074962,2023,0.25,0.0,0.75,True
37075079,2023,0.0,0.6666666666666666,0.3333333333333333,True
37075127,2023,1.0,0.0,0.0,True
37075129,2023,1.0,0.0,0.0,True
37075315,2023,1.0,0.0,0.0,True
37076473,2023,0.5,0.0,0.5,True
37076500,2023,0.0,0.0,1.0,True
37078547,2023,0.16666666666666666,0.0,0.8333333333333334,True
37078607,2023,0.5,0.0,0.5,True
37078793,2023,0.0,0.6666666666666666,0.3333333333333333,True
37078927,2022,1.0,0.0,0.0,False
37079217,2023,0.2,0.4,0.4,True
37079374,2023,0.8,0.0,0.2,True
37080161,2023,1.0,0.0,0.0,True
37080596,2023,0.0,0.6,0.4,True
37080988,2023,0.16666666666666666,0.3333333333333333,0.5,True
37081296,2023,0.0,0.6666666666666666,0.3333333333333333,True
37081771,2023,1.0,0.0,0.0,True
37082750,2023,0.0,0.0,1.0,True
37082754,2023,0.3333333333333333,0.6666666666666666,0.0,True
37082755,2023,0.3333333333333333,0.6666666666666666,0.0,True
37083332,2023,0.0,0.75,0.25,True
37083451,2023,0.3333333333333333,0.0,0.6666666666666666,True
37083495,2023,0.25,0.5,0.25,True
37083535,2023,0.25,0.0,0.75,True
37083540,2023,0.0,0.6666666666666666,0.3333333333333333,True
37083882,2023,0.5,0.0,0.5,True
37083933,2023,1.0,0.0,0.0,True
37084120,2023,0.0,0.6666666666666666,0.3333333333333333,True
37084382,2023,0.5,0.0,0.5,True
37084634,2023,0.25,0.5,0.25,True
37085480,2023,0.25,0.0,0.75,True
37085491,2023,0.0,0.3333333333333333,0.6666666666666666,True
37085578,2023,0.0,0.75,0.25,True
37086238,2023,1.0,0.0,0.0,True
37086265,2023,0.6,0.0,0.4,True
37086568,2023,1.0,0.0,0.0,True
37087683,2023,0.3333333333333333,0.6666666666666666,0.0,True
37088379,2023,1.0,0.0,0.0,True
37089591,2023,0.3333333333333333,0.0,0.6666666666666666,True
37090794,2023,1.0,0.0,0.0,True
37091244,2023,0.0,0.0,1.0,True
37091547,2023,0.0,0.0,1.0,True
37091879,2023,0.0,0.0,1.0,True
37093107,2023,0.75,0.0,0.25,True
37093270,2023,0.5,0.0,0.5,True
37093609,2023,1.0,0.0,0.0,True
37093875,2023,0.25,0.0,0.75,True
37094376,2023,1.0,0.0,0.0,True
37094694,2023,0.25,0.0,0.75,True
37094808,2023,0.3333333333333333,0.6666666666666666,0.0,True
37094826,2023,0.3333333333333333,0.0,0.6666666666666666,True
37094945,2023,1.0,0.0,0.0,True
37095253,2023,1.0,0.0,0.0,True
37095531,2023,1.0,0.0,0.0,True
37095886,2023,0.4,0.2,0.4,True
37096570,2023,0.16666666666666666,0.3333333333333333,0.5,True
37096575,2023,1.0,0.0,0.0,False
37096581,2023,1.0,0.0,0.0,True
37096582,2023,1.0,0.0,0.0,False
37096914,2023,0.6666666666666666,0.0,0.3333333333333333,True
37097228,2023,1.0,0.0,0.0,True
37097292,2023,0.0,0.5,0.5,True
37097736,2023,1.0,0.0,0.0,True
37097759,2023,0.0,0.6666666666666666,0.3333333333333333,True
37097810,2023,1.0,0.0,0.0,True
37098006,2023,1.0,0.0,0.0,True
37098064,2023,1.0,0.0,0.0,True
37098956,2023,0.0,0.75,0.25,True
37099375,2023,0.0,0.5714285714285714,0.42857142857142855,True
37099550,2023,0.0,1.0,0.0,True
37099734,2023,0.0,1.0,0.0,True
37100721,2023,0.5,0.5,0.0,True
37100779,2023,0.0,1.0,0.0,True
37100994,2023,1.0,0.0,0.0,True
37104089,2023,0.0,0.0,0.0,True
37104473,2023,1.0,0.0,0.0,True
37104681,2023,1.0,0.0,0.0,True
37104748,2023,1.0,0.0,0.0,True
37104980,2023,0.4,0.4,0.2,True
37105173,2023,0.0,0.3333333333333333,0.6666666666666666,True
37105315,2023,1.0,0.0,0.0,True
37105760,2023,1.0,0.0,0.0,True
37106040,2023,0.25,0.0,0.75,True
37106374,2023,1.0,0.0,0.0,True
37109107,2023,1.0,0.0,0.0,True
37111420,2023,0.125,0.375,0.5,True
37111745,2023,0.14285714285714285,0.2857142857142857,0.5714285714285714,True
37113158,2023,1.0,0.0,0.0,True
37113753,2023,0.125,0.25,0.625,True
37114095,2023,1.0,0.0,0.0,True
37114282,2024,0.0,0.5,0.5,True
37114803,2023,1.0,0.0,0.0,True
37114910,2023,1.0,0.0,0.0,True
37115514,2023,1.0,0.0,0.0,True
37115803,2023,0.0,0.5,0.5,True
37116496,2023,0.0,0.6666666666666666,0.3333333333333333,True
37116766,2023,1.0,0.0,0.0,True
37117178,2023,0.0,0.0,0.0,True
37117231,2023,0.25,0.0,0.75,True
37117635,2023,1.0,0.0,0.0,True
37117791,2023,0.14285714285714285,0.42857142857142855,0.42857142857142855,True
37118015,2021,1.0,0.0,0.0,True
37118134,2022,0.25,0.5,0.25,True
37118904,2023,0.4,0.0,0.6,True
37119057,2023,0.5,0.0,0.5,True
37119119,2023,0.3333333333333333,0.0,0.6666666666666666,True
37120429,2023,0.5,0.5,0.0,True
37120583,2023,1.0,0.0,0.0,True
37120588,2023,0.9090909090909091,0.0,0.09090909090909091,True
37121274,2023,1.0,0.0,0.0,True
37121539,2023,0.5,0.5,0.0,True
37122023,2023,0.0,0.5,0.5,True
37122256,2023,1.0,0.0,0.0,True
37123017,2023,0.3333333333333333,0.3333333333333333,0.3333333333333333,True
37123219,2023,0.0,0.125,0.875,True
37124052,2023,0.0,0.0,0.0,True
37125895,2023,0.3333333333333333,0.0,0.6666666666666666,True
37126039,2023,1.0,0.0,0.0,True
37126090,2023,0.5,0.0,0.5,True
37126156,2024,1.0,0.0,0.0,True
37126497,2023,0.0,0.6,0.4,True
37126552,2023,0.0,0.0,0.0,True
37126770,2023,1.0,0.0,0.0,True
37127137,2023,0.0,1.0,0.0,True
37127330,2023,0.0,1.0,0.0,True
37127649,2023,0.25,0.5,0.25,True
37128459,2023,1.0,0.0,0.0,True
37128607,2023,0.2,0.0,0.8,True
37128921,2023,0.0,0.0,1.0,True
37129482,2023,0.0,0.0,1.0,True
37129493,2023,1.0,0.0,0.0,True
37129502,2023,1.0,0.0,0.0,True
37129573,2023,0.25,0.0,0.75,True
37129971,2023,0.5,0.0,0.5,True
37132021,2023,1.0,0.0,0.0,True
37132202,2023,1.0,0.0,0.0,True
37132521,2022,0.0,0.6666666666666666,0.3333333333333333,True
37132649,2023,1.0,0.0,0.0,True
37133343,2023,0.25,0.5,0.25,True
37133531,2023,1.0,0.0,0.0,False
37133586,2023,0.3333333333333333,0.0,0.6666666666666666,True
37133648,2023,0.0,0.6,0.4,True
37134294,2023,1.0,0.0,0.0,True
37137888,2023,0.0,0.5,0.5,True
37138077,2023,0.2,0.0,0.8,True
37138341,2023,1.0,0.0,0.0,True
37138671,2023,0.0,0.0,1.0,True
37139098,2023,0.0,0.5,0.5,True
37139170,2023,1.0,0.0,0.0,True
37139702,2023,0.6,0.0,0.4,True
37140047,2023,0.0,0.6666666666666666,0.3333333333333333,True
37140138,2023,0.0,0.4,0.6,True
37140208,2023,0.2,0.4,0.4,True
37140427,2023,0.5,0.0,0.5,True
37140715,2023,0.5,0.5,0.0,True
37140902,2023,1.0,0.0,0.0,True
37141014,2023,0.0,1.0,0.0,True
37141112,2023,0.25,0.0,0.75,True
37141188,2023,0.0,0.5,0.5,True
37141817,2023,0.5,0.0,0.5,True
37141891,2023,1.0,0.0,0.0,True
37144502,2023,0.0,0.5,0.5,True
37144941,2023,0.6666666666666666,0.0,0.3333333333333333,True
37145128,2023,0.6666666666666666,0.0,0.3333333333333333,True
37145991,2023,0.3333333333333333,0.0,0.6666666666666666,True
37146241,2023,0.2,0.4,0.4,True
37146302,2022,0.25,0.5,0.25,True
37146592,2023,1.0,0.0,0.0,True
37146968,2023,0.2,0.0,0.8,True
37147136,2023,0.3333333333333333,0.0,0.6666666666666666,True
37147424,2023,1.0,0.0,0.0,True
37148359,2023,1.0,0.0,0.0,True
37148957,2023,1.0,0.0,0.0,True
37149022,2023,1.0,0.0,0.0,True
37149030,2023,0.5,0.0,0.5,True
37149573,2023,0.3333333333333333,0.0,0.6666666666666666,True
37149713,2023,0.5,0.0,0.5,True
37149860,2023,0.0,0.0,1.0,True
37150264,2023,1.0,0.0,0.0,True
37150885,2023,0.42857142857142855,0.2857142857142857,0.2857142857142857,True
37150941,2023,1.0,0.0,0.0,True
37151873,2023,0.5,0.0,0.5,True
37152101,2023,1.0,0.0,0.0,True
37153111,2023,1.0,0.0,0.0,True
37153444,2023,0.0,0.0,1.0,True
37153451,2023,0.0,0.4444444444444444,0.5555555555555556,True
37153584,2023,0.0,1.0,0.0,True
37153600,2023,0.0,0.4,0.6,True
37153611,2023,0.0,0.5,0.5,True
37153622,2023,0.0,0.6666666666666666,0.3333333333333333,True
37153742,2023,0.25,0.25,0.5,True
37154037,2023,0.6666666666666666,0.0,0.3333333333333333,True
37154158,2023,0.25,0.0,0.75,True
37154160,2023,0.2,0.4,0.4,True
37154552,2023,0.0,0.6666666666666666,0.3333333333333333,True
37155651,2024,1.0,0.0,0.0,True
37156797,2023,0.0,0.0,0.0,True
37156880,2023,0.25,0.75,0.0,True
37157918,2023,1.0,0.0,0.0,True
37158481,2023,0.25,0.75,0.0,True
37159095,2023,0.0,1.0,0.0,True
37159360,2023,1.0,0.0,0.0,True
37159521,2023,0.0,0.3333333333333333,0.6666666666666666,True
37159663,2023,0.3333333333333333,0.0,0.6666666666666666,True
37160116,2023,0.25,0.25,0.5,True
37160369,2023,0.0,0.75,0.25,True
37160657,2023,1.0,0.0,0.0,True
37162031,2023,1.0,0.0,0.0,True
37162497,2023,1.0,0.0,0.0,True
37163228,2023,0.0,1.0,0.0,True
37163243,2023,0.0,0.0,0.0,True
37163614,2023,0.2,0.4,0.4,True
37163617,2023,0.2,0.6,0.2,True
37164291,2023,1.0,0.0,0.0,True
37164978,2023,0.3333333333333333,0.0,0.6666666666666666,True
37165241,2023,0.25,0.0,0.75,True
37165242,2023,1.0,0.0,0.0,True
37165746,2023,1.0,0.0,0.0,True
37166485,2023,0.0,0.4,0.6,True
37166816,2023,1.0,0.0,0.0,True
37166923,2023,1.0,0.0,0.0,True
37166987,2023,0.25,0.25,0.5,True
37167059,2023,0.0,0.3333333333333333,0.6666666666666666,True
37167966,2023,1.0,0.0,0.0,True
37168562,2023,0.0,0.0,1.0,True
37169276,2024,1.0,0.0,0.0,True
37169581,2023,0.6666666666666666,0.0,0.3333333333333333,True
37169743,2023,0.25,0.0,0.75,True
37170392,2023,1.0,0.0,0.0,True
37172199,2023,0.5,0.0,0.5,True
37172395,2023,0.0,0.4,0.6,True
37172584,2023,0.0,1.0,0.0,True
37173324,2023,0.0,0.0,1.0,True
37173394,2023,1.0,0.0,0.0,True
37173920,2023,0.16666666666666666,0.0,0.8333333333333334,True
37174042,2023,0.5,0.0,0.5,True
37174168,2023,1.0,0.0,0.0,True
37174654,2023,0.0,1.0,0.0,True
37175182,2023,0.0,0.6666666666666666,0.3333333333333333,True
37175530,2023,0.5,0.0,0.5,True
37177862,2023,0.3333333333333333,0.6666666666666666,0.0,True
37177993,2023,0.14285714285714285,0.2857142857142857,0.5714285714285714,True
37178079,2023,1.0,0.0,0.0,True
37178120,2023,0.0,0.6666666666666666,0.3333333333333333,True
37179447,2023,0.0,1.0,0.0,True
37179505,2024,1.0,0.0,0.0,True
37180102,2023,0.5,0.0,0.5,True
37181631,2023,0.25,0.0,0.75,True
37182134,2023,0.0,0.0,1.0,True
37182269,2023,1.0,0.0,0.0,True
37182549,2023,0.5,0.5,0.0,True
37183798,2023,1.0,0.0,0.0,True
37183957,2023,0.25,0.25,0.5,True
37184208,2023,0.5,0.0,0.5,True
37184524,2023,1.0,0.0,0.0,True
37184593,2023,0.5,0.0,0.5,True
37184659,2023,0.8333333333333334,0.0,0.16666666666666666,True
37185124,2023,0.5,0.0,0.5,True
37185821,2023,0.0,0.5,0.5,True
37186162,2023,0.25,0.5,0.25,True
37186442,2023,1.0,0.0,0.0,True
37186848,2023,0.3333333333333333,0.0,0.6666666666666666,True
37187039,2023,1.0,0.0,0.0,True
37188513,2023,0.5,0.0,0.5,True
37188670,2023,0.5,0.0,0.5,True
37188849,2023,0.5,0.5,0.0,True
37189368,2023,0.0,0.0,1.0,True
37190191,2023,0.5,0.0,0.5,True
37190294,2023,0.2,0.1,0.7,True
37190550,2023,0.0,1.0,0.0,True
37190612,2023,1.0,0.0,0.0,True
37191484,2023,0.75,0.0,0.25,True
37191544,2023,0.5,0.0,0.5,True
37191558,2023,0.14285714285714285,0.5714285714285714,0.2857142857142857,True
37191831,2023,1.0,0.0,0.0,True
37192005,2023,0.0,0.75,0.25,True
37192048,2023,0.0,0.0,1.0,True
37192167,2023,0.5,0.0,0.5,True
37192292,2023,1.0,0.0,0.0,True
37192343,2023,1.0,0.0,0.0,True
37192690,2023,1.0,0.0,0.0,True
37193066,2023,0.3333333333333333,0.16666666666666666,0.5,True
37193404,2022,1.0,0.0,0.0,True
37194083,2023,0.25,0.25,0.5,True
37194248,2023,1.0,0.0,0.0,True
37194699,2023,0.0,0.0,0.0,True
37195662,2023,1.0,0.0,0.0,True
37195924,2023,1.0,0.0,0.0,True
37196047,2023,1.0,0.0,0.0,True
37196074,2023,0.0,0.6666666666666666,0.3333333333333333,True
37196527,2023,1.0,0.0,0.0,True
37196934,2023,1.0,0.0,0.0,True
37197290,2023,0.0,0.0,0.0,True
37197327,2023,0.1,0.0,0.9,True
37198231,2023,1.0,0.0,0.0,True
37198258,2023,0.5,0.0,0.5,True
37198259,2023,1.0,0.0,0.0,True
37198960,2023,0.25,0.5,0.25,True
37199620,2023,0.1111111111111111,0.4444444444444444,0.4444444444444444,True
37199723,2023,0.0,1.0,0.0,True
37200525,2023,0.25,0.5,0.25,True
37200814,2023,0.0,0.0,0.0,True
37201508,2023,0.0,0.0,1.0,True
37201800,2023,1.0,0.0,0.0,True
37202001,2023,1.0,0.0,0.0,True
37202395,2023,0.0,0.5,0.5,True
37202424,2023,0.0,0.0,1.0,True
37202425,2023,0.2,0.2,0.6,True
37202508,2023,0.0,0.6666666666666666,0.3333333333333333,True
37205196,2023,1.0,0.0,0.0,True
37206277,2023,0.0,0.0,0.0,True
37207002,2023,0.2,0.0,0.8,True
37207227,2023,0.16666666666666666,0.3333333333333333,0.5,True
37207367,2023,1.0,0.0,0.0,True
37207824,2023,1.0,0.0,0.0,True
37208468,2023,1.0,0.0,0.0,True
37208598,2023,1.0,0.0,0.0,True
37208733,2023,0.3333333333333333,0.3333333333333333,0.3333333333333333,True
37208779,2023,0.0,0.6666666666666666,0.3333333333333333,True
37208937,2025,0.5,0.5,0.0,False
37209097,2023,0.14285714285714285,0.2857142857142857,0.5714285714285714,True
37209324,2023,1.0,0.0,0.0,True
37210724,2023,0.25,0.0,0.75,True
37210782,2023,1.0,0.0,0.0,True
37211138,2023,1.0,0.0,0.0,True
37212632,2023,0.25,0.75,0.0,True
37212738,2023,1.0,0.0,0.0,True
37213076,2023,0.0,0.0,1.0,True
37213109,2023,1.0,0.0,0.0,True
37213182,2024,0.6666666666666666,0.3333333333333333,0.0,True
37213219,2023,0.6666666666666666,0.3333333333333333,0.0,True
37213420,2023,0.3333333333333333,0.16666666666666666,0.5,True
37214465,2023,0.6666666666666666,0.3333333333333333,0.0,True
37215141,2023,0.6666666666666666,0.0,0.3333333333333333,True
37216102,2023,0.25,0.25,0.5,True
37216193,2023,0.0,0.6,0.4,True
37216244,2023,0.0,0.0,0.0,True
37216280,2023,0.3333333333333333,0.0,0.6666666666666666,True
37216632,2023,1.0,0.0,0.0,True
37216869,2023,0.0,0.5714285714285714,0.42857142857142855,True
37217075,2023,1.0,0.0,0.0,True
37218405,2023,1.0,0.0,0.0,True
37219077,2023,0.3333333333333333,0.0,0.6666666666666666,True
37219524,2023,0.25,0.5,0.25,True
37219858,2023,0.0,1.0,0.0,True
37219953,2023,0.0,0.6666666666666666,0.3333333333333333,True
37220178,2023,0.2,0.0,0.8,True
37220531,2023,0.0,0.0,0.0,True
37220701,2023,0.2,0.6,0.2,True
37220746,2023,0.0,0.6666666666666666,0.3333333333333333,True
37221174,2023,1.0,0.0,0.0,True
37221204,2023,0.0,0.6666666666666666,0.3333333333333333,True
37221246,2023,1.0,0.0,0.0,True
37221466,2023,1.0,0.0,0.0,True
37221835,2023,0.3333333333333333,0.0,0.6666666666666666,True
37222511,2023,0.2,0.6,0.2,True
37223966,2023,0.0,0.5,0.5,True
37224019,2023,0.5,0.0,0.5,True
37224071,2023,1.0,0.0,0.0,True
37224072,2023,1.0,0.0,0.0,True
37224227,2023,0.3333333333333333,0.0,0.6666666666666666,True
37224678,2023,1.0,0.0,0.0,True
37224696,2023,0.0,0.6666666666666666,0.3333333333333333,True
37224815,2023,1.0,0.0,0.0,True
37225764,2023,0.5,0.0,0.5,True
37225965,2023,0.25,0.5,0.25,True
37227159,2023,0.0,0.0,0.0,True
37227160,2023,1.0,0.0,0.0,True
37227187,2023,1.0,0.0,0.0,True
37228009,2023,0.3333333333333333,0.3333333333333333,0.3333333333333333,True
37228749,2023,0.2,0.0,0.8,True
37228754,2023,0.3333333333333333,0.0,0.6666666666666666,True
37229191,2023,0.2222222222222222,0.4444444444444444,0.3333333333333333,True
37229630,2023,1.0,0.0,0.0,True
37229703,2023,0.6666666666666666,0.0,0.3333333333333333,True
37229975,2023,0.5,0.0,0.5,True
37231153,2023,0.2,0.2,0.6,True
37231155,2023,0.0,0.3333333333333333,0.6666666666666666,True
37231515,2023,0.4,0.0,0.6,True
37231788,2024,1.0,0.0,0.0,True
37232385,2023,0.2,0.6,0.2,True
37232457,2023,1.0,0.0,0.0,True
37233305,2023,0.2,0.2,0.6,True
37233632,2023,1.0,0.0,0.0,True
37233989,2023,0.3333333333333333,0.0,0.6666666666666666,True
37234190,2023,0.3333333333333333,0.0,0.6666666666666666,True
37235222,2023,0.0,1.0,0.0,True
37235639,2023,0.5,0.5,0.0,True
37235665,2023,0.0,1.0,0.0,True
37236355,2023,0.0,1.0,0.0,True
37236636,2023,1.0,0.0,0.0,True
37236969,2023,1.0,0.0,0.0,True
37237280,2023,0.5,0.0,0.5,True
37237952,2023,1.0,0.0,0.0,True
37238704,2023,0.25,0.25,0.5,True
37239846,2023,0.3333333333333333,0.0,0.6666666666666666,True
37239864,2023,0.2,0.6,0.2,True
37239961,2023,0.25,0.5,0.25,True
37242509,2023,0.3333333333333333,0.0,0.6666666666666666,True
37242540,2023,0.3333333333333333,0.0,0.6666666666666666,True
37243588,2023,0.0,0.6666666666666666,0.3333333333333333,True
37243712,2023,0.3333333333333333,0.6666666666666666,0.0,True
37244126,2023,1.0,0.0,0.0,True
37244545,2023,1.0,0.0,0.0,True
37244628,2023,1.0,0.0,0.0,False
37244917,2023,0.0,0.0,0.0,True
37245498,2023,1.0,0.0,0.0,True
37245561,2023,0.3333333333333333,0.0,0.6666666666666666,True
37246069,2024,0.5,0.0,0.5,True
37246194,2024,1.0,0.0,0.0,True
37246224,2023,0.6666666666666666,0.0,0.3333333333333333,True
37246715,2023,0.0,0.6,0.4,True
37246815,2023,1.0,0.0,0.0,True
37246949,2023,0.0,1.0,0.0,True
37248288,2023,0.8571428571428571,0.14285714285714285,0.0,True
37248347,2023,0.0,0.0,1.0,True
37249528,2024,1.0,0.0,0.0,False
37249618,2023,0.25,0.5,0.25,True
37249733,2023,0.2,0.0,0.8,True
37250531,2023,0.4,0.6,0.0,True
37250872,2023,0.75,0.0,0.25,True
37251375,2023,0.25,0.5,0.25,True
37251388,2023,1.0,0.0,0.0,True
37251548,2023,0.6,0.0,0.4,True
37252343,2023,0.0,0.0,1.0,True
37252683,2023,1.0,0.0,0.0,True
37252710,2023,1.0,0.0,0.0,True
37252967,2023,0.0,0.0,1.0,True
37253062,2023,0.0,0.5,0.5,True
37253117,2023,1.0,0.0,0.0,True
37253167,2023,0.5,0.5,0.0,True
37253317,2023,1.0,0.0,0.0,True
37253356,2023,0.0,0.0,1.0,True
37253786,2023,0.0,0.14285714285714285,0.8571428571428571,True
37253795,2023,1.0,0.0,0.0,True
37254845,2023,0.0,1.0,0.0,True
37255439,2023,0.0,0.4,0.6,True
37255467,2023,0.6666666666666666,0.0,0.3333333333333333,True
37255483,2023,0.6666666666666666,0.0,0.3333333333333333,True
37255490,2023,0.0,0.0,1.0,True
37256972,2023,0.0,0.0,0.0,True
37257489,2024,1.0,0.0,0.0,True
37257724,2023,1.0,0.0,0.0,True
37257918,2023,0.0,0.4,0.6,True
37258038,2023,0.3333333333333333,0.0,0.6666666666666666,True
37259612,2023,1.0,0.0,0.0,True
37260165,2023,1.0,0.0,0.0,True
37260629,2022,1.0,0.0,0.0,True
37260840,2023,0.8,0.2,0.0,True
37261392,2023,1.0,0.0,0.0,True
37261457,2023,0.25,0.25,0.5,True
37261896,2023,0.0,0.0,1.0,True
37262072,2023,0.5,0.0,0.5,True
37263773,2023,1.0,0.0,0.0,True
37264049,2023,0.0,0.0,1.0,True
37264457,2023,0.5,0.0,0.5,True
37264688,2023,0.8888888888888888,0.0,0.1111111111111111,True
37264998,2023,0.5,0.0,0.5,True
37265668,2023,0.2,0.6,0.2,True
37265996,2023,0.0,0.0,1.0,True
37266577,2023,0.0,0.3333333333333333,0.6666666666666666,True
37267435,2023,1.0,0.0,0.0,True
37267580,2023,1.0,0.0,0.0,True
37267847,2023,0.0,1.0,0.0,True
37268629,2023,1.0,0.0,0.0,True
37268817,2023,0.0,0.0,1.0,True
37270620,2023,0.0,0.6666666666666666,0.3333333333333333,True
37270657,2023,1.0,0.0,0.0,True
37271339,2023,0.3333333333333333,0.0,0.6666666666666666,True
37272847,2023,0.0,0.75,0.25,True
37273902,2023,0.1,0.3,0.6,True
37275364,2023,0.4,0.0,0.6,True
37275969,2023,1.0,0.0,0.0,True
37276387,2023,0.0,0.0,1.0,True
37276389,2023,0.0,0.5,0.5,True
37276825,2023,0.25,0.75,0.0,True
37276937,2023,1.0,0.0,0.0,True
37277074,2023,0.2,0.4,0.4,True
37278097,2023,1.0,0.0,0.0,True
37279265,2023,0.0,0.75,0.25,True
37279544,2023,0.0,0.6666666666666666,0.3333333333333333,True
37279797,2023,1.0,0.0,0.0,True
37280141,2023,1.0,0.0,0.0,True
37282346,2023,1.0,0.0,0.0,True
37282493,2023,0.0,0.0,1.0,True
37282749,2023,0.0,0.6666666666666666,0.3333333333333333,True
37282828,2023,1.0,0.0,0.0,True
37283066,2023,0.7142857142857143,0.0,0.2857142857142857,True
37283088,2023,0.0,0.0,1.0,True
37283960,2022,0.2,0.2,0.6,True
37283961,2022,1.0,0.0,0.0,True
37284154,2022,0.5,0.0,0.5,True
37284162,2022,0.42857142857142855,0.0,0.5714285714285714,True
37284613,2023,1.0,0.0,0.0,True
37285317,2023,0.0,0.0,0.0,True
37285529,2023,1.0,0.0,0.0,True
37285821,2023,1.0,0.0,0.0,True
37286252,2023,1.0,0.0,0.0,True
37286305,2023,1.0,0.0,0.0,True
37286372,2024,1.0,0.0,0.0,True
37286807,2023,0.0,0.0,0.0,True
37287573,2023,1.0,0.0,0.0,True
37287579,2023,0.0,0.0,0.0,True
37288292,2023,1.0,0.0,0.0,True
37288601,2023,0.0,1.0,0.0,True
37288665,2023,0.5,0.5,0.0,True
37289449,2023,1.0,0.0,0.0,True
37289457,2023,1.0,0.0,0.0,True
37289541,2023,0.5,0.0,0.5,True
37290042,2023,0.14285714285714285,0.2857142857142857,0.5714285714285714,True
37290057,2024,1.0,0.0,0.0,True
37291194,2023,1.0,0.0,0.0,True
37291212,2023,0.25,0.75,0.0,True
37291220,2023,0.0,0.0,1.0,False
37291422,2023,0.3333333333333333,0.6666666666666666,0.0,True
37292314,2023,1.0,0.0,0.0,True
37293681,2023,1.0,0.0,0.0,True
37294098,2023,1.0,0.0,0.0,True
37294280,2023,1.0,0.0,0.0,True
37294760,2023,0.0,1.0,0.0,True
37295404,2023,0.0,0.6,0.4,True
37295583,2023,1.0,0.0,0.0,True
37295816,2023,0.5,0.0,0.5,True
37296157,2023,0.0,0.0,1.0,True
37296232,2023,1.0,0.0,0.0,True
37296383,2023,0.0,0.0,0.0,True
37298526,2023,0.0,0.0,1.0,True
37299414,2023,1.0,0.0,0.0,False
37299453,2023,0.0,1.0,0.0,True
37301325,2023,1.0,0.0,0.0,True
37301425,2023,1.0,0.0,0.0,True
37301747,2023,0.0,0.75,0.25,True
37301766,2023,1.0,0.0,0.0,True
37303267,2023,1.0,0.0,0.0,True
37304045,2023,1.0,0.0,0.0,True
37304620,2023,1.0,0.0,0.0,True
37305615,2023,1.0,0.0,0.0,True
37305705,2023,0.0,0.25,0.75,True
37307230,2023,0.3333333333333333,0.6666666666666666,0.0,True
37307458,2023,0.5,0.0,0.5,True
37307512,2023,0.8,0.0,0.2,True
37308104,2023,0.5,0.0,0.5,True
37308721,2023,0.25,0.5,0.25,True
37309088,2023,0.25,0.0,0.75,True
37309259,2023,0.0,0.75,0.25,True
37310302,2023,1.0,0.0,0.0,True
37310381,2023,0.0,0.4,0.6,True
37310585,2023,0.0,0.6666666666666666,0.3333333333333333,True
37310790,2023,1.0,0.0,0.0,True
37311768,2023,0.0,0.6666666666666666,0.3333333333333333,True
37311803,2023,0.0,0.0,0.0,True
37312564,2023,1.0,0.0,0.0,True
37312842,2023,0.0,0.0,1.0,True
37313400,2023,0.6666666666666666,0.0,0.3333333333333333,True
37313426,2023,1.0,0.0,0.0,True
37313838,2024,1.0,0.0,0.0,True
37314336,2023,0.5,0.5,0.0,True
37314786,2023,1.0,0.0,0.0,True
37314923,2023,0.3333333333333333,0.6666666666666666,0.0,True
37315128,2023,0.0,0.5,0.5,True
37315375,2023,0.16666666666666666,0.5,0.3333333333333333,True
37315744,2023,1.0,0.0,0.0,True
37316351,2023,0.3333333333333333,0.0,0.6666666666666666,True
37316518,2023,1.0,0.0,0.0,True
37316576,2023,1.0,0.0,0.0,True
37316806,2023,0.6666666666666666,0.3333333333333333,0.0,True
37318422,2023,1.0,0.0,0.0,True
37320956,2023,0.0,0.0,1.0,True
37321325,2023,0.0,0.0,0.0,True
37321640,2023,1.0,0.0,0.0,True
37322122,2023,1.0,0.0,0.0,True
37322239,2023,0.0,0.0,1.0,True
37322488,2023,0.0,0.2,0.8,True
37324587,2023,0.0,0.0,0.0,True
37324745,2023,0.0,0.0,0.0,True
37325957,2023,1.0,0.0,0.0,True
37326523,2023,0.3333333333333333,0.6666666666666666,0.0,True
37326816,2024,1.0,0.0,0.0,True
37327775,2023,0.2,0.0,0.8,True
37327776,2023,0.0,0.0,1.0,True
37327787,2023,1.0,0.0,0.0,True
37327955,2023,1.0,0.0,0.0,True
37327963,2023,0.3333333333333333,0.0,0.6666666666666666,True
37328109,2023,0.6666666666666666,0.3333333333333333,0.0,True
37328470,2023,0.0,1.0,0.0,True
37328648,2023,0.16666666666666666,0.5,0.3333333333333333,True
37329029,2023,0.0,0.0,1.0,True
37330147,2023,0.3333333333333333,0.0,0.6666666666666666,True
37330292,2023,0.0,0.0,1.0,True
37330294,2023,0.3333333333333333,0.0,0.6666666666666666,True
37330554,2023,0.25,0.0,0.75,True
37330602,2023,0.5,0.0,0.5,True
37330907,2023,0.0,0.0,0.0,True
37331486,2023,1.0,0.0,0.0,True
37331598,2023,0.0,0.3333333333333333,0.6666666666666666,True
37334379,2023,0.5,0.0,0.5,True
37334383,2023,0.0,0.5,0.5,True
37334620,2023,1.0,0.0,0.0,True
37335212,2024,1.0,0.0,0.0,True
37335229,2023,0.0,1.0,0.0,True
37336095,2023,0.6666666666666666,0.3333333333333333,0.0,True
37336172,2023,1.0,0.0,0.0,True
37336228,2023,1.0,0.0,0.0,True
37336294,2023,0.0,1.0,0.0,True
37336437,2023,0.0,0.3333333333333333,0.6666666666666666,True
37338096,2023,1.0,0.0,0.0,True
37338342,2023,0.0,0.5,0.5,True
37338905,2023,1.0,0.0,0.0,True
37338984,2023,0.25,0.0,0.75,True
37339049,2023,0.0,1.0,0.0,True
37339170,2023,0.5,0.0,0.5,True
37339196,2023,0.0,0.0,1.0,True
37339320,2023,0.5,0.5,0.0,True
37339334,2023,1.0,0.0,0.0,True
37339711,2023,0.2,0.4,0.4,True
37339815,2024,1.0,0.0,0.0,True
37340056,2023,0.5,0.0,0.5,True
37341540,2023,0.5,0.0,0.5,True
37341612,2023,0.5,0.0,0.5,True
37342060,2023,1.0,0.0,0.0,True
37342258,2023,0.5,0.5,0.0,True
37342879,2023,0.3333333333333333,0.0,0.6666666666666666,True
37343696,2023,0.25,0.0,0.75,True
37343699,2023,0.0,0.0,1.0,True
37343766,2023,1.0,0.0,0.0,True
37345009,2023,1.0,0.0,0.0,True
37345133,2023,0.25,0.25,0.5,True
37345226,2023,0.2,0.6,0.2,True
37345354,2023,1.0,0.0,0.0,True
37345661,2023,1.0,0.0,0.0,True
37345685,2024,1.0,0.0,0.0,True
37346380,2023,0.8,0.0,0.2,True
37346458,2023,1.0,0.0,0.0,True
37347242,2023,0.5,0.0,0.5,False
37347506,2023,0.25,0.75,0.0,True
37347686,2023,1.0,0.0,0.0,True
37347978,2023,0.5,0.0,0.5,True
37348462,2023,0.0,0.0,1.0,True
37348524,2023,0.75,0.0,0.25,True
37348683,2023,0.2,0.4,0.4,True
37348754,2023,0.0,0.0,1.0,True
37348869,2023,0.3333333333333333,0.0,0.6666666666666666,True
37348876,2023,1.0,0.0,0.0,True
37349086,2023,0.3333333333333333,0.6666666666666666,0.0,True
37349293,2023,0.5,0.0,0.5,True
37349337,2023,0.0,0.25,0.75,True
37349476,2024,1.0,0.0,0.0,False
37350292,2024,0.8571428571428571,0.0,0.14285714285714285,True
37350340,2023,0.75,0.0,0.25,True
37350646,2023,0.5,0.0,0.5,True
37350974,2023,0.25,0.5,0.25,True
37351533,2023,1.0,0.0,0.0,True
37351579,2023,0.0,0.0,1.0,True
37351876,2023,0.5,0.0,0.5,True
37351909,2023,1.0,0.0,0.0,True
37352146,2023,0.0,0.75,0.25,True
37352333,2023,0.2857142857142857,0.42857142857142855,0.2857142857142857,True
37352372,2023,0.125,0.5,0.375,True
37352392,2024,1.0,0.0,0.0,True
37352497,2023,1.0,0.0,0.0,True
37352498,2023,0.2,0.0,0.8,True
37353106,2023,0.0,0.5,0.5,True
37353242,2023,0.0,0.0,0.0,True
37353483,2023,1.0,0.0,0.0,True
37354067,2023,1.0,0.0,0.0,True
37354752,2023,1.0,0.0,0.0,True
37354904,2023,0.0,0.0,1.0,True
37354919,2023,0.0,1.0,0.0,True
37354974,2023,0.14285714285714285,0.42857142857142855,0.42857142857142855,True
37355754,2023,0.25,0.0,0.75,True
37356470,2023,0.3333333333333333,0.0,0.6666666666666666,True
37356515,2023,1.0,0.0,0.0,True
37356729,2023,0.0,0.6666666666666666,0.3333333333333333,True
37357228,2023,0.0,1.0,0.0,True
37357824,2024,1.0,0.0,0.0,True
37358271,2023,0.0,0.5,0.5,True
37358955,2023,0.0,0.5,0.5,True
37359142,2023,0.9,0.0,0.1,True
37362901,2023,0.0,0.0,1.0,True
37363915,2023,0.0,0.75,0.25,True
37365004,2023,0.0,0.6666666666666666,0.3333333333333333,True
37365010,2023,1.0,0.0,0.0,True
37365621,2023,1.0,0.0,0.0,True
37366613,2023,0.16666666666666666,0.5,0.3333333333333333,True
37366802,2023,0.75,0.0,0.25,True
37367848,2023,0.5,0.5,0.0,True
37368077,2023,0.3333333333333333,0.0,0.6666666666666666,True
37368408,2023,0.0,0.6666666666666666,0.3333333333333333,True
37368980,2023,0.3333333333333333,0.6666666666666666,0.0,True
37369125,2023,1.0,0.0,0.0,True
37369277,2023,0.0,1.0,0.0,True
37369583,2023,0.0,0.3333333333333333,0.6666666666666666,True
37369584,2023,0.0,0.5,0.5,True
37369645,2023,1.0,0.0,0.0,True
37369719,2023,0.0,1.0,0.0,True
37369886,2024,0.5,0.0,0.5,True
37370903,2023,0.5,0.0,0.5,True
37371044,2023,1.0,0.0,0.0,True
37371096,2023,0.3333333333333333,0.0,0.6666666666666666,True
37371884,2023,0.0,0.0,1.0,True
37372414,2023,0.5,0.0,0.5,True
37372419,2023,0.0,0.0,0.0,True
37373287,2023,0.0,0.5,0.5,True
37374908,2023,0.3333333333333333,0.0,0.6666666666666666,True
37375350,2023,0.0,0.0,0.0,True
37377887,2023,0.3333333333333333,0.0,0.6666666666666666,True
37379584,2023,0.3333333333333333,0.0,0.6666666666666666,True
37380166,2024,0.3333333333333333,0.0,0.6666666666666666,True
37380628,2023,1.0,0.0,0.0,True
37380769,2023,0.0,0.4,0.6,True
37380974,2023,0.0,1.0,0.0,True
37381112,2023,0.0,1.0,0.0,True
37381583,2023,1.0,0.0,0.0,True
37382561,2023,1.0,0.0,0.0,True
37382926,2023,0.0,1.0,0.0,True
37383244,2023,1.0,0.0,0.0,True
37383565,2023,0.0,0.0,0.0,True
37384546,2023,1.0,0.0,0.0,True
37384752,2023,0.2,0.2,0.6,True
37385129,2023,1.0,0.0,0.0,True
37386035,2023,0.14285714285714285,0.0,0.8571428571428571,True
37386131,2023,0.2,0.4,0.4,True
37386251,2023,0.0,0.4,0.6,True
37386403,2023,1.0,0.0,0.0,True
37386692,2023,0.0,0.6666666666666666,0.3333333333333333,True
37387183,2023,0.0,0.0,0.0,True
37388215,2023,1.0,0.0,0.0,True
37388277,2023,0.0,0.0,0.0,True
37388914,2023,1.0,0.0,0.0,True
37389439,2023,0.25,0.0,0.75,True
37389815,2023,0.5,0.0,0.5,True
37389844,2023,1.0,0.0,0.0,True
37390046,2023,0.25,0.5,0.25,True
37390080,2023,1.0,0.0,0.0,True
37390595,2023,1.0,0.0,0.0,True
37390814,2023,1.0,0.0,0.0,True
37390827,2023,0.0,0.6666666666666666,0.3333333333333333,True
37391043,2023,1.0,0.0,0.0,True
37392093,2023,1.0,0.0,0.0,True
37392327,2023,0.0,0.0,0.0,True
37393720,2023,0.5,0.0,0.5,True
37394115,2023,0.8571428571428571,0.0,0.14285714285714285,True
37395255,2023,1.0,0.0,0.0,True
37395281,2023,0.2,0.4,0.4,True
37395282,2023,0.16666666666666666,0.3333333333333333,0.5,True
37396161,2023,1.0,0.0,0.0,True
37396668,2023,1.0,0.0,0.0,True
37396880,2022,0.0,0.0,1.0,True
37397242,2023,1.0,0.0,0.0,True
37397263,2023,1.0,0.0,0.0,True
37397810,2023,0.0,0.7142857142857143,0.2857142857142857,True
37397813,2023,0.5,0.5,0.0,True
37398620,2023,1.0,0.0,0.0,True
37398992,2023,0.7142857142857143,0.2857142857142857,0.0,True
37399095,2023,1.0,0.0,0.0,True
37399208,2023,0.2,0.4,0.4,True
37400428,2023,1.0,0.0,0.0,True
37400828,2023,1.0,0.0,0.0,True
37401389,2023,1.0,0.0,0.0,True
37401629,2023,0.2,0.4,0.4,True
37401784,2023,0.0,0.75,0.25,True
37402364,2023,0.25,0.0,0.75,True
37402717,2023,0.25,0.0,0.75,True
37402742,2023,0.0,0.6,0.4,True
37403415,2023,1.0,0.0,0.0,True
37404186,2023,0.0,1.0,0.0,True
37404375,2023,0.0,0.0,1.0,True
37406092,2023,0.0,0.5,0.5,True
37406093,2023,0.0,0.5714285714285714,0.42857142857142855,True
37406166,2023,0.5,0.0,0.5,True
37406177,2023,0.5,0.0,0.5,True
37406454,2023,1.0,0.0,0.0,True
37406882,2023,1.0,0.0,0.0,True
37407272,2023,0.0,0.0,0.0,True
37407814,2023,0.0,0.14285714285714285,0.8571428571428571,True
37408199,2023,0.0,0.75,0.25,True
37409220,2023,1.0,0.0,0.0,True
37409892,2023,1.0,0.0,0.0,True
37414568,2023,1.0,0.0,0.0,True
37414772,2023,0.0,1.0,0.0,True
37414787,2023,0.25,0.0,0.75,True
37414805,2023,0.0,0.0,1.0,True
37415598,2023,1.0,0.0,0.0,True
37415812,2023,0.23076923076923078,0.15384615384615385,0.6153846153846154,True
37417788,2024,1.0,0.0,0.0,True
37417919,2023,1.0,0.0,0.0,True
37417946,2023,0.0,0.75,0.25,True
37417947,2023,0.0,0.0,1.0,True
37418114,2023,1.0,0.0,0.0,True
37418391,2023,1.0,0.0,0.0,True
37419197,2023,1.0,0.0,0.0,True
37419448,2023,0.0,1.0,0.0,True
37419460,2023,1.0,0.0,0.0,True
37419875,2023,0.0,0.0,1.0,True
37420758,2023,1.0,0.0,0.0,True
37421295,2023,1.0,0.0,0.0,True
37421627,2023,0.0,0.6666666666666666,0.3333333333333333,True
37422272,2023,0.3333333333333333,0.0,0.6666666666666666,True
37422429,2023,1.0,0.0,0.0,True
37422700,2023,1.0,0.0,0.0,True
37424505,2023,0.0,0.75,0.25,True
37425211,2023,1.0,0.0,0.0,True
37425656,2022,0.0,0.0,1.0,True
37425683,2024,0.0,0.0,0.0,True
37426660,2023,1.0,0.0,0.0,True
37427607,2023,0.0,0.0,1.0,True
37427791,2023,0.16666666666666666,0.0,0.8333333333333334,True
37427795,2023,0.0,0.75,0.25,True
37428210,2023,1.0,0.0,0.0,True
37428754,2023,1.0,0.0,0.0,True
37428771,2023,0.0,1.0,0.0,True
37428933,2023,0.2,0.4,0.4,True
37429841,2023,0.2,0.0,0.8,True
37429842,2023,0.5,0.0,0.5,True
37429920,2023,0.0,0.6666666666666666,0.3333333333333333,True
37430261,2023,1.0,0.0,0.0,True
37431391,2022,1.0,0.0,0.0,True
37431591,2023,1.0,0.0,0.0,True
37431613,2023,1.0,0.0,0.0,True
37431685,2023,0.0,0.0,1.0,True
37431909,2023,0.0,0.0,1.0,True
37432627,2023,0.3333333333333333,0.0,0.6666666666666666,True
37433116,2023,1.0,0.0,0.0,True
37433222,2023,0.5,0.0,0.5,True
37433832,2023,0.16666666666666666,0.0,0.8333333333333334,True
37433967,2023,1.0,0.0,0.0,True
37434263,2023,0.3333333333333333,0.6666666666666666,0.0,True
37435391,2023,1.0,0.0,0.0,True
37435833,2023,0.0,1.0,0.0,True
37435845,2023,1.0,0.0,0.0,True
37436103,2023,1.0,0.0,0.0,True
37436751,2023,0.8,0.0,0.2,True
37436802,2023,0.16666666666666666,0.3333333333333333,0.5,True
37436899,2023,0.5,0.0,0.5,True
37436900,2023,0.5,0.0,0.5,True
37436982,2023,0.3333333333333333,0.0,0.6666666666666666,True
37436991,2023,0.0,0.2,0.8,True
37437002,2023,1.0,0.0,0.0,True
37437014,2023,0.2,0.6,0.2,True
37437310,2023,0.6666666666666666,0.0,0.3333333333333333,True
37437544,2023,0.0,1.0,0.0,True
37438348,2023,0.0,0.0,0.0,True
37438422,2024,1.0,0.0,0.0,False
37438534,2023,1.0,0.0,0.0,True
37438813,2023,0.0,0.6666666666666666,0.3333333333333333,True
37439347,2023,0.0,0.5,0.5,True
37440030,2023,1.0,0.0,0.0,True
37440047,2023,1.0,0.0,0.0,True
37440409,2023,0.3333333333333333,0.0,0.6666666666666666,True
37440568,2023,0.0,0.0,0.0,True
37440574,2023,0.2,0.6,0.2,True
37441091,2023,0.0,0.0,1.0,True
37441774,2023,1.0,0.0,0.0,True
37442130,2023,0.0,0.6666666666666666,0.3333333333333333,True
37442331,2023,0.3333333333333333,0.0,0.6666666666666666,True
37442348,2023,0.6666666666666666,0.0,0.3333333333333333,True
37443031,2023,0.2,0.4,0.4,True
37443284,2023,0.14285714285714285,0.42857142857142855,0.42857142857142855,True
37443296,2024,1.0,0.0,0.0,True
37443745,2023,0.0,0.5,0.5,True
37444569,2023,0.5,0.0,0.5,True
37446010,2023,0.0,0.5,0.5,True
37448631,2023,0.3333333333333333,0.0,0.6666666666666666,True
37448874,2023,0.0,0.0,1.0,True
37449063,2023,0.0,0.0,1.0,True
37449212,2023,0.0,0.5,0.5,True
37449298,2023,1.0,0.0,0.0,True
37450557,2024,1.0,0.0,0.0,False
37450591,2023,0.0,0.0,1.0,True
37450602,2023,0.6666666666666666,0.0,0.3333333333333333,True
37450696,2023,1.0,0.0,0.0,True
37451260,2023,0.16666666666666666,0.0,0.8333333333333334,True
37451576,2023,1.0,0.0,0.0,True
37451831,2023,1.0,0.0,0.0,True
37452065,2023,1.0,0.0,0.0,True
37452654,2023,0.0,1.0,0.0,True
37453251,2023,0.3333333333333333,0.6666666666666666,0.0,True
37453304,2023,1.0,0.0,0.0,True
37453478,2023,0.0,0.5,0.5,True
37454979,2023,0.3333333333333333,0.0,0.6666666666666666,True
37457112,2023,1.0,0.0,0.0,True
37458302,2023,0.5,0.0,0.5,True
37458713,2023,1.0,0.0,0.0,True
37459895,2023,0.0,0.2857142857142857,0.7142857142857143,True
37460791,2023,0.5,0.0,0.5,True
37461129,2023,0.0,0.6666666666666666,0.3333333333333333,True
37462262,2023,0.75,0.0,0.25,True
37462673,2023,0.0,0.6666666666666666,0.3333333333333333,True
37462904,2024,1.0,0.0,0.0,True
37462968,2023,1.0,0.0,0.0,True
37463048,2023,0.3333333333333333,0.5,0.16666666666666666,True
37463106,2023,0.5,0.0,0.5,True
37463608,2023,0.5,0.0,0.5,True
37463943,2023,0.3333333333333333,0.0,0.6666666666666666,True
37464153,2023,0.0,0.6,0.4,True
37465095,2023,0.0,0.0,0.0,True
37465939,2023,1.0,0.0,0.0,True
37466391,2023,0.0,0.5,0.5,True
37466616,2023,0.0,1.0,0.0,True
37466990,2023,1.0,0.0,0.0,True
37467014,2023,0.0,1.0,0.0,True
37467056,2023,0.6666666666666666,0.0,0.3333333333333333,True
37467317,2023,1.0,0.0,0.0,True
37467430,2023,1.0,0.0,0.0,True
37468118,2023,0.0,0.5,0.5,True
37468456,2023,1.0,0.0,0.0,True
37468619,2023,1.0,0.0,0.0,True
37468842,2023,0.5,0.0,0.5,True
37469403,2023,1.0,0.0,0.0,True
37469515,2023,0.16666666666666666,0.6666666666666666,0.16666666666666666,True
37470143,2024,1.0,0.0,0.0,True
37470396,2023,0.25,0.5,0.25,True
37471042,2023,0.2,0.6,0.2,True
37471141,2023,0.3333333333333333,0.6666666666666666,0.0,True
37471145,2023,1.0,0.0,0.0,True
37471399,2023,1.0,0.0,0.0,True
37473978,2023,1.0,0.0,0.0,True
37473992,2023,1.0,0.0,0.0,True
37474126,2023,1.0,0.0,0.0,True
37474155,2023,0.16666666666666666,0.3333333333333333,0.5,True
37474251,2023,0.5,0.0,0.5,True
37474439,2023,1.0,0.0,0.0,True
37474505,2023,0.5,0.0,0.5,True
37475956,2023,0.0,0.25,0.75,True
37476396,2023,0.5,0.5,0.0,True
37477421,2023,1.0,0.0,0.0,True
37477495,2023,1.0,0.0,0.0,True
37477595,2023,0.0,0.0,1.0,True
37477943,2023,0.25,0.5,0.25,True
37478179,2023,0.0,0.0,0.0,True
37478397,2023,0.5,0.0,0.5,True
37478401,2023,0.5,0.0,0.5,True
37479723,2023,1.0,0.0,0.0,True
37479780,2023,0.0,0.6666666666666666,0.3333333333333333,True
37480798,2023,0.0,0.0,0.0,True
37480845,2023,0.0,1.0,0.0,True
37480881,2024,1.0,0.0,0.0,True
37480975,2024,1.0,0.0,0.0,True
37481019,2023,1.0,0.0,0.0,True
37481623,2023,0.0,0.0,1.0,True
37481704,2023,0.3333333333333333,0.6666666666666666,0.0,True
37482186,2023,0.0,1.0,0.0,True
37482187,2023,0.16666666666666666,0.5,0.3333333333333333,True
37482770,2024,1.0,0.0,0.0,True
37482779,2023,1.0,0.0,0.0,True
37483011,2023,1.0,0.0,0.0,True
37483285,2023,0.25,0.375,0.375,True
37483601,2023,0.2857142857142857,0.2857142857142857,0.42857142857142855,True
37483650,2023,1.0,0.0,0.0,True
37484839,2023,0.6666666666666666,0.0,0.3333333333333333,True
37484873,2023,0.0,0.0,1.0,True
37485302,2023,0.0,1.0,0.0,True
37485364,2023,0.0,1.0,0.0,True
37485371,2023,0.0,0.0,1.0,True
37485422,2023,0.0,0.5,0.5,True
37486078,2023,1.0,0.0,0.0,True
37486223,2023,0.75,0.0,0.25,True
37486616,2023,0.75,0.0,0.25,True
37486733,2023,1.0,0.0,0.0,True
37487000,2023,0.25,0.5,0.25,True
37487061,2023,0.0,0.0,1.0,True
37487082,2023,0.0,0.0,1.0,True
37487185,2024,1.0,0.0,0.0,True
37487610,2023,1.0,0.0,0.0,True
37487654,2023,0.3333333333333333,0.0,0.6666666666666666,True
37488009,2023,0.2,0.4,0.4,True
37488207,2023,0.0,0.0,0.0,True
37488248,2023,1.0,0.0,0.0,True
37488257,2023,0.5,0.0,0.5,True
37488500,2023,0.3333333333333333,0.0,0.6666666666666666,True
37488826,2023,0.0,0.0,1.0,True
37488949,2024,1.0,0.0,0.0,True
37489832,2023,0.25,0.5,0.25,True
37490921,2023,0.0,0.6666666666666666,0.3333333333333333,True
37491114,2023,1.0,0.0,0.0,True
37491298,2023,0.0,0.0,1.0,True
37491352,2023,0.2,0.6,0.2,True
37491363,2023,0.0,0.3333333333333333,0.6666666666666666,True
37491889,2023,1.0,0.0,0.0,True
37492080,2023,1.0,0.0,0.0,True
37492667,2022,1.0,0.0,0.0,True
37492673,2022,1.0,0.0,0.0,True
37493269,2024,0.8,0.0,0.2,True
37493285,2024,1.0,0.0,0.0,True
37493860,2023,0.2,0.6,0.2,True
37494434,2023,0.0,0.0,1.0,True
37494470,2023,0.2,0.8,0.0,True
37495514,2023,1.0,0.0,0.0,True
37495603,2023,0.0,0.0,1.0,True
37495782,2023,0.0,0.0,1.0,False
37496270,2023,0.0,0.0,0.0,True
37497043,2023,1.0,0.0,0.0,True
37498298,2023,0.5,0.0,0.5,True
37498674,2023,0.2,0.4,0.4,True
37499656,2023,0.25,0.5,0.25,True
37499679,2023,0.7142857142857143,0.2857142857142857,0.0,True
37500714,2023,1.0,0.0,0.0,True
37500886,2023,0.0,0.0,1.0,True
37501016,2023,1.0,0.0,0.0,True
37502163,2023,0.0,0.0,1.0,True
37505292,2023,0.0,0.5,0.5,True
37506197,2023,0.0,0.6666666666666666,0.3333333333333333,True
37506697,2023,0.0,0.0,1.0,True
37507014,2023,0.16666666666666666,0.0,0.8333333333333334,True
37507068,2023,1.0,0.0,0.0,True
37507442,2023,1.0,0.0,0.0,True
37511618,2023,0.5,0.0,0.5,True
37513283,2023,0.0,0.0,1.0,True
37513779,2023,0.25,0.0,0.75,True
37514109,2023,1.0,0.0,0.0,True
37515136,2023,0.5,0.0,0.5,True
37515232,2023,0.2,0.6,0.2,True
37515588,2023,0.5,0.0,0.5,True
37515772,2023,0.0,1.0,0.0,True
37515840,2023,0.3333333333333333,0.6666666666666666,0.0,True
37516304,2023,0.0,0.0,0.0,True
37516309,2024,0.0,0.5,0.5,True
37516341,2023,1.0,0.0,0.0,True
37516828,2023,1.0,0.0,0.0,True
37516886,2023,0.0,0.0,0.0,True
37517328,2023,1.0,0.0,0.0,True
37518982,2023,1.0,0.0,0.0,True
37519456,2022,0.0,0.0,0.0,True
37519457,2022,1.0,0.0,0.0,True
37519467,2022,1.0,0.0,0.0,True
37519633,2023,0.5,0.5,0.0,True
37520703,2023,0.5,0.0,0.5,True
37520992,2023,0.25,0.0,0.75,True
37522208,2023,0.0,1.0,0.0,True
37523399,2023,0.0,0.0,1.0,True
37524076,2023,0.0,1.0,0.0,True
37524800,2023,0.0,0.0,1.0,True
37524919,2023,1.0,0.0,0.0,True
37526549,2023,1.0,0.0,0.0,True
37527359,2023,0.2,0.8,0.0,True
37527460,2023,1.0,0.0,0.0,True
37527539,2024,1.0,0.0,0.0,True
37527906,2023,0.5,0.0,0.5,True
37527925,2023,0.0,0.6,0.4,True
37528056,2023,0.0,0.0,0.0,True
37528140,2023,1.0,0.0,0.0,True
37528149,2023,1.0,0.0,0.0,True
37528221,2023,0.0,0.75,0.25,True
37529105,2023,0.2857142857142857,0.0,0.7142857142857143,True
37530130,2023,1.0,0.0,0.0,True
37530405,2023,0.0,0.0,1.0,True
37530525,2023,0.0,0.16666666666666666,0.8333333333333334,True
37530894,2024,0.5,0.0,0.5,True
37531109,2023,1.0,0.0,0.0,True
37531248,2023,1.0,0.0,0.0,True
37531612,2023,1.0,0.0,0.0,True
37531629,2023,0.3333333333333333,0.6666666666666666,0.0,True
37532724,2023,1.0,0.0,0.0,True
37532926,2024,1.0,0.0,0.0,True
37532928,2023,0.25,0.0,0.75,True
37534180,2023,0.0,0.5,0.5,True
37534515,2024,1.0,0.0,0.0,True
37534568,2023,0.0,0.0,1.0,True
37534607,2023,0.6666666666666666,0.0,0.3333333333333333,True
37535204,2024,0.0,1.0,0.0,True
37536224,2023,1.0,0.0,0.0,True
37536952,2023,0.0,0.0,1.0,True
37536999,2024,1.0,0.0,0.0,True
37537369,2023,0.0,1.0,0.0,True
37538853,2023,0.8571428571428571,0.14285714285714285,0.0,True
37538977,2023,1.0,0.0,0.0,True
37539049,2023,0.2,0.8,0.0,True
37539662,2023,0.0,1.0,0.0,True
37539664,2023,1.0,0.0,0.0,True
37540183,2024,1.0,0.0,0.0,True
37540432,2023,0.0,0.5,0.5,True
37540600,2023,0.0,0.6666666666666666,0.3333333333333333,True
37540658,2023,0.0,1.0,0.0,True
37540694,2023,0.0,1.0,0.0,True
37540718,2023,0.3333333333333333,0.0,0.6666666666666666,True
37541196,2023,0.2,0.4,0.4,True
37541364,2023,0.5,0.0,0.5,True
37541841,2023,0.8,0.0,0.2,True
37541842,2023,1.0,0.0,0.0,True
37542029,2023,1.0,0.0,0.0,True
37542159,2024,0.0,0.5,0.5,True
37542784,2023,1.0,0.0,0.0,True
37544326,2023,0.2857142857142857,0.2857142857142857,0.42857142857142855,True
37544771,2023,1.0,0.0,0.0,True
37545108,2023,1.0,0.0,0.0,True
37547254,2023,0.2,0.2,0.6,True
37547379,2023,0.2857142857142857,0.0,0.7142857142857143,True
37547953,2023,1.0,0.0,0.0,True
37548119,2024,1.0,0.0,0.0,True
37548169,2023,1.0,0.0,0.0,True
37548612,2023,0.0,0.0,1.0,True
37550152,2023,1.0,0.0,0.0,True
37550285,2023,1.0,0.0,0.0,True
37550455,2023,0.0,0.0,0.0,True
37552066,2023,0.4,0.6,0.0,True
37552215,2023,0.0,0.0,1.0,True
37552302,2023,1.0,0.0,0.0,True
37552760,2023,0.5,0.0,0.5,True
37552767,2023,0.0,0.5,0.5,True
37552966,2023,0.6666666666666666,0.0,0.3333333333333333,True
37553406,2023,0.0,0.5,0.5,True
37554349,2023,1.0,0.0,0.0,True
37554450,2023,0.16666666666666666,0.0,0.8333333333333334,True
37555749,2023,1.0,0.0,0.0,True
37555782,2023,0.0,0.3333333333333333,0.6666666666666666,True
37555786,2023,0.25,0.0,0.75,True
37555834,2023,1.0,0.0,0.0,True
37556879,2023,0.0,0.0,1.0,True
37557062,2023,1.0,0.0,0.0,True
37558059,2023,1.0,0.0,0.0,True
37558661,2023,0.5,0.0,0.5,True
37558718,2023,0.0,0.0,1.0,True
37558924,2023,0.5,0.0,0.5,True
37559094,2023,1.0,0.0,0.0,True
37559123,2023,0.3333333333333333,0.0,0.6666666666666666,True
37559725,2023,0.0,0.8,0.2,True
37561409,2023,1.0,0.0,0.0,True
37561538,2023,1.0,0.0,0.0,True
37561579,2023,1.0,0.0,0.0,True
37561813,2023,0.0,1.0,0.0,True
37561875,2023,0.4,0.4,0.2,True
37562003,2023,1.0,0.0,0.0,True
37562033,2023,0.0,0.6666666666666666,0.3333333333333333,True
37562117,2023,0.0,0.0,1.0,True
37562567,2023,0.5,0.0,0.5,True
37562721,2023,0.6666666666666666,0.0,0.3333333333333333,True
37562974,2023,0.25,0.0,0.75,True
37563227,2023,0.2,0.6,0.2,True
37563237,2023,0.3333333333333333,0.0,0.6666666666666666,True
37564361,2023,0.0,0.0,1.0,True
37564740,2023,0.5,0.5,0.0,True
37565819,2023,0.5,0.0,0.5,True
37566016,2023,0.0,0.6666666666666666,0.3333333333333333,True
37567393,2024,0.3333333333333333,0.6666666666666666,0.0,True
37569529,2023,0.0,0.4,0.6,True
37570703,2023,0.0,0.5,0.5,True
37572656,2023,0.16666666666666666,0.5,0.3333333333333333,True
37572662,2023,0.3333333333333333,0.0,0.6666666666666666,True
37572791,2023,0.6666666666666666,0.3333333333333333,0.0,True
37573009,2024,0.0,0.6666666666666666,0.3333333333333333,True
37573949,2023,1.0,0.0,0.0,True
37574463,2023,1.0,0.0,0.0,True
37575566,2023,1.0,0.0,0.0,True
37577116,2023,0.3333333333333333,0.0,0.6666666666666666,True
37578898,2023,0.2,0.4,0.4,True
37579019,2023,1.0,0.0,0.0,True
37579159,2023,0.2,0.6,0.2,True
37579177,2023,0.0,0.0,1.0,True
37579202,2023,0.5,0.0,0.5,True
37579205,2023,0.5,0.0,0.5,True
37579208,2023,0.5,0.0,0.5,True
37580152,2023,1.0,0.0,0.0,True
37580715,2023,0.0,0.8,0.2,True
37581100,2023,1.0,0.0,0.0,True
37581941,2023,0.16666666666666666,0.3333333333333333,0.5,True
37582239,2023,1.0,0.0,0.0,True
37582617,2023,0.0,0.0,1.0,True
37582787,2023,0.0,1.0,0.0,True
37582932,2023,0.0,0.6,0.4,True
37583427,2023,1.0,0.0,0.0,True
37583647,2023,0.7142857142857143,0.0,0.2857142857142857,True
37583705,2023,0.0,0.5,0.5,True
37584292,2024,1.0,0.0,0.0,True
37584675,2023,0.16666666666666666,0.8333333333333334,0.0,True
37585199,2023,1.0,0.0,0.0,True
37585292,2023,0.0,0.5,0.5,True
37585383,2023,0.4,0.0,0.6,True
37586079,2023,1.0,0.0,0.0,True
37586319,2023,0.25,0.0,0.75,True
37586847,2023,1.0,0.0,0.0,True
37587458,2023,1.0,0.0,0.0,True
37587544,2023,1.0,0.0,0.0,True
37589372,2023,1.0,0.0,0.0,True
37589453,2023,0.3333333333333333,0.0,0.6666666666666666,True
37589458,2023,0.3333333333333333,0.0,0.6666666666666666,True
37590133,2023,0.0,0.0,1.0,True
37590138,2023,0.0,0.6666666666666666,0.3333333333333333,True
37590148,2023,1.0,0.0,0.0,True
37591201,2023,0.0,0.0,1.0,True
37591874,2023,0.0,0.5,0.5,True
37591946,2023,0.25,0.5,0.25,True
37592106,2023,1.0,0.0,0.0,True
37592256,2023,0.5,0.0,0.5,True
37592734,2023,0.3333333333333333,0.0,0.6666666666666666,True
37592810,2023,0.3333333333333333,0.6666666666666666,0.0,True
37593221,2023,1.0,0.0,0.0,True
37594315,2023,1.0,0.0,0.0,True
37595007,2023,0.6666666666666666,0.0,0.3333333333333333,True
37595021,2023,0.0,0.6666666666666666,0.3333333333333333,True
37595058,2023,0.5,0.0,0.5,True
37595266,2023,1.0,0.0,0.0,True
37595401,2023,1.0,0.0,0.0,True
37595566,2023,0.2,0.4,0.4,True
37596283,2023,0.3333333333333333,0.3333333333333333,0.3333333333333333,True
37596407,2023,1.0,0.0,0.0,True
37596837,2023,0.3333333333333333,0.0,0.6666666666666666,True
37597186,2023,0.0,0.5,0.5,True
37597513,2023,0.3333333333333333,0.3333333333333333,0.3333333333333333,True
37597794,2023,0.0,0.6666666666666666,0.3333333333333333,True
37598461,2023,0.6666666666666666,0.0,0.3333333333333333,True
37598998,2023,1.0,0.0,0.0,True
37599183,2023,1.0,0.0,0.0,True
37599828,2023,0.14285714285714285,0.14285714285714285,0.7142857142857143,True
37600162,2023,0.0,0.0,0.0,True
37600165,2023,1.0,0.0,0.0,True
37600506,2023,0.0,0.0,0.0,True
37600812,2023,0.5,0.0,0.5,True
37600974,2023,0.3333333333333333,0.0,0.6666666666666666,False
37602146,2023,0.0,0.5,0.5,True
37603693,2024,1.0,0.0,0.0,True
37603705,2023,0.5,0.0,0.5,True
37603725,2024,0.5,0.0,0.5,False
37603740,2023,0.0,0.0,1.0,True
37603754,2023,0.0,0.5,0.5,True
37603758,2023,0.5,0.0,0.5,True
37603771,2023,0.0,0.0,0.0,True
37604889,2023,0.0,0.0,1.0,True
37605043,2023,0.25,0.0,0.75,True
37605951,2024,0.5,0.0,0.5,True
37606044,2023,1.0,0.0,0.0,True
37606238,2023,0.5,0.0,0.5,True
37606291,2023,0.6666666666666666,0.0,0.3333333333333333,True
37606364,2023,1.0,0.0,0.0,True
37607230,2023,0.0,0.0,1.0,True
37607234,2023,0.16666666666666666,0.3333333333333333,0.5,True
37607457,2023,1.0,0.0,0.0,True
37607904,2023,0.0,0.0,1.0,True
37608564,2023,1.0,0.0,0.0,True
37608989,2023,1.0,0.0,0.0,True
37609008,2023,0.6666666666666666,0.3333333333333333,0.0,True
37609425,2023,0.125,0.0,0.875,True
37609485,2023,0.0,0.25,0.75,True
37609998,2023,1.0,0.0,0.0,True
37610273,2023,0.25,0.0,0.75,True
37610299,2023,0.0,0.3333333333333333,0.6666666666666666,True
37611509,2023,1.0,0.0,0.0,True
37612268,2023,0.5,0.0,0.5,True
37612584,2023,0.0,0.0,1.0,True
37614226,2023,0.0,0.5,0.5,True
37615573,2024,1.0,0.0,0.0,True
37615600,2023,1.0,0.0,0.0,True
37616058,2023,0.3333333333333333,0.6666666666666666,0.0,True
37616192,2023,1.0,0.0,0.0,True
37616303,2023,0.14285714285714285,0.8571428571428571,0.0,True
37616369,2023,0.25,0.5,0.25,True
37616377,2023,0.3333333333333333,0.3333333333333333,0.3333333333333333,True
37616468,2023,0.5,0.0,0.5,True
37619838,2024,1.0,0.0,0.0,True
37620337,2023,0.6666666666666666,0.0,0.3333333333333333,True
37620443,2023,1.0,0.0,0.0,True
37620741,2023,0.3333333333333333,0.0,0.6666666666666666,True
37620930,2023,0.0,0.5,0.5,True
37621214,2023,0.0,0.0,1.0,True
37622115,2023,0.5,0.0,0.5,True
37622161,2022,0.14285714285714285,0.2857142857142857,0.5714285714285714,True
37622664,2023,0.0,0.0,1.0,True
37622756,2023,1.0,0.0,0.0,True
37623204,2023,1.0,0.0,0.0,True
37623682,2023,0.5,0.0,0.5,True
37623879,2023,0.0,0.5,0.5,True
37624046,2023,0.0,0.75,0.25,True
37624230,2024,1.0,0.0,0.0,True
37624343,2023,0.18181818181818182,0.8181818181818182,0.0,True
37624904,2023,0.3333333333333333,0.6666666666666666,0.0,True
37626746,2023,0.16666666666666666,0.3333333333333333,0.5,True
37626817,2023,1.0,0.0,0.0,True
37627061,2023,0.25,0.0,0.75,True
37627756,2023,0.3333333333333333,0.0,0.6666666666666666,True
37629030,2023,0.3333333333333333,0.0,0.6666666666666666,True
37630831,2023,1.0,0.0,0.0,True
37632750,2023,0.0,0.0,1.0,True
37632787,2024,1.0,0.0,0.0,True
37632791,2024,0.5,0.0,0.5,True
37633302,2023,1.0,0.0,0.0,True
37633900,2023,1.0,0.0,0.0,True
37634691,2023,1.0,0.0,0.0,True
37637066,2023,0.3333333333333333,0.0,0.6666666666666666,True
37637115,2023,0.1111111111111111,0.0,0.8888888888888888,True
37637198,2023,0.0,0.25,0.75,True
37637232,2023,0.8333333333333334,0.0,0.16666666666666666,True
37638353,2023,1.0,0.0,0.0,True
37638355,2023,0.3333333333333333,0.6666666666666666,0.0,True
37638398,2023,1.0,0.0,0.0,True
37639273,2023,0.5,0.0,0.5,True
37639457,2023,0.25,0.5,0.25,True
37639593,2023,0.0,0.0,1.0,True
37640029,2023,1.0,0.0,0.0,True
37640554,2023,0.0,0.75,0.25,True
37640694,2023,0.25,0.5,0.25,True
37641232,2023,0.0,1.0,0.0,True
37641532,2023,0.0,0.0,0.0,True
37642431,2023,1.0,0.0,0.0,True
37642933,2023,0.2,0.4,0.4,True
37642942,2023,0.2,0.6,0.2,True
37643006,2023,0.16666666666666666,0.5,0.3333333333333333,True
37643509,2023,0.6,0.0,0.4,True
37643900,2024,1.0,0.0,0.0,True
37644144,2023,0.0,0.5,0.5,True
37644173,2023,1.0,0.0,0.0,True
37644730,2023,1.0,0.0,0.0,True
37645658,2023,0.3333333333333333,0.0,0.6666666666666666,True
37646374,2023,0.3333333333333333,0.6666666666666666,0.0,True
37647360,2023,1.0,0.0,0.0,True
37647895,2023,0.0,0.6,0.4,True
37648321,2023,0.3333333333333333,0.6666666666666666,0.0,True
37651197,2023,0.125,0.25,0.625,True
37651206,2023,0.6666666666666666,0.0,0.3333333333333333,True
37652048,2023,0.2,0.4,0.4,True
37652701,2023,1.0,0.0,0.0,True
37654973,2023,0.0,0.0,1.0,True
37655895,2023,0.0,0.3333333333333333,0.6666666666666666,True
37656618,2023,0.2,0.0,0.8,True
37657151,2023,1.0,0.0,0.0,True
37659100,2024,1.0,0.0,0.0,True
37659419,2023,0.75,0.0,0.25,True
37659505,2023,1.0,0.0,0.0,True
37659638,2023,1.0,0.0,0.0,True
37660103,2023,0.0,0.6666666666666666,0.3333333333333333,True
37660974,2023,1.0,0.0,0.0,True
37662312,2024,0.5,0.0,0.5,True
37662495,2023,0.0,0.0,1.0,True
37662965,2023,0.0,0.0,1.0,True
37663145,2023,1.0,0.0,0.0,True
37663545,2023,0.5,0.5,0.0,True
37663553,2023,0.0,0.0,0.0,True
37664721,2023,0.0,0.2,0.8,True
37665145,2023,0.16666666666666666,0.3333333333333333,0.5,True
37666439,2024,0.0,1.0,0.0,True
37667102,2023,0.0,0.3333333333333333,0.6666666666666666,True
37667259,2023,0.3333333333333333,0.0,0.6666666666666666,True
37668277,2023,1.0,0.0,0.0,True
37668839,2023,0.0,1.0,0.0,True
37669128,2023,0.25,0.75,0.0,True
37669225,2023,0.0,0.0,0.0,True
37669309,2023,0.0,0.0,1.0,True
37669768,2024,1.0,0.0,0.0,True
37669972,2023,1.0,0.0,0.0,True
37670571,2023,0.0,0.0,1.0,True
37672002,2024,1.0,0.0,0.0,True
37672587,2023,0.0,1.0,0.0,True
37672694,2023,1.0,0.0,0.0,True
37672956,2023,1.0,0.0,0.0,True
37673066,2023,1.0,0.0,0.0,True
37673195,2024,1.0,0.0,0.0,True
37673863,2023,0.0,0.0,1.0,True
37673981,2023,1.0,0.0,0.0,True
37676121,2024,0.0,1.0,0.0,True
37676726,2023,0.2,0.6,0.2,True
37676773,2023,0.25,0.0,0.75,True
37676862,2023,1.0,0.0,0.0,True
37677136,2023,0.3333333333333333,0.6666666666666666,0.0,True
37678486,2024,1.0,0.0,0.0,True
37678915,2023,1.0,0.0,0.0,True
37678928,2023,1.0,0.0,0.0,True
37679333,2023,0.14285714285714285,0.5714285714285714,0.2857142857142857,True
37679461,2023,0.3333333333333333,0.6666666666666666,0.0,True
37679499,2023,0.0,1.0,0.0,True
37680185,2023,1.0,0.0,0.0,True
37681752,2023,0.0,0.0,0.0,True
37681930,2023,1.0,0.0,0.0,True
37682418,2023,1.0,0.0,0.0,True
37682953,2023,1.0,0.0,0.0,True
37683231,2023,1.0,0.0,0.0,True
37683539,2023,0.5,0.0,0.5,True
37683824,2023,0.0,0.0,0.0,True
37684522,2024,0.0,1.0,0.0,True
37686058,2023,0.3333333333333333,0.0,0.6666666666666666,True
37688579,2024,1.0,0.0,0.0,True
37688670,2024,1.0,0.0,0.0,True
37689055,2023,0.5,0.0,0.5,True
37689182,2024,1.0,0.0,0.0,True
37689744,2023,1.0,0.0,0.0,True
37689790,2023,0.0,0.5,0.5,True
37690676,2023,0.0,1.0,0.0,True
37690772,2024,1.0,0.0,0.0,True
37691174,2024,1.0,0.0,0.0,True
37691690,2023,1.0,0.0,0.0,True
37692200,2023,0.2,0.2,0.6,True
37693012,2023,1.0,0.0,0.0,True
37693203,2023,1.0,0.0,0.0,True
37693326,2023,1.0,0.0,0.0,True
37693946,2023,0.2857142857142857,0.14285714285714285,0.5714285714285714,True
37694147,2023,0.1111111111111111,0.1111111111111111,0.7777777777777778,True
37694774,2024,1.0,0.0,0.0,True
37695603,2023,0.5,0.0,0.5,True
37696579,2023,0.16666666666666666,0.3333333333333333,0.5,True
37697037,2023,0.0,0.0,0.0,True
37697338,2023,0.8333333333333334,0.0,0.16666666666666666,True
37697938,2023,0.6666666666666666,0.0,0.3333333333333333,True
37698922,2023,1.0,0.0,0.0,True
37699025,2023,0.0,1.0,0.0,True
37699706,2023,0.5,0.0,0.5,True
37699715,2023,0.0,0.5,0.5,True
37701981,2024,1.0,0.0,0.0,True
37702323,2023,0.3333333333333333,0.0,0.6666666666666666,True
37703285,2024,1.0,0.0,0.0,True
37703304,2023,0.25,0.5,0.25,True
37704594,2023,0.16666666666666666,0.6666666666666666,0.16666666666666666,True
37704705,2023,1.0,0.0,0.0,True
37705364,2023,1.0,0.0,0.0,True
37705594,2023,0.0,0.0,1.0,True
37705595,2023,0.5,0.5,0.0,True
37706203,2023,0.2,0.4,0.4,True
37706491,2023,1.0,0.0,0.0,True
37707375,2023,0.5,0.0,0.5,True
37707473,2023,0.16666666666666666,0.0,0.8333333333333334,True
37708295,2023,0.0,0.6666666666666666,0.3333333333333333,True
37708803,2023,0.0,1.0,0.0,True
37708814,2023,1.0,0.0,0.0,True
37709268,2025,0.8571428571428571,0.0,0.14285714285714285,True
37709353,2023,1.0,0.0,0.0,True
37709732,2023,0.0,0.0,1.0,True
37709749,2023,0.16666666666666666,0.3333333333333333,0.5,True
37709987,2023,0.0,0.0,1.0,True
37710018,2023,0.5,0.0,0.5,True
37710248,2023,1.0,0.0,0.0,True
37711632,2023,0.25,0.25,0.5,True
37712417,2023,0.0,0.5,0.5,True
37713444,2023,0.3333333333333333,0.6666666666666666,0.0,True
37714151,2023,0.25,0.5,0.25,True
37714395,2024,1.0,0.0,0.0,True
37717420,2023,1.0,0.0,0.0,True
37717940,2023,0.5714285714285714,0.2857142857142857,0.14285714285714285,True
37717995,2023,0.3333333333333333,0.6666666666666666,0.0,True
37719154,2023,0.0,0.4,0.6,True
37720106,2023,0.0,0.0,1.0,True
37720210,2023,0.14285714285714285,0.5714285714285714,0.2857142857142857,True
37720784,2023,0.0,0.0,0.0,True
37721487,2023,0.4,0.0,0.6,True
37721939,2023,0.25,0.0,0.75,True
37723160,2023,0.2,0.4,0.4,True
37723223,2023,0.0,1.0,0.0,True
37723249,2023,1.0,0.0,0.0,True
37723282,2023,0.0,0.6666666666666666,0.3333333333333333,True
37724870,2023,0.5,0.0,0.5,True
37725252,2024,1.0,0.0,0.0,True
37725435,2023,0.5,0.0,0.5,True
37725486,2024,0.3333333333333333,0.6666666666666666,0.0,True
37725716,2024,0.3333333333333333,0.0,0.6666666666666666,True
37726433,2023,0.25,0.5,0.25,True
37726484,2023,0.5,0.0,0.5,True
37727953,2023,0.6666666666666666,0.0,0.3333333333333333,True
37728345,2023,0.0,0.0,1.0,True
37728586,2024,0.5,0.0,0.5,True
37728600,2023,0.0,0.0,1.0,True
37729613,2023,1.0,0.0,0.0,True
37729913,2023,0.0,0.4,0.6,True
37729920,2023,0.5,0.0,0.5,True
37730434,2023,1.0,0.0,0.0,True
37730689,2023,0.3333333333333333,0.0,0.6666666666666666,True
37731001,2023,0.25,0.0,0.75,True
37731285,2023,1.0,0.0,0.0,True
37732899,2023,0.6,0.0,0.4,True
37732905,2023,1.0,0.0,0.0,True
37733366,2023,0.3333333333333333,0.0,0.6666666666666666,True
37733989,2023,1.0,0.0,0.0,True
37734204,2023,1.0,0.0,0.0,True
37734478,2024,1.0,0.0,0.0,True
37735574,2023,0.0,0.6666666666666666,0.3333333333333333,True
37736195,2023,0.0,0.5,0.5,True
37736700,2023,1.0,0.0,0.0,True
37737090,2023,1.0,0.0,0.0,True
37737377,2023,0.5,0.0,0.5,True
37737588,2023,0.5,0.0,0.5,True
37737643,2023,0.5,0.0,0.5,True
37738419,2023,0.0,0.75,0.25,True
37738543,2023,0.5,0.0,0.5,True
37738626,2023,1.0,0.0,0.0,True
37738807,2023,0.0,0.0,0.0,True
37739031,2024,1.0,0.0,0.0,True
37739183,2023,1.0,0.0,0.0,True
37739311,2024,1.0,0.0,0.0,True
37739799,2024,0.5,0.0,0.5,True
37739951,2023,0.0,1.0,0.0,True
37739964,2023,0.0,1.0,0.0,True
37740179,2023,0.3333333333333333,0.0,0.6666666666666666,True
37741007,2023,1.0,0.0,0.0,True
37741687,2023,1.0,0.0,0.0,True
37741818,2023,0.0,0.75,0.25,True
37741911,2024,1.0,0.0,0.0,True
37741977,2023,1.0,0.0,0.0,True
37742121,2024,0.0,0.4,0.6,True
37742819,2023,0.16666666666666666,0.6666666666666666,0.16666666666666666,True
37743535,2023,1.0,0.0,0.0,True
37743657,2023,1.0,0.0,0.0,True
37744304,2023,0.0,0.3333333333333333,0.6666666666666666,True
37744365,2023,0.5,0.0,0.5,True
37744735,2023,0.0,0.0,1.0,True
37745315,2025,0.0,0.42857142857142855,0.5714285714285714,True
37745325,2025,0.6666666666666666,0.0,0.3333333333333333,True
37745464,2024,0.0,0.5,0.5,True
37745655,2023,1.0,0.0,0.0,True
37745942,2023,0.0,1.0,0.0,True
37746145,2023,0.0,0.25,0.75,True
37746744,2023,1.0,0.0,0.0,True
37747202,2023,0.0,0.5,0.5,True
37747415,2023,0.3333333333333333,0.0,0.6666666666666666,True
37747771,2023,1.0,0.0,0.0,True
37747931,2023,0.0,0.75,0.25,True
37748059,2023,0.3333333333333333,0.3333333333333333,0.3333333333333333,True
37749244,2023,1.0,0.0,0.0,True
37749605,2023,1.0,0.0,0.0,True
37751477,2023,0.3333333333333333,0.0,0.6666666666666666,True
37751677,2023,1.0,0.0,0.0,True
37751811,2023,1.0,0.0,0.0,True
37751914,2024,0.5,0.5,0.0,True
37753082,2023,1.0,0.0,0.0,True
37754655,2023,0.6666666666666666,0.0,0.3333333333333333,True
37754843,2023,0.0,0.0,0.0,True
37755087,2023,0.3333333333333333,0.0,0.6666666666666666,True
37756057,2023,0.2,0.4,0.4,True
37756335,2023,0.3333333333333333,0.0,0.6666666666666666,True
37756526,2023,0.0,0.4,0.6,True
37756546,2023,0.3333333333333333,0.6666666666666666,0.0,True
37757827,2023,1.0,0.0,0.0,True
37758124,2023,1.0,0.0,0.0,True
37758250,2024,1.0,0.0,0.0,True
37758652,2023,0.3333333333333333,0.6666666666666666,0.0,True
37758795,2023,0.25,0.75,0.0,True
37758801,2023,1.0,0.0,0.0,True
37758949,2023,0.25,0.25,0.5,True
37759342,2023,1.0,0.0,0.0,True
37759487,2023,0.0,0.0,1.0,True
37759770,2023,0.0,0.2857142857142857,0.7142857142857143,True
37759895,2023,0.0,0.0,0.0,True
37760597,2023,1.0,0.0,0.0,True
37762130,2023,0.0,0.8,0.2,True
37762275,2023,0.6666666666666666,0.0,0.3333333333333333,True
37762531,2023,0.2,0.4,0.4,True
37762633,2023,1.0,0.0,0.0,True
37764650,2023,1.0,0.0,0.0,True
37766976,2023,0.25,0.25,0.5,True
37767768,2024,1.0,0.0,0.0,True
37768018,2024,0.75,0.0,0.25,True
37768797,2023,0.25,0.5,0.25,True
37769229,2024,1.0,0.0,0.0,True
37769594,2023,1.0,0.0,0.0,True
37769662,2023,0.0,0.4,0.6,True
37769878,2024,1.0,0.0,0.0,True
37769982,2024,1.0,0.0,0.0,True
37769983,2024,1.0,0.0,0.0,True
37770002,2023,0.5,0.0,0.5,True
37770128,2024,0.0,0.6666666666666666,0.3333333333333333,True
37770135,2023,0.0,1.0,0.0,True
37770440,2023,0.2,0.6,0.2,True
37770635,2023,1.0,0.0,0.0,True
37774000,2023,0.25,0.0,0.75,True
37774317,2023,1.0,0.0,0.0,True
37774459,2023,1.0,0.0,0.0,True
37774704,2023,0.4,0.4,0.2,True
37775447,2024,1.0,0.0,0.0,True
37776044,2024,1.0,0.0,0.0,True
37776201,2023,1.0,0.0,0.0,True
37776852,2023,0.2,0.2,0.6,True
37777067,2024,1.0,0.0,0.0,True
37777515,2023,0.6666666666666666,0.3333333333333333,0.0,True
37777824,2024,0.5,0.0,0.5,True
37778955,2023,1.0,0.0,0.0,True
37780058,2023,0.0,0.0,0.0,True
37780722,2023,1.0,0.0,0.0,True
37780863,2023,0.0,0.0,0.0,True
37781088,2023,0.3333333333333333,0.5,0.16666666666666666,True
37781157,2023,1.0,0.0,0.0,True
37781651,2023,0.0,0.38461538461538464,0.6153846153846154,True
37781858,2023,0.25,0.5,0.25,True
37782798,2023,0.0,1.0,0.0,True
37783441,2023,0.0,1.0,0.0,True
37783689,2023,0.25,0.5,0.25,True
37783704,2023,1.0,0.0,0.0,True
37783804,2023,0.0,1.0,0.0,True
37783968,2023,0.0,0.4,0.6,True
37784185,2023,0.42857142857142855,0.2857142857142857,0.2857142857142857,True
37786302,2024,1.0,0.0,0.0,True
37786945,2023,0.5,0.0,0.5,True
37788367,2023,0.5,0.0,0.5,True
37788377,2023,0.5,0.0,0.5,True
37788383,2023,1.0,0.0,0.0,True
37788501,2023,1.0,0.0,0.0,True
37788895,2024,0.5,0.0,0.5,True
37789021,2023,1.0,0.0,0.0,True
37790281,2023,0.4,0.0,0.6,True
37791340,2023,0.6666666666666666,0.0,0.3333333333333333,True
37791933,2023,0.0,0.0,0.0,True
37792462,2023,0.5,0.0,0.5,True
37792512,2023,1.0,0.0,0.0,True
37792892,2023,1.0,0.0,0.0,True
37793572,2024,1.0,0.0,0.0,True
37794071,2023,0.0,0.6666666666666666,0.3333333333333333,True
37794082,2023,0.0,0.0,0.0,True
37795971,2024,1.0,0.0,0.0,True
37795985,2023,0.0,0.6666666666666666,0.3333333333333333,True
37796138,2025,1.0,0.0,0.0,False
37796477,2023,0.0,0.0,1.0,True
37796827,2023,1.0,0.0,0.0,True
37796973,2023,0.25,0.5,0.25,True
37797431,2023,1.0,0.0,0.0,True
37797893,2024,1.0,0.0,0.0,True
37798131,2023,0.0,0.6666666666666666,0.3333333333333333,True
37798281,2023,0.0,0.6666666666666666,0.3333333333333333,True
37798301,2023,0.25,0.5,0.25,True
37799980,2023,1.0,0.0,0.0,True
37800623,2023,0.2,0.6,0.2,True
37801035,2023,0.5,0.0,0.5,True
37801092,2023,0.3333333333333333,0.0,0.6666666666666666,True
37801487,2024,1.0,0.0,0.0,True
37802314,2023,0.0,0.42857142857142855,0.5714285714285714,True
37802364,2023,0.3333333333333333,0.3333333333333333,0.3333333333333333,True
37804001,2024,0.0,1.0,0.0,True
37804088,2024,1.0,0.0,0.0,True
37804122,2023,1.0,0.0,0.0,True
37804200,2023,1.0,0.0,0.0,True
37804305,2025,1.0,0.0,0.0,True
37804316,2024,0.5,0.5,0.0,True
37804827,2023,1.0,0.0,0.0,True
37804930,2023,0.0,0.0,1.0,True
37805600,2023,0.5,0.0,0.5,True
37806612,2024,1.0,0.0,0.0,True
37806772,2023,1.0,0.0,0.0,True
37808483,2023,0.0,0.0,1.0,True
37809077,2023,0.16666666666666666,0.3333333333333333,0.5,True
37810883,2023,0.3333333333333333,0.0,0.6666666666666666,True
37811666,2024,1.0,0.0,0.0,True
37811899,2024,1.0,0.0,0.0,True
37811983,2023,0.5,0.0,0.5,True
37811984,2023,0.16666666666666666,0.3333333333333333,0.5,True
37812322,2023,0.5,0.0,0.5,True
37812612,2023,0.0,1.0,0.0,True
37812697,2023,0.0,0.0,0.0,True
37814955,2023,0.5,0.0,0.5,True
37815936,2023,0.25,0.5,0.25,True
37816634,2023,1.0,0.0,0.0,True
37817005,2024,1.0,0.0,0.0,True
37817415,2023,0.25,0.5,0.25,True
37819097,2023,0.5,0.0,0.5,True
37819130,2023,0.5,0.5,0.0,True
37821066,2023,1.0,0.0,0.0,True
37821447,2023,0.25,0.25,0.5,True
37821496,2023,0.0,0.5,0.5,True
37821516,2023,0.0,0.0,1.0,True
37822049,2024,1.0,0.0,0.0,True
37822508,2023,0.25,0.5,0.25,True
37822540,2023,1.0,0.0,0.0,True
37822807,2023,1.0,0.0,0.0,True
37823398,2024,1.0,0.0,0.0,True
37823711,2023,1.0,0.0,0.0,True
37824061,2024,0.3333333333333333,0.0,0.6666666666666666,True
37824071,2024,0.2,0.4,0.4,True
37824137,2023,1.0,0.0,0.0,True
37824190,2023,1.0,0.0,0.0,True
37824216,2023,0.0,0.6666666666666666,0.3333333333333333,True
37824328,2023,0.0,0.5,0.5,True
37824621,2023,1.0,0.0,0.0,True
37827362,2024,0.0,0.5,0.5,True
37828021,2023,0.0,0.6666666666666666,0.3333333333333333,True
37828137,2023,1.0,0.0,0.0,True
37828227,2023,0.2,0.6,0.2,True
37828466,2023,0.0,0.0,1.0,True
37828917,2023,0.0,0.0,1.0,True
37829549,2023,1.0,0.0,0.0,True
37831778,2023,0.2,0.0,0.8,True
37832027,2023,0.25,0.25,0.5,True
37832188,2023,0.0,0.75,0.25,True
37832548,2023,1.0,0.0,0.0,True
37832975,2023,0.75,0.0,0.25,True
37833300,2023,1.0,0.0,0.0,True
37833956,2023,0.0,1.0,0.0,True
37834110,2023,0.0,0.3333333333333333,0.6666666666666666,True
37835579,2023,0.2,0.0,0.8,True
37836476,2023,1.0,0.0,0.0,True
37837441,2024,1.0,0.0,0.0,True
37837808,2023,1.0,0.0,0.0,True
37838170,2023,0.14285714285714285,0.0,0.8571428571428571,True
37838705,2023,0.2,0.4,0.4,True
37838945,2023,0.0,0.0,0.0,True
37839622,2023,1.0,0.0,0.0,True
37840351,2024,1.0,0.0,0.0,True
37840576,2023,0.0,0.0,0.0,True
37840815,2023,1.0,0.0,0.0,True
37840856,2023,0.0,0.0,1.0,True
37840858,2023,0.5,0.0,0.5,True
37841286,2023,0.4,0.0,0.6,True
37841523,2023,1.0,0.0,0.0,True
37842184,2023,0.3333333333333333,0.0,0.6666666666666666,True
37842337,2023,0.0,0.0,0.0,True
37843072,2023,1.0,0.0,0.0,True
37843279,2023,0.25,0.5,0.25,True
37843988,2023,0.0,0.0,1.0,True
37844029,2023,1.0,0.0,0.0,True
37844966,2023,0.75,0.0,0.25,True
37845211,2023,0.3333333333333333,0.0,0.6666666666666666,True
37845222,2023,0.3333333333333333,0.0,0.6666666666666666,True
37845412,2023,0.0,1.0,0.0,True
37845724,2023,0.375,0.125,0.5,True
37845729,2023,1.0,0.0,0.0,True
37847010,2023,0.5,0.0,0.5,True
37847074,2024,1.0,0.0,0.0,True
37847546,2023,1.0,0.0,0.0,True
37847874,2023,1.0,0.0,0.0,True
37848025,2023,0.0,0.0,0.0,True
37848282,2023,1.0,0.0,0.0,True
37848431,2023,0.0,1.0,0.0,True
37849396,2023,1.0,0.0,0.0,True
37850658,2023,0.0,0.0,1.0,True
37851393,2024,1.0,0.0,0.0,True
37851582,2023,1.0,0.0,0.0,True
37851801,2023,0.0,0.0,1.0,True
37852041,2023,1.0,0.0,0.0,True
37852738,2023,0.3333333333333333,0.0,0.6666666666666666,True
37852960,2023,0.25,0.5,0.25,True
37854696,2023,0.3333333333333333,0.0,0.6666666666666666,True
37856141,2023,0.75,0.0,0.25,True
37856326,2024,1.0,0.0,0.0,True
37856394,2023,0.0,0.6666666666666666,0.3333333333333333,True
37856832,2024,1.0,0.0,0.0,True
37857613,2023,0.0,1.0,0.0,True
37857747,2023,0.25,0.0,0.75,True
37857844,2024,0.0,0.0,0.0,True
37857906,2023,0.0,1.0,0.0,True
37858159,2023,0.2,0.4,0.4,True
37858332,2023,0.3333333333333333,0.0,0.6666666666666666,True
37858437,2024,1.0,0.0,0.0,True
37858505,2024,1.0,0.0,0.0,True
37859621,2023,0.25,0.75,0.0,True
37859800,2023,0.0,0.0,1.0,True
37861066,2024,1.0,0.0,0.0,True
37861280,2023,0.5,0.0,0.5,True
37861342,2023,0.0,1.0,0.0,True
37861803,2023,0.3333333333333333,0.0,0.6666666666666666,True
37862187,2024,0.0,0.0,1.0,True
37862312,2023,0.3333333333333333,0.0,0.6666666666666666,True
37862356,2023,0.0,0.0,0.0,True
37862381,2023,0.25,0.0,0.75,True
37862385,2023,0.0,0.6666666666666666,0.3333333333333333,True
37862860,2023,1.0,0.0,0.0,True
37864333,2023,0.3333333333333333,0.6666666666666666,0.0,True
37864817,2024,1.0,0.0,0.0,True
37865082,2023,0.0,0.75,0.25,True
37865083,2023,0.0,0.6666666666666666,0.3333333333333333,True
37865316,2023,0.0,0.0,1.0,True
37865722,2023,1.0,0.0,0.0,True
37866114,2023,0.2,0.4,0.4,True
37866371,2023,1.0,0.0,0.0,True
37866700,2023,1.0,0.0,0.0,True
37867905,2023,1.0,0.0,0.0,True
37868648,2023,0.6666666666666666,0.0,0.3333333333333333,True
37869909,2024,1.0,0.0,0.0,True
37870291,2025,0.5,0.5,0.0,True
37870438,2024,0.5,0.0,0.5,True
37871188,2023,0.0,1.0,0.0,True
37871205,2023,0.0,0.5,0.5,True
37871851,2023,0.3333333333333333,0.6666666666666666,0.0,True
37872145,2023,0.0,0.5,0.5,True
37872153,2023,0.3333333333333333,0.0,0.6666666666666666,True
37873560,2024,1.0,0.0,0.0,True
37874152,2023,0.125,0.5,0.375,True
37875111,2024,1.0,0.0,0.0,True
37876533,2023,0.0,0.0,0.0,False
37877369,2024,1.0,0.0,0.0,True
37877800,2023,0.3333333333333333,0.0,0.6666666666666666,True
37878467,2024,1.0,0.0,0.0,True
37878492,2023,1.0,0.0,0.0,True
37878675,2023,0.6666666666666666,0.0,0.3333333333333333,True
37878787,2024,1.0,0.0,0.0,True
37878810,2023,0.0,0.0,0.0,True
37880247,2023,0.2,0.2,0.6,True
37881538,2023,0.0,0.3333333333333333,0.6666666666666666,True
37881548,2023,1.0,0.0,0.0,True
37881563,2023,0.2222222222222222,0.2222222222222222,0.5555555555555556,True
37882528,2023,0.5,0.5,0.0,True
37883086,2023,1.0,0.0,0.0,True
37883190,2024,0.5,0.0,0.5,True
37883246,2023,0.5,0.0,0.5,True
37883332,2023,1.0,0.0,0.0,True
37883420,2023,0.0,0.6,0.4,True
37883719,2023,1.0,0.0,0.0,True
37883797,2024,1.0,0.0,0.0,True
37884054,2023,0.6666666666666666,0.0,0.3333333333333333,True
37884340,2023,0.16666666666666666,0.3333333333333333,0.5,True
37884890,2023,1.0,0.0,0.0,True
37885303,2023,1.0,0.0,0.0,True
37885910,2023,0.3333333333333333,0.16666666666666666,0.5,True
37886645,2023,1.0,0.0,0.0,True
37887277,2023,0.0,0.75,0.25,True
37887318,2023,0.3333333333333333,0.0,0.6666666666666666,True
37889039,2024,0.5,0.0,0.5,True
37889040,2023,0.0,0.0,1.0,True
37889049,2024,1.0,0.0,0.0,True
37889181,2023,1.0,0.0,0.0,True
37890204,2023,0.2,0.8,0.0,True
37890265,2023,1.0,0.0,0.0,True
37890331,2023,0.5,0.0,0.5,True
37890463,2024,1.0,0.0,0.0,True
37890925,2023,0.25,0.75,0.0,True
37891965,2023,0.5,0.5,0.0,True
37892059,2023,0.5,0.0,0.5,True
37892181,2023,1.0,0.0,0.0,True
37892234,2023,0.3333333333333333,0.0,0.6666666666666666,True
37892925,2023,0.2,0.0,0.8,True
37894219,2023,0.0,0.2,0.8,True
37894922,2023,0.6666666666666666,0.0,0.3333333333333333,True
37895177,2023,0.5,0.0,0.5,True
37895188,2023,1.0,0.0,0.0,True
37896768,2023,0.5,0.0,0.5,True
37896833,2023,0.5,0.0,0.5,True
37897136,2024,0.6,0.0,0.4,True
37898735,2023,0.3333333333333333,0.0,0.6666666666666666,True
37899750,2023,0.3333333333333333,0.0,0.6666666666666666,True
37900019,2023,1.0,0.0,0.0,True
37900350,2023,1.0,0.0,0.0,True
37900981,2023,0.0,0.0,1.0,True
37901957,2024,1.0,0.0,0.0,True
37902275,2024,1.0,0.0,0.0,True
37902422,2023,1.0,0.0,0.0,True
37902619,2023,0.0,0.0,0.0,True
37902916,2023,1.0,0.0,0.0,True
37903258,2023,0.25,0.75,0.0,True
37903316,2024,1.0,0.0,0.0,True
37903626,2023,0.0,0.6666666666666666,0.3333333333333333,True
37904191,2023,0.2,0.4,0.4,True
37905359,2024,1.0,0.0,0.0,True
37905910,2023,0.5,0.0,0.5,True
37906163,2023,1.0,0.0,0.0,True
37906280,2023,0.5,0.0,0.5,True
37906629,2023,0.25,0.0,0.75,True
37906952,2023,0.0,0.0,1.0,True
37907689,2023,0.0,0.0,0.0,True
37908554,2023,0.0,0.0,0.0,True
37909740,2023,0.0,0.6,0.4,True
37909749,2023,0.0,1.0,0.0,True
37909885,2024,1.0,0.0,0.0,True
37910044,2024,0.3333333333333333,0.6666666666666666,0.0,True
37910104,2023,1.0,0.0,0.0,True
37910202,2024,0.0,1.0,0.0,True
37910561,2023,0.0,0.75,0.25,True
37914710,2023,0.0,1.0,0.0,True
37914934,2023,0.0,0.2222222222222222,0.7777777777777778,True
37916285,2024,0.0,0.0,1.0,True
37917578,2023,0.0,0.0,1.0,True
37917585,2023,0.0,0.5,0.5,True
37917689,2023,0.0,0.75,0.25,True
37917882,2023,0.25,0.5,0.25,True
37918374,2024,1.0,0.0,0.0,True
37918403,2023,1.0,0.0,0.0,True
37918939,2023,1.0,0.0,0.0,True
37919280,2023,0.0,0.6666666666666666,0.3333333333333333,True
37919617,2024,0.6666666666666666,0.0,0.3333333333333333,True
37920273,2023,0.0,0.25,0.75,True
37921511,2023,0.0,0.5,0.5,True
37921867,2024,1.0,0.0,0.0,True
37922339,2023,0.0,0.6666666666666666,0.3333333333333333,True
37922907,2023,0.25,0.5,0.25,True
37923732,2023,0.2,0.4,0.4,True
37923804,2023,0.75,0.0,0.25,True
37924862,2023,0.0,0.5,0.5,True
37924987,2024,1.0,0.0,0.0,True
37925498,2023,0.0,0.0,1.0,True
37925632,2023,1.0,0.0,0.0,True
37928541,2023,1.0,0.0,0.0,True
37929256,2023,1.0,0.0,0.0,True
37930118,2023,0.25,0.5,0.25,True
37930698,2023,0.6666666666666666,0.0,0.3333333333333333,True
37930826,2023,0.2,0.0,0.8,True
37930888,2023,0.0,0.0,1.0,True
37930897,2023,0.0,0.0,0.0,True
37932011,2023,0.3333333333333333,0.0,0.6666666666666666,True
37932470,2023,0.25,0.75,0.0,True
37933490,2023,0.25,0.0,0.75,True
37933855,2024,0.0,0.0,0.0,True
37935042,2023,0.0,0.75,0.25,True
37935253,2023,1.0,0.0,0.0,True
37935254,2023,0.0,0.0,1.0,True
37935664,2023,0.0,0.75,0.25,True
37935687,2023,1.0,0.0,0.0,True
37935791,2024,0.625,0.125,0.25,True
37935839,2024,1.0,0.0,0.0,True
37935861,2024,1.0,0.0,0.0,True
37936022,2024,1.0,0.0,0.0,True
37937963,2023,0.0,0.0,1.0,True
37938555,2023,0.0,0.2857142857142857,0.7142857142857143,True
37938560,2023,1.0,0.0,0.0,True
37938562,2023,0.25,0.25,0.5,True
37938626,2023,0.0,0.0,1.0,True
37938781,2023,0.5,0.0,0.5,True
37939134,2023,0.14285714285714285,0.14285714285714285,0.7142857142857143,True
37939262,2024,0.5,0.0,0.5,True
37940068,2023,0.25,0.0,0.75,True
37940582,2023,1.0,0.0,0.0,True
37942280,2023,0.1111111111111111,0.0,0.8888888888888888,True
37943608,2024,0.6666666666666666,0.0,0.3333333333333333,True
37943633,2024,0.25,0.75,0.0,True
37943957,2023,0.0,0.5,0.5,True
37944040,2024,1.0,0.0,0.0,True
37944090,2023,1.0,0.0,0.0,True
37944134,2023,0.4,0.4,0.2,True
37944273,2023,0.6,0.4,0.0,True
37944913,2024,1.0,0.0,0.0,True
37945476,2024,1.0,0.0,0.0,True
37945821,2023,0.0,0.5,0.5,True
37945903,2023,1.0,0.0,0.0,True
37946302,2023,0.6666666666666666,0.0,0.3333333333333333,True
37946325,2024,0.5,0.0,0.5,True
37946677,2023,0.0,0.6,0.4,True
37947183,2024,0.5,0.0,0.5,True
37947337,2023,1.0,0.0,0.0,True
37947339,2023,1.0,0.0,0.0,True
37947640,2023,0.25,0.5,0.25,True
37948185,2023,0.0,0.0,0.0,True
37948524,2023,0.25,0.5,0.25,True
37948640,2023,0.0,0.0,1.0,True
37948866,2023,0.5,0.5,0.0,True
37949227,2023,0.0,0.0,1.0,True
37949888,2023,0.3333333333333333,0.0,0.6666666666666666,True
37950874,2024,0.25,0.75,0.0,True
37950937,2024,1.0,0.0,0.0,True
37951090,2024,0.2,0.4,0.4,True
37951310,2024,0.6666666666666666,0.0,0.3333333333333333,True
37952154,2023,0.0,0.6666666666666666,0.3333333333333333,True
37952647,2024,1.0,0.0,0.0,True
37953271,2023,0.0,0.6666666666666666,0.3333333333333333,True
37953324,2024,1.0,0.0,0.0,True
37953705,2023,0.0,0.0,1.0,True
37953850,2023,0.2,0.0,0.8,True
37954081,2023,0.5,0.0,0.5,True
37954494,2023,0.0,0.125,0.875,True
37954510,2023,0.0,0.0,0.0,True
37956283,2023,0.3333333333333333,0.0,0.6666666666666666,True
37956405,2024,0.0,1.0,0.0,True
37956733,2024,0.0,0.4,0.6,True
37957287,2023,0.5,0.0,0.5,True
37958403,2023,0.0,0.0,0.0,True
37959191,2023,1.0,0.0,0.0,True
37962238,2023,0.16666666666666666,0.5,0.3333333333333333,True
37962331,2023,0.3333333333333333,0.0,0.6666666666666666,True
37962425,2024,0.0,0.0,1.0,True
37962958,2024,0.3333333333333333,0.0,0.6666666666666666,True
37963022,2023,0.0,0.6666666666666666,0.3333333333333333,True
37963894,2023,0.0,0.6666666666666666,0.3333333333333333,True
37964658,2024,1.0,0.0,0.0,True
37965354,2023,1.0,0.0,0.0,True
37966258,2023,1.0,0.0,0.0,True
37967137,2023,0.6,0.4,0.0,True
37967174,2023,0.0,0.42857142857142855,0.5714285714285714,True
37967185,2023,0.0,0.6,0.4,True
37967199,2023,0.6,0.0,0.4,True
37967247,2024,0.6666666666666666,0.0,0.3333333333333333,True
37967346,2023,1.0,0.0,0.0,True
37968328,2023,0.0,0.0,1.0,True
37968395,2023,0.0,0.0,1.0,True
37969031,2024,1.0,0.0,0.0,True
37969032,2024,0.5,0.0,0.5,True
37971407,2023,0.2,0.4,0.4,True
37971871,2024,0.5,0.0,0.5,True
37972849,2024,0.3333333333333333,0.6666666666666666,0.0,True
37974165,2023,0.14285714285714285,0.2857142857142857,0.5714285714285714,True
37974213,2023,0.25,0.5,0.25,True
37975682,2023,0.25,0.75,0.0,True
37975816,2024,1.0,0.0,0.0,True
37976160,2023,0.2,0.4,0.4,True
37976351,2023,0.25,0.5,0.25,True
37976795,2024,1.0,0.0,0.0,True
37977818,2023,0.3333333333333333,0.6666666666666666,0.0,True
37978802,2024,0.0,0.0,1.0,True
37978828,2024,1.0,0.0,0.0,True
37978840,2024,1.0,0.0,0.0,True
37979772,2024,0.5,0.3333333333333333,0.16666666666666666,True
37980342,2023,0.0,0.0,1.0,True
37980415,2023,0.3333333333333333,0.6666666666666666,0.0,True
37980571,2023,0.3333333333333333,0.0,0.6666666666666666,True
37980914,2024,1.0,0.0,0.0,True
37981238,2024,1.0,0.0,0.0,True
37981240,2024,1.0,0.0,0.0,True
37982134,2023,1.0,0.0,0.0,True
37982142,2023,0.25,0.0,0.75,True
37982164,2024,0.0,0.0,1.0,True
37982276,2023,1.0,0.0,0.0,True
37982627,2023,0.2,0.8,0.0,True
37982669,2024,0.3333333333333333,0.0,0.6666666666666666,True
37983196,2023,0.0,0.5,0.5,True
37983250,2023,0.3333333333333333,0.6666666666666666,0.0,True
37984294,2024,1.0,0.0,0.0,True
37984376,2023,0.2,0.8,0.0,True
37984795,2024,1.0,0.0,0.0,True
37985787,2024,1.0,0.0,0.0,True
37985885,2023,1.0,0.0,0.0,True
37986950,2024,0.0,1.0,0.0,True
37987184,2023,1.0,0.0,0.0,True
37987359,2023,0.4,0.2,0.4,True
37988030,2024,0.25,0.0,0.75,True
37989731,2023,0.3333333333333333,0.0,0.6666666666666666,True
37989735,2023,0.0,0.0,0.0,True
37990257,2023,1.0,0.0,0.0,True
37990735,2023,1.0,0.0,0.0,True
37991280,2024,0.0,0.0,1.0,True
37991758,2023,1.0,0.0,0.0,True
37991773,2024,1.0,0.0,0.0,True
37991836,2023,1.0,0.0,0.0,True
37992405,2023,0.75,0.0,0.25,True
37992755,2024,1.0,0.0,0.0,True
37993282,2023,1.0,0.0,0.0,True
37994247,2024,0.6666666666666666,0.0,0.3333333333333333,True
37994350,2023,1.0,0.0,0.0,True
37994677,2024,0.0,0.0,0.0,True
37995681,2023,0.0,1.0,0.0,True
37995692,2024,0.5,0.0,0.5,True
37995942,2024,1.0,0.0,0.0,True
37996063,2024,0.16666666666666666,0.3333333333333333,0.5,True
37996424,2023,0.2,0.4,0.4,True
37998365,2023,0.3333333333333333,0.0,0.6666666666666666,True
37998895,2023,0.0,0.8333333333333334,0.16666666666666666,True
38000366,2024,0.0,0.0,1.0,True
38000373,2024,0.25,0.5,0.25,True
38001031,2023,1.0,0.0,0.0,True
38001860,2023,0.0,0.07692307692307693,0.9230769230769231,True
38002248,2023,1.0,0.0,0.0,True
38002285,2023,0.0,0.0,1.0,True
38002957,2023,1.0,0.0,0.0,True
38004460,2023,0.6666666666666666,0.0,0.3333333333333333,True
38005838,2023,0.2,0.0,0.8,True
38005840,2023,1.0,0.0,0.0,True
38005994,2023,0.0,0.14285714285714285,0.8571428571428571,True
38007359,2024,0.5,0.0,0.5,True
38009642,2024,1.0,0.0,0.0,True
38009914,2023,0.0,0.5,0.5,True
38009954,2024,0.5,0.0,0.5,True
38009970,2023,1.0,0.0,0.0,True
38010310,2025,1.0,0.0,0.0,True
38010394,2024,0.6666666666666666,0.0,0.3333333333333333,True
38010458,2024,1.0,0.0,0.0,True
38011490,2023,1.0,0.0,0.0,True
38011569,2023,0.0,0.0,1.0,True
38011570,2023,0.0,0.0,0.0,True
38012005,2023,0.0,1.0,0.0,True
38012390,2024,0.2,0.6,0.2,True
38012987,2024,1.0,0.0,0.0,True
38013230,2023,1.0,0.0,0.0,True
38013591,2024,1.0,0.0,0.0,True
38014578,2024,1.0,0.0,0.0,True
38015619,2024,1.0,0.0,0.0,True
38015629,2024,0.25,0.75,0.0,True
38015841,2023,0.3333333333333333,0.0,0.6666666666666666,True
38015937,2024,1.0,0.0,0.0,True
38016478,2024,0.25,0.0,0.75,True
38016985,2023,1.0,0.0,0.0,True
38017066,2023,0.25,0.0,0.75,True
38017130,2024,1.0,0.0,0.0,True
38017638,2023,1.0,0.0,0.0,True
38017640,2023,0.0,1.0,0.0,True
38018102,2023,0.16666666666666666,0.6666666666666666,0.16666666666666666,True
38018177,2024,0.0,1.0,0.0,True
38018436,2024,0.5,0.0,0.5,True
38018831,2024,1.0,0.0,0.0,True
38018991,2023,0.25,0.0,0.75,True
38019014,2024,0.6666666666666666,0.0,0.3333333333333333,True
38019490,2023,0.0,1.0,0.0,True
38019611,2024,0.125,0.25,0.625,True
38019653,2023,0.3333333333333333,0.0,0.6666666666666666,True
38019654,2023,0.25,0.5,0.25,True
38019931,2023,0.25,0.5,0.25,True
38020527,2023,1.0,0.0,0.0,True
38020807,2023,0.2,0.4,0.4,True
38020927,2023,0.0,0.16666666666666666,0.8333333333333334,True
38021223,2023,0.0,0.3333333333333333,0.6666666666666666,True
38022635,2023,0.25,0.5,0.25,True
38024238,2023,0.2,0.2,0.6,True
38026167,2023,0.0,0.0,1.0,True
38026221,2023,0.3333333333333333,0.0,0.6666666666666666,True
38026572,2023,0.5,0.0,0.5,True
38026756,2023,1.0,0.0,0.0,True
38030609,2023,0.0,0.4,0.6,True
38031352,2024,1.0,0.0,0.0,True
38031763,2024,0.2,0.4,0.4,True
38032519,2024,1.0,0.0,0.0,True
38033283,2024,1.0,0.0,0.0,True
38033424,2023,0.0,0.625,0.375,True
38033506,2023,0.75,0.0,0.25,True
38034930,2023,1.0,0.0,0.0,True
38035854,2024,0.5,0.0,0.5,True
38036213,2024,1.0,0.0,0.0,True
38038135,2023,0.5,0.0,0.5,True
38038247,2024,0.25,0.25,0.5,True
38038723,2024,0.0,0.5,0.5,True
38039708,2024,1.0,0.0,0.0,True
38039963,2023,0.3333333333333333,0.0,0.6666666666666666,True
38040678,2023,1.0,0.0,0.0,True
38041477,2024,1.0,0.0,0.0,True
38041679,2024,1.0,0.0,0.0,True
38041684,2024,1.0,0.0,0.0,True
38041865,2024,1.0,0.0,0.0,True
38041964,2024,0.6666666666666666,0.0,0.3333333333333333,True
38042809,2023,0.25,0.5,0.25,True
38043324,2024,1.0,0.0,0.0,True
38044439,2023,1.0,0.0,0.0,True
38045036,2023,1.0,0.0,0.0,True
38045768,2023,0.3333333333333333,0.6666666666666666,0.0,True
38046363,2023,1.0,0.0,0.0,True
38046670,2023,0.3333333333333333,0.16666666666666666,0.5,True
38047069,2023,0.0,1.0,0.0,True
38047079,2023,0.0,0.0,1.0,True
38047387,2024,0.0,1.0,0.0,True
38048352,2023,0.0,0.6,0.4,True
38048369,2023,0.2,0.6,0.2,True
38048388,2024,0.14285714285714285,0.42857142857142855,0.42857142857142855,True
38048593,2024,0.5,0.0,0.5,True
38049085,2024,0.25,0.5,0.25,True
38049566,2023,0.3333333333333333,0.0,0.6666666666666666,True
38049664,2024,0.25,0.5,0.25,True
38049877,2023,0.5,0.5,0.0,True
38049923,2023,0.2,0.6,0.2,True
38049983,2024,0.8,0.0,0.2,True
38050135,2024,0.16666666666666666,0.3333333333333333,0.5,True
38051215,2024,0.0,1.0,0.0,True
38051788,2024,0.6,0.0,0.4,True
38052229,2024,0.16666666666666666,0.16666666666666666,0.6666666666666666,True
38052359,2024,0.5,0.5,0.0,True
38052772,2023,0.0,1.0,0.0,True
38052974,2024,1.0,0.0,0.0,True
38052982,2024,0.8888888888888888,0.0,0.1111111111111111,True
38053627,2023,1.0,0.0,0.0,True
38053937,2023,0.7142857142857143,0.0,0.2857142857142857,True
38054814,2024,0.3333333333333333,0.6666666666666666,0.0,False
38054972,2024,1.0,0.0,0.0,True
38055050,2023,0.5,0.25,0.25,True
38055283,2024,1.0,0.0,0.0,True
38055637,2023,1.0,0.0,0.0,True
38055811,2023,0.0,0.0,1.0,True
38056457,2023,0.25,0.25,0.5,True
38057307,2023,0.6666666666666666,0.0,0.3333333333333333,True
38057395,2024,1.0,0.0,0.0,True
38057633,2024,0.0,0.0,0.0,True
38058018,2024,1.0,0.0,0.0,True
38058170,2024,0.875,0.0,0.125,True
38058990,2023,0.0,0.5,0.5,True
38059124,2023,1.0,0.0,0.0,True
38059179,2023,0.18181818181818182,0.6363636363636364,0.18181818181818182,True
38059274,2024,1.0,0.0,0.0,True
38059389,2024,0.2857142857142857,0.14285714285714285,0.5714285714285714,True
38059801,2024,0.5,0.0,0.5,True
38061025,2024,0.5,0.0,0.5,True
38061376,2024,0.8333333333333334,0.0,0.16666666666666666,True
38062014,2023,0.0,1.0,0.0,True
38063144,2024,1.0,0.0,0.0,True
38063210,2023,0.0,0.0,1.0,True
38063851,2024,0.0,0.5,0.5,True
38064524,2023,0.3333333333333333,0.0,0.6666666666666666,True
38064553,2023,0.0,0.0,1.0,True
38064910,2024,1.0,0.0,0.0,True
38066002,2023,0.0,0.75,0.25,True
38066031,2023,1.0,0.0,0.0,True
38066332,2024,0.0,0.5,0.5,True
38066663,2024,1.0,0.0,0.0,True
38066693,2024,1.0,0.0,0.0,True
38067439,2023,0.0,0.0,1.0,True
38069666,2024,1.0,0.0,0.0,True
38070470,2024,1.0,0.0,0.0,True
38070489,2024,1.0,0.0,0.0,True
38070825,2024,1.0,0.0,0.0,False
38070892,2023,0.5,0.0,0.5,True
38071106,2024,0.2,0.6,0.2,True
38071482,2024,0.0,0.0,1.0,True
38071582,2023,1.0,0.0,0.0,True
38072056,2024,0.7142857142857143,0.2857142857142857,0.0,True
38073021,2024,1.0,0.0,0.0,True
38074919,2023,0.25,0.0,0.75,True
38075021,2023,0.4,0.4,0.2,True
38075027,2023,0.0,0.0,0.0,True
38077272,2023,1.0,0.0,0.0,True
38078733,2024,0.3333333333333333,0.0,0.6666666666666666,True
38078770,2024,0.16666666666666666,0.6666666666666666,0.16666666666666666,True
38078856,2024,1.0,0.0,0.0,True
38079601,2024,1.0,0.0,0.0,True
38081198,2024,1.0,0.0,0.0,True
38081412,2024,0.25,0.75,0.0,True
38081806,2023,0.5,0.0,0.5,True
38081939,2023,0.0,0.6666666666666666,0.3333333333333333,True
38082317,2023,0.5,0.5,0.0,True
38083374,2023,1.0,0.0,0.0,True
38084291,2023,0.5,0.0,0.5,True
38084929,2024,0.0,0.3333333333333333,0.6666666666666666,True
38084967,2024,0.3333333333333333,0.3333333333333333,0.3333333333333333,True
38085206,2024,1.0,0.0,0.0,True
38085330,2023,0.5,0.0,0.5,True
38085763,2024,1.0,0.0,0.0,True
38085797,2023,0.0,0.0,1.0,True
38086156,2024,1.0,0.0,0.0,True
38086590,2023,1.0,0.0,0.0,True
38086794,2023,0.0,0.6666666666666666,0.3333333333333333,True
38087115,2023,1.0,0.0,0.0,True
38087917,2024,1.0,0.0,0.0,True
38088067,2024,1.0,0.0,0.0,True
38088382,2024,0.5,0.0,0.5,True
38088474,2024,0.0,0.0,1.0,True
38091879,2024,0.0,0.6666666666666666,0.3333333333333333,True
38092046,2024,1.0,0.0,0.0,True
38092139,2024,0.3333333333333333,0.6666666666666666,0.0,True
38092908,2023,0.1,0.2,0.7,True
38092914,2023,0.0,0.6666666666666666,0.3333333333333333,True
38093390,2023,0.5,0.0,0.5,True
38094088,2023,1.0,0.0,0.0,True
38094682,2023,0.75,0.25,0.0,True
38095310,2023,0.25,0.25,0.5,True
38096052,2023,0.5,0.0,0.5,True
38096058,2023,1.0,0.0,0.0,True
38096133,2024,0.0,0.0,1.0,True
38096292,2023,0.0,1.0,0.0,True
38096317,2023,0.2,0.8,0.0,True
38096800,2024,0.5,0.0,0.5,True
38096802,2025,1.0,0.0,0.0,True
38097206,2024,1.0,0.0,0.0,True
38097317,2024,1.0,0.0,0.0,True
38099902,2024,1.0,0.0,0.0,True
38099988,2023,0.6,0.0,0.4,True
38100748,2023,1.0,0.0,0.0,True
38102140,2023,0.3333333333333333,0.0,0.6666666666666666,True
38103472,2024,1.0,0.0,0.0,True
38103548,2024,1.0,0.0,0.0,True
38103827,2024,0.1111111111111111,0.0,0.8888888888888888,True
38103869,2024,0.0,0.42857142857142855,0.5714285714285714,True
38103985,2024,1.0,0.0,0.0,True
38104223,2023,1.0,0.0,0.0,True
38104481,2024,1.0,0.0,0.0,True
38104967,2024,0.3333333333333333,0.0,0.6666666666666666,True
38107773,2023,1.0,0.0,0.0,True
38108061,2023,0.14285714285714285,0.0,0.8571428571428571,True
38108064,2023,0.0,0.3333333333333333,0.6666666666666666,True
38109082,2024,1.0,0.0,0.0,True
38109328,2024,1.0,0.0,0.0,True
38109535,2023,0.0,0.0,0.0,True
38109704,2025,1.0,0.0,0.0,True
38110118,2024,1.0,0.0,0.0,True
38110569,2023,0.0,1.0,0.0,True
38110611,2023,0.0,0.6666666666666666,0.3333333333333333,True
38110618,2024,1.0,0.0,0.0,True
38112617,2024,0.5,0.0,0.5,True
38112642,2024,0.5,0.0,0.5,True
38113074,2023,0.0,0.0,0.0,True
38113462,2024,0.3333333333333333,0.6666666666666666,0.0,True
38113481,2024,0.0,1.0,0.0,True
38113854,2023,0.0,0.0,1.0,True
38114057,2024,0.42857142857142855,0.42857142857142855,0.14285714285714285,True
38114162,2024,1.0,0.0,0.0,True
38114483,2023,0.0,0.0,1.0,True
38115123,2023,0.0,1.0,0.0,True
38115586,2024,0.2,0.4,0.4,True
38116249,2023,1.0,0.0,0.0,True
38116442,2023,0.5,0.0,0.5,True
38116577,2023,0.3333333333333333,0.0,0.6666666666666666,True
38116708,2024,0.6666666666666666,0.0,0.3333333333333333,True
38117233,2024,1.0,0.0,0.0,True
38117586,2023,1.0,0.0,0.0,True
38118071,2024,0.5,0.0,0.5,True
38118412,2023,1.0,0.0,0.0,True
38123151,2023,1.0,0.0,0.0,True
38123476,2023,1.0,0.0,0.0,True
38123557,2023,0.0,0.0,0.0,True
38124450,2024,1.0,0.0,0.0,True
38124887,2023,1.0,0.0,0.0,True
38126779,2023,1.0,0.0,0.0,True
38127057,2023,0.3333333333333333,0.6666666666666666,0.0,True
38127463,2023,0.5,0.0,0.5,True
38127536,2024,1.0,0.0,0.0,True
38127979,2023,1.0,0.0,0.0,True
38128256,2024,1.0,0.0,0.0,True
38128541,2024,0.375,0.0,0.625,True
38128568,2024,0.5714285714285714,0.2857142857142857,0.14285714285714285,True
38128716,2024,0.5,0.5,0.0,True
38128767,2024,0.3333333333333333,0.6666666666666666,0.0,True
38129705,2023,0.5,0.5,0.0,True
38129791,2023,1.0,0.0,0.0,True
38129991,2024,1.0,0.0,0.0,True
38131150,2024,1.0,0.0,0.0,True
38131352,2024,1.0,0.0,0.0,False
38131664,2024,0.16666666666666666,0.6666666666666666,0.16666666666666666,True
38132093,2023,0.6666666666666666,0.0,0.3333333333333333,True
38132146,2023,0.2,0.4,0.4,True
38134275,2023,0.0,1.0,0.0,True
38134284,2023,0.5,0.0,0.5,True
38134511,2024,0.0,0.4,0.6,True
38134889,2024,0.1,0.3,0.6,True
38134931,2024,1.0,0.0,0.0,True
38134936,2024,0.75,0.0,0.25,True
38135769,2024,1.0,0.0,0.0,True
38135904,2024,1.0,0.0,0.0,True
38140172,2023,0.5,0.0,0.5,True
38140590,2023,0.0,0.5,0.5,True
38141369,2024,0.0,1.0,0.0,True
38141965,2024,1.0,0.0,0.0,True
38142462,2024,0.14285714285714285,0.2857142857142857,0.5714285714285714,True
38142927,2024,0.0,1.0,0.0,True
38143802,2023,0.25,0.0,0.75,True
38144450,2023,0.0,0.5714285714285714,0.42857142857142855,True
38145006,2023,0.3333333333333333,0.0,0.6666666666666666,True
38145206,2023,0.0,0.0,0.0,True
38145439,2024,1.0,0.0,0.0,True
38145700,2024,1.0,0.0,0.0,True
38145744,2024,0.5,0.0,0.5,True
38145984,2024,0.25,0.5,0.25,True
38147627,2024,1.0,0.0,0.0,True
38148905,2023,0.0,0.0,1.0,True
38149583,2024,0.2,0.4,0.4,True
38149602,2024,1.0,0.0,0.0,True
38150567,2024,1.0,0.0,0.0,True
38151017,2024,0.3333333333333333,0.0,0.6666666666666666,True
38151220,2024,1.0,0.0,0.0,True
38151817,2024,1.0,0.0,0.0,True
38151903,2024,1.0,0.0,0.0,True
38152039,2024,0.0,1.0,0.0,True
38152138,2023,0.3333333333333333,0.6666666666666666,0.0,True
38154120,2024,0.0,0.0,0.0,True
38154237,2024,1.0,0.0,0.0,True
38154666,2024,0.6666666666666666,0.0,0.3333333333333333,True
38155477,2024,1.0,0.0,0.0,True
38155568,2024,0.5,0.0,0.5,True
38156948,2024,0.0,0.0,1.0,True
38157227,2024,1.0,0.0,0.0,True
38157298,2024,0.0,0.5,0.5,True
38158428,2024,0.5,0.0,0.5,True
38159432,2024,0.0,1.0,0.0,True
38159568,2024,0.0,0.4,0.6,True
38159613,2024,1.0,0.0,0.0,True
38160317,2024,0.0,0.0,0.0,True
38162017,2023,0.3333333333333333,0.0,0.6666666666666666,True
38162029,2023,0.5,0.0,0.5,True
38162683,2023,1.0,0.0,0.0,True
38162907,2023,1.0,0.0,0.0,True
38163367,2024,1.0,0.0,0.0,True
38163645,2024,0.5,0.0,0.5,True
38164609,2024,0.0,0.0,1.0,True
38164708,2023,1.0,0.0,0.0,True
38165046,2024,1.0,0.0,0.0,False
38165394,2024,0.0,0.75,0.25,True
38166637,2024,0.5,0.5,0.0,True
38167144,2024,1.0,0.0,0.0,True
38168055,2024,0.0,0.5,0.5,True
38168135,2024,1.0,0.0,0.0,True
38168288,2024,0.5,0.0,0.5,True
38168500,2024,0.2,0.6,0.2,True
38168575,2024,0.0,1.0,0.0,True
38168980,2024,1.0,0.0,0.0,True
38168989,2024,0.0,0.0,0.0,True
38169732,2024,0.0,0.6,0.4,True
38170022,2023,1.0,0.0,0.0,True
38170500,2024,1.0,0.0,0.0,True
38170778,2024,0.0,0.3333333333333333,0.6666666666666666,True
38170993,2024,0.125,0.375,0.5,True
38172257,2024,0.25,0.5,0.25,True
38172567,2024,0.0,0.0,1.0,True
38172624,2024,0.75,0.0,0.25,True
38174154,2024,1.0,0.0,0.0,True
38174871,2024,0.6666666666666666,0.3333333333333333,0.0,True
38174935,2024,0.3333333333333333,0.0,0.6666666666666666,True
38175185,2024,1.0,0.0,0.0,True
38175682,2024,1.0,0.0,0.0,True
38175716,2024,0.3333333333333333,0.6666666666666666,0.0,True
38175730,2024,0.25,0.5,0.25,True
38175961,2024,1.0,0.0,0.0,True
38177069,2024,0.75,0.0,0.25,True
38177144,2024,0.0,0.6666666666666666,0.3333333333333333,True
38177497,2024,0.0,0.0,1.0,True
38177625,2023,1.0,0.0,0.0,True
38178904,2023,0.5,0.0,0.5,False
38179474,2023,0.0,0.5,0.5,True
38180236,2024,0.0,0.75,0.25,True
38180357,2024,0.5,0.5,0.0,True
38180612,2024,0.16666666666666666,0.3333333333333333,0.5,True
38180898,2024,1.0,0.0,0.0,True
38181064,2024,0.2,0.2,0.6,True
38181070,2024,0.8,0.0,0.2,True
38181329,2024,1.0,0.0,0.0,True
38181731,2024,1.0,0.0,0.0,True
38181784,2024,0.5,0.0,0.5,True
38182432,2024,0.0,0.0,1.0,True
38182597,2024,0.0,0.0,1.0,True
38182727,2024,0.6666666666666666,0.0,0.3333333333333333,True
38182782,2024,1.0,0.0,0.0,True
38183347,2024,0.5,0.0,0.5,True
38183599,2024,0.25,0.0,0.75,True
38184304,2024,0.42857142857142855,0.0,0.5714285714285714,True
38184623,2024,0.0,0.18181818181818182,0.8181818181818182,True
38184666,2024,0.0,0.6,0.4,True
38185496,2024,0.0,0.0,0.0,True
38185798,2024,0.5,0.5,0.0,True
38186237,2024,1.0,0.0,0.0,True
38187868,2023,1.0,0.0,0.0,True
38187988,2023,1.0,0.0,0.0,True
38188300,2023,0.1111111111111111,0.0,0.8888888888888888,True
38188518,2023,0.1111111111111111,0.4444444444444444,0.4444444444444444,True
38188934,2024,0.5,0.0,0.5,True
38189238,2024,0.0,1.0,0.0,True
38189270,2024,0.0,0.0,1.0,True
38189332,2024,1.0,0.0,0.0,True
38190619,2024,1.0,0.0,0.0,True
38190702,2024,0.6,0.0,0.4,True
38190931,2024,1.0,0.0,0.0,True
38191340,2024,1.0,0.0,0.0,True
38191458,2024,0.0,1.0,0.0,True
38191464,2024,0.0,0.5,0.5,True
38191484,2024,0.25,0.5,0.25,True
38191510,2024,1.0,0.0,0.0,True
38191573,2024,1.0,0.0,0.0,True
38191580,2024,1.0,0.0,0.0,True
38191666,2024,0.5,0.0,0.5,True
38191696,2024,0.0,0.6666666666666666,0.3333333333333333,True
38191926,2024,1.0,0.0,0.0,True
38192023,2024,1.0,0.0,0.0,True
38192168,2024,0.0,1.0,0.0,True
38192537,2023,0.16666666666666666,0.3333333333333333,0.5,True
38193710,2024,1.0,0.0,0.0,True
38194268,2024,0.0,0.3333333333333333,0.6666666666666666,True
38194272,2024,0.8571428571428571,0.14285714285714285,0.0,True
38194606,2024,1.0,0.0,0.0,True
38194689,2024,0.6666666666666666,0.0,0.3333333333333333,True
38195151,2024,1.0,0.0,0.0,True
38195566,2024,0.0,0.5,0.5,True
38195602,2024,1.0,0.0,0.0,True
38195666,2024,0.4,0.4,0.2,True
38195839,2024,0.75,0.0,0.25,True
38196035,2024,1.0,0.0,0.0,False
38196343,2024,1.0,0.0,0.0,True
38196575,2024,0.3333333333333333,0.0,0.6666666666666666,True
38197649,2024,0.0,0.0,0.0,True
38197836,2024,1.0,0.0,0.0,True
38198528,2024,0.0,0.6666666666666666,0.3333333333333333,True
38198568,2024,0.6666666666666666,0.0,0.3333333333333333,True
38198796,2024,1.0,0.0,0.0,True
38198888,2024,0.3333333333333333,0.0,0.6666666666666666,True
38199042,2024,0.6,0.0,0.4,True
38200081,2024,0.5,0.0,0.5,True
38200273,2024,0.25,0.5,0.25,True
38200289,2024,0.8571428571428571,0.0,0.14285714285714285,True
38200648,2024,0.0,1.0,0.0,True
38201241,2023,0.5,0.0,0.5,True
38201407,2023,1.0,0.0,0.0,False
38203516,2023,1.0,0.0,0.0,True
38205253,2023,0.0,0.0,0.0,True
38205543,2024,0.0,0.6,0.4,True
38205877,2024,1.0,0.0,0.0,True
38206627,2024,1.0,0.0,0.0,True
38206818,2024,1.0,0.0,0.0,True
38207130,2024,0.5,0.0,0.5,True
38211552,2024,0.0,0.0,0.0,True
38211592,2024,0.0,0.75,0.25,True
38211816,2024,0.0,0.8,0.2,True
38212353,2024,1.0,0.0,0.0,True
38212442,2024,1.0,0.0,0.0,True
38213719,2024,0.25,0.25,0.5,True
38213827,2023,0.0,0.0,0.0,True
38214677,2024,1.0,0.0,0.0,True
38215510,2024,0.6666666666666666,0.3333333333333333,0.0,True
38215749,2024,0.3333333333333333,0.0,0.6666666666666666,True
38216113,2024,0.2,0.4,0.4,True
38217297,2024,1.0,0.0,0.0,True
38217501,2024,1.0,0.0,0.0,True
38218178,2024,1.0,0.0,0.0,True
38218214,2024,1.0,0.0,0.0,False
38218318,2024,1.0,0.0,0.0,True
38218683,2024,0.0,0.5,0.5,True
38218737,2024,0.14285714285714285,0.42857142857142855,0.42857142857142855,True
38218793,2024,1.0,0.0,0.0,True
38219151,2024,0.16666666666666666,0.0,0.8333333333333334,True
38220066,2024,1.0,0.0,0.0,True
38222065,2024,0.5,0.5,0.0,True
38222330,2024,1.0,0.0,0.0,True
38222422,2024,1.0,0.0,0.0,True
38222430,2024,1.0,0.0,0.0,True
38224480,2024,1.0,0.0,0.0,True
38225170,2024,1.0,0.0,0.0,True
38226163,2023,0.7142857142857143,0.0,0.2857142857142857,True
38226488,2024,1.0,0.0,0.0,True
38226493,2024,0.375,0.0,0.625,True
38226624,2024,0.2,0.4,0.4,True
38226778,2024,1.0,0.0,0.0,True
38226965,2024,1.0,0.0,0.0,True
38227031,2024,1.0,0.0,0.0,True
38227347,2024,0.5,0.5,0.0,True
38227372,2024,0.2,0.6,0.2,True
38227666,2024,0.3333333333333333,0.0,0.6666666666666666,True
38227900,2024,1.0,0.0,0.0,True
38228150,2024,0.0,0.0,1.0,True
38229171,2024,1.0,0.0,0.0,True
38229744,2023,0.0,0.0,1.0,True
38230272,2023,0.6666666666666666,0.0,0.3333333333333333,True
38231038,2024,0.0,0.0,0.0,True
38232086,2024,0.25,0.75,0.0,True
38232121,2024,0.5,0.0,0.5,True
38232138,2024,1.0,0.0,0.0,True
38232960,2024,0.0,0.0,1.0,True
38233474,2024,1.0,0.0,0.0,True
38233598,2024,1.0,0.0,0.0,True
38233646,2024,0.0,0.0,1.0,True
38234231,2024,1.0,0.0,0.0,True
38234298,2024,0.0,0.0,0.0,True
38234369,2023,0.9166666666666666,0.08333333333333333,0.0,True
38235425,2024,0.16666666666666666,0.16666666666666666,0.6666666666666666,True
38236296,2024,0.0,0.6666666666666666,0.3333333333333333,True
38236596,2024,1.0,0.0,0.0,True
38236633,2024,0.0,0.0,1.0,True
38236648,2024,1.0,0.0,0.0,True
38236824,2024,0.0,0.0,0.0,False
38236978,2024,1.0,0.0,0.0,True
38237090,2024,1.0,0.0,0.0,True
38237593,2024,0.0,1.0,0.0,True
38238005,2024,0.25,0.0,0.75,True
38238687,2024,0.5,0.0,0.5,True
38239263,2023,0.8,0.2,0.0,True
38239478,2024,1.0,0.0,0.0,True
38239681,2023,0.0,0.0,1.0,True
38239832,2024,0.16666666666666666,0.5,0.3333333333333333,True
38240170,2024,0.5,0.0,0.5,True
38240888,2024,1.0,0.0,0.0,True
38241320,2024,0.3333333333333333,0.6666666666666666,0.0,True
38241710,2024,0.5,0.0,0.5,True
38242893,2024,1.0,0.0,0.0,True
38243165,2024,0.0,0.5,0.5,True
38243264,2024,1.0,0.0,0.0,True
38245224,2024,1.0,0.0,0.0,True
38245501,2024,1.0,0.0,0.0,True
38245560,2024,0.0,0.0,1.0,True
38245754,2024,1.0,0.0,0.0,True
38246166,2024,1.0,0.0,0.0,False
38247051,2024,0.0,0.0,0.0,True
38248467,2024,0.1,0.3,0.6,True
38249841,2024,1.0,0.0,0.0,True
38250006,2023,0.0,0.0,1.0,True
38250563,2023,1.0,0.0,0.0,True
38250850,2023,0.0,0.0,1.0,True
38251633,2024,1.0,0.0,0.0,True
38251682,2024,0.6666666666666666,0.0,0.3333333333333333,True
38252511,2024,1.0,0.0,0.0,True
38252532,2024,0.0,0.6666666666666666,0.3333333333333333,True
38253691,2024,0.0,0.0,1.0,True
38253882,2024,0.0,0.0,0.0,False
38254178,2024,1.0,0.0,0.0,True
38255002,2024,0.0,1.0,0.0,True
38256240,2024,0.0,0.0,0.0,False
38257808,2024,0.16666666666666666,0.0,0.8333333333333334,False
38259147,2024,0.0,0.0,1.0,False
38259435,2024,0.25,0.5,0.25,True
38259542,2024,0.875,0.0,0.125,True
38260576,2024,0.0,0.0,1.0,True
38260854,2024,0.6666666666666666,0.0,0.3333333333333333,True
38260971,2024,1.0,0.0,0.0,True
38261410,2024,0.5,0.0,0.5,True
38261611,2024,0.0,1.0,0.0,True
38261617,2024,0.25,0.25,0.5,True
38261786,2024,0.25,0.5,0.25,True
38261809,2024,0.0,0.1111111111111111,0.8888888888888888,True
38262502,2024,1.0,0.0,0.0,True
38262546,2024,1.0,0.0,0.0,True
38262796,2024,0.0,0.4,0.6,False
38262813,2024,1.0,0.0,0.0,True
38262838,2024,0.0,0.6,0.4,False
38263287,2024,0.0,0.0,1.0,False
38263330,2024,0.2,0.4,0.4,True
38263490,2024,1.0,0.0,0.0,True
38263798,2024,1.0,0.0,0.0,True
38263879,2024,1.0,0.0,0.0,True
38263910,2024,1.0,0.0,0.0,True
38264543,2023,0.0,0.0,0.0,True
38265424,2024,0.25,0.0,0.75,True
38265460,2024,1.0,0.0,0.0,False
38265935,2024,0.3333333333333333,0.6666666666666666,0.0,True
38266075,2024,0.0,0.75,0.25,True
38266217,2024,1.0,0.0,0.0,True
38266271,2024,1.0,0.0,0.0,True
38266286,2024,0.25,0.75,0.0,True
38266360,2024,1.0,0.0,0.0,True
38266981,2024,0.2,0.4,0.4,False
38267444,2024,0.0,0.6666666666666666,0.3333333333333333,True
38267599,2024,0.0,0.6666666666666666,0.3333333333333333,True
38267952,2024,0.0,0.3333333333333333,0.6666666666666666,True
38268471,2024,1.0,0.0,0.0,True
38268980,2024,0.09090909090909091,0.18181818181818182,0.7272727272727273,True
38269772,2024,1.0,0.0,0.0,True
38270531,2024,1.0,0.0,0.0,True
38270938,2024,1.0,0.0,0.0,True
38271099,2024,0.25,0.75,0.0,True
38271119,2024,0.0,0.5,0.5,True
38271138,2024,1.0,0.0,0.0,True
38271216,2024,0.0,0.0,1.0,True
38271343,2024,0.0,0.0,0.0,True
38271870,2024,0.0,0.0,0.0,True
38272345,2024,0.5,0.0,0.5,True
38272669,2024,0.0,0.75,0.25,True
38272842,2024,1.0,0.0,0.0,True
38273315,2024,1.0,0.0,0.0,True
38273363,2024,0.16666666666666666,0.5,0.3333333333333333,True
38274045,2024,0.0,0.125,0.875,True
38274790,2024,0.6666666666666666,0.3333333333333333,0.0,True
38275237,2024,1.0,0.0,0.0,True
38275890,2024,0.125,0.125,0.75,True
38276245,2024,1.0,0.0,0.0,True
38276909,2024,0.0,0.0,1.0,True
38277146,2024,0.75,0.25,0.0,True
38277395,2024,0.5,0.0,0.5,True
38277467,2024,1.0,0.0,0.0,True
38278170,2024,1.0,0.0,0.0,True
38279124,2024,0.5714285714285714,0.42857142857142855,0.0,True
38279154,2024,0.3333333333333333,0.0,0.6666666666666666,True
38280289,2024,0.0,0.5,0.5,True
38280375,2024,0.0,0.4,0.6,True
38280378,2024,0.25,0.0,0.75,True
38280460,2024,0.2,0.0,0.8,True
38280945,2024,1.0,0.0,0.0,True
38281054,2024,0.0,1.0,0.0,True
38281073,2024,1.0,0.0,0.0,True
38281186,2024,0.1111111111111111,0.0,0.8888888888888888,True
38281222,2024,0.0,1.0,0.0,True
38281600,2024,1.0,0.0,0.0,True
38281682,2024,0.25,0.5,0.25,True
38282387,2024,1.0,0.0,0.0,True
38283350,2024,0.2,0.4,0.4,True
38284926,2024,1.0,0.0,0.0,True
38284984,2024,0.0,0.5,0.5,True
38284995,2024,0.0,0.0,0.0,True
38285012,2024,0.0,0.75,0.25,False
38285606,2024,1.0,0.0,0.0,True
38285941,2024,0.0,0.3333333333333333,0.6666666666666666,True
38285943,2024,0.0,0.0,1.0,True
38285957,2024,1.0,0.0,0.0,True
38286207,2024,0.3333333333333333,0.0,0.6666666666666666,True
38286433,2024,1.0,0.0,0.0,True
38289950,2024,0.0,0.5,0.5,True
38290009,2024,0.6666666666666666,0.3333333333333333,0.0,True
38290090,2024,1.0,0.0,0.0,True
38290242,2024,0.5,0.0,0.5,True
38290608,2024,1.0,0.0,0.0,True
38291024,2024,0.6666666666666666,0.0,0.3333333333333333,True
38291050,2024,0.25,0.5,0.25,True
38291301,2024,1.0,0.0,0.0,True
38291529,2024,1.0,0.0,0.0,False
38291798,2024,1.0,0.0,0.0,True
38292240,2023,0.5,0.0,0.5,True
38292408,2024,0.6666666666666666,0.0,0.3333333333333333,True
38293922,2024,1.0,0.0,0.0,True
38293962,2024,0.25,0.0,0.75,True
38294906,2024,0.25,0.5,0.25,True
38295108,2024,0.2,0.4,0.4,True
38296647,2024,0.0,1.0,0.0,True
38296990,2024,0.3333333333333333,0.0,0.6666666666666666,True
38297077,2024,0.0,0.5,0.5,True
38297144,2024,0.0,0.5,0.5,True
38297316,2024,0.3333333333333333,0.0,0.6666666666666666,True
38298111,2024,0.0,0.4,0.6,True
38298165,2024,0.8,0.0,0.2,True
38298420,2023,0.25,0.25,0.5,True
38299188,2024,0.5,0.5,0.0,False
38299308,2024,0.7142857142857143,0.0,0.2857142857142857,True
38299714,2024,1.0,0.0,0.0,True
38299841,2024,0.0,0.5,0.5,True
38300178,2024,1.0,0.0,0.0,True
38300640,2024,1.0,0.0,0.0,True
38301204,2024,0.0,0.0,0.0,True
38301652,2024,0.0,0.0,1.0,True
38302317,2024,1.0,0.0,0.0,True
38302539,2024,1.0,0.0,0.0,True
38302573,2024,0.0,1.0,0.0,True
38302823,2024,0.0,0.5,0.5,True
38303638,2024,1.0,0.0,0.0,True
38303711,2024,0.0,0.0,1.0,True
38304146,2024,0.0,0.42857142857142855,0.5714285714285714,True
38304571,2024,1.0,0.0,0.0,True
38304834,2024,0.2,0.0,0.8,True
38305356,2024,1.0,0.0,0.0,True
38306193,2024,1.0,0.0,0.0,True
38306657,2024,1.0,0.0,0.0,True
38307001,2024,0.0,0.0,1.0,True
38307027,2024,0.5,0.0,0.5,True
38307123,2024,1.0,0.0,0.0,True
38308411,2025,1.0,0.0,0.0,True
38309265,2024,0.16666666666666666,0.3333333333333333,0.5,True
38309720,2024,1.0,0.0,0.0,True
38310101,2024,1.0,0.0,0.0,True
38310404,2023,1.0,0.0,0.0,True
38310640,2024,1.0,0.0,0.0,True
38310748,2024,1.0,0.0,0.0,True
38311120,2024,0.0,0.0,0.0,False
38311799,2024,1.0,0.0,0.0,True
38312227,2024,0.375,0.0,0.625,True
38314748,2024,0.8,0.0,0.2,True
38315396,2024,0.5,0.0,0.5,True
38315653,2024,1.0,0.0,0.0,True
38315678,2024,0.4,0.6,0.0,True
38315794,2024,0.0,1.0,0.0,True
38315887,2024,1.0,0.0,0.0,True
38316038,2024,1.0,0.0,0.0,True
38316344,2024,1.0,0.0,0.0,True
38316354,2024,0.0,0.0,0.0,False
38316796,2024,0.3333333333333333,0.6666666666666666,0.0,True
38318125,2024,0.5,0.0,0.5,True
38318198,2024,0.5,0.0,0.5,True
38318357,2024,0.0,0.5,0.5,True
38318504,2024,0.8,0.2,0.0,True
38318699,2024,1.0,0.0,0.0,True
38319286,2024,0.3333333333333333,0.0,0.6666666666666666,True
38320121,2024,0.3333333333333333,0.0,0.6666666666666666,True
38320737,2024,1.0,0.0,0.0,True
38321040,2024,0.0,1.0,0.0,True
38321047,2024,0.2857142857142857,0.2857142857142857,0.42857142857142855,True
38321508,2024,1.0,0.0,0.0,True
38323454,2024,1.0,0.0,0.0,True
38323609,2024,0.0,0.6666666666666666,0.3333333333333333,True
38324323,2024,1.0,0.0,0.0,True
38324465,2024,1.0,0.0,0.0,True
38324638,2024,0.25,0.5,0.25,True
38325378,2024,0.2,0.0,0.8,True
38326458,2024,1.0,0.0,0.0,True
38326609,2024,0.4,0.0,0.6,True
38326610,2024,0.0,0.6666666666666666,0.3333333333333333,True
38326613,2024,0.25,0.75,0.0,True
38328448,2024,0.0,0.0,1.0,True
38328795,2024,0.2,0.0,0.8,True
38329121,2024,0.0,1.0,0.0,True
38329168,2024,0.0,0.6666666666666666,0.3333333333333333,True
38330185,2024,0.3333333333333333,0.0,0.6666666666666666,True
38330286,2024,1.0,0.0,0.0,True
38330941,2024,1.0,0.0,0.0,True
38331576,2024,0.0,0.5,0.5,True
38331584,2024,0.0,0.6666666666666666,0.3333333333333333,True
38331834,2024,1.0,0.0,0.0,True
38332519,2024,0.5,0.0,0.5,True
38332659,2024,1.0,0.0,0.0,True
38332723,2024,0.25,0.5,0.25,True
38333717,2024,0.0,0.3333333333333333,0.6666666666666666,True
38334631,2024,0.5,0.0,0.5,True
38334640,2024,0.0,0.0,1.0,True
38335224,2024,0.0,0.75,0.25,True
38335342,2024,0.0,0.0,1.0,True
38335815,2024,0.5,0.0,0.5,True
38336916,2024,0.25,0.75,0.0,True
38336934,2024,0.5,0.0,0.5,True
38337629,2024,1.0,0.0,0.0,True
38337747,2024,1.0,0.0,0.0,True
38338310,2024,1.0,0.0,0.0,True
38338394,2024,0.25,0.25,0.5,True
38339105,2024,0.5,0.5,0.0,True
38341654,2024,0.0,0.0,0.0,True
38342373,2024,1.0,0.0,0.0,True
38342406,2024,0.42857142857142855,0.42857142857142855,0.14285714285714285,True
38343337,2024,1.0,0.0,0.0,True
38343435,2024,1.0,0.0,0.0,True
38343734,2024,1.0,0.0,0.0,True
38344436,2024,1.0,0.0,0.0,True
38344753,2024,1.0,0.0,0.0,False
38344971,2024,0.6666666666666666,0.0,0.3333333333333333,True
38346015,2024,0.0,0.0,0.0,True
38346116,2024,0.5,0.5,0.0,True
38346249,2024,0.0,0.0,0.0,True
38346552,2024,1.0,0.0,0.0,False
38346713,2024,1.0,0.0,0.0,True
38346894,2024,0.0,1.0,0.0,True
38346990,2024,1.0,0.0,0.0,True
38347083,2024,0.0,0.0,0.0,False
38347187,2024,0.0,1.0,0.0,True
38347293,2024,1.0,0.0,0.0,True
38347726,2024,0.2,0.4,0.4,True
38347745,2025,1.0,0.0,0.0,True
38348474,2024,0.0,0.0,1.0,True
38349163,2024,0.3333333333333333,0.0,0.6666666666666666,True
38349723,2024,1.0,0.0,0.0,True
38351125,2024,1.0,0.0,0.0,True
38351172,2024,0.0,1.0,0.0,True
38351384,2024,0.0,0.0,1.0,False
38351603,2024,1.0,0.0,0.0,True
38352048,2024,1.0,0.0,0.0,True
38353623,2024,0.3333333333333333,0.0,0.6666666666666666,True
38353656,2024,0.16666666666666666,0.3333333333333333,0.5,True
38353705,2024,0.5714285714285714,0.2857142857142857,0.14285714285714285,True
38353984,2024,1.0,0.0,0.0,True
38354113,2024,1.0,0.0,0.0,True
38354234,2024,0.0,0.0,0.0,True
38354736,2024,0.25,0.5,0.25,True
38354883,2024,1.0,0.0,0.0,True
38355560,2024,0.3333333333333333,0.0,0.6666666666666666,True
38355759,2024,0.25,0.5,0.25,True
38355766,2024,0.0,0.5,0.5,False
38355795,2024,0.0,0.2222222222222222,0.7777777777777778,True
38355974,2024,0.0,0.0,0.0,False
38357003,2024,0.0,0.0,0.0,False
38357212,2023,0.6666666666666666,0.0,0.3333333333333333,True
38357284,2024,0.3333333333333333,0.3333333333333333,0.3333333333333333,True
38357530,2024,0.0,0.16666666666666666,0.8333333333333334,True
38358739,2024,1.0,0.0,0.0,True
38358741,2024,0.6666666666666666,0.0,0.3333333333333333,True
38358893,2024,0.6666666666666666,0.0,0.3333333333333333,True
38359797,2024,0.0,0.6666666666666666,0.3333333333333333,False
38359816,2024,0.3333333333333333,0.3333333333333333,0.3333333333333333,True
38359839,2024,1.0,0.0,0.0,True
38360993,2024,1.0,0.0,0.0,True
38361992,2024,0.5,0.0,0.5,True
38362501,2024,0.125,0.75,0.125,True
38362961,2024,1.0,0.0,0.0,True
38363547,2024,0.25,0.0,0.75,True
38363713,2024,0.0,0.6666666666666666,0.3333333333333333,True
38363979,2024,0.3333333333333333,0.6666666666666666,0.0,True
38364094,2024,0.0,0.0,0.0,True
38364309,2024,0.5,0.5,0.0,True
38365823,2024,0.0,0.625,0.375,True
38366179,2024,0.0,0.8,0.2,True
38366572,2024,1.0,0.0,0.0,True
38366633,2024,0.4,0.0,0.6,True
38367624,2024,0.5,0.0,0.5,True
38367737,2024,0.5,0.0,0.5,True
38368457,2024,0.0,1.0,0.0,True
38368463,2024,0.14285714285714285,0.42857142857142855,0.42857142857142855,True
38368582,2024,0.0,1.0,0.0,True
38368618,2024,0.0,0.0,1.0,True
38369747,2024,0.0,0.0,1.0,True
38369987,2024,0.5,0.5,0.0,True
38372062,2024,0.25,0.5,0.25,True
38372706,2024,1.0,0.0,0.0,True
38372904,2024,1.0,0.0,0.0,True
38373301,2024,1.0,0.0,0.0,True
38374065,2024,0.5,0.0,0.5,True
38374071,2024,0.25,0.5,0.25,True
38374090,2024,1.0,0.0,0.0,True
38374108,2024,0.0,0.8,0.2,True
38374256,2024,0.2,0.0,0.8,True
38374312,2024,1.0,0.0,0.0,True
38374336,2024,0.25,0.0,0.75,True
38374344,2024,1.0,0.0,0.0,True
38374401,2024,1.0,0.0,0.0,True
38374449,2024,0.3333333333333333,0.0,0.6666666666666666,True
38375233,2024,1.0,0.0,0.0,True
38375574,2024,1.0,0.0,0.0,True
38375634,2024,0.16666666666666666,0.3333333333333333,0.5,True
38375637,2024,1.0,0.0,0.0,True
38376487,2024,0.0,0.6666666666666666,0.3333333333333333,True
38376604,2024,0.25,0.5,0.25,True
38376944,2024,0.75,0.0,0.25,True
38377078,2024,0.8571428571428571,0.0,0.14285714285714285,True
38377945,2024,1.0,0.0,0.0,True
38378618,2024,0.0,0.0,1.0,True
38378678,2024,0.25,0.5,0.25,True
38378815,2024,0.3333333333333333,0.0,0.6666666666666666,True
38379321,2024,1.0,0.0,0.0,True
38380929,2024,0.0,0.6666666666666666,0.3333333333333333,True
38380930,2024,0.0,0.0,1.0,True
38381478,2024,1.0,0.0,0.0,True
38381532,2024,1.0,0.0,0.0,True
38381787,2024,0.25,0.375,0.375,True
38381848,2024,0.0,1.0,0.0,True
38381906,2024,0.25,0.0,0.75,True
38382314,2024,0.0,0.6666666666666666,0.3333333333333333,True
38383255,2024,1.0,0.0,0.0,True
38383456,2024,0.5,0.0,0.5,True
38383499,2024,0.5,0.0,0.5,True
38383504,2024,0.8,0.0,0.2,True
38383518,2024,0.3333333333333333,0.0,0.6666666666666666,True
38384388,2024,0.3333333333333333,0.0,0.6666666666666666,True
38385176,2024,1.0,0.0,0.0,True
38385929,2024,1.0,0.0,0.0,True
38385972,2024,0.0,0.0,1.0,True
38386752,2024,0.0,0.6666666666666666,0.3333333333333333,True
38386777,2024,0.1111111111111111,0.4444444444444444,0.4444444444444444,True
38387018,2024,0.0,1.0,0.0,True
38387085,2024,1.0,0.0,0.0,True
38387450,2024,1.0,0.0,0.0,True
38387456,2024,0.3333333333333333,0.0,0.6666666666666666,True
38387758,2024,1.0,0.0,0.0,True
38388717,2024,1.0,0.0,0.0,True
38388856,2024,1.0,0.0,0.0,True
38389099,2024,1.0,0.0,0.0,False
38389984,2024,0.8,0.0,0.2,True
38391516,2024,0.0,0.16666666666666666,0.8333333333333334,True
38392905,2024,1.0,0.0,0.0,True
38393723,2024,1.0,0.0,0.0,True
38394123,2024,0.0,0.6666666666666666,0.3333333333333333,True
38394163,2024,0.0,1.0,0.0,True
38394332,2024,0.16666666666666666,0.6666666666666666,0.16666666666666666,True
38394389,2024,0.16666666666666666,0.0,0.8333333333333334,True
38394661,2024,1.0,0.0,0.0,True
38395906,2024,0.5,0.0,0.5,True
38398178,2024,0.0,0.0,1.0,True
38398850,2024,0.5,0.0,0.5,True
38399310,2024,0.15384615384615385,0.46153846153846156,0.38461538461538464,True
38399799,2024,0.6666666666666666,0.3333333333333333,0.0,True
38400054,2024,0.14285714285714285,0.2857142857142857,0.5714285714285714,True
38400646,2024,1.0,0.0,0.0,True
38401537,2024,0.25,0.0,0.75,True
38401883,2024,0.0,0.8,0.2,True
38402210,2024,0.0,0.0,1.0,True
38402212,2024,0.6666666666666666,0.0,0.3333333333333333,True
38402253,2024,1.0,0.0,0.0,True
38402303,2024,1.0,0.0,0.0,True
38404200,2024,0.5,0.5,0.0,True
38404292,2024,0.25,0.5,0.25,True
38405151,2024,0.75,0.0,0.25,True
38405263,2024,1.0,0.0,0.0,True
38405619,2024,0.6666666666666666,0.0,0.3333333333333333,True
38406178,2024,0.0,1.0,0.0,True
38406579,2024,0.5,0.0,0.5,True
38407839,2024,1.0,0.0,0.0,True
38407883,2024,1.0,0.0,0.0,True
38407905,2024,1.0,0.0,0.0,True
38408217,2024,1.0,0.0,0.0,True
38408246,2024,1.0,0.0,0.0,True
38408357,2024,0.6666666666666666,0.0,0.3333333333333333,True
38408849,2024,0.2,0.6,0.2,True
38408881,2024,1.0,0.0,0.0,True
38409096,2024,0.0,0.0,0.0,True
38409211,2024,0.0,0.0,0.0,True
38409281,2024,1.0,0.0,0.0,True
38409282,2024,1.0,0.0,0.0,True
38410055,2024,1.0,0.0,0.0,True
38410224,2024,0.0,0.0,0.0,False
38410516,2024,0.3333333333333333,0.0,0.6666666666666666,True
38410637,2024,1.0,0.0,0.0,True
38411275,2024,0.25,0.0,0.75,True
38411987,2024,1.0,0.0,0.0,True
38412177,2024,1.0,0.0,0.0,True
38412299,2024,0.25,0.0,0.75,True
38412359,2024,1.0,0.0,0.0,True
38412839,2025,1.0,0.0,0.0,True
38413566,2024,0.0,1.0,0.0,True
38413576,2024,0.0,1.0,0.0,True
38413582,2024,0.5,0.0,0.5,True
38413700,2024,1.0,0.0,0.0,True
38414237,2024,0.0,0.0,1.0,True
38414855,2024,0.2,0.0,0.8,True
38414974,2024,0.5,0.0,0.5,True
38415180,2023,0.0,0.0,0.0,True
38415184,2024,1.0,0.0,0.0,True
38415923,2024,0.75,0.0,0.25,True
38416280,2024,1.0,0.0,0.0,True
38416332,2024,0.3333333333333333,0.0,0.6666666666666666,True
38416540,2024,1.0,0.0,0.0,True
38416804,2024,0.0,0.75,0.25,True
38416819,2024,0.0,0.0,1.0,True
38417435,2024,0.0,0.6,0.4,True
38417538,2024,0.0,1.0,0.0,True
38417787,2024,1.0,0.0,0.0,True
38417977,2024,1.0,0.0,0.0,False
38418824,2024,0.0,0.0,1.0,True
38418906,2024,0.3333333333333333,0.6666666666666666,0.0,True
38419421,2024,1.0,0.0,0.0,True
38419656,2024,0.0,0.25,0.75,True
38419897,2024,1.0,0.0,0.0,True
38420591,2024,0.0,0.16666666666666666,0.8333333333333334,True
38420614,2024,0.75,0.0,0.25,True
38420777,2024,0.0,0.5,0.5,True
38421044,2024,0.2,0.4,0.4,True
38421709,2024,0.5,0.0,0.5,True
38422122,2024,0.5714285714285714,0.0,0.42857142857142855,True
38422185,2024,0.2,0.4,0.4,True
38423018,2024,0.3333333333333333,0.0,0.6666666666666666,True
38423253,2024,0.0,1.0,0.0,True
38423450,2024,1.0,0.0,0.0,True
38423785,2024,0.3333333333333333,0.6666666666666666,0.0,True
38423786,2024,1.0,0.0,0.0,True
38424165,2024,1.0,0.0,0.0,True
38424218,2024,0.3333333333333333,0.0,0.6666666666666666,True
38425336,2024,1.0,0.0,0.0,True
38425927,2024,0.2,0.2,0.6,True
38426210,2024,0.16666666666666666,0.16666666666666666,0.6666666666666666,True
38426493,2024,0.2,0.4,0.4,True
38427131,2024,1.0,0.0,0.0,True
38427670,2024,0.0,0.5,0.5,True
38427725,2024,0.5,0.0,0.5,True
38427738,2024,0.5,0.0,0.5,True
38428309,2024,0.0,1.0,0.0,True
38428373,2024,0.0,0.0,1.0,True
38428410,2024,0.3333333333333333,0.0,0.6666666666666666,True
38428508,2024,0.0,1.0,0.0,True
38428594,2024,1.0,0.0,0.0,True
38428681,2024,1.0,0.0,0.0,True
38428731,2024,1.0,0.0,0.0,True
38429495,2024,0.3333333333333333,0.6666666666666666,0.0,True
38429498,2024,0.0,1.0,0.0,True
38429865,2024,0.25,0.0,0.75,False
38429930,2024,0.5,0.0,0.5,True
38430907,2024,0.2,0.6,0.2,True
38431257,2024,1.0,0.0,0.0,True
38432461,2024,1.0,0.0,0.0,True
38432633,2024,0.16666666666666666,0.5,0.3333333333333333,True
38433376,2024,1.0,0.0,0.0,True
38434609,2024,1.0,0.0,0.0,True
38435320,2024,0.5,0.0,0.5,True
38436279,2024,1.0,0.0,0.0,True
38436434,2024,0.5714285714285714,0.0,0.42857142857142855,True
38437239,2024,0.3333333333333333,0.3333333333333333,0.3333333333333333,True
38437560,2024,1.0,0.0,0.0,True
38438256,2024,1.0,0.0,0.0,True
38438351,2024,0.5,0.0,0.5,True
38441056,2024,0.0,0.0,0.0,False
38441406,2024,0.16666666666666666,0.3333333333333333,0.5,True
38443376,2024,0.2,0.0,0.8,True
38444015,2024,1.0,0.0,0.0,True
38444104,2024,0.0,1.0,0.0,True
38444369,2024,0.3333333333333333,0.0,0.6666666666666666,True
38445151,2024,1.0,0.0,0.0,True
38445358,2024,1.0,0.0,0.0,True
38445455,2024,1.0,0.0,0.0,False
38445878,2024,0.125,0.375,0.5,True
38445882,2024,0.2,0.6,0.2,True
38446362,2024,1.0,0.0,0.0,True
38446423,2024,0.5,0.5,0.0,True
38446575,2024,0.3333333333333333,0.0,0.6666666666666666,True
38446669,2024,0.0,0.25,0.75,True
38446982,2024,1.0,0.0,0.0,True
38447046,2024,0.2,0.0,0.8,True
38447053,2025,1.0,0.0,0.0,True
38447164,2024,0.3333333333333333,0.0,0.6666666666666666,True
38447381,2024,1.0,0.0,0.0,True
38447592,2024,1.0,0.0,0.0,True
38447686,2024,1.0,0.0,0.0,True
38448539,2024,0.0,0.0,1.0,True
38448681,2024,1.0,0.0,0.0,True
38448840,2024,0.2,0.0,0.8,True
38450326,2024,1.0,0.0,0.0,True
38450513,2024,0.5,0.0,0.5,True
38451249,2024,0.3333333333333333,0.0,0.6666666666666666,True
38451496,2024,1.0,0.0,0.0,True
38451675,2024,0.3333333333333333,0.3333333333333333,0.3333333333333333,False
38451742,2024,1.0,0.0,0.0,True
38451783,2024,0.25,0.5,0.25,True
38451841,2024,0.25,0.0,0.75,True
38451947,2024,0.0,0.0,0.0,True
38453003,2024,1.0,0.0,0.0,True
38453480,2024,0.0,0.6666666666666666,0.3333333333333333,True
38453754,2025,0.0,1.0,0.0,True
38453899,2024,0.0,0.0,1.0,True
38454124,2024,1.0,0.0,0.0,True
38454547,2024,1.0,0.0,0.0,True
38455264,2024,0.3333333333333333,0.16666666666666666,0.5,True
38455403,2024,0.125,0.125,0.75,True
38455906,2023,0.25,0.5,0.25,True
38456672,2024,0.0,0.0,0.0,True
38457125,2024,0.5,0.0,0.5,False
38457361,2024,1.0,0.0,0.0,True
38457606,2024,1.0,0.0,0.0,True
38458177,2024,0.0,0.0,0.0,True
38458192,2024,0.0,1.0,0.0,True
38458201,2024,0.0,0.5,0.5,True
38460050,2024,1.0,0.0,0.0,True
38460680,2024,0.8571428571428571,0.0,0.14285714285714285,True
38461321,2024,0.0,1.0,0.0,True
38461354,2024,0.0,0.0,1.0,True
38462512,2025,1.0,0.0,0.0,False
38462764,2024,0.875,0.0,0.125,True
38464021,2024,0.2,0.3,0.5,True
38465801,2024,1.0,0.0,0.0,True
38466272,2024,1.0,0.0,0.0,False
38466627,2024,0.0,0.5,0.5,True
38466775,2024,0.0,0.0,1.0,True
38467480,2024,0.3333333333333333,0.6666666666666666,0.0,True
38467611,2024,0.0,0.3333333333333333,0.6666666666666666,True
38468864,2024,1.0,0.0,0.0,True
38469944,2024,1.0,0.0,0.0,True
38470318,2024,0.3333333333333333,0.6666666666666666,0.0,True
38471053,2024,1.0,0.0,0.0,True
38471816,2024,0.0,0.5,0.5,True
38472139,2024,0.16666666666666666,0.3333333333333333,0.5,True
38472380,2024,1.0,0.0,0.0,True
38472615,2024,1.0,0.0,0.0,True
38473350,2024,1.0,0.0,0.0,True
38473380,2024,0.0,1.0,0.0,False
38473790,2024,1.0,0.0,0.0,True
38474420,2024,0.5,0.0,0.5,True
38474737,2024,1.0,0.0,0.0,True
38474842,2024,1.0,0.0,0.0,True
38476051,2024,0.3333333333333333,0.0,0.6666666666666666,True
38476630,2023,0.0,0.0,0.0,True
38477760,2024,0.0,0.5,0.5,True
38478734,2024,0.0,0.625,0.375,True
38478753,2024,1.0,0.0,0.0,True
38479194,2024,1.0,0.0,0.0,True
38479361,2024,0.0,0.6666666666666666,0.3333333333333333,True
38479650,2024,1.0,0.0,0.0,True
38479809,2024,0.0,1.0,0.0,True
38480799,2024,1.0,0.0,0.0,True
38481081,2024,1.0,0.0,0.0,True
38481684,2024,0.0,1.0,0.0,True
38482198,2024,0.0,0.0,1.0,True
38483119,2024,0.0,1.0,0.0,True
38483126,2024,1.0,0.0,0.0,True
38483351,2024,1.0,0.0,0.0,True
38483382,2024,1.0,0.0,0.0,True
38483511,2024,0.0,0.5555555555555556,0.4444444444444444,True
38483534,2024,0.8571428571428571,0.0,0.14285714285714285,True
38483557,2024,1.0,0.0,0.0,True
38483583,2024,1.0,0.0,0.0,False
38483906,2024,0.0,0.5,0.5,True
38484798,2024,0.0,0.6666666666666666,0.3333333333333333,True
38485188,2024,0.5,0.0,0.5,True
38485563,2024,0.5,0.0,0.5,True
38486046,2024,1.0,0.0,0.0,True
38487241,2024,0.0,0.0,0.0,True
38487808,2024,0.0,0.0,0.0,True
38487996,2024,0.0,0.4,0.6,True
38488094,2024,1.0,0.0,0.0,True
38488500,2024,1.0,0.0,0.0,False
38488779,2024,1.0,0.0,0.0,True
38488790,2024,1.0,0.0,0.0,True
38488854,2024,0.25,0.75,0.0,True
38489251,2024,0.0,0.3333333333333333,0.6666666666666666,False
38489272,2024,0.0,0.75,0.25,True
38489364,2024,0.25,0.5,0.25,True
38489582,2024,1.0,0.0,0.0,True
38490105,2024,0.3333333333333333,0.0,0.6666666666666666,True
38491089,2024,1.0,0.0,0.0,True
38491362,2024,1.0,0.0,0.0,True
38491505,2024,0.2857142857142857,0.42857142857142855,0.2857142857142857,True
38491746,2024,0.0,0.5,0.5,True
38493525,2024,1.0,0.0,0.0,True
38495551,2024,0.18181818181818182,0.09090909090909091,0.7272727272727273,True
38495618,2024,0.1,0.1,0.8,True
38497661,2024,0.0,1.0,0.0,True
38497797,2024,1.0,0.0,0.0,True
38497801,2024,1.0,0.0,0.0,True
38497810,2024,0.6666666666666666,0.3333333333333333,0.0,True
38497822,2024,1.0,0.0,0.0,True
38497932,2024,1.0,0.0,0.0,False
38498025,2024,0.2,0.4,0.4,True
38498807,2024,0.25,0.5,0.25,False
38499772,2024,1.0,0.0,0.0,True
38499959,2024,0.0,0.6,0.4,True
38500115,2024,1.0,0.0,0.0,True
38500181,2024,1.0,0.0,0.0,True
38500537,2023,0.0,0.0,1.0,True
38500996,2024,0.0,0.0,1.0,True
38501075,2023,1.0,0.0,0.0,True
38501449,2024,0.0,0.0,1.0,True
38501482,2024,0.0,0.0,1.0,True
38501940,2024,0.6666666666666666,0.0,0.3333333333333333,True
38502060,2024,0.0,0.4,0.6,True
38502138,2024,0.5,0.5,0.0,True
38502192,2024,0.25,0.5,0.25,True
38502331,2024,0.25,0.5,0.25,True
38502482,2024,0.3333333333333333,0.0,0.6666666666666666,True
38502693,2024,0.3333333333333333,0.0,0.6666666666666666,True
38502707,2024,0.0,0.0,1.0,True
38502828,2024,1.0,0.0,0.0,True
38503853,2024,0.0,0.0,0.0,True
38504322,2024,1.0,0.0,0.0,True
38505474,2024,1.0,0.0,0.0,True
38506112,2024,1.0,0.0,0.0,True
38506770,2024,0.2,0.4,0.4,True
38507406,2024,0.0,1.0,0.0,True
38507413,2024,0.25,0.5,0.25,True
38507449,2024,0.0,0.0,1.0,True
38507462,2024,0.16666666666666666,0.5,0.3333333333333333,True
38507752,2024,1.0,0.0,0.0,True
38507753,2024,1.0,0.0,0.0,True
38508195,2024,0.0,0.4,0.6,True
38508496,2024,1.0,0.0,0.0,True
38508693,2024,0.0,0.5,0.5,True
38508719,2024,1.0,0.0,0.0,True
38509117,2024,0.0,0.0,1.0,True
38509221,2024,1.0,0.0,0.0,True
38509366,2024,0.5,0.25,0.25,True
38509386,2024,0.0,0.5,0.5,True
38509799,2024,1.0,0.0,0.0,True
38511908,2024,1.0,0.0,0.0,True
38511932,2024,0.2,0.6,0.2,True
38512721,2024,0.0,0.5,0.5,True
38512815,2024,0.0,0.5,0.5,True
38512841,2024,1.0,0.0,0.0,True
38513273,2024,1.0,0.0,0.0,True
38513324,2024,1.0,0.0,0.0,True
38513662,2024,0.25,0.5,0.25,True
38513665,2024,0.5,0.0,0.5,True
38514150,2024,1.0,0.0,0.0,True
38514400,2024,0.0,1.0,0.0,True
38516178,2024,0.3333333333333333,0.0,0.6666666666666666,True
38516258,2024,0.875,0.0,0.125,True
38516318,2023,1.0,0.0,0.0,True
38516320,2023,0.4,0.0,0.6,True
38516355,2024,0.125,0.0,0.875,True
38516784,2024,1.0,0.0,0.0,True
38517234,2024,0.5,0.0,0.5,True
38518749,2024,0.0,0.0,1.0,True
38518792,2024,0.5,0.0,0.5,False
38521581,2024,0.25,0.0,0.75,True
38521766,2024,0.5,0.0,0.5,True
38521835,2024,1.0,0.0,0.0,True
38522572,2024,0.5714285714285714,0.42857142857142855,0.0,True
38523136,2024,0.0,0.0,1.0,True
38523431,2024,0.0,0.6,0.4,True
38523484,2024,1.0,0.0,0.0,True
38524664,2024,0.0,0.0,0.0,True
38524920,2024,1.0,0.0,0.0,True
38526670,2024,1.0,0.0,0.0,True
38526701,2024,0.0,0.0,0.0,True
38527093,2024,0.5,0.5,0.0,True
38527097,2024,0.0,0.3333333333333333,0.6666666666666666,True
38527474,2024,0.75,0.0,0.25,True
38527764,2024,0.5,0.0,0.5,True
38527850,2024,0.0,1.0,0.0,True
38528062,2024,1.0,0.0,0.0,True
38528741,2024,1.0,0.0,0.0,False
38528787,2024,1.0,0.0,0.0,True
38529287,2024,0.2,0.6,0.2,True
38529358,2024,0.3333333333333333,0.0,0.6666666666666666,True
38530887,2024,1.0,0.0,0.0,True
38530888,2024,0.25,0.5,0.25,True
38530923,2024,1.0,0.0,0.0,True
38531104,2024,0.9090909090909091,0.0,0.09090909090909091,True
38531166,2024,1.0,0.0,0.0,True
38532069,2024,0.3333333333333333,0.6666666666666666,0.0,True
38532642,2024,0.2,0.4,0.4,True
38532930,2024,0.0,0.0,1.0,False
38533303,2024,0.0,0.0,1.0,True
38533639,2024,0.0,0.6666666666666666,0.3333333333333333,True
38533653,2024,0.0,1.0,0.0,True
38533960,2024,1.0,0.0,0.0,True
38534532,2024,1.0,0.0,0.0,True
38535207,2024,0.2857142857142857,0.42857142857142855,0.2857142857142857,True
38536818,2024,0.0,0.75,0.25,True
38536912,2024,0.0,0.6666666666666666,0.3333333333333333,True
38537634,2024,0.0,1.0,0.0,True
38537764,2024,1.0,0.0,0.0,True
38537892,2024,0.75,0.0,0.25,True
38538211,2024,1.0,0.0,0.0,True
38538441,2024,0.16666666666666666,0.16666666666666666,0.6666666666666666,False
38538574,2024,1.0,0.0,0.0,True
38538833,2024,0.0,0.0,0.0,True
38539573,2024,0.0,0.2,0.8,True
38539617,2024,1.0,0.0,0.0,False
38540423,2024,0.5,0.0,0.5,False
38542347,2024,1.0,0.0,0.0,True
38542422,2024,0.16666666666666666,0.5,0.3333333333333333,True
38542425,2024,0.0,1.0,0.0,False
38543795,2024,0.5,0.0,0.5,True
38545462,2024,0.2,0.0,0.8,True
38546643,2024,0.6666666666666666,0.0,0.3333333333333333,True
38547186,2024,0.0,0.0,0.0,True
38547242,2024,0.3333333333333333,0.0,0.6666666666666666,True
38547426,2024,1.0,0.0,0.0,True
38547430,2024,1.0,0.0,0.0,True
38547869,2024,0.16666666666666666,0.6666666666666666,0.16666666666666666,True
38548091,2024,1.0,0.0,0.0,True
38548922,2024,0.16666666666666666,0.6666666666666666,0.16666666666666666,True
38549640,2024,0.0,0.0,0.0,True
38550554,2024,1.0,0.0,0.0,True
38551493,2024,1.0,0.0,0.0,True
38551558,2024,1.0,0.0,0.0,True
38552022,2024,0.2,0.4,0.4,True
38553461,2024,0.6666666666666666,0.0,0.3333333333333333,True
38553467,2024,0.5,0.0,0.5,True
38553473,2024,0.0,0.0,1.0,True
38553628,2024,0.5,0.0,0.5,True
38553763,2024,0.5,0.0,0.5,True
38554236,2024,0.6,0.0,0.4,True
38554725,2024,1.0,0.0,0.0,True
38555285,2024,1.0,0.0,0.0,True
38555315,2024,0.1111111111111111,0.3333333333333333,0.5555555555555556,True
38555664,2024,1.0,0.0,0.0,True
38557489,2024,0.0,0.5,0.5,True
38557493,2024,0.25,0.5,0.25,True
38557723,2024,0.25,0.0,0.75,True
38558141,2024,1.0,0.0,0.0,True
38558204,2024,1.0,0.0,0.0,True
38560530,2024,0.25,0.25,0.5,True
38560747,2023,0.0,0.0,0.0,True
38561488,2024,1.0,0.0,0.0,True
38561682,2024,1.0,0.0,0.0,True
38561804,2024,0.25,0.0,0.75,True
38562403,2024,0.7142857142857143,0.0,0.2857142857142857,True
38562584,2024,0.0,0.5,0.5,True
38562617,2024,0.3333333333333333,0.0,0.6666666666666666,False
38563224,2024,0.16666666666666666,0.3333333333333333,0.5,True
38563855,2024,1.0,0.0,0.0,True
38563864,2024,0.2,0.6,0.2,True
38564056,2024,1.0,0.0,0.0,True
38564089,2024,1.0,0.0,0.0,True
38564214,2024,0.0,0.5,0.5,True
38564303,2024,0.5,0.0,0.5,True
38564482,2024,0.8,0.0,0.2,True
38564496,2024,0.25,0.75,0.0,True
38564998,2024,1.0,0.0,0.0,True
38565148,2024,1.0,0.0,0.0,True
38566558,2024,1.0,0.0,0.0,True
38566573,2024,0.6666666666666666,0.0,0.3333333333333333,True
38567509,2024,1.0,0.0,0.0,True
38567886,2024,1.0,0.0,0.0,True
38568107,2024,1.0,0.0,0.0,True
38568173,2024,0.2,0.0,0.8,False
38568693,2024,1.0,0.0,0.0,True
38568811,2024,0.16666666666666666,0.0,0.8333333333333334,True
38569506,2024,1.0,0.0,0.0,True
38569548,2024,0.0,0.4,0.6,True
38570500,2024,0.25,0.75,0.0,True
38570533,2024,0.2,0.0,0.8,True
38570684,2024,0.1,0.4,0.5,True
38571965,2024,0.0,1.0,0.0,True
38572163,2024,1.0,0.0,0.0,True
38572241,2024,0.0,0.0,1.0,True
38572754,2024,1.0,0.0,0.0,True
38573125,2024,1.0,0.0,0.0,True
38573205,2024,1.0,0.0,0.0,False
38573742,2024,0.0,0.0,1.0,True
38573932,2024,0.2,0.4,0.4,True
38574162,2024,0.0,0.0,0.0,True
38574836,2024,0.1,0.5,0.4,True
38574841,2024,0.0,0.6666666666666666,0.3333333333333333,True
38577766,2024,0.0,0.0,0.0,True
38578389,2024,1.0,0.0,0.0,True
38579692,2024,0.0,1.0,0.0,True
38579707,2024,0.2,0.4,0.4,True
38580653,2024,0.25,0.5,0.25,True
38581680,2024,0.0,0.6,0.4,True
38582148,2024,0.3333333333333333,0.0,0.6666666666666666,True
38582659,2024,0.5,0.5,0.0,True
38582939,2024,0.0,1.0,0.0,True
38583102,2024,0.5,0.0,0.5,True
38585549,2024,0.0,1.0,0.0,True
38585923,2024,0.0,0.0,0.0,True
38587072,2024,0.16666666666666666,0.5,0.3333333333333333,True
38587077,2024,0.2,0.4,0.4,True
38587079,2024,0.5,0.0,0.5,True
38587193,2024,0.2,0.0,0.8,True
38587383,2024,0.2,0.8,0.0,False
38587769,2024,1.0,0.0,0.0,True
38587770,2024,1.0,0.0,0.0,True
38588446,2024,0.3333333333333333,0.0,0.6666666666666666,True
38589034,2024,0.25,0.5,0.25,True
38589905,2024,0.0,1.0,0.0,True
38591250,2024,1.0,0.0,0.0,True
38591341,2024,1.0,0.0,0.0,True
38591710,2024,0.0,0.0,1.0,True
38592536,2024,1.0,0.0,0.0,True
38593134,2024,1.0,0.0,0.0,True
38593167,2024,0.3333333333333333,0.3333333333333333,0.3333333333333333,True
38593221,2024,1.0,0.0,0.0,True
38593586,2024,0.3333333333333333,0.0,0.6666666666666666,True
38593951,2024,1.0,0.0,0.0,True
38595133,2024,1.0,0.0,0.0,True
38595196,2024,1.0,0.0,0.0,True
38595934,2024,1.0,0.0,0.0,True
38595979,2024,0.0,0.0,0.0,False
38596017,2024,1.0,0.0,0.0,True
38596291,2024,0.0,0.4,0.6,True
38596715,2024,1.0,0.0,0.0,True
38596717,2024,1.0,0.0,0.0,True
38597904,2024,1.0,0.0,0.0,True
38598634,2024,0.5,0.0,0.5,True
38599239,2024,0.14285714285714285,0.2857142857142857,0.5714285714285714,True
38599279,2024,1.0,0.0,0.0,True
38599280,2024,0.0,1.0,0.0,True
38599324,2024,0.3333333333333333,0.3333333333333333,0.3333333333333333,False
38600066,2024,0.0,0.6666666666666666,0.3333333333333333,True
38600154,2024,0.0,1.0,0.0,True
38600167,2024,0.1,0.3,0.6,True
38600242,2024,0.3333333333333333,0.0,0.6666666666666666,True
38600290,2024,0.3333333333333333,0.0,0.6666666666666666,True
38600832,2024,1.0,0.0,0.0,True
38601063,2024,1.0,0.0,0.0,True
38601265,2024,0.0,0.0,0.0,True
38602904,2024,0.0,0.5,0.5,True
38604871,2024,0.25,0.5,0.25,True
38605038,2024,1.0,0.0,0.0,True
38605040,2024,0.0,0.5,0.5,True
38605461,2024,0.0,0.5,0.5,True
38606465,2024,0.0,0.0,1.0,True
38607723,2024,1.0,0.0,0.0,False
38607725,2024,1.0,0.0,0.0,False
38608333,2024,1.0,0.0,0.0,True
38608424,2024,0.25,0.25,0.5,False
38609546,2024,0.2,0.4,0.4,True
38609548,2024,1.0,0.0,0.0,True
38610926,2024,1.0,0.0,0.0,True
38611047,2024,1.0,0.0,0.0,False
38611048,2024,0.2,0.0,0.8,True
38612393,2024,0.6666666666666666,0.0,0.3333333333333333,False
38612641,2024,0.5,0.0,0.5,True
38612892,2024,1.0,0.0,0.0,True
38614090,2024,0.0,0.3333333333333333,0.6666666666666666,True
38614102,2024,0.0,0.75,0.25,True
38614127,2024,0.2,0.4,0.4,True
38614208,2024,0.0,0.5714285714285714,0.42857142857142855,True
38615102,2024,0.0,0.42857142857142855,0.5714285714285714,True
38615146,2024,0.5,0.0,0.5,True
38615247,2024,1.0,0.0,0.0,True
38615318,2024,0.25,0.0,0.75,True
38617535,2024,0.0,0.5,0.5,True
38617819,2024,0.0,0.0,0.0,True
38617974,2024,0.3333333333333333,0.0,0.6666666666666666,True
38618951,2024,0.0,0.0,0.0,False
38619432,2024,1.0,0.0,0.0,True
38619967,2024,0.3333333333333333,0.0,0.6666666666666666,True
38620029,2024,0.5,0.5,0.0,True
38622654,2024,0.0,0.75,0.25,True
38622975,2024,0.3333333333333333,0.0,0.6666666666666666,False
38623149,2024,0.0,0.0,0.0,True
38624210,2024,0.2,0.0,0.8,True
38625038,2024,0.0,0.0,1.0,True
38625612,2024,1.0,0.0,0.0,True
38625793,2024,0.25,0.0,0.75,True
38626285,2025,1.0,0.0,0.0,True
38626448,2024,1.0,0.0,0.0,True
38627600,2024,0.16666666666666666,0.16666666666666666,0.6666666666666666,True
38627765,2024,0.0,0.0,0.0,True
38628440,2024,0.0,0.4,0.6,True
38629149,2024,0.125,0.25,0.625,True
38629450,2024,1.0,0.0,0.0,True
38629587,2024,1.0,0.0,0.0,True
38630423,2024,0.0,1.0,0.0,True
38630439,2025,1.0,0.0,0.0,True
38630520,2024,1.0,0.0,0.0,True
38630576,2024,0.5,0.0,0.5,False
38630934,2024,0.3333333333333333,0.0,0.6666666666666666,True
38631496,2024,1.0,0.0,0.0,True
38631502,2024,0.0,0.0,1.0,True
38631564,2024,0.0,1.0,0.0,True
38631769,2024,0.5,0.0,0.5,False
38632492,2024,0.5,0.0,0.5,True
38633260,2024,0.25,0.5,0.25,True
38633445,2024,0.4,0.4,0.2,True
38633751,2024,1.0,0.0,0.0,True
38633897,2024,0.25,0.0,0.75,True
38634344,2024,0.8571428571428571,0.0,0.14285714285714285,True
38634798,2024,0.0,0.25,0.75,True
38635668,2024,0.0,1.0,0.0,True
38635786,2024,1.0,0.0,0.0,False
38635793,2024,1.0,0.0,0.0,True
38636200,2024,0.5,0.5,0.0,True
38636272,2024,1.0,0.0,0.0,True
38636274,2024,1.0,0.0,0.0,True
38637015,2024,0.0,1.0,0.0,True
38637019,2024,0.0,0.6666666666666666,0.3333333333333333,True
38637284,2024,0.75,0.0,0.25,True
38637498,2024,0.6666666666666666,0.0,0.3333333333333333,True
38637553,2024,0.25,0.5,0.25,True
38637696,2024,0.0,0.0,1.0,True
38639066,2025,0.6666666666666666,0.0,0.3333333333333333,False
38639088,2024,0.1111111111111111,0.4444444444444444,0.4444444444444444,True
38639409,2024,0.0,0.6,0.4,True
38639491,2024,0.125,0.75,0.125,True
38639853,2024,1.0,0.0,0.0,True
38640066,2024,0.3333333333333333,0.3333333333333333,0.3333333333333333,True
38640117,2024,0.3333333333333333,0.6666666666666666,0.0,True
38640597,2024,1.0,0.0,0.0,True
38640709,2024,0.0,1.0,0.0,True
38640896,2024,1.0,0.0,0.0,True
38641411,2024,0.3333333333333333,0.6666666666666666,0.0,True
38641471,2024,0.5,0.0,0.5,False
38641573,2024,1.0,0.0,0.0,True
38641994,2024,1.0,0.0,0.0,True
38642101,2024,0.0,1.0,0.0,True
38642305,2024,1.0,0.0,0.0,True
38642472,2024,1.0,0.0,0.0,True
38642553,2024,0.0,0.75,0.25,True
38642767,2024,1.0,0.0,0.0,True
38643701,2024,1.0,0.0,0.0,True
38643972,2024,0.0,0.0,1.0,True
38644683,2024,0.5,0.0,0.5,True
38645798,2024,0.3333333333333333,0.6666666666666666,0.0,True
38646944,2024,0.0,1.0,0.0,True
38646966,2024,0.6666666666666666,0.0,0.3333333333333333,True
38647221,2024,0.0,1.0,0.0,True
38647370,2024,1.0,0.0,0.0,True
38647528,2024,0.25,0.5,0.25,True
38649301,2024,0.0,0.0,1.0,True
38649715,2024,1.0,0.0,0.0,True
38649755,2024,0.8,0.0,0.2,True
38650517,2024,0.8,0.0,0.2,True
38651011,2024,1.0,0.0,0.0,True
38651675,2024,1.0,0.0,0.0,True
38651785,2024,1.0,0.0,0.0,True
38652102,2024,0.0,0.0,0.0,True
38652660,2024,0.16666666666666666,0.6666666666666666,0.16666666666666666,True
38652746,2024,0.2,0.2,0.6,True
38652812,2024,1.0,0.0,0.0,True
38653235,2024,0.2,0.2,0.6,True
38653350,2024,1.0,0.0,0.0,True
38653530,2024,1.0,0.0,0.0,True
38653745,2024,1.0,0.0,0.0,True
38653778,2024,0.125,0.25,0.625,True
38653806,2024,0.14285714285714285,0.7142857142857143,0.14285714285714285,True
38653965,2024,0.2,0.4,0.4,True
38655188,2024,0.0,0.5,0.5,True
38656309,2024,1.0,0.0,0.0,False
38656874,2024,0.0,0.5,0.5,True
38657001,2024,0.8,0.0,0.2,True
38657061,2024,0.3333333333333333,0.0,0.6666666666666666,True
38657065,2024,0.0,0.5714285714285714,0.42857142857142855,True
38657072,2024,0.0,0.25,0.75,True
38657076,2024,0.0,0.0,1.0,True
38657228,2024,0.16666666666666666,0.3333333333333333,0.5,True
38657735,2024,0.0,1.0,0.0,True
38657840,2024,1.0,0.0,0.0,True
38658113,2024,1.0,0.0,0.0,True
38658440,2024,0.14285714285714285,0.0,0.8571428571428571,True
38658523,2024,0.6666666666666666,0.0,0.3333333333333333,True
38658531,2024,0.14285714285714285,0.5714285714285714,0.2857142857142857,True
38658656,2024,0.25,0.0,0.75,True
38658790,2024,1.0,0.0,0.0,True
38658802,2024,0.0,0.5714285714285714,0.42857142857142855,True
38659083,2024,0.25,0.0,0.75,True
38659245,2024,0.8333333333333334,0.0,0.16666666666666666,True
38660044,2024,0.0,1.0,0.0,True
38660800,2024,1.0,0.0,0.0,True
38662650,2024,0.125,0.5,0.375,True
38662827,2024,0.16666666666666666,0.5,0.3333333333333333,True
38663219,2024,0.4,0.0,0.6,True
38663399,2024,0.2,0.0,0.8,True
38663539,2024,1.0,0.0,0.0,True
38663546,2024,0.0,0.0,1.0,True
38663723,2024,1.0,0.0,0.0,True
38666037,2023,0.3333333333333333,0.0,0.6666666666666666,True
38666394,2024,0.625,0.0,0.375,True
38666548,2024,0.25,0.5,0.25,False
38666553,2024,0.3333333333333333,0.3333333333333333,0.3333333333333333,False
38666764,2024,0.0,0.0,1.0,True
38667317,2024,0.6666666666666666,0.0,0.3333333333333333,True
38667967,2024,0.0,0.5,0.5,True
38668247,2024,0.14285714285714285,0.2857142857142857,0.5714285714285714,True
38668553,2024,1.0,0.0,0.0,True
38669315,2024,1.0,0.0,0.0,True
38669354,2024,0.8571428571428571,0.14285714285714285,0.0,True
38669579,2024,0.5,0.5,0.0,True
38670113,2024,0.2,0.4,0.4,True
38670302,2024,1.0,0.0,0.0,True
38670805,2024,0.0,1.0,0.0,True
38670874,2024,1.0,0.0,0.0,True
38670948,2024,0.14285714285714285,0.42857142857142855,0.42857142857142855,True
38671361,2024,1.0,0.0,0.0,True
38671582,2024,0.16666666666666666,0.5,0.3333333333333333,True
38673803,2024,0.75,0.25,0.0,True
38675440,2024,0.3333333333333333,0.0,0.6666666666666666,True
38675820,2024,0.0,0.0,1.0,False
38675871,2024,0.25,0.25,0.5,True
38676403,2024,0.6666666666666666,0.0,0.3333333333333333,True
38677086,2024,1.0,0.0,0.0,True
38677161,2024,1.0,0.0,0.0,True
38677292,2024,0.0,0.5714285714285714,0.42857142857142855,True
38677522,2024,1.0,0.0,0.0,True
38677871,2024,1.0,0.0,0.0,False
38678364,2024,0.8,0.0,0.2,True
38678570,2024,0.0,0.5,0.5,True
38679036,2024,0.8,0.0,0.2,True
38679211,2024,0.16666666666666666,0.6666666666666666,0.16666666666666666,True
38680611,2024,0.42857142857142855,0.0,0.5714285714285714,True
38680612,2024,0.5,0.5,0.0,True
38680653,2024,0.5,0.5,0.0,True
38682079,2024,1.0,0.0,0.0,True
38683977,2024,1.0,0.0,0.0,True
38684038,2024,0.16666666666666666,0.5,0.3333333333333333,True
38684317,2024,0.0,0.0,1.0,True
38684463,2024,0.0,1.0,0.0,True
38685564,2024,1.0,0.0,0.0,True
38685845,2024,0.8333333333333334,0.0,0.16666666666666666,True
38687064,2024,0.6666666666666666,0.0,0.3333333333333333,True
38688917,2024,0.75,0.0,0.25,True
38689001,2024,1.0,0.0,0.0,True
38689157,2024,0.0,1.0,0.0,True
38689358,2024,1.0,0.0,0.0,True
38690726,2024,0.25,0.75,0.0,True
38691088,2024,1.0,0.0,0.0,True
38691673,2024,0.125,0.625,0.25,True
38692285,2024,0.0,0.75,0.25,True
38692308,2024,0.4,0.0,0.6,True
38693102,2024,0.14285714285714285,0.5714285714285714,0.2857142857142857,True
38693144,2024,0.42857142857142855,0.0,0.5714285714285714,True
38693565,2024,0.2,0.4,0.4,True
38693841,2024,1.0,0.0,0.0,True
38694513,2024,0.5714285714285714,0.0,0.42857142857142855,True
38695074,2024,0.0,0.8,0.2,True
38695352,2024,1.0,0.0,0.0,True
38696257,2024,0.16666666666666666,0.5,0.3333333333333333,True
38696741,2024,0.5,0.0,0.5,True
38697012,2024,1.0,0.0,0.0,True
38697116,2024,0.0,0.36363636363636365,0.6363636363636364,True
38697404,2024,0.2,0.8,0.0,True
38697668,2024,0.3333333333333333,0.0,0.6666666666666666,True
38697998,2024,0.8571428571428571,0.0,0.14285714285714285,True
38698035,2024,0.0,0.0,1.0,True
38698385,2024,1.0,0.0,0.0,True
38698852,2024,0.0,0.75,0.25,True
38699227,2024,0.0,0.0,1.0,True
38699943,2024,1.0,0.0,0.0,True
38699999,2024,1.0,0.0,0.0,True
38700789,2024,1.0,0.0,0.0,True
38700861,2024,1.0,0.0,0.0,True
38700866,2024,1.0,0.0,0.0,True
38700979,2024,0.25,0.0,0.75,True
38701144,2024,1.0,0.0,0.0,True
38701425,2024,0.8333333333333334,0.0,0.16666666666666666,True
38701426,2024,1.0,0.0,0.0,True
38701783,2024,0.08333333333333333,0.25,0.6666666666666666,True
38701790,2024,1.0,0.0,0.0,True
38701792,2024,0.2,0.4,0.4,True
38702190,2024,0.75,0.0,0.25,True
38702256,2024,1.0,0.0,0.0,True
38702768,2024,0.5,0.0,0.5,True
38703044,2024,0.0,1.0,0.0,True
38703079,2024,1.0,0.0,0.0,True
38703666,2024,0.3333333333333333,0.0,0.6666666666666666,True
38703764,2024,0.6666666666666666,0.0,0.3333333333333333,True
38703765,2024,0.6666666666666666,0.0,0.3333333333333333,True
38703777,2024,0.16666666666666666,0.0,0.8333333333333334,True
38704148,2024,0.2,0.6,0.2,True
38704253,2024,0.25,0.75,0.0,True
38704686,2024,0.2,0.6,0.2,True
38705361,2024,0.2,0.0,0.8,True
38705917,2024,1.0,0.0,0.0,True
38706369,2025,1.0,0.0,0.0,True
38706460,2024,1.0,0.0,0.0,True
38706540,2024,0.3333333333333333,0.6666666666666666,0.0,True
38706609,2024,0.5,0.0,0.5,True
38706610,2024,0.5,0.0,0.5,True
38706694,2024,0.16666666666666666,0.0,0.8333333333333334,True
38707245,2023,0.0,1.0,0.0,False
38708958,2024,0.3333333333333333,0.6666666666666666,0.0,True
38709489,2024,0.0,1.0,0.0,True
38709562,2024,0.25,0.75,0.0,True
38709657,2024,1.0,0.0,0.0,True
38709724,2024,1.0,0.0,0.0,True
38710337,2024,1.0,0.0,0.0,True
38710711,2024,0.2,0.4,0.4,True
38710903,2024,0.0,0.6666666666666666,0.3333333333333333,True
38711107,2024,1.0,0.0,0.0,True
38711244,2024,0.75,0.0,0.25,True
38711888,2024,0.5,0.0,0.5,True
38712741,2024,1.0,0.0,0.0,True
38713024,2024,1.0,0.0,0.0,True
38713084,2024,1.0,0.0,0.0,True
38713583,2024,0.625,0.375,0.0,True
38713717,2024,0.3333333333333333,0.6666666666666666,0.0,True
38714380,2024,1.0,0.0,0.0,True
38715187,2024,1.0,0.0,0.0,True
38715201,2024,0.0,0.3333333333333333,0.6666666666666666,True
38715784,2024,1.0,0.0,0.0,True
38716662,2024,1.0,0.0,0.0,True
38716726,2024,1.0,0.0,0.0,True
38717453,2024,0.0,0.2857142857142857,0.7142857142857143,True
38717724,2024,0.6666666666666666,0.0,0.3333333333333333,True
38717781,2024,1.0,0.0,0.0,True
38717904,2024,0.5,0.0,0.5,True
38717947,2024,1.0,0.0,0.0,True
38718138,2024,0.6666666666666666,0.0,0.3333333333333333,True
38718185,2024,1.0,0.0,0.0,True
38718210,2024,1.0,0.0,0.0,True
38718559,2024,0.0,0.0,0.0,False
38718859,2024,0.0,0.6666666666666666,0.3333333333333333,True
38719065,2024,1.0,0.0,0.0,True
38719176,2024,0.3333333333333333,0.3333333333333333,0.3333333333333333,True
38721764,2024,0.25,0.0,0.75,True
38722159,2024,0.0,0.75,0.25,True
38722661,2024,1.0,0.0,0.0,False
38722825,2024,0.2,0.4,0.4,True
38722839,2024,1.0,0.0,0.0,True
38723629,2024,0.0,0.6,0.4,True
38723632,2024,0.5,0.0,0.5,True
38724220,2024,0.0,0.5,0.5,True
38724241,2024,0.5,0.5,0.0,False
38724243,2024,0.0,0.0,0.0,True
38724624,2024,0.3333333333333333,0.3333333333333333,0.3333333333333333,True
38724854,2024,0.3333333333333333,0.0,0.6666666666666666,True
38726888,2024,1.0,0.0,0.0,True
38727192,2024,0.0,0.0,1.0,True
38727273,2024,0.0,0.4,0.6,True
38727310,2024,0.42857142857142855,0.2857142857142857,0.2857142857142857,True
38727677,2024,1.0,0.0,0.0,True
38727681,2024,1.0,0.0,0.0,True
38728051,2024,1.0,0.0,0.0,True
38728839,2024,0.5,0.0,0.5,True
38729611,2024,0.0,0.5,0.5,True
38730350,2024,0.875,0.0,0.125,True
38730705,2024,0.25,0.0,0.75,True
38730723,2024,1.0,0.0,0.0,True
38731416,2024,0.16666666666666666,0.16666666666666666,0.6666666666666666,True
38732071,2024,0.125,0.25,0.625,True
38732119,2024,0.125,0.125,0.75,True
38732230,2024,0.3333333333333333,0.3333333333333333,0.3333333333333333,True
38732605,2024,1.0,0.0,0.0,True
38733082,2024,0.0,0.0,1.0,True
38733583,2024,0.16666666666666666,0.5,0.3333333333333333,True
38733760,2024,1.0,0.0,0.0,True
38733995,2024,0.16666666666666666,0.0,0.8333333333333334,True
38735647,2024,0.3333333333333333,0.6666666666666666,0.0,True
38739430,2024,0.0,0.0,1.0,True
38739647,2024,0.16666666666666666,0.5,0.3333333333333333,True
38740383,2024,0.5,0.0,0.5,True
38740719,2024,1.0,0.0,0.0,True
38741014,2024,1.0,0.0,0.0,True
38741699,2024,0.0,0.0,1.0,True
38741774,2024,0.2,0.0,0.8,True
38742044,2024,0.14285714285714285,0.0,0.8571428571428571,True
38742659,2024,1.0,0.0,0.0,True
38743008,2024,1.0,0.0,0.0,False
38743047,2024,0.5,0.3333333333333333,0.16666666666666666,True
38743809,2024,0.14285714285714285,0.42857142857142855,0.42857142857142855,True
38744291,2024,0.0,0.6666666666666666,0.3333333333333333,True
38744971,2024,0.0,0.3333333333333333,0.6666666666666666,True
38745531,2024,1.0,0.0,0.0,False
38745823,2024,1.0,0.0,0.0,True
38745866,2024,1.0,0.0,0.0,True
38747144,2024,1.0,0.0,0.0,True
38747181,2024,0.125,0.5,0.375,True
38748579,2024,0.0,0.0,1.0,True
38748919,2024,1.0,0.0,0.0,True
38748950,2024,1.0,0.0,0.0,True
38749479,2024,0.4,0.4,0.2,True
38749530,2024,1.0,0.0,0.0,True
38749767,2024,1.0,0.0,0.0,True
38750319,2024,0.3333333333333333,0.6666666666666666,0.0,True
38750701,2024,1.0,0.0,0.0,True
38751433,2024,0.5714285714285714,0.2857142857142857,0.14285714285714285,True
38752206,2024,1.0,0.0,0.0,True
38752940,2024,0.25,0.75,0.0,False
38753096,2024,0.3333333333333333,0.0,0.6666666666666666,True
38753510,2024,0.125,0.0,0.875,True
38753616,2024,1.0,0.0,0.0,True
38753617,2024,1.0,0.0,0.0,True
38753665,2024,1.0,0.0,0.0,True
38753668,2024,1.0,0.0,0.0,True
38753757,2024,0.5,0.5,0.0,False
38753806,2024,0.25,0.5,0.25,True
38754047,2024,0.75,0.0,0.25,True
38754067,2024,1.0,0.0,0.0,True
38754459,2024,0.75,0.25,0.0,True
38755004,2024,1.0,0.0,0.0,True
38755145,2024,0.2,0.4,0.4,True
38755200,2024,0.16666666666666666,0.0,0.8333333333333334,True
38755321,2024,1.0,0.0,0.0,True
38755683,2024,1.0,0.0,0.0,True
38756303,2024,0.4,0.0,0.6,True
38756352,2024,1.0,0.0,0.0,True
38756556,2024,1.0,0.0,0.0,True
38757245,2024,1.0,0.0,0.0,True
38757581,2024,1.0,0.0,0.0,True
38757950,2025,1.0,0.0,0.0,True
38758104,2024,1.0,0.0,0.0,True
38758290,2024,0.75,0.0,0.25,True
38758429,2024,0.25,0.25,0.5,True
38758582,2024,1.0,0.0,0.0,True
38759116,2024,1.0,0.0,0.0,True
38759221,2025,1.0,0.0,0.0,True
38759225,2024,1.0,0.0,0.0,True
38759516,2024,1.0,0.0,0.0,True
38760339,2024,0.0,0.0,1.0,True
38760413,2024,0.25,0.0,0.75,True
38760587,2024,0.3333333333333333,0.0,0.6666666666666666,True
38761171,2024,0.8571428571428571,0.0,0.14285714285714285,True
38761410,2024,1.0,0.0,0.0,True
38761995,2024,0.3333333333333333,0.3333333333333333,0.3333333333333333,False
38762033,2024,0.16666666666666666,0.0,0.8333333333333334,True
38762057,2024,1.0,0.0,0.0,False
38762101,2024,0.5,0.5,0.0,False
38762169,2024,1.0,0.0,0.0,True
38763473,2024,0.5,0.0,0.5,True
38764093,2024,0.16666666666666666,0.5,0.3333333333333333,True
38764894,2024,0.8571428571428571,0.0,0.14285714285714285,True
38765560,2024,0.25,0.125,0.625,True
38766011,2024,0.5,0.5,0.0,True
38766181,2024,0.0,1.0,0.0,True
38767350,2024,0.3333333333333333,0.6666666666666666,0.0,True
38767436,2024,1.0,0.0,0.0,True
38768076,2024,1.0,0.0,0.0,True
38768789,2024,1.0,0.0,0.0,True
38768900,2024,1.0,0.0,0.0,True
38769004,2024,1.0,0.0,0.0,True
38769282,2024,1.0,0.0,0.0,False
38769294,2024,0.2857142857142857,0.5714285714285714,0.14285714285714285,True
38769646,2024,0.16666666666666666,0.0,0.8333333333333334,True
38770187,2024,1.0,0.0,0.0,True
38770228,2023,0.0,0.0,1.0,True
38770717,2024,0.5,0.0,0.5,True
38770829,2024,0.75,0.0,0.25,True
38771439,2024,1.0,0.0,0.0,True
38771450,2025,1.0,0.0,0.0,True
38772452,2024,0.42857142857142855,0.2857142857142857,0.2857142857142857,True
38772630,2024,0.0,0.5,0.5,False
38772931,2024,1.0,0.0,0.0,True
38773089,2024,0.25,0.0,0.75,True
38773124,2024,0.4,0.2,0.4,True
38774479,2024,0.0,0.0,0.0,True
38774487,2024,0.0,0.0,1.0,True
38774805,2024,1.0,0.0,0.0,True
38774866,2024,0.0,0.8,0.2,True
38775102,2024,0.75,0.25,0.0,True
38776224,2024,0.0,0.42857142857142855,0.5714285714285714,True
38776371,2024,0.0,0.0,1.0,True
38776413,2024,0.8,0.0,0.2,True
38776446,2024,1.0,0.0,0.0,True
38776814,2024,1.0,0.0,0.0,True
38777831,2024,0.25,0.25,0.5,False
38778039,2024,0.5,0.5,0.0,True
38778091,2024,0.5,0.5,0.0,True
38778220,2024,1.0,0.0,0.0,True
38778816,2024,0.14285714285714285,0.2857142857142857,0.5714285714285714,True
38780248,2024,0.0,0.375,0.625,True
38780785,2024,1.0,0.0,0.0,True
38781223,2024,1.0,0.0,0.0,True
38781377,2024,0.25,0.0,0.75,True
38781931,2024,0.5,0.5,0.0,True
38782334,2024,1.0,0.0,0.0,True
38782642,2024,0.3333333333333333,0.3333333333333333,0.3333333333333333,False
38782915,2024,0.0,0.0,1.0,True
38782925,2024,0.6,0.0,0.4,True
38782979,2024,0.0,0.6666666666666666,0.3333333333333333,True
38783714,2024,1.0,0.0,0.0,False
38784116,2024,0.0,1.0,0.0,True
38785423,2024,0.25,0.5,0.25,True
38786053,2024,0.0,1.0,0.0,True
38786655,2024,0.0,0.6,0.4,True
38786710,2024,0.0,1.0,0.0,True
38787068,2024,1.0,0.0,0.0,True
38787304,2024,1.0,0.0,0.0,False
38787397,2024,0.0,1.0,0.0,True
38788180,2024,1.0,0.0,0.0,True
38788462,2024,0.0,0.4,0.6,True
38788532,2024,0.8,0.2,0.0,True
38788713,2024,0.6666666666666666,0.0,0.3333333333333333,True
38788945,2024,1.0,0.0,0.0,True
38789058,2024,1.0,0.0,0.0,True
38789445,2024,0.6666666666666666,0.0,0.3333333333333333,True
38790316,2024,0.6666666666666666,0.3333333333333333,0.0,True
38790903,2024,0.0,0.0,0.0,True
38791198,2024,0.3333333333333333,0.0,0.6666666666666666,True
38791441,2024,0.2,0.0,0.8,True
38791569,2024,1.0,0.0,0.0,True
38791829,2024,1.0,0.0,0.0,True
38791901,2024,0.5,0.0,0.5,True
38791950,2024,1.0,0.0,0.0,True
38793562,2024,0.25,0.5,0.25,False
38793767,2024,0.0,0.0,1.0,True
38793797,2024,0.25,0.75,0.0,True
38794765,2024,0.0,1.0,0.0,True
38795658,2024,1.0,0.0,0.0,True
38796563,2024,0.0,1.0,0.0,True
38796702,2024,0.25,0.5,0.25,True
38797885,2024,1.0,0.0,0.0,True
38798323,2024,0.14285714285714285,0.2857142857142857,0.5714285714285714,True
38798587,2025,0.25,0.125,0.625,True
38798642,2024,0.2,0.6,0.2,True
38799263,2024,0.8888888888888888,0.0,0.1111111111111111,True
38800632,2024,1.0,0.0,0.0,True
38802413,2024,0.2,0.6,0.2,True
38802531,2024,0.25,0.5,0.25,True
38802937,2024,0.0,0.75,0.25,True
38803064,2024,1.0,0.0,0.0,True
38803157,2024,1.0,0.0,0.0,True
38805237,2024,1.0,0.0,0.0,True
38805282,2024,0.0,0.5,0.5,True
38805288,2024,0.0,1.0,0.0,True
38805295,2024,0.0,0.5,0.5,True
38806089,2024,1.0,0.0,0.0,True
38806481,2024,1.0,0.0,0.0,True
38806494,2024,0.8,0.0,0.2,True
38806670,2024,0.2857142857142857,0.0,0.7142857142857143,True
38807125,2024,1.0,0.0,0.0,True
38807480,2024,0.0,1.0,0.0,True
38808571,2024,0.8,0.0,0.2,True
38808605,2024,0.6666666666666666,0.0,0.3333333333333333,True
38809013,2024,0.0,0.0,1.0,True
38809390,2024,0.75,0.0,0.25,True
38809392,2024,1.0,0.0,0.0,True
38809557,2024,1.0,0.0,0.0,True
38809710,2024,0.125,0.625,0.25,True
38809774,2024,1.0,0.0,0.0,True
38809813,2024,0.3333333333333333,0.6666666666666666,0.0,True
38809898,2024,1.0,0.0,0.0,True
38809974,2024,0.0,0.0,1.0,True
38810185,2024,0.5555555555555556,0.3333333333333333,0.1111111111111111,True
38810714,2024,0.0,1.0,0.0,True
38810806,2024,1.0,0.0,0.0,True
38810947,2024,1.0,0.0,0.0,True
38811066,2024,0.0,1.0,0.0,True
38811575,2024,0.125,0.25,0.625,True
38811596,2024,0.14285714285714285,0.0,0.8571428571428571,True
38811719,2024,0.16666666666666666,0.5,0.3333333333333333,True
38811727,2024,0.07692307692307693,0.6923076923076923,0.23076923076923078,True
38811800,2024,1.0,0.0,0.0,True
38811818,2024,0.2,0.4,0.4,True
38812486,2024,1.0,0.0,0.0,True
38813256,2024,0.6666666666666666,0.0,0.3333333333333333,True
38813260,2024,0.6,0.2,0.2,True
38813695,2024,1.0,0.0,0.0,True
38813699,2024,0.25,0.25,0.5,False
38813719,2024,1.0,0.0,0.0,True
38814530,2025,1.0,0.0,0.0,True
38814579,2024,1.0,0.0,0.0,True
38814655,2024,0.6,0.0,0.4,True
38814663,2026,1.0,0.0,0.0,True
38815746,2024,1.0,0.0,0.0,True
38816232,2024,0.25,0.5,0.25,True
38816375,2024,0.6,0.0,0.4,True
38816418,2024,0.0,0.6666666666666666,0.3333333333333333,True
38817044,2024,1.0,0.0,0.0,True
38817344,2024,0.5,0.0,0.5,True
38817359,2024,1.0,0.0,0.0,True
38818047,2024,0.0,0.0,1.0,True
38818077,2024,0.0,0.0,1.0,True
38818331,2024,1.0,0.0,0.0,True
38818880,2025,1.0,0.0,0.0,True
38819322,2024,0.6666666666666666,0.0,0.3333333333333333,True
38819344,2024,1.0,0.0,0.0,False
38819825,2024,1.0,0.0,0.0,True
38819987,2024,0.2,0.8,0.0,True
38820560,2024,0.5,0.5,0.0,False
38821194,2024,1.0,0.0,0.0,False
38821922,2024,0.25,0.0,0.75,True
38822345,2024,0.8,0.0,0.2,True
38822730,2024,0.7142857142857143,0.0,0.2857142857142857,True
38822991,2024,0.0,0.5,0.5,True
38823018,2024,0.2,0.4,0.4,True
38823088,2024,0.25,0.5,0.25,True
38823574,2024,0.5,0.0,0.5,True
38823942,2024,1.0,0.0,0.0,False
38824166,2024,0.2,0.2,0.6,True
38824171,2024,0.0,0.42857142857142855,0.5714285714285714,True
38825690,2024,0.16666666666666666,0.0,0.8333333333333334,True
38825983,2024,0.14285714285714285,0.0,0.8571428571428571,True
38826223,2024,0.0,0.0,1.0,True
38826362,2024,1.0,0.0,0.0,True
38826484,2024,1.0,0.0,0.0,True
38826689,2024,0.5,0.25,0.25,True
38826792,2024,1.0,0.0,0.0,True
38827175,2024,0.0,0.0,0.0,True
38828478,2024,0.5,0.0,0.5,True
38828724,2024,0.5,0.5,0.0,False
38828730,2024,0.5,0.5,0.0,False
38828955,2024,1.0,0.0,0.0,True
38829568,2024,0.25,0.5,0.25,True
38829668,2024,0.3333333333333333,0.6666666666666666,0.0,True
38830868,2024,0.125,0.375,0.5,True
38831020,2025,1.0,0.0,0.0,True
38831056,2024,1.0,0.0,0.0,True
38831121,2024,0.25,0.5,0.25,False
38831164,2024,0.5,0.5,0.0,True
38831763,2024,0.0,0.0,0.0,True
38832027,2024,0.16666666666666666,0.0,0.8333333333333334,True
38832788,2024,0.0,0.0,1.0,True
38832814,2024,0.0,0.0,1.0,True
38832928,2024,1.0,0.0,0.0,True
38832931,2024,0.2,0.6,0.2,True
38833181,2025,0.3333333333333333,0.3333333333333333,0.3333333333333333,False
38833534,2024,1.0,0.0,0.0,False
38834052,2024,0.6923076923076923,0.0,0.3076923076923077,True
38834540,2024,1.0,0.0,0.0,True
38834865,2024,0.0,0.5,0.5,True
38834971,2024,0.8333333333333334,0.0,0.16666666666666666,True
38835047,2024,0.125,0.375,0.5,True
38835757,2024,0.0,0.5,0.5,True
38836869,2024,0.5,0.0,0.5,False
38837025,2024,1.0,0.0,0.0,True
38837903,2024,1.0,0.0,0.0,True
38837934,2025,1.0,0.0,0.0,True
38838028,2024,1.0,0.0,0.0,True
38838155,2024,0.0,0.2857142857142857,0.7142857142857143,True
38838676,2024,1.0,0.0,0.0,True
38838841,2024,0.0,0.75,0.25,True
38838912,2025,0.6666666666666666,0.0,0.3333333333333333,True
38838942,2024,1.0,0.0,0.0,True
38839828,2024,1.0,0.0,0.0,True
38841662,2024,1.0,0.0,0.0,True
38842160,2025,0.0,0.5,0.5,True
38842447,2024,0.0,1.0,0.0,True
38842800,2024,0.6,0.0,0.4,True
38843512,2024,1.0,0.0,0.0,True
38843691,2024,1.0,0.0,0.0,True
38843830,2024,0.16666666666666666,0.3333333333333333,0.5,True
38845345,2024,0.14285714285714285,0.42857142857142855,0.42857142857142855,True
38846999,2024,0.2222222222222222,0.0,0.7777777777777778,True
38847146,2024,1.0,0.0,0.0,True
38847607,2024,0.8571428571428571,0.0,0.14285714285714285,True
38848187,2024,1.0,0.0,0.0,True
38848249,2024,0.0,0.6666666666666666,0.3333333333333333,True
38848546,2025,1.0,0.0,0.0,True
38848991,2024,1.0,0.0,0.0,True
38849365,2024,0.25,0.75,0.0,True
38849395,2024,0.14285714285714285,0.2857142857142857,0.5714285714285714,True
38849413,2024,1.0,0.0,0.0,True
38849555,2024,1.0,0.0,0.0,False
38850624,2024,1.0,0.0,0.0,True
38851433,2024,1.0,0.0,0.0,True
38851816,2024,0.4,0.0,0.6,True
38853101,2024,0.25,0.25,0.5,True
38853684,2025,1.0,0.0,0.0,True
38853878,2024,0.5,0.0,0.5,True
38853900,2024,0.0,0.16666666666666666,0.8333333333333334,True
38853922,2024,1.0,0.0,0.0,True
38854427,2024,1.0,0.0,0.0,True
38854449,2024,0.0,0.16666666666666666,0.8333333333333334,True
38854960,2024,0.5,0.5,0.0,True
38855287,2024,1.0,0.0,0.0,True
38855351,2024,1.0,0.0,0.0,True
38855676,2024,0.0,0.0,0.0,True
38856871,2024,1.0,0.0,0.0,True
38857048,2024,1.0,0.0,0.0,True
38857530,2024,0.3333333333333333,0.0,0.6666666666666666,True
38857819,2024,0.2,0.6,0.2,True
38857989,2024,0.2,0.6,0.2,True
38858467,2024,0.0,1.0,0.0,True
38858597,2024,0.25,0.0,0.75,True
38858602,2024,0.14285714285714285,0.2857142857142857,0.5714285714285714,True
38860398,2024,1.0,0.0,0.0,True
38860884,2024,1.0,0.0,0.0,True
38860978,2024,1.0,0.0,0.0,False
38861030,2024,0.16666666666666666,0.5,0.3333333333333333,True
38861351,2024,0.5,0.0,0.5,False
38861571,2024,0.2,0.8,0.0,True
38861603,2024,0.14285714285714285,0.5714285714285714,0.2857142857142857,True
38861678,2024,0.0,0.0,0.0,True
38862506,2024,0.0,0.0,1.0,True
38862544,2024,0.16666666666666666,0.16666666666666666,0.6666666666666666,True
38862838,2024,1.0,0.0,0.0,True
38862995,2024,0.75,0.0,0.25,True
38863022,2024,1.0,0.0,0.0,True
38863121,2024,1.0,0.0,0.0,True
38863127,2025,0.0,0.0,0.0,True
38863429,2024,0.0,1.0,0.0,True
38863702,2024,0.2,0.6,0.2,True
38864342,2024,0.16666666666666666,0.3333333333333333,0.5,True
38864574,2024,0.0,1.0,0.0,True
38864632,2024,0.6666666666666666,0.0,0.3333333333333333,True
38864817,2024,0.3333333333333333,0.0,0.6666666666666666,True
38864887,2024,0.25,0.375,0.375,True
38864945,2024,0.875,0.125,0.0,True
38865039,2024,1.0,0.0,0.0,True
38865117,2024,1.0,0.0,0.0,True
38865133,2024,1.0,0.0,0.0,True
38865325,2024,1.0,0.0,0.0,True
38865696,2024,1.0,0.0,0.0,True
38865710,2024,1.0,0.0,0.0,True
38865960,2024,0.5,0.5,0.0,True
38866555,2024,0.0,0.375,0.625,True
38866970,2024,0.0,0.4,0.6,True
38867136,2025,1.0,0.0,0.0,True
38867279,2024,1.0,0.0,0.0,True
38867358,2024,1.0,0.0,0.0,True
38867579,2024,1.0,0.0,0.0,True
38867583,2024,1.0,0.0,0.0,True
38868184,2024,0.2,0.6,0.2,True
38868186,2024,0.16666666666666666,0.0,0.8333333333333334,True
38868205,2024,0.5,0.0,0.5,True
38868945,2024,0.25,0.0,0.75,True
38868956,2024,0.3333333333333333,0.0,0.6666666666666666,True
38869515,2024,0.0,0.75,0.25,True
38869519,2024,0.2,0.6,0.2,True
38869947,2024,1.0,0.0,0.0,False
38870010,2024,0.3333333333333333,0.6666666666666666,0.0,True
38870015,2024,0.0,0.5,0.5,True
38870929,2024,0.0,0.42857142857142855,0.5714285714285714,True
38871684,2024,1.0,0.0,0.0,True
38871749,2024,0.0,0.0,0.0,True
38872000,2024,0.09090909090909091,0.36363636363636365,0.5454545454545454,True
38872853,2024,0.5,0.0,0.5,True
38872937,2024,0.0,0.0,0.0,True
38873015,2024,0.16666666666666666,0.0,0.8333333333333334,True
38873606,2024,0.3333333333333333,0.3333333333333333,0.3333333333333333,True
38873722,2024,1.0,0.0,0.0,True
38874333,2024,1.0,0.0,0.0,True
38874616,2024,1.0,0.0,0.0,True
38874874,2024,1.0,0.0,0.0,True
38874947,2024,1.0,0.0,0.0,True
38876558,2024,1.0,0.0,0.0,True
38876998,2024,0.4,0.0,0.6,True
38877099,2024,0.3333333333333333,0.0,0.6666666666666666,True
38877155,2024,0.5,0.5,0.0,False
38877178,2024,0.0,0.6666666666666666,0.3333333333333333,True
38877517,2024,1.0,0.0,0.0,True
38877664,2024,1.0,0.0,0.0,True
38877790,2024,1.0,0.0,0.0,True
38877802,2025,0.0,0.3333333333333333,0.6666666666666666,True
38878300,2024,1.0,0.0,0.0,True
38878763,2024,0.5,0.0,0.5,True
38879012,2024,0.16666666666666666,0.5,0.3333333333333333,True
38879521,2024,1.0,0.0,0.0,True
38879678,2024,0.0,0.6666666666666666,0.3333333333333333,True
38880195,2024,0.0,0.2857142857142857,0.7142857142857143,True
38880887,2024,0.0,0.0,0.0,True
38881577,2024,0.0,0.2,0.8,True
38883723,2024,0.0,0.6666666666666666,0.3333333333333333,True
38883724,2024,0.0,0.2,0.8,True
38883739,2024,1.0,0.0,0.0,True
38884005,2024,0.5,0.0,0.5,True
38884646,2024,1.0,0.0,0.0,True
38884788,2024,0.14285714285714285,0.42857142857142855,0.42857142857142855,False
38885315,2024,0.8333333333333334,0.0,0.16666666666666666,True
38886519,2024,0.0,0.0,0.0,True
38888415,2024,0.14285714285714285,0.2857142857142857,0.5714285714285714,True
38888555,2024,0.0,0.0,1.0,True
38888899,2024,1.0,0.0,0.0,True
38889007,2024,0.14285714285714285,0.2857142857142857,0.5714285714285714,True
38889363,2024,0.0,0.0,1.0,True
38889712,2024,0.8333333333333334,0.0,0.16666666666666666,True
38889728,2024,1.0,0.0,0.0,True
38890024,2024,0.0,0.0,0.0,False
38891060,2024,0.0,0.6666666666666666,0.3333333333333333,True
38892290,2024,0.3333333333333333,0.3333333333333333,0.3333333333333333,False
38892296,2024,0.25,0.0,0.75,True
38892671,2024,1.0,0.0,0.0,False
38893130,2024,1.0,0.0,0.0,True
38894923,2024,0.0,0.0,1.0,True
38895230,2024,0.0,0.0,1.0,True
38895284,2024,0.16666666666666666,0.6666666666666666,0.16666666666666666,True
38895289,2024,0.0,0.42857142857142855,0.5714285714285714,True
38895320,2024,0.0,0.6,0.4,True
38895335,2024,0.375,0.125,0.5,True
38895436,2024,0.25,0.0,0.75,True
38895471,2024,0.5,0.5,0.0,True
38896450,2024,0.5,0.0,0.5,True
38896609,2024,0.3333333333333333,0.0,0.6666666666666666,True
38897168,2024,0.25,0.0,0.75,True
38897982,2024,1.0,0.0,0.0,True
38898728,2025,0.2,0.0,0.8,True
38898799,2024,0.5,0.5,0.0,True
38899223,2024,0.4444444444444444,0.1111111111111111,0.4444444444444444,True
38899693,2024,1.0,0.0,0.0,True
38899758,2024,1.0,0.0,0.0,True
38899801,2024,1.0,0.0,0.0,False
38899875,2024,0.0,1.0,0.0,True
38899877,2024,0.3333333333333333,0.0,0.6666666666666666,False
38900043,2024,1.0,0.0,0.0,True
38900479,2024,0.6666666666666666,0.0,0.3333333333333333,True
38900844,2024,0.0,1.0,0.0,True
38900897,2024,0.3333333333333333,0.6666666666666666,0.0,False
38901189,2024,1.0,0.0,0.0,True
38901254,2024,0.14285714285714285,0.42857142857142855,0.42857142857142855,True
38901402,2024,1.0,0.0,0.0,True
38901423,2024,1.0,0.0,0.0,True
38901428,2024,0.6666666666666666,0.16666666666666666,0.16666666666666666,True
38901738,2024,0.2,0.4,0.4,True
38901879,2024,1.0,0.0,0.0,False
38902010,2024,0.6666666666666666,0.0,0.3333333333333333,True
38902331,2024,0.25,0.75,0.0,True
38902799,2024,0.5,0.0,0.5,True
38903060,2024,0.18181818181818182,0.45454545454545453,0.36363636363636365,True
38903065,2024,0.6666666666666666,0.0,0.3333333333333333,True
38903066,2025,0.0,0.3333333333333333,0.6666666666666666,True
38903067,2024,0.0,0.2222222222222222,0.7777777777777778,True
38903070,2024,0.14285714285714285,0.2857142857142857,0.5714285714285714,True
38903072,2024,0.3333333333333333,0.3333333333333333,0.3333333333333333,True
38903073,2024,0.25,0.0,0.75,True
38903077,2024,0.125,0.125,0.75,True
38903081,2024,0.4,0.0,0.6,True
38903087,2024,0.0,0.0,1.0,True
38903088,2024,0.0,0.0,1.0,True
38903091,2024,0.14285714285714285,0.42857142857142855,0.42857142857142855,True
38903092,2024,0.0,0.0,1.0,True
38903093,2024,0.0,0.0,0.0,True
38903096,2024,0.0,0.0,1.0,True
38903099,2024,0.5,0.0,0.5,True
38903100,2024,0.3333333333333333,0.16666666666666666,0.5,True
38903101,2024,0.3333333333333333,0.0,0.6666666666666666,True
38903102,2024,1.0,0.0,0.0,True
38903106,2024,0.14285714285714285,0.14285714285714285,0.7142857142857143,True
38903108,2024,0.2857142857142857,0.2857142857142857,0.42857142857142855,True
38903111,2024,0.0,0.3333333333333333,0.6666666666666666,True
38903118,2024,0.3333333333333333,0.3333333333333333,0.3333333333333333,True
38903121,2024,0.3333333333333333,0.6666666666666666,0.0,True
38903125,2024,0.14285714285714285,0.0,0.8571428571428571,True
38903584,2024,1.0,0.0,0.0,True
38903737,2024,0.0,0.0,0.0,True
38903748,2024,0.0,0.0,0.0,True
38903859,2024,0.16666666666666666,0.3333333333333333,0.5,True
38904381,2024,0.0,1.0,0.0,True
38904853,2024,1.0,0.0,0.0,True
38905058,2024,0.0,1.0,0.0,True
38905589,2024,0.0,0.0,1.0,True
38906156,2024,0.16666666666666666,0.3333333333333333,0.5,True
38906335,2024,0.0,0.6666666666666666,0.3333333333333333,True
38906887,2024,0.0,0.4,0.6,True
38907138,2024,1.0,0.0,0.0,True
38907342,2024,0.42857142857142855,0.0,0.5714285714285714,True
38907685,2024,0.3333333333333333,0.6666666666666666,0.0,True
38908504,2024,0.0,1.0,0.0,True
38908662,2024,1.0,0.0,0.0,True
38909264,2024,1.0,0.0,0.0,True
38910003,2024,1.0,0.0,0.0,True
38912559,2024,0.0,0.42857142857142855,0.5714285714285714,True
38912579,2024,0.0,0.5,0.5,True
38912586,2024,0.125,0.375,0.5,True
38912755,2024,0.16666666666666666,0.3333333333333333,0.5,False
38912776,2024,0.125,0.25,0.625,True
38912846,2024,1.0,0.0,0.0,False
38912868,2024,0.0,0.8,0.2,True
38913421,2024,1.0,0.0,0.0,True
38913566,2024,1.0,0.0,0.0,True
38913614,2024,0.8333333333333334,0.0,0.16666666666666666,True
38913752,2024,0.0,0.23076923076923078,0.7692307692307693,True
38913957,2024,0.75,0.0,0.25,True
38914546,2024,0.0,0.16666666666666666,0.8333333333333334,True
38914562,2024,0.3333333333333333,0.0,0.6666666666666666,True
38914782,2025,1.0,0.0,0.0,True
38915291,2024,0.25,0.5,0.25,True
38915423,2024,0.3333333333333333,0.3333333333333333,0.3333333333333333,True
38915480,2024,0.0,0.5,0.5,True
38915636,2024,0.5,0.0,0.5,True
38915717,2025,0.0,0.5,0.5,True
38915721,2024,0.14285714285714285,0.14285714285714285,0.7142857142857143,True
38915761,2024,1.0,0.0,0.0,True
38915782,2024,0.125,0.375,0.5,True
38916317,2024,0.3333333333333333,0.0,0.6666666666666666,True
38916490,2024,0.0,0.75,0.25,True
38916815,2024,1.0,0.0,0.0,True
38917054,2024,0.3333333333333333,0.0,0.6666666666666666,True
38917794,2024,0.25,0.0,0.75,True
38917890,2024,0.5,0.0,0.5,True
38917939,2024,0.0,1.0,0.0,True
38918393,2024,0.125,0.0,0.875,True
38918394,2024,1.0,0.0,0.0,True
38918547,2024,0.25,0.25,0.5,True
38918629,2024,1.0,0.0,0.0,True
38918635,2024,0.16666666666666666,0.3333333333333333,0.5,True
38920670,2024,0.0,0.6666666666666666,0.3333333333333333,True
38921831,2024,0.16666666666666666,0.0,0.8333333333333334,True
38922117,2024,1.0,0.0,0.0,True
38922615,2024,1.0,0.0,0.0,True
38923438,2024,0.0,0.8,0.2,True
38923692,2024,0.75,0.0,0.25,True
38923723,2025,1.0,0.0,0.0,True
38925254,2024,1.0,0.0,0.0,True
38925739,2024,1.0,0.0,0.0,False
38926363,2024,0.125,0.5,0.375,True
38926424,2024,0.0,0.6,0.4,True
38926603,2024,0.0,1.0,0.0,True
38927010,2024,0.25,0.5,0.25,True
38927013,2024,0.5,0.0,0.5,True
38927116,2024,0.2,0.0,0.8,True
38927128,2024,0.5,0.0,0.5,True
38928133,2024,0.5714285714285714,0.0,0.42857142857142855,True
38930554,2024,0.1111111111111111,0.2222222222222222,0.6666666666666666,True
38930845,2024,1.0,0.0,0.0,True
38932114,2024,0.3333333333333333,0.0,0.6666666666666666,True
38932227,2024,0.25,0.0,0.75,True
38932681,2024,0.25,0.0,0.75,True
38933891,2024,0.75,0.0,0.25,True
38934092,2024,0.5,0.5,0.0,False
38934375,2024,0.2,0.0,0.8,True
38934378,2024,1.0,0.0,0.0,True
38935047,2024,0.5,0.5,0.0,False
38935343,2024,0.5,0.0,0.5,True
38935374,2024,0.8,0.0,0.2,True
38935599,2024,1.0,0.0,0.0,True
38935607,2024,1.0,0.0,0.0,True
38935882,2024,1.0,0.0,0.0,False
38935926,2024,1.0,0.0,0.0,False
38936506,2024,1.0,0.0,0.0,True
38936550,2024,1.0,0.0,0.0,True
38936661,2024,1.0,0.0,0.0,True
38936797,2024,0.0,0.6666666666666666,0.3333333333333333,True
38937102,2024,0.0,1.0,0.0,True
38937103,2024,0.0,0.6666666666666666,0.3333333333333333,True
38937134,2024,1.0,0.0,0.0,True
38937141,2024,1.0,0.0,0.0,True
38937431,2024,0.2,0.0,0.8,True
38937448,2024,0.25,0.5,0.25,True
38937606,2024,1.0,0.0,0.0,True
38937630,2025,0.0,0.0,1.0,False
38938288,2023,0.0,0.0,0.0,True
38938682,2024,0.16666666666666666,0.0,0.8333333333333334,True
38938691,2024,0.6666666666666666,0.3333333333333333,0.0,True
38939691,2023,0.1111111111111111,0.0,0.8888888888888888,True
38940144,2024,1.0,0.0,0.0,True
38940866,2024,1.0,0.0,0.0,True
38941236,2024,0.3333333333333333,0.0,0.6666666666666666,True
38941461,2024,0.0,0.6666666666666666,0.3333333333333333,True
38941509,2024,1.0,0.0,0.0,True
38941593,2024,0.6666666666666666,0.0,0.3333333333333333,True
38942023,2024,0.25,0.5,0.25,True
38942474,2024,0.0,0.6666666666666666,0.3333333333333333,True
38942992,2024,0.75,0.0,0.25,True
38942994,2024,0.6666666666666666,0.0,0.3333333333333333,True
38943084,2024,1.0,0.0,0.0,True
38944161,2024,0.0,0.6,0.4,True
38944392,2024,0.3333333333333333,0.3333333333333333,0.3333333333333333,False
38945550,2024,0.0,0.0,1.0,True
38945782,2024,1.0,0.0,0.0,False
38946967,2024,0.2,0.4,0.4,True
38946991,2025,0.3333333333333333,0.0,0.6666666666666666,True
38946996,2024,1.0,0.0,0.0,True
38948230,2024,1.0,0.0,0.0,True
38948457,2024,0.5,0.5,0.0,True
38949522,2024,0.3333333333333333,0.4444444444444444,0.2222222222222222,True
38949838,2024,1.0,0.0,0.0,True
38950078,2024,0.0,0.4,0.6,True
38950322,2024,0.5,0.0,0.5,True
38950862,2024,0.3333333333333333,0.6666666666666666,0.0,False
38951027,2024,0.2,0.4,0.4,True
38951643,2024,0.6,0.4,0.0,True
38952295,2025,1.0,0.0,0.0,True
38952949,2024,0.0,0.0,1.0,True
38953042,2024,1.0,0.0,0.0,True
38953171,2024,1.0,0.0,0.0,True
38953246,2024,0.0,1.0,0.0,True
38953252,2024,0.0,0.3333333333333333,0.6666666666666666,True
38953334,2024,1.0,0.0,0.0,True
38953355,2024,0.3333333333333333,0.6666666666666666,0.0,True
38953379,2024,0.3333333333333333,0.3333333333333333,0.3333333333333333,True
38954150,2024,0.6,0.0,0.4,True
38954785,2024,1.0,0.0,0.0,True
38954841,2024,1.0,0.0,0.0,True
38955181,2024,0.16666666666666666,0.16666666666666666,0.6666666666666666,True
38955221,2024,0.0,0.6666666666666666,0.3333333333333333,True
38955422,2024,0.16666666666666666,0.3333333333333333,0.5,True
38955465,2024,0.0,1.0,0.0,False
38956017,2024,0.4,0.0,0.6,True
38956031,2024,1.0,0.0,0.0,True
38956168,2024,0.3333333333333333,0.0,0.6666666666666666,True
38956378,2024,0.25,0.0,0.75,True
38958017,2024,0.0,0.0,1.0,False
38958063,2024,1.0,0.0,0.0,True
38958468,2024,0.6923076923076923,0.0,0.3076923076923077,True
38958627,2024,0.5,0.0,0.5,False
38958754,2024,1.0,0.0,0.0,True
38958945,2025,0.7777777777777778,0.0,0.2222222222222222,True
38959321,2024,0.25,0.0,0.75,True
38959401,2024,0.125,0.375,0.5,True
38959448,2024,1.0,0.0,0.0,True
38959600,2024,0.875,0.0,0.125,True
38959893,2024,0.0,0.6666666666666666,0.3333333333333333,True
38960154,2024,1.0,0.0,0.0,True
38960274,2025,0.0,0.0,0.0,True
38960494,2024,1.0,0.0,0.0,True
38961202,2024,0.2,0.0,0.8,True
38961223,2024,0.8571428571428571,0.0,0.14285714285714285,True
38961274,2024,0.1,0.4,0.5,True
38961599,2024,1.0,0.0,0.0,True
38961841,2024,0.0,0.8,0.2,True
38962280,2024,0.6666666666666666,0.0,0.3333333333333333,True
38962753,2024,0.5,0.0,0.5,True
38962799,2023,0.5,0.0,0.5,True
38963460,2024,1.0,0.0,0.0,True
38963837,2024,0.5,0.0,0.5,False
38964316,2024,0.2,0.4,0.4,True
38964343,2024,1.0,0.0,0.0,True
38964352,2024,0.5,0.5,0.0,True
38964382,2024,1.0,0.0,0.0,True
38964503,2024,1.0,0.0,0.0,True
38964803,2024,0.7142857142857143,0.0,0.2857142857142857,True
38965085,2024,0.0,1.0,0.0,True
38965184,2024,1.0,0.0,0.0,True
38965695,2024,1.0,0.0,0.0,True
38965708,2024,0.5,0.0,0.5,True
38965750,2025,1.0,0.0,0.0,True
38965764,2025,1.0,0.0,0.0,True
38966907,2024,0.6,0.0,0.4,True
38967176,2024,0.0,0.0,1.0,True
38967598,2024,1.0,0.0,0.0,True
38967666,2024,0.3333333333333333,0.0,0.6666666666666666,True
38967697,2024,0.0,1.0,0.0,True
38968089,2024,1.0,0.0,0.0,True
38968090,2024,1.0,0.0,0.0,True
38968359,2024,0.16666666666666666,0.16666666666666666,0.6666666666666666,False
38968832,2024,1.0,0.0,0.0,True
38969487,2024,0.25,0.25,0.5,True
38969627,2024,0.0,0.0,0.0,True
38969660,2024,0.0,0.0,1.0,True
38970220,2024,1.0,0.0,0.0,True
38970504,2024,0.2,0.2,0.6,True
38970614,2024,0.25,0.0,0.75,False
38970753,2025,0.5,0.0,0.5,True
38970772,2025,0.0,0.0,1.0,True
38970902,2024,1.0,0.0,0.0,True
38971157,2024,0.3333333333333333,0.0,0.6666666666666666,True
38971776,2024,0.0,1.0,0.0,True
38972510,2024,1.0,0.0,0.0,True
38973065,2024,0.0,0.5,0.5,True
38973610,2024,0.6666666666666666,0.3333333333333333,0.0,True
38974806,2024,0.0,0.0,0.0,False
38975122,2024,0.5,0.0,0.5,True
38975316,2024,0.0,0.5,0.5,False
38976028,2024,1.0,0.0,0.0,True
38976710,2024,1.0,0.0,0.0,True
38976725,2024,1.0,0.0,0.0,True
38976733,2024,0.1111111111111111,0.5555555555555556,0.3333333333333333,True
38976866,2024,0.25,0.5,0.25,False
38977137,2024,1.0,0.0,0.0,True
38977329,2024,0.3333333333333333,0.0,0.6666666666666666,True
38977798,2024,0.16666666666666666,0.0,0.8333333333333334,True
38978133,2024,0.5,0.0,0.5,True
38978321,2024,0.16666666666666666,0.3333333333333333,0.5,True
38978558,2024,0.5,0.0,0.5,True
38978563,2024,0.0,1.0,0.0,True
38978598,2024,0.0,0.25,0.75,True
38978699,2024,0.16666666666666666,0.3333333333333333,0.5,False
38978722,2024,0.125,0.125,0.75,True
38978726,2024,0.5,0.0,0.5,True
38979199,2024,0.0,0.0,1.0,True
38979303,2024,0.3333333333333333,0.6666666666666666,0.0,True
38979305,2024,0.25,0.0,0.75,True
38979646,2024,0.5,0.5,0.0,True
38979889,2024,0.0,0.6666666666666666,0.3333333333333333,True
38980042,2024,0.14285714285714285,0.0,0.8571428571428571,True
38980292,2024,0.2,0.2,0.6,False
38980441,2024,0.5,0.5,0.0,True
38980723,2024,1.0,0.0,0.0,True
38981111,2024,0.0,0.0,0.0,True
38981485,2024,0.8,0.0,0.2,True
38981655,2024,0.2,0.0,0.8,True
38982295,2024,0.0,0.0,0.0,False
38982303,2024,0.5,0.5,0.0,True
38982564,2024,0.2857142857142857,0.0,0.7142857142857143,True
38982828,2024,0.6,0.4,0.0,True
38983382,2024,1.0,0.0,0.0,True
38983834,2024,0.5,0.5,0.0,True
38984667,2024,0.2,0.4,0.4,True
38984710,2024,0.0,0.25,0.75,True
38984986,2024,1.0,0.0,0.0,True
38985449,2024,0.0,0.6666666666666666,0.3333333333333333,True
38985831,2024,1.0,0.0,0.0,True
38986025,2024,0.6,0.4,0.0,True
38986423,2024,0.0,1.0,0.0,True
38986717,2024,0.0,1.0,0.0,True
38987029,2024,0.8333333333333334,0.0,0.16666666666666666,True
38987096,2024,1.0,0.0,0.0,True
38987177,2024,0.5,0.0,0.5,True
38987291,2024,1.0,0.0,0.0,True
38987356,2024,0.25,0.0,0.75,True
38987539,2024,0.3333333333333333,0.0,0.6666666666666666,True
38987549,2024,1.0,0.0,0.0,True
38987885,2025,1.0,0.0,0.0,True
38988315,2024,0.0,1.0,0.0,True
38989414,2024,0.5,0.0,0.5,True
38989463,2024,0.3333333333333333,0.0,0.6666666666666666,True
38989943,2025,0.0,0.0,0.0,True
38990107,2024,1.0,0.0,0.0,True
38990647,2024,1.0,0.0,0.0,True
38990838,2024,1.0,0.0,0.0,True
38990952,2024,0.3333333333333333,0.0,0.6666666666666666,True
38991538,2024,0.75,0.0,0.25,True
38991613,2024,0.0,1.0,0.0,True
38991747,2024,1.0,0.0,0.0,True
38992119,2024,0.16666666666666666,0.6666666666666666,0.16666666666666666,True
38992441,2024,0.0,0.0,1.0,True
38992777,2024,0.6666666666666666,0.3333333333333333,0.0,False
38992882,2025,0.0,0.0,0.0,False
38993285,2024,1.0,0.0,0.0,True
38993535,2024,0.0,0.0,0.0,True
38993597,2024,1.0,0.0,0.0,False
38993671,2024,0.0,0.09090909090909091,0.9090909090909091,True
38995021,2024,0.3333333333333333,0.6666666666666666,0.0,False
38995381,2025,1.0,0.0,0.0,True
38996940,2024,0.0,0.3333333333333333,0.6666666666666666,True
38997291,2024,0.14285714285714285,0.2857142857142857,0.5714285714285714,True
38997299,2024,1.0,0.0,0.0,True
38998987,2024,0.2,0.4,0.4,True
39000391,2024,1.0,0.0,0.0,True
39000579,2024,0.3333333333333333,0.3333333333333333,0.3333333333333333,True
39000996,2024,1.0,0.0,0.0,True
39001264,2024,0.5,0.0,0.5,True
39001383,2024,0.2,0.2,0.6,True
39001544,2024,0.5,0.0,0.5,True
39001573,2024,0.0,0.75,0.25,True
39001720,2024,0.2,0.2,0.6,False
39002674,2024,0.0,0.0,1.0,True
39002722,2024,1.0,0.0,0.0,True
39004526,2024,0.3333333333333333,0.0,0.6666666666666666,False
39005319,2024,0.2,0.2,0.6,True
39005353,2024,0.2,0.0,0.8,True
39005384,2024,0.0,0.0,1.0,True
39005402,2024,0.0,0.0,1.0,True
39005447,2024,0.4,0.0,0.6,True
39006169,2023,1.0,0.0,0.0,True
39006414,2024,0.25,0.0,0.75,True
39006447,2024,1.0,0.0,0.0,True
39006526,2024,1.0,0.0,0.0,True
39006527,2024,1.0,0.0,0.0,True
39007069,2024,0.75,0.0,0.25,True
39007366,2024,0.0,0.25,0.75,True
39008499,2024,1.0,0.0,0.0,True
39008527,2024,0.8333333333333334,0.0,0.16666666666666666,True
39008716,2024,0.2,0.4,0.4,True
39009281,2025,0.0,0.0,1.0,True
39009645,2024,0.0,1.0,0.0,True
39009835,2024,0.16666666666666666,0.5,0.3333333333333333,True
39011113,2024,0.5,0.0,0.5,True
39011118,2024,0.16666666666666666,0.0,0.8333333333333334,True
39011872,2025,1.0,0.0,0.0,True
39012004,2024,0.8333333333333334,0.16666666666666666,0.0,True
39012213,2024,0.3333333333333333,0.0,0.6666666666666666,True
39012778,2024,0.6,0.0,0.4,True
39013141,2025,1.0,0.0,0.0,True
39013374,2024,1.0,0.0,0.0,True
39013794,2025,1.0,0.0,0.0,True
39014254,2024,0.25,0.25,0.5,False
39014393,2024,0.8888888888888888,0.0,0.1111111111111111,True
39014486,2024,0.75,0.0,0.25,True
39015651,2024,0.0,0.0,1.0,False
39016170,2024,0.0,0.5,0.5,True
39016173,2024,0.3333333333333333,0.0,0.6666666666666666,True
39017661,2024,1.0,0.0,0.0,True
39017683,2024,1.0,0.0,0.0,True
39017703,2025,1.0,0.0,0.0,True
39018199,2024,0.0,0.6,0.4,True
39018443,2025,0.6,0.4,0.0,True
39018444,2024,0.8333333333333334,0.0,0.16666666666666666,True
39018505,2024,1.0,0.0,0.0,True
39019011,2024,0.16666666666666666,0.8333333333333334,0.0,True
39019039,2024,1.0,0.0,0.0,False
39019570,2024,1.0,0.0,0.0,True
39019902,2024,0.14285714285714285,0.42857142857142855,0.42857142857142855,True
39020286,2024,0.0,0.6666666666666666,0.3333333333333333,True
39021060,2024,1.0,0.0,0.0,True
39022354,2024,0.2,0.2,0.6,True
39022645,2024,0.5,0.0,0.5,False
39022648,2024,0.3333333333333333,0.0,0.6666666666666666,True
39022660,2024,0.0,0.0,0.0,True
39023559,2024,0.4,0.0,0.6,True
39024096,2024,0.0,0.5,0.5,True
39024358,2024,0.0,0.3333333333333333,0.6666666666666666,True
39024537,2024,0.2857142857142857,0.42857142857142855,0.2857142857142857,True
39024560,2024,0.2,0.4,0.4,True
39025205,2024,1.0,0.0,0.0,True
39025450,2024,0.2,0.0,0.8,True
39025788,2024,0.3333333333333333,0.0,0.6666666666666666,True
39025931,2024,0.0,0.4,0.6,True
39025963,2024,0.0,0.5714285714285714,0.42857142857142855,True
39026261,2024,0.75,0.0,0.25,True
39026652,2024,0.2,0.4,0.4,True
39026837,2024,0.25,0.0,0.75,True
39026896,2024,0.25,0.5,0.25,True
39027236,2024,0.0,0.3333333333333333,0.6666666666666666,True
39028003,2025,0.8,0.0,0.2,True
39028621,2024,0.25,0.0,0.75,True
39028623,2024,0.16666666666666666,0.0,0.8333333333333334,True
39028908,2025,1.0,0.0,0.0,True
39028936,2024,0.8333333333333334,0.0,0.16666666666666666,True
39029330,2024,1.0,0.0,0.0,True
39029375,2024,0.25,0.0,0.75,True
39029450,2024,0.3333333333333333,0.3333333333333333,0.3333333333333333,False
39030631,2024,1.0,0.0,0.0,True
39030740,2024,1.0,0.0,0.0,True
39031534,2024,0.2,0.0,0.8,False
39032602,2024,0.0,1.0,0.0,True
39032839,2024,0.5,0.5,0.0,False
39033027,2024,0.8,0.0,0.2,True
39033080,2024,0.0,0.8,0.2,True
39033901,2024,1.0,0.0,0.0,True
39034314,2024,0.1111111111111111,0.3333333333333333,0.5555555555555556,True
39034662,2024,0.5,0.5,0.0,False
39036555,2024,0.0,0.0,1.0,True
39036705,2024,0.3333333333333333,0.0,0.6666666666666666,True
39037378,2024,1.0,0.0,0.0,True
39037821,2024,1.0,0.0,0.0,True
39037866,2024,1.0,0.0,0.0,True
39038072,2024,1.0,0.0,0.0,False
39038244,2024,1.0,0.0,0.0,True
39038796,2025,1.0,0.0,0.0,True
39039178,2025,1.0,0.0,0.0,False
39039320,2024,0.5,0.0,0.5,False
39039899,2024,1.0,0.0,0.0,True
39040146,2024,0.0,0.2,0.8,True
39041216,2024,1.0,0.0,0.0,True
39041239,2024,0.2,0.4,0.4,True
39041297,2024,0.5,0.5,0.0,False
39042458,2024,1.0,0.0,0.0,True
39042728,2024,0.125,0.375,0.5,True
39042847,2024,1.0,0.0,0.0,True
39043602,2024,0.16666666666666666,0.6666666666666666,0.16666666666666666,True
39043633,2024,0.25,0.5,0.25,True
39043639,2024,0.0,0.25,0.75,True
39043666,2024,0.125,0.375,0.5,True
39043988,2024,0.6666666666666666,0.0,0.3333333333333333,True
39044131,2024,1.0,0.0,0.0,True
39044428,2024,1.0,0.0,0.0,True
39044678,2025,1.0,0.0,0.0,True
39044942,2024,0.5,0.0,0.5,True
39045514,2024,0.14285714285714285,0.42857142857142855,0.42857142857142855,True
39046263,2024,0.5,0.0,0.5,True
39046425,2024,1.0,0.0,0.0,True
39046821,2025,1.0,0.0,0.0,False
39047106,2024,0.0,0.75,0.25,True
39047301,2024,0.75,0.0,0.25,True
39048045,2025,0.3333333333333333,0.0,0.6666666666666666,True
39048052,2024,0.625,0.375,0.0,True
39048654,2024,0.0,0.0,1.0,False
39048905,2024,1.0,0.0,0.0,True
39049203,2025,0.0,0.0,0.0,False
39049451,2025,1.0,0.0,0.0,True
39050135,2024,0.5,0.5,0.0,True
39051523,2024,1.0,0.0,0.0,True
39051998,2024,0.0,0.4,0.6,True
39052830,2024,1.0,0.0,0.0,False
39053035,2024,1.0,0.0,0.0,True
39053480,2024,0.6666666666666666,0.25,0.08333333333333333,True
39054361,2024,0.5,0.5,0.0,True
39054770,2024,1.0,0.0,0.0,True
39055737,2024,1.0,0.0,0.0,True
39055947,2024,0.0,0.0,0.0,False
39056049,2024,0.6666666666666666,0.0,0.3333333333333333,True
39056328,2024,1.0,0.0,0.0,True
39056563,2024,0.0,0.4,0.6,True
39056667,2024,0.75,0.25,0.0,True
39057134,2024,0.14285714285714285,0.0,0.8571428571428571,True
39058091,2024,0.16666666666666666,0.0,0.8333333333333334,False
39058386,2024,0.2,0.8,0.0,True
39058580,2024,0.16666666666666666,0.5,0.3333333333333333,True
39058584,2025,1.0,0.0,0.0,True
39058717,2024,0.0,1.0,0.0,True
39059040,2024,1.0,0.0,0.0,True
39059380,2024,0.2,0.6,0.2,True
39059381,2024,0.6,0.2,0.2,True
39059513,2024,0.0,0.3333333333333333,0.6666666666666666,True
39060119,2024,1.0,0.0,0.0,False
39060161,2024,0.25,0.5,0.25,False
39060173,2025,1.0,0.0,0.0,True
39060200,2024,0.0,1.0,0.0,True
39060285,2024,0.0,0.0,1.0,True
39060437,2024,1.0,0.0,0.0,False
39061197,2024,0.0,0.5,0.5,True
39061666,2024,1.0,0.0,0.0,True
39061791,2024,1.0,0.0,0.0,True
39062586,2024,0.16666666666666666,0.3333333333333333,0.5,True
39062623,2024,0.3333333333333333,0.6666666666666666,0.0,True
39062684,2024,0.8,0.0,0.2,True
39064909,2024,0.0,1.0,0.0,True
39066160,2024,0.3333333333333333,0.3333333333333333,0.3333333333333333,False
39066328,2024,0.3333333333333333,0.0,0.6666666666666666,True
39067024,2024,0.25,0.75,0.0,True
39067449,2024,0.0,0.4,0.6,True
39067620,2024,0.0,0.75,0.25,True
39067674,2024,1.0,0.0,0.0,True
39068104,2024,1.0,0.0,0.0,False
39068290,2024,0.125,0.375,0.5,True
39068599,2024,0.2,0.2,0.6,False
39068648,2024,0.14285714285714285,0.0,0.8571428571428571,True
39069090,2024,1.0,0.0,0.0,True
39069248,2024,0.25,0.75,0.0,True
39069555,2024,0.14285714285714285,0.42857142857142855,0.42857142857142855,True
39069898,2024,0.5714285714285714,0.0,0.42857142857142855,True
39070246,2024,0.2,0.0,0.8,True
39070278,2024,0.0,0.0,0.0,False
39070603,2024,1.0,0.0,0.0,True
39070615,2024,0.2,0.6,0.2,True
39070619,2024,0.2,0.0,0.8,True
39070778,2024,0.0,0.5,0.5,True
39070798,2024,0.2,0.4,0.4,True
39072033,2024,1.0,0.0,0.0,True
39072935,2025,0.0,0.5,0.5,True
39073022,2024,0.0,0.0,1.0,True
39073169,2024,0.7142857142857143,0.2857142857142857,0.0,True
39073239,2024,1.0,0.0,0.0,True
39073621,2024,1.0,0.0,0.0,True
39074263,2024,1.0,0.0,0.0,True
39074369,2024,1.0,0.0,0.0,True
39074471,2024,0.2,0.0,0.8,True
39074807,2025,1.0,0.0,0.0,True
39075051,2024,0.0,0.0,1.0,True
39075062,2024,0.0,0.0,1.0,False
39075200,2024,1.0,0.0,0.0,True
39076030,2024,1.0,0.0,0.0,True
39076056,2024,1.0,0.0,0.0,False
39076107,2024,1.0,0.0,0.0,True
39076610,2024,1.0,0.0,0.0,True
39077052,2024,0.25,0.125,0.625,True
39077552,2024,1.0,0.0,0.0,True
39078117,2024,1.0,0.0,0.0,True
39078193,2024,0.14285714285714285,0.14285714285714285,0.7142857142857143,True
39078448,2024,0.2,0.0,0.8,True
39078665,2024,1.0,0.0,0.0,True
39078878,2024,0.5,0.0,0.5,True
39079555,2024,0.0,1.0,0.0,True
39081315,2024,0.16666666666666666,0.5,0.3333333333333333,True
39081326,2024,0.25,0.25,0.5,False
39082925,2024,0.14285714285714285,0.5714285714285714,0.2857142857142857,True
39083004,2024,0.0,0.5,0.5,False
39083133,2024,0.0,0.0,1.0,True
39083380,2024,0.16666666666666666,0.5,0.3333333333333333,True
39083421,2024,0.3333333333333333,0.3333333333333333,0.3333333333333333,True
39084187,2024,0.14285714285714285,0.0,0.8571428571428571,True
39084215,2024,0.14285714285714285,0.2857142857142857,0.5714285714285714,True
39084261,2024,1.0,0.0,0.0,False
39084829,2024,1.0,0.0,0.0,True
39085199,2024,0.75,0.0,0.25,True
39086133,2024,0.25,0.25,0.5,True
39086170,2024,0.0,0.6,0.4,True
39086924,2024,0.0,0.0,1.0,True
39087353,2024,1.0,0.0,0.0,True
39087596,2024,1.0,0.0,0.0,False
39088267,2024,1.0,0.0,0.0,True
39088318,2024,0.2,0.0,0.8,True
39088556,2024,0.0,0.0,1.0,True
39088579,2025,0.0,0.0,0.0,True
39088894,2024,1.0,0.0,0.0,True
39089300,2024,1.0,0.0,0.0,True
39089348,2024,1.0,0.0,0.0,True
39089468,2024,0.2,0.4,0.4,True
39089584,2024,0.25,0.5,0.25,True
39089931,2024,1.0,0.0,0.0,True
39089951,2025,0.8571428571428571,0.0,0.14285714285714285,True
39090216,2024,1.0,0.0,0.0,False
39090843,2024,1.0,0.0,0.0,True
39091280,2024,0.0,0.0,0.0,True
39091644,2024,0.5,0.5,0.0,True
39091802,2024,0.0,0.75,0.25,True
39091844,2024,0.07142857142857142,0.14285714285714285,0.7857142857142857,True
39091850,2024,0.0,0.0,1.0,True
39092437,2024,0.0,0.0,1.0,True
39093127,2024,1.0,0.0,0.0,True
39093684,2025,1.0,0.0,0.0,True
39094580,2024,0.0,0.0,1.0,False
39094585,2024,0.2,0.2,0.6,True
39095780,2024,1.0,0.0,0.0,True
39096008,2024,1.0,0.0,0.0,True
39096900,2024,0.16666666666666666,0.16666666666666666,0.6666666666666666,True
39096970,2024,1.0,0.0,0.0,True
39097600,2024,0.0,1.0,0.0,True
39098249,2024,1.0,0.0,0.0,True
39098533,2024,0.0,0.75,0.25,True
39099205,2024,1.0,0.0,0.0,False
39100747,2024,1.0,0.0,0.0,True
39101126,2024,0.0,0.0,1.0,True
39101496,2024,0.0,1.0,0.0,True
39101510,2024,0.3333333333333333,0.6666666666666666,0.0,True
39102080,2024,0.6,0.0,0.4,True
39102723,2024,1.0,0.0,0.0,True
39103247,2024,1.0,0.0,0.0,True
39103303,2024,1.0,0.0,0.0,True
39103497,2024,0.0,1.0,0.0,False
39103524,2024,0.0,0.0,1.0,True
39104574,2024,1.0,0.0,0.0,False
39105065,2024,0.6,0.0,0.4,True
39105115,2024,1.0,0.0,0.0,True
39105373,2025,1.0,0.0,0.0,True
39106156,2024,0.0,0.0,0.0,True
39106165,2024,0.25,0.0,0.75,True
39106172,2024,0.0,0.0,1.0,True
39106267,2024,0.5,0.0,0.5,True
39106433,2024,0.0,0.3333333333333333,0.6666666666666666,True
39106540,2024,0.25,0.25,0.5,False
39106600,2024,0.6,0.0,0.4,True
39106866,2024,0.5,0.0,0.5,True
39107416,2024,0.0,0.0,0.0,True
39108178,2024,0.5,0.0,0.5,True
39108358,2024,0.25,0.0,0.75,True
39108519,2024,0.0,0.0,1.0,True
39108535,2024,0.5,0.25,0.25,True
39109177,2024,0.3333333333333333,0.3333333333333333,0.3333333333333333,True
39110522,2024,0.0,0.5,0.5,True
39110777,2024,0.25,0.5,0.25,True
39110999,2024,0.3333333333333333,0.0,0.6666666666666666,True
39111319,2024,0.16666666666666666,0.0,0.8333333333333334,True
39111348,2024,0.3333333333333333,0.3333333333333333,0.3333333333333333,False
39111550,2024,1.0,0.0,0.0,True
39112705,2024,0.3333333333333333,0.0,0.6666666666666666,True
39113385,2024,1.0,0.0,0.0,True
39113621,2024,0.25,0.0,0.75,True
39113863,2024,0.1111111111111111,0.2222222222222222,0.6666666666666666,True
39113871,2024,0.0,0.0,1.0,True
39114977,2024,1.0,0.0,0.0,True
39115027,2024,1.0,0.0,0.0,True
39115341,2025,1.0,0.0,0.0,True
39115605,2024,0.16666666666666666,0.5,0.3333333333333333,True
39115885,2024,1.0,0.0,0.0,True
39115939,2024,0.16666666666666666,0.5,0.3333333333333333,True
39116647,2024,0.14285714285714285,0.0,0.8571428571428571,True
39117617,2024,0.16666666666666666,0.3333333333333333,0.5,True
39117638,2024,0.125,0.375,0.5,True
39117696,2024,0.5,0.0,0.5,True
39117899,2024,0.5,0.5,0.0,False
39118542,2024,0.3333333333333333,0.3333333333333333,0.3333333333333333,True
39120148,2024,0.0,0.75,0.25,True
39120990,2025,1.0,0.0,0.0,True
39121214,2024,0.25,0.0,0.75,True
39121793,2024,1.0,0.0,0.0,True
39121853,2024,0.125,0.25,0.625,True
39121861,2024,0.14285714285714285,0.0,0.8571428571428571,True
39121996,2024,0.25,0.0,0.75,True
39122558,2024,0.0,0.75,0.25,True
39123446,2024,1.0,0.0,0.0,True
39123468,2024,1.0,0.0,0.0,True
39126087,2024,0.0,0.4,0.6,True
39126819,2024,0.0,0.6666666666666666,0.3333333333333333,True
39127186,2024,1.0,0.0,0.0,True
39127232,2025,1.0,0.0,0.0,True
39127706,2024,0.25,0.75,0.0,True
39127957,2024,1.0,0.0,0.0,False
39128719,2024,0.25,0.0,0.75,True
39129354,2024,1.0,0.0,0.0,True
39131278,2024,0.0,0.0,1.0,True
39131306,2025,0.0,0.5,0.5,True
39131309,2024,0.3125,0.6875,0.0,True
39131331,2024,0.2,0.0,0.8,True
39132840,2024,0.3333333333333333,0.0,0.6666666666666666,True
39133076,2024,0.16666666666666666,0.3333333333333333,0.5,True
39133105,2024,0.125,0.25,0.625,True
39134149,2024,1.0,0.0,0.0,True
39134398,2025,1.0,0.0,0.0,True
39134521,2024,0.16666666666666666,0.5,0.3333333333333333,True
39134710,2024,1.0,0.0,0.0,True
39134728,2025,1.0,0.0,0.0,True
39134892,2024,0.5,0.5,0.0,False
39135136,2024,1.0,0.0,0.0,True
39135477,2024,0.25,0.0,0.75,True
39136237,2024,0.3333333333333333,0.3333333333333333,0.3333333333333333,False
39136588,2024,1.0,0.0,0.0,False
39137728,2024,0.16666666666666666,0.3333333333333333,0.5,True
39137781,2024,0.5,0.0,0.5,True
39138481,2024,1.0,0.0,0.0,True
39139402,2024,0.25,0.25,0.5,True
39140311,2025,0.3333333333333333,0.0,0.6666666666666666,True
39140467,2024,0.3333333333333333,0.0,0.6666666666666666,True
39141577,2025,1.0,0.0,0.0,True
39141701,2024,0.0,1.0,0.0,True
39141975,2024,0.0,1.0,0.0,True
39141988,2024,1.0,0.0,0.0,True
39142023,2024,0.0,0.4,0.6,True
39142598,2024,1.0,0.0,0.0,True
39142650,2024,0.0,1.0,0.0,True
39142973,2025,0.3333333333333333,0.3333333333333333,0.3333333333333333,True
39143319,2024,1.0,0.0,0.0,True
39143499,2024,0.14285714285714285,0.0,0.8571428571428571,True
39143693,2024,0.5,0.0,0.5,True
39144557,2024,0.0,0.0,1.0,True
39144561,2024,1.0,0.0,0.0,True
39144568,2024,0.2,0.6,0.2,True
39144996,2024,1.0,0.0,0.0,True
39145378,2026,1.0,0.0,0.0,True
39145656,2024,0.16666666666666666,0.3333333333333333,0.5,True
39145903,2024,1.0,0.0,0.0,False
39146887,2024,0.3333333333333333,0.0,0.6666666666666666,False
39146935,2024,1.0,0.0,0.0,True
39147032,2024,0.75,0.0,0.25,True
39147143,2024,0.16666666666666666,0.6666666666666666,0.16666666666666666,True
39147406,2024,0.0,0.0,0.0,False
39147830,2024,1.0,0.0,0.0,True
39147856,2024,1.0,0.0,0.0,False
39148003,2024,1.0,0.0,0.0,True
39148240,2024,0.0,0.0,0.0,True
39148241,2024,1.0,0.0,0.0,True
39149293,2024,0.0,0.6,0.4,True
39149309,2024,0.0,0.25,0.75,True
39149491,2024,0.0,0.75,0.25,True
39150750,2024,1.0,0.0,0.0,True
39150943,2024,0.3333333333333333,0.3333333333333333,0.3333333333333333,True
39151649,2024,1.0,0.0,0.0,True
39152115,2024,0.6666666666666666,0.0,0.3333333333333333,True
39152209,2024,1.0,0.0,0.0,True
39152227,2024,1.0,0.0,0.0,True
39152238,2025,0.16666666666666666,0.16666666666666666,0.6666666666666666,True
39152469,2024,0.0,0.0,1.0,True
39153120,2024,0.2,0.6,0.2,True
39153475,2024,0.09090909090909091,0.2727272727272727,0.6363636363636364,True
39155312,2024,0.0,0.6,0.4,True
39156641,2024,0.2,0.2,0.6,True
39156647,2024,0.3333333333333333,0.6666666666666666,0.0,True
39156920,2024,1.0,0.0,0.0,False
39158426,2024,1.0,0.0,0.0,False
39159362,2024,0.14285714285714285,0.42857142857142855,0.42857142857142855,True
39159379,2024,0.8333333333333334,0.0,0.16666666666666666,True
39159867,2024,0.0,0.6,0.4,True
39160174,2024,0.0,0.8,0.2,True
39160432,2025,1.0,0.0,0.0,True
39162009,2024,0.25,0.5,0.25,True
39162097,2024,0.5,0.0,0.5,False
39162226,2024,0.125,0.25,0.625,True
39162228,2024,0.0,0.2857142857142857,0.7142857142857143,True
39162344,2024,1.0,0.0,0.0,True
39162568,2024,0.14285714285714285,0.0,0.8571428571428571,True
39162578,2024,0.3333333333333333,0.3333333333333333,0.3333333333333333,False
39163245,2025,0.5,0.0,0.5,True
39163341,2024,0.0,0.5,0.5,True
39163976,2024,0.8,0.0,0.2,True
39165693,2024,1.0,0.0,0.0,True
39166297,2024,0.0,0.2222222222222222,0.7777777777777778,True
39166750,2024,1.0,0.0,0.0,True
39166776,2024,0.8333333333333334,0.16666666666666666,0.0,True
39167656,2024,0.3,0.3,0.4,True
39168311,2025,1.0,0.0,0.0,False
39168375,2024,0.2,0.4,0.4,True
39168836,2025,1.0,0.0,0.0,True
39168837,2025,1.0,0.0,0.0,True
39169042,2024,0.25,0.0,0.75,True
39169220,2024,1.0,0.0,0.0,True
39169546,2024,1.0,0.0,0.0,True
39171142,2024,0.3333333333333333,0.0,0.6666666666666666,True
39171767,2025,0.9,0.0,0.1,True
39172125,2024,0.0,0.5,0.5,True
39172553,2025,1.0,0.0,0.0,True
39172780,2024,0.0,0.4,0.6,True
39172920,2024,1.0,0.0,0.0,True
39172922,2024,1.0,0.0,0.0,True
39173103,2024,0.75,0.0,0.25,True
39173589,2024,0.0,0.6666666666666666,0.3333333333333333,True
39173885,2025,1.0,0.0,0.0,False
39174018,2024,0.6,0.4,0.0,True
39174534,2024,0.0,0.0,1.0,True
39174553,2024,0.6,0.0,0.4,True
39174852,2024,0.16666666666666666,0.16666666666666666,0.6666666666666666,True
39175109,2024,1.0,0.0,0.0,True
39175461,2024,0.0,0.0,0.0,True
39175871,2024,0.0,0.0,0.0,True
39177609,2024,1.0,0.0,0.0,True
39178097,2024,1.0,0.0,0.0,True
39178115,2024,0.0,0.75,0.25,True
39178263,2024,0.14285714285714285,0.42857142857142855,0.42857142857142855,True
39178374,2024,0.0,0.0,0.0,True
39178856,2024,0.09090909090909091,0.2727272727272727,0.6363636363636364,True
39178859,2024,1.0,0.0,0.0,True
39179310,2024,1.0,0.0,0.0,True
39179644,2024,0.2,0.4,0.4,True
39180722,2024,0.0,1.0,0.0,True
39181199,2025,0.0,1.0,0.0,True
39181864,2024,0.0,0.0,1.0,True
39182643,2025,0.0,0.8333333333333334,0.16666666666666666,True
39183914,2024,0.3333333333333333,0.0,0.6666666666666666,True
39185211,2025,0.0,0.2,0.8,True
39185230,2024,0.0,0.2,0.8,True
39185596,2024,1.0,0.0,0.0,True
39185749,2024,1.0,0.0,0.0,True
39185906,2024,1.0,0.0,0.0,True
39187833,2024,0.0,0.0,1.0,True
39188715,2024,0.0,0.5714285714285714,0.42857142857142855,True
39189023,2024,0.16666666666666666,0.16666666666666666,0.6666666666666666,True
39189784,2024,1.0,0.0,0.0,True
39190000,2024,0.0,1.0,0.0,True
39190003,2024,1.0,0.0,0.0,True
39190114,2024,1.0,0.0,0.0,True
39190356,2024,0.5,0.0,0.5,True
39190360,2024,0.6,0.0,0.4,True
39190707,2024,0.0,0.42857142857142855,0.5714285714285714,True
39191256,2024,1.0,0.0,0.0,True
39191349,2024,0.125,0.5,0.375,True
39191751,2024,0.0,0.42857142857142855,0.5714285714285714,True
39192032,2024,0.1111111111111111,0.2222222222222222,0.6666666666666666,True
39192157,2024,0.0,0.0,1.0,True
39192769,2024,1.0,0.0,0.0,True
39193188,2024,0.14285714285714285,0.14285714285714285,0.7142857142857143,True
39193713,2024,1.0,0.0,0.0,True
39194126,2024,0.5,0.0,0.5,True
39194193,2024,0.75,0.0,0.25,True
39194245,2024,0.0,0.75,0.25,True
39195194,2024,0.125,0.375,0.5,True
39195256,2024,0.3333333333333333,0.0,0.6666666666666666,True
39196031,2024,0.125,0.5,0.375,True
39196283,2024,1.0,0.0,0.0,True
39196581,2024,1.0,0.0,0.0,False
39197457,2024,1.0,0.0,0.0,True
39197466,2024,1.0,0.0,0.0,False
39197752,2024,1.0,0.0,0.0,True
39198374,2025,1.0,0.0,0.0,True
39198415,2024,0.0,1.0,0.0,True
39198422,2024,0.14285714285714285,0.2857142857142857,0.5714285714285714,True
39198554,2024,1.0,0.0,0.0,True
39198643,2024,0.14285714285714285,0.2857142857142857,0.5714285714285714,True
39201357,2024,0.25,0.0,0.75,True
39201599,2024,0.6,0.0,0.4,True
39203815,2024,0.0,1.0,0.0,True
39204036,2024,0.16666666666666666,0.0,0.8333333333333334,True
39204210,2024,0.625,0.375,0.0,True
39204377,2024,0.25,0.0,0.75,True
39207021,2025,0.8571428571428571,0.0,0.14285714285714285,True
39207053,2024,0.2,0.4,0.4,True
39207123,2024,0.2,0.0,0.8,True
39207915,2024,0.14285714285714285,0.42857142857142855,0.42857142857142855,True
39208422,2024,1.0,0.0,0.0,True
39209150,2024,1.0,0.0,0.0,True
39209555,2024,0.0,1.0,0.0,True
39209843,2024,0.16666666666666666,0.8333333333333334,0.0,True
39211330,2024,0.0,0.25,0.75,True
39211607,2024,0.0,0.0,1.0,True
39211885,2024,1.0,0.0,0.0,True
39212325,2025,0.5,0.0,0.5,False
39212413,2024,0.14285714285714285,0.0,0.8571428571428571,True
39212459,2024,1.0,0.0,0.0,True
39212461,2025,0.5,0.0,0.5,True
39212669,2024,0.16666666666666666,0.5,0.3333333333333333,True
39212696,2025,0.0,0.0,0.0,True
39212801,2025,1.0,0.0,0.0,True
39213390,2024,1.0,0.0,0.0,True
39213421,2024,1.0,0.0,0.0,True
39214044,2024,0.3333333333333333,0.6666666666666666,0.0,False
39214284,2024,0.0,0.0,1.0,True
39214300,2024,0.16666666666666666,0.3333333333333333,0.5,True
39214302,2024,0.25,0.0,0.75,True
39214704,2024,0.0,0.5,0.5,True
39214978,2024,0.16666666666666666,0.3333333333333333,0.5,True
39216750,2024,1.0,0.0,0.0,True
39217183,2024,0.8333333333333334,0.0,0.16666666666666666,True
39217195,2024,0.25,0.0,0.75,True
39217198,2024,0.3333333333333333,0.0,0.6666666666666666,True
39217205,2024,1.0,0.0,0.0,True
39217504,2024,1.0,0.0,0.0,True
39217614,2024,0.16666666666666666,0.6666666666666666,0.16666666666666666,True
39219504,2025,1.0,0.0,0.0,True
39221254,2024,0.0,0.36363636363636365,0.6363636363636364,True
39221990,2024,1.0,0.0,0.0,True
39222930,2024,0.0,0.75,0.25,True
39223117,2024,0.16666666666666666,0.6666666666666666,0.16666666666666666,True
39223664,2024,0.2,0.4,0.4,True
39224595,2024,0.4,0.2,0.4,True
39224814,2024,0.5,0.0,0.5,True
39226028,2025,0.16666666666666666,0.16666666666666666,0.6666666666666666,False
39226152,2024,0.2,0.2,0.6,False
39226462,2024,1.0,0.0,0.0,True
39226514,2024,1.0,0.0,0.0,True
39226894,2024,0.75,0.0,0.25,True
39226907,2024,0.5,0.5,0.0,True
39227084,2024,0.5,0.0,0.5,True
39227382,2024,0.0,1.0,0.0,True
39227399,2024,0.5714285714285714,0.0,0.42857142857142855,True
39227514,2024,0.16666666666666666,0.3333333333333333,0.5,True
39228408,2024,0.8,0.0,0.2,True
39229346,2024,0.5,0.5,0.0,True
39229896,2024,1.0,0.0,0.0,True
39232119,2024,0.0,0.25,0.75,True
39232198,2025,0.0,1.0,0.0,True
39232447,2024,0.0,0.0,1.0,True
39233015,2025,1.0,0.0,0.0,True
39233027,2024,1.0,0.0,0.0,True
39234425,2024,1.0,0.0,0.0,True
39234802,2024,1.0,0.0,0.0,True
39235232,2024,0.0,0.0,1.0,True
39235580,2024,0.25,0.25,0.5,False
39235945,2024,0.4,0.0,0.6,True
39236245,2024,0.2,0.4,0.4,True
39236707,2024,0.0,0.75,0.25,True
39237132,2024,0.0,0.0,0.0,True
39237306,2024,1.0,0.0,0.0,True
39237617,2024,0.2,0.2,0.6,True
39237618,2024,0.0,1.0,0.0,True
39238192,2024,0.5,0.0,0.5,True
39238213,2024,1.0,0.0,0.0,True
39239089,2024,1.0,0.0,0.0,True
39239479,2024,0.3333333333333333,0.3333333333333333,0.3333333333333333,True
39239865,2024,1.0,0.0,0.0,True
39239979,2024,1.0,0.0,0.0,True
39240113,2024,0.2,0.6,0.2,True
39240791,2024,1.0,0.0,0.0,True
39242079,2024,1.0,0.0,0.0,True
39242198,2024,0.0,0.0,0.0,True
39243268,2024,1.0,0.0,0.0,True
39243388,2024,0.0,0.5,0.5,True
39244057,2024,0.0,0.0,0.0,True
39244853,2024,0.875,0.0,0.125,True
39245194,2024,1.0,0.0,0.0,True
39247147,2024,0.0,0.0,0.0,True
39247431,2024,1.0,0.0,0.0,True
39248039,2024,1.0,0.0,0.0,True
39248566,2024,0.0,0.6666666666666666,0.3333333333333333,True
39248571,2024,0.6666666666666666,0.0,0.3333333333333333,True
39250136,2024,0.0,0.0,0.0,True
39250146,2024,0.0,0.0,0.0,False
39250463,2025,0.14285714285714285,0.2857142857142857,0.5714285714285714,True
39250524,2024,0.0,0.5,0.5,True
39250801,2024,0.8,0.0,0.2,True
39251042,2024,0.5,0.5,0.0,True
39251587,2024,0.25,0.0,0.75,True
39251610,2024,0.0,0.0,0.0,True
39251665,2024,1.0,0.0,0.0,True
39251804,2024,0.5,0.5,0.0,True
39251807,2024,1.0,0.0,0.0,True
39251873,2025,1.0,0.0,0.0,False
39252007,2024,0.75,0.0,0.25,True
39253000,2024,0.0,1.0,0.0,True
39254120,2024,0.0,0.5,0.5,True
39254214,2025,1.0,0.0,0.0,False
39254295,2024,0.5,0.0,0.5,True
39254333,2024,0.2,0.6,0.2,True
39254781,2025,1.0,0.0,0.0,True
39255309,2024,0.0,1.0,0.0,True
39255411,2024,0.3333333333333333,0.6666666666666666,0.0,False
39255953,2024,0.5,0.0,0.5,True
39256622,2024,1.0,0.0,0.0,True
39256867,2024,0.5,0.5,0.0,True
39257296,2025,0.8571428571428571,0.0,0.14285714285714285,True
39258538,2024,0.2,0.0,0.8,True
39258548,2024,0.14285714285714285,0.0,0.8571428571428571,True
39258625,2024,0.0,0.0,1.0,True
39259185,2024,1.0,0.0,0.0,True
39260085,2024,1.0,0.0,0.0,True
39261564,2026,0.0,0.0,0.0,True
39261641,2024,1.0,0.0,0.0,True
39264172,2024,0.5,0.0,0.5,True
39264207,2024,0.3333333333333333,0.3333333333333333,0.3333333333333333,True
39264219,2024,1.0,0.0,0.0,True
39264798,2024,0.16666666666666666,0.5,0.3333333333333333,True
39265169,2024,0.25,0.0,0.75,True
39265231,2024,1.0,0.0,0.0,True
39265537,2024,0.125,0.375,0.5,True
39265876,2025,0.25,0.0,0.75,True
39266213,2024,0.16666666666666666,0.3333333333333333,0.5,True
39266282,2024,0.16666666666666666,0.5,0.3333333333333333,True
39266536,2024,0.6,0.0,0.4,True
39266564,2024,0.25,0.0,0.75,True
39266747,2024,0.6,0.0,0.4,True
39267581,2024,1.0,0.0,0.0,True
39267745,2024,0.6666666666666666,0.0,0.3333333333333333,True
39268020,2024,1.0,0.0,0.0,True
39269018,2024,0.2,0.6,0.2,True
39269270,2024,1.0,0.0,0.0,True
39269494,2024,1.0,0.0,0.0,True
39271034,2024,1.0,0.0,0.0,True
39271127,2024,0.0,0.0,0.0,True
39271676,2024,1.0,0.0,0.0,True
39271696,2024,0.3333333333333333,0.0,0.6666666666666666,True
39271956,2025,1.0,0.0,0.0,True
39273006,2024,0.8333333333333334,0.0,0.16666666666666666,True
39273630,2024,0.2,0.0,0.8,True
39275362,2024,0.3333333333333333,0.3333333333333333,0.3333333333333333,False
39276351,2024,0.0,0.0,1.0,True
39276360,2024,0.3333333333333333,0.3333333333333333,0.3333333333333333,False
39276774,2024,0.125,0.375,0.5,True
39277660,2024,0.75,0.0,0.25,True
39277686,2024,0.0,0.8,0.2,True
39278416,2024,1.0,0.0,0.0,True
39278504,2024,1.0,0.0,0.0,True
39278553,2024,0.0,0.0,0.0,True
39278811,2025,0.0,0.75,0.25,False
39279228,2025,1.0,0.0,0.0,True
39279363,2024,1.0,0.0,0.0,True
39279778,2024,1.0,0.0,0.0,True
39279939,2024,0.5,0.0,0.5,True
39280066,2024,0.0,0.0,0.0,True
39280898,2024,0.25,0.0,0.75,True
39282902,2025,1.0,0.0,0.0,True
39283294,2024,1.0,0.0,0.0,True
39284337,2024,1.0,0.0,0.0,True
39284767,2026,0.5,0.0,0.5,True
39284834,2024,0.0,0.6666666666666666,0.3333333333333333,True
39284936,2024,0.0,0.0,1.0,True
39285016,2024,0.0,0.0,0.0,False
39285225,2024,0.0,1.0,0.0,True
39287057,2024,1.0,0.0,0.0,True
39287419,2024,0.8333333333333334,0.0,0.16666666666666666,True
39287844,2024,1.0,0.0,0.0,True
39288098,2024,1.0,0.0,0.0,True
39288118,2024,0.6666666666666666,0.0,0.3333333333333333,True
39289120,2025,1.0,0.0,0.0,True
39289353,2024,0.0,0.0,1.0,True
39289377,2024,1.0,0.0,0.0,True
39290793,2024,0.5,0.0,0.5,True
39290814,2024,1.0,0.0,0.0,True
39291716,2024,0.0,0.0,0.0,False
39291827,2024,0.0,0.6666666666666666,0.3333333333333333,True
39292114,2024,0.0,0.5,0.5,True
39292801,2024,0.5714285714285714,0.0,0.42857142857142855,True
39293083,2024,1.0,0.0,0.0,True
39294134,2024,0.5,0.375,0.125,True
39294191,2024,0.2,0.6,0.2,True
39294460,2024,0.3333333333333333,0.3333333333333333,0.3333333333333333,True
39295639,2024,0.5,0.5,0.0,True
39296387,2024,0.2857142857142857,0.0,0.7142857142857143,True
39296604,2024,0.0,1.0,0.0,True
39296815,2024,1.0,0.0,0.0,True
39297389,2024,0.5,0.0,0.5,True
39297691,2025,0.6,0.0,0.4,True
39298586,2024,0.16666666666666666,0.0,0.8333333333333334,True
39299588,2025,1.0,0.0,0.0,True
39299888,2024,0.5,0.5,0.0,False
39299947,2025,0.5,0.5,0.0,False
39300270,2024,0.0,1.0,0.0,True
39300608,2024,0.16666666666666666,0.6666666666666666,0.16666666666666666,True
39301032,2024,0.2,0.4,0.4,True
39301427,2024,0.0,0.5,0.5,True
39301479,2024,0.0,0.0,0.0,True
39301650,2025,0.0,0.0,0.0,True
39302833,2024,0.16666666666666666,0.6666666666666666,0.16666666666666666,True
39302978,2024,1.0,0.0,0.0,True
39303207,2024,0.0,0.0,1.0,False
39303677,2024,0.0,0.0,1.0,False
39304112,2024,0.5,0.5,0.0,False
39304745,2024,0.0,0.0,0.0,False
39304761,2025,0.25,0.0,0.75,True
39306486,2024,1.0,0.0,0.0,True
39306531,2024,1.0,0.0,0.0,True
39306792,2024,0.0,0.0,0.0,True
39307187,2024,1.0,0.0,0.0,True
39307280,2024,1.0,0.0,0.0,True
39307583,2024,0.25,0.25,0.5,False
39309233,2024,0.0,0.5,0.5,True
39310755,2024,0.0,0.125,0.875,True
39311428,2024,0.75,0.0,0.25,True
39311618,2024,0.0,1.0,0.0,True
39312090,2025,1.0,0.0,0.0,True
39312153,2025,0.0,0.5,0.5,True
39312249,2025,0.25,0.75,0.0,True
39312664,2024,0.5,0.0,0.5,False
39312723,2024,0.0,0.5,0.5,True
39313500,2024,1.0,0.0,0.0,True
39313544,2024,0.0,0.5,0.5,True
39313548,2024,0.0,0.0,0.0,False
39313624,2025,1.0,0.0,0.0,True
39314089,2024,0.0,0.0,1.0,True
39314090,2024,0.25,0.0,0.75,True
39315277,2024,0.0,0.0,1.0,True
39315541,2024,0.0,0.6666666666666666,0.3333333333333333,True
39315813,2024,0.2,0.0,0.8,True
39315872,2024,1.0,0.0,0.0,False
39316647,2025,0.2,0.6,0.2,True
39316766,2024,0.7692307692307693,0.0,0.23076923076923078,True
39316850,2024,1.0,0.0,0.0,True
39317061,2024,0.16666666666666666,0.0,0.8333333333333334,True
39317240,2025,0.14285714285714285,0.7142857142857143,0.14285714285714285,False
39317422,2024,0.75,0.0,0.25,True
39317776,2024,0.0,0.0,0.0,False
39317851,2024,1.0,0.0,0.0,True
39317919,2024,0.4,0.2,0.4,False
39318092,2025,1.0,0.0,0.0,True
39319626,2025,0.5,0.0,0.5,True
39320089,2025,0.0,0.0,0.0,True
39320333,2024,1.0,0.0,0.0,True
39320894,2024,1.0,0.0,0.0,True
39321023,2024,0.0,0.6666666666666666,0.3333333333333333,True
39321267,2024,0.16666666666666666,0.5,0.3333333333333333,True
39321792,2024,0.0,0.5,0.5,True
39322334,2024,0.0,0.6666666666666666,0.3333333333333333,True
39322411,2024,0.2,0.6,0.2,True
39322434,2025,0.3333333333333333,0.3333333333333333,0.3333333333333333,False
39324128,2024,1.0,0.0,0.0,True
39324144,2024,0.8,0.0,0.2,True
39324538,2024,1.0,0.0,0.0,True
39324798,2024,0.2,0.8,0.0,True
39325468,2024,0.75,0.25,0.0,True
39325646,2024,0.0,0.0,0.0,True
39325754,2024,0.25,0.0,0.75,True
39325869,2025,1.0,0.0,0.0,True
39325984,2025,1.0,0.0,0.0,True
39326422,2024,0.6666666666666666,0.0,0.3333333333333333,False
39326632,2024,0.0,1.0,0.0,True
39327206,2024,0.125,0.25,0.625,True
39327484,2024,0.0,0.0,1.0,True
39328414,2024,0.8,0.0,0.2,True
39329724,2024,0.2,0.0,0.8,True
39330600,2024,0.25,0.0,0.75,True
39330838,2024,0.125,0.125,0.75,True
39331709,2024,0.2,0.4,0.4,True
39332281,2024,1.0,0.0,0.0,True
39332423,2024,0.0,0.0,0.0,True
39332906,2025,1.0,0.0,0.0,True
39333175,2024,0.25,0.0,0.75,True
39333737,2024,0.25,0.5,0.25,True
39336783,2024,1.0,0.0,0.0,True
39339899,2024,0.5,0.0,0.5,False
39339909,2024,0.25,0.0,0.75,True
39343441,2024,1.0,0.0,0.0,True
39343891,2024,1.0,0.0,0.0,True
39345789,2024,0.0,0.0,0.0,True
39345948,2024,0.3333333333333333,0.3333333333333333,0.3333333333333333,True
39347565,2024,0.6666666666666666,0.0,0.3333333333333333,True
39347571,2024,0.0,0.0,1.0,True
39347888,2024,1.0,0.0,0.0,True
39348098,2024,1.0,0.0,0.0,True
39348142,2024,0.25,0.25,0.5,True
39348391,2024,0.25,0.5,0.25,True
39348509,2024,0.25,0.0,0.75,True
39348691,2024,0.5,0.0,0.5,True
39349477,2024,1.0,0.0,0.0,True
39349521,2024,0.0,1.0,0.0,True
39349826,2024,0.3333333333333333,0.3333333333333333,0.3333333333333333,False
39349967,2025,1.0,0.0,0.0,True
39350044,2024,1.0,0.0,0.0,True
39351197,2024,0.2,0.0,0.8,True
39351218,2024,0.0,0.8,0.2,True
39351526,2024,1.0,0.0,0.0,True
39351858,2024,1.0,0.0,0.0,True
39351871,2024,0.0,0.4,0.6,True
39352391,2024,0.5,0.0,0.5,True
39352394,2024,0.6,0.0,0.4,True
39352632,2025,1.0,0.0,0.0,True
39352756,2025,1.0,0.0,0.0,True
39352804,2024,1.0,0.0,0.0,True
39353420,2024,0.8888888888888888,0.1111111111111111,0.0,True
39353976,2024,0.09090909090909091,0.36363636363636365,0.5454545454545454,True
39354183,2024,0.8333333333333334,0.0,0.16666666666666666,True
39354283,2025,1.0,0.0,0.0,True
39354728,2025,1.0,0.0,0.0,False
39354815,2024,1.0,0.0,0.0,True
39356141,2024,0.14285714285714285,0.2857142857142857,0.5714285714285714,True
39356418,2024,0.16666666666666666,0.3333333333333333,0.5,True
39356713,2024,1.0,0.0,0.0,True
39357464,2024,0.14285714285714285,0.2857142857142857,0.5714285714285714,True
39357522,2024,0.14285714285714285,0.5714285714285714,0.2857142857142857,True
39358005,2025,0.0,0.0,0.0,True
39358015,2024,1.0,0.0,0.0,True
39358023,2024,0.5,0.5,0.0,False
39358169,2024,0.2,0.6,0.2,True
39358175,2024,0.25,0.25,0.5,True
39358449,2024,0.2,0.2,0.6,False
39358515,2024,0.2,0.6,0.2,True
39358638,2024,1.0,0.0,0.0,False
39358723,2024,0.75,0.0,0.25,True
39360639,2024,0.0,0.5,0.5,True
39361429,2024,0.0,0.5,0.5,True
39361499,2024,0.0,0.0,0.0,True
39361706,2024,0.8333333333333334,0.0,0.16666666666666666,True
39361759,2024,0.16666666666666666,0.3333333333333333,0.5,True
39361946,2024,1.0,0.0,0.0,True
39361955,2024,1.0,0.0,0.0,True
39362362,2024,0.3333333333333333,0.0,0.6666666666666666,True
39364398,2024,0.5,0.0,0.5,True
39364783,2024,1.0,0.0,0.0,True
39365051,2024,0.25,0.5,0.25,True
39365501,2025,1.0,0.0,0.0,True
39365820,2024,0.25,0.75,0.0,True
39365851,2024,0.3333333333333333,0.0,0.6666666666666666,True
39366250,2024,0.0,0.0,1.0,True
39367182,2025,1.0,0.0,0.0,False
39368996,2024,1.0,0.0,0.0,True
39369312,2024,1.0,0.0,0.0,True
39369791,2024,0.25,0.0,0.75,True
39369964,2025,0.3333333333333333,0.3333333333333333,0.3333333333333333,False
39370233,2024,1.0,0.0,0.0,True
39370234,2024,1.0,0.0,0.0,False
39370239,2024,1.0,0.0,0.0,False
39370373,2024,0.5,0.0,0.5,True
39370853,2024,0.3333333333333333,0.0,0.6666666666666666,True
39371090,2025,0.0,0.0,0.0,True
39371589,2024,0.0,0.0,0.0,True
39371976,2024,0.16666666666666666,0.0,0.8333333333333334,True
39373109,2024,0.0,0.2857142857142857,0.7142857142857143,True
39373584,2025,0.0,0.3333333333333333,0.6666666666666666,True
39374468,2024,0.2,0.4,0.4,True
39374605,2024,0.8,0.0,0.2,True
39375564,2024,1.0,0.0,0.0,False
39375883,2024,0.5,0.0,0.5,True
39376052,2024,0.0,0.6666666666666666,0.3333333333333333,True
39378227,2024,0.0,0.625,0.375,True
39378335,2025,0.6666666666666666,0.0,0.3333333333333333,True
39378883,2024,0.3333333333333333,0.0,0.6666666666666666,True
39379241,2025,1.0,0.0,0.0,True
39379249,2024,0.5,0.0,0.5,False
39379399,2024,0.0,0.3333333333333333,0.6666666666666666,True
39379554,2024,0.0,0.6,0.4,True
39379704,2025,0.75,0.0,0.25,True
39380341,2024,1.0,0.0,0.0,True
39380887,2024,0.0,0.0,1.0,True
39381142,2024,1.0,0.0,0.0,True
39381646,2024,0.1,0.3,0.6,True
39381753,2024,0.0,0.14285714285714285,0.8571428571428571,True
39382324,2024,0.14285714285714285,0.0,0.8571428571428571,True
39383053,2024,0.16666666666666666,0.3333333333333333,0.5,True
39383198,2025,1.0,0.0,0.0,True
39383209,2025,1.0,0.0,0.0,True
39383236,2024,0.14285714285714285,0.2857142857142857,0.5714285714285714,True
39383243,2024,0.16666666666666666,0.6666666666666666,0.16666666666666666,True
39383463,2024,0.3333333333333333,0.0,0.6666666666666666,False
39383594,2024,0.0,0.0,0.0,True
39383848,2025,1.0,0.0,0.0,True
39384002,2024,0.5,0.5,0.0,False
39384033,2024,0.5,0.5,0.0,False
39384042,2024,0.2,0.2,0.6,True
39384104,2025,1.0,0.0,0.0,True
39384331,2024,1.0,0.0,0.0,True
39384780,2024,0.25,0.5,0.25,True
39384904,2024,1.0,0.0,0.0,True
39385467,2024,0.2,0.4,0.4,True
39386090,2024,1.0,0.0,0.0,True
39386760,2024,0.1111111111111111,0.0,0.8888888888888888,True
39388067,2025,1.0,0.0,0.0,True
39388267,2024,0.3333333333333333,0.0,0.6666666666666666,True
39388279,2024,0.75,0.0,0.25,True
39388307,2025,0.125,0.375,0.5,True
39388314,2025,1.0,0.0,0.0,True
39388502,2024,0.25,0.75,0.0,True
39388845,2024,1.0,0.0,0.0,True
39388846,2024,1.0,0.0,0.0,True
39388999,2024,0.5,0.0,0.5,True
39389664,2024,0.5,0.5,0.0,True
39389714,2024,0.5,0.0,0.5,False
39389981,2024,0.0,0.0,1.0,False
39390064,2024,1.0,0.0,0.0,True
39390150,2024,0.25,0.5,0.25,True
39390312,2025,0.0,0.42857142857142855,0.5714285714285714,True
39392349,2024,0.2,0.0,0.8,True
39392684,2024,1.0,0.0,0.0,True
39392803,2024,1.0,0.0,0.0,True
39393068,2024,0.5,0.0,0.5,False
39395046,2025,1.0,0.0,0.0,False
39395171,2024,0.0,0.75,0.25,True
39395592,2025,0.0,0.0,1.0,True
39395806,2024,0.0,0.5,0.5,True
39396023,2024,0.5,0.5,0.0,True
39396526,2025,0.8,0.0,0.2,True
39396582,2024,0.5,0.0,0.5,True
39397107,2024,0.0,0.8,0.2,True
39397296,2025,0.25,0.5,0.25,True
39398344,2024,0.5,0.0,0.5,True
39398482,2024,0.0,0.0,1.0,False
39399152,2024,0.6,0.0,0.4,True
39399286,2024,1.0,0.0,0.0,True
39399313,2024,0.0,0.0,1.0,True
39400175,2024,0.0,0.5,0.5,True
39400232,2024,1.0,0.0,0.0,True
39400264,2024,1.0,0.0,0.0,True
39401577,2024,1.0,0.0,0.0,True
39402027,2024,0.8,0.0,0.2,True
39402030,2024,0.2,0.0,0.8,True
39402051,2024,0.6666666666666666,0.0,0.3333333333333333,True
39402191,2024,0.0,0.0,0.0,True
39402725,2025,0.0,0.0,1.0,False
39403920,2024,0.6666666666666666,0.0,0.3333333333333333,True
39403922,2024,0.6666666666666666,0.0,0.3333333333333333,True
39403992,2024,0.3333333333333333,0.0,0.6666666666666666,True
39404430,2024,0.75,0.0,0.25,True
39404758,2025,1.0,0.0,0.0,True
39404797,2024,0.3333333333333333,0.6666666666666666,0.0,False
39405112,2024,0.125,0.5,0.375,True
39405295,2024,1.0,0.0,0.0,True
39405354,2024,0.0,0.0,1.0,True
39405600,2024,0.8333333333333334,0.16666666666666666,0.0,True
39405604,2024,0.25,0.0,0.75,True
39405708,2024,0.0,1.0,0.0,True
39405897,2024,0.3333333333333333,0.0,0.6666666666666666,True
39406740,2024,0.36363636363636365,0.2727272727272727,0.36363636363636365,True
39408379,2024,1.0,0.0,0.0,True
39408739,2024,1.0,0.0,0.0,False
39409011,2024,0.25,0.0,0.75,False
39410780,2024,1.0,0.0,0.0,True
39412150,2025,1.0,0.0,0.0,True
39412501,2024,0.0,0.5,0.5,True
39412757,2024,0.2,0.4,0.4,True
39413163,2024,0.25,0.5,0.25,True
39413185,2024,0.0,1.0,0.0,True
39413207,2024,0.0,0.0,1.0,True
39413344,2024,0.6666666666666666,0.0,0.3333333333333333,True
39413376,2024,1.0,0.0,0.0,True
39413793,2025,0.14285714285714285,0.2857142857142857,0.5714285714285714,False
39414243,2024,0.0,0.6666666666666666,0.3333333333333333,True
39414794,2024,0.0,0.75,0.25,True
39414860,2024,0.4,0.4,0.2,True
39415012,2024,0.5,0.0,0.5,True
39417187,2024,0.125,0.25,0.625,True
39418037,2024,0.0,0.0,0.0,True
39418098,2024,1.0,0.0,0.0,False
39418282,2024,0.5,0.0,0.5,True
39418486,2025,1.0,0.0,0.0,True
39419972,2024,1.0,0.0,0.0,True
39420153,2025,1.0,0.0,0.0,True
39420195,2024,1.0,0.0,0.0,False
39420956,2024,0.0,0.0,1.0,True
39421658,2024,0.2,0.2,0.6,True
39421685,2024,0.5,0.0,0.5,True
39421964,2025,0.5,0.0,0.5,True
39422121,2025,0.16666666666666666,0.3333333333333333,0.5,True
39422490,2025,1.0,0.0,0.0,True
39422766,2024,0.8571428571428571,0.0,0.14285714285714285,True
39423189,2024,1.0,0.0,0.0,True
39423260,2024,0.0,0.0,1.0,True
39423761,2024,0.75,0.0,0.25,True
39423940,2024,0.16666666666666666,0.16666666666666666,0.6666666666666666,False
39424470,2024,0.5,0.5,0.0,False
39424729,2025,0.3333333333333333,0.0,0.6666666666666666,True
39424993,2024,0.0,1.0,0.0,True
39425894,2025,1.0,0.0,0.0,False
39426387,2024,0.875,0.0,0.125,True
39426916,2025,1.0,0.0,0.0,True
39426959,2024,1.0,0.0,0.0,True
39427026,2024,1.0,0.0,0.0,True
39427238,2024,1.0,0.0,0.0,True
39427854,2024,0.3333333333333333,0.3333333333333333,0.3333333333333333,False
39427924,2025,1.0,0.0,0.0,True
39427991,2024,0.0,0.0,0.0,True
39428079,2025,0.5,0.25,0.25,False
39429097,2024,0.0,0.75,0.25,True
39430735,2024,0.5,0.0,0.5,True
39431882,2024,0.16666666666666666,0.6666666666666666,0.16666666666666666,True
39432666,2024,0.5,0.0,0.5,True
39432797,2024,0.0,0.0,1.0,True
39433547,2024,0.0,0.5,0.5,True
39433884,2025,0.25,0.25,0.5,False
39433889,2024,1.0,0.0,0.0,True
39433914,2025,0.25,0.25,0.5,False
39434090,2024,1.0,0.0,0.0,True
39434758,2024,0.1111111111111111,0.0,0.8888888888888888,True
39434874,2024,0.125,0.375,0.5,True
39435758,2025,0.0,0.0,0.0,False
39436601,2025,0.3333333333333333,0.6666666666666666,0.0,True
39436665,2024,0.16666666666666666,0.3333333333333333,0.5,True
39436694,2024,0.14285714285714285,0.5714285714285714,0.2857142857142857,True
39437659,2024,1.0,0.0,0.0,True
39437780,2024,0.1111111111111111,0.3333333333333333,0.5555555555555556,True
39437787,2024,0.5,0.0,0.5,True
39438478,2024,0.0,1.0,0.0,True
39438480,2024,0.0,0.5,0.5,True
39439049,2024,0.0,0.6666666666666666,0.3333333333333333,True
39439193,2025,1.0,0.0,0.0,True
39440167,2024,0.0,0.0,1.0,True
39440183,2024,1.0,0.0,0.0,True
39440240,2024,0.3333333333333333,0.0,0.6666666666666666,True
39440808,2024,0.3333333333333333,0.3333333333333333,0.3333333333333333,False
39440996,2024,0.5,0.5,0.0,True
39441221,2024,0.5,0.0,0.5,True
39441587,2024,0.14285714285714285,0.42857142857142855,0.42857142857142855,True
39441700,2024,1.0,0.0,0.0,True
39441834,2024,1.0,0.0,0.0,True
39442336,2024,0.25,0.0,0.75,True
39443230,2024,1.0,0.0,0.0,False
39445084,2024,1.0,0.0,0.0,False
39445420,2024,0.0,1.0,0.0,True
39445596,2024,1.0,0.0,0.0,True
39446579,2024,0.0,0.6666666666666666,0.3333333333333333,True
39446671,2025,1.0,0.0,0.0,True
39446892,2024,0.0,0.0,1.0,True
39447473,2024,1.0,0.0,0.0,True
39447833,2024,0.5,0.0,0.5,True
39448201,2024,0.16666666666666666,0.5,0.3333333333333333,True
39448249,2024,1.0,0.0,0.0,True
39448454,2024,0.0,1.0,0.0,True
39448894,2024,0.0,0.6666666666666666,0.3333333333333333,True
39450425,2025,0.5,0.5,0.0,False
39451111,2024,0.5,0.0,0.5,True
39451245,2024,0.0,1.0,0.0,True
39451694,2024,1.0,0.0,0.0,True
39452554,2024,0.5,0.0,0.5,True
39452894,2025,0.0,0.0,0.0,True
39453476,2024,0.5,0.0,0.5,True
39453729,2024,0.25,0.5,0.25,True
39453974,2024,0.0,0.4,0.6,True
39454003,2024,0.25,0.5,0.25,True
39454282,2024,0.0,0.0,1.0,True
39454579,2024,0.1111111111111111,0.2222222222222222,0.6666666666666666,True
39455519,2025,1.0,0.0,0.0,True
39455551,2024,0.16666666666666666,0.6666666666666666,0.16666666666666666,True
39455863,2025,0.0,0.0,0.0,True
39456133,2024,0.25,0.25,0.5,False
39456748,2024,1.0,0.0,0.0,True
39458453,2024,1.0,0.0,0.0,True
39458588,2024,0.25,0.25,0.5,True
39459852,2024,0.16666666666666666,0.0,0.8333333333333334,True
39459907,2024,0.8888888888888888,0.0,0.1111111111111111,True
39460943,2024,0.3333333333333333,0.0,0.6666666666666666,True
39461664,2024,0.14285714285714285,0.42857142857142855,0.42857142857142855,True
39461879,2024,1.0,0.0,0.0,False
39461880,2024,0.6666666666666666,0.0,0.3333333333333333,True
39463282,2025,0.0,1.0,0.0,True
39463386,2024,0.0,1.0,0.0,True
39464722,2024,0.5,0.0,0.5,True
39465564,2024,0.0,0.0,1.0,True
39465986,2024,0.0,0.0,0.0,True
39466844,2024,0.0,0.75,0.25,True
39467037,2025,1.0,0.0,0.0,True
39467215,2025,0.0,0.0,0.0,False
39467498,2024,1.0,0.0,0.0,True
39468037,2024,0.0,0.0,0.0,True
39468148,2024,1.0,0.0,0.0,True
39468289,2024,0.5,0.5,0.0,True
39468349,2025,0.5,0.0,0.5,True
39468350,2024,0.0,0.16666666666666666,0.8333333333333334,True
39468889,2024,0.0,0.0,1.0,True
39470160,2024,0.0,0.3333333333333333,0.6666666666666666,True
39470220,2025,0.0,1.0,0.0,True
39470745,2025,0.5,0.5,0.0,True
39471070,2025,0.5,0.3333333333333333,0.16666666666666666,True
39471249,2024,0.1,0.3,0.6,True
39471809,2024,0.125,0.25,0.625,True
39471811,2024,0.14285714285714285,0.42857142857142855,0.42857142857142855,True
39473295,2024,1.0,0.0,0.0,True
39473327,2024,0.0,0.0,0.0,True
39474356,2024,1.0,0.0,0.0,True
39475272,2024,0.16666666666666666,0.3333333333333333,0.5,True
39475615,2024,0.0,1.0,0.0,True
39475624,2024,1.0,0.0,0.0,True
39475850,2024,0.3333333333333333,0.3333333333333333,0.3333333333333333,False
39476324,2025,0.8571428571428571,0.0,0.14285714285714285,True
39477026,2025,1.0,0.0,0.0,True
39477824,2025,1.0,0.0,0.0,True
39478560,2024,0.2,0.4,0.4,True
39478672,2025,0.75,0.0,0.25,True
39478927,2024,1.0,0.0,0.0,True
39479769,2024,0.14285714285714285,0.5714285714285714,0.2857142857142857,True
39480424,2024,1.0,0.0,0.0,True
39480496,2024,0.0,0.2857142857142857,0.7142857142857143,True
39481385,2024,0.2,0.4,0.4,True
39481386,2024,0.14285714285714285,0.0,0.8571428571428571,True
39481682,2025,1.0,0.0,0.0,False
39481848,2024,0.0,0.6666666666666666,0.3333333333333333,True
39482541,2024,0.0,0.0,0.0,True
39482741,2024,0.6,0.0,0.4,True
39482824,2025,1.0,0.0,0.0,True
39482950,2024,0.0,1.0,0.0,False
39483118,2024,0.6666666666666666,0.0,0.3333333333333333,True
39483448,2024,0.2,0.0,0.8,True
39483698,2024,0.0,1.0,0.0,True
39485370,2024,1.0,0.0,0.0,True
39485376,2024,0.16666666666666666,0.3333333333333333,0.5,True
39485483,2025,1.0,0.0,0.0,True
39485801,2024,0.0,0.5,0.5,True
39485830,2025,0.5,0.0,0.5,False
39485845,2024,0.2,0.6,0.2,True
39486390,2024,1.0,0.0,0.0,True
39486411,2024,0.6666666666666666,0.0,0.3333333333333333,True
39486460,2025,0.0,1.0,0.0,True
39486855,2024,1.0,0.0,0.0,False
39487665,2025,0.75,0.0,0.25,True
39488203,2024,0.2,0.2,0.6,True
39488348,2024,1.0,0.0,0.0,False
39488355,2024,1.0,0.0,0.0,False
39488519,2024,0.0,0.5,0.5,True
39489282,2025,0.8,0.0,0.2,True
39489412,2025,0.16666666666666666,0.6666666666666666,0.16666666666666666,True
39489486,2025,0.0,0.0,1.0,True
39489490,2025,0.0,0.75,0.25,True
39490006,2024,1.0,0.0,0.0,False
39490335,2024,1.0,0.0,0.0,False
39490671,2025,1.0,0.0,0.0,True
39490932,2024,1.0,0.0,0.0,True
39491745,2025,0.8571428571428571,0.0,0.14285714285714285,True
39493820,2024,1.0,0.0,0.0,False
39494517,2025,0.0,0.0,1.0,True
39495123,2025,0.2,0.4,0.4,True
39495551,2024,1.0,0.0,0.0,True
39496488,2024,0.0,0.6666666666666666,0.3333333333333333,True
39496489,2025,0.0,1.0,0.0,True
39496600,2024,1.0,0.0,0.0,True
39496919,2024,0.0,0.4,0.6,True
39496936,2025,1.0,0.0,0.0,True
39497038,2024,0.0,1.0,0.0,True
39497416,2024,0.0,0.0,1.0,True
39497636,2024,1.0,0.0,0.0,True
39498108,2024,1.0,0.0,0.0,True
39498207,2024,1.0,0.0,0.0,True
39498678,2024,0.5,0.0,0.5,True
39499193,2025,0.3333333333333333,0.3333333333333333,0.3333333333333333,False
39499215,2024,0.25,0.25,0.5,True
39499225,2025,1.0,0.0,0.0,True
39499510,2024,0.0,0.6666666666666666,0.3333333333333333,True
39499629,2024,0.42857142857142855,0.0,0.5714285714285714,True
39499901,2024,0.0,0.5714285714285714,0.42857142857142855,True
39500296,2025,1.0,0.0,0.0,True
39500722,2025,1.0,0.0,0.0,True
39500789,2024,0.5,0.5,0.0,True
39501104,2025,1.0,0.0,0.0,True
39501453,2024,0.0,0.0,1.0,True
39502421,2024,0.2,0.2,0.6,True
39503370,2025,0.8,0.0,0.2,True
39504013,2024,0.0,0.0,0.0,False
39504607,2024,0.2,0.2,0.6,False
39504969,2024,0.0,0.75,0.25,True
39505119,2025,0.8333333333333334,0.16666666666666666,0.0,True
39505148,2024,0.0,0.5714285714285714,0.42857142857142855,True
39505490,2024,0.0,0.6666666666666666,0.3333333333333333,True
39506113,2025,0.0,0.3333333333333333,0.6666666666666666,True
39508053,2024,0.2,0.0,0.8,True
39508149,2024,0.6,0.0,0.4,True
39508593,2024,0.5,0.0,0.5,True
39508614,2024,0.14285714285714285,0.2857142857142857,0.5714285714285714,True
39508840,2025,0.0,0.6,0.4,True
39509098,2025,0.0,0.6666666666666666,0.3333333333333333,True
39509453,2024,0.25,0.75,0.0,True
39509507,2024,0.125,0.25,0.625,True
39509825,2025,1.0,0.0,0.0,True
39510724,2024,1.0,0.0,0.0,True
39510795,2024,0.2,0.4,0.4,True
39510863,2024,0.3333333333333333,0.6666666666666666,0.0,True
39511195,2024,0.2,0.4,0.4,True
39511408,2025,0.16666666666666666,0.3333333333333333,0.5,True
39512069,2024,1.0,0.0,0.0,True
39512899,2024,0.3333333333333333,0.0,0.6666666666666666,True
39513469,2025,0.0,1.0,0.0,True
39513745,2025,0.6666666666666666,0.0,0.3333333333333333,True
39513902,2024,0.2,0.6,0.2,False
39513960,2025,1.0,0.0,0.0,True
39513996,2025,1.0,0.0,0.0,True
39514164,2025,1.0,0.0,0.0,True
39514271,2024,0.14285714285714285,0.2857142857142857,0.5714285714285714,True
39514366,2025,1.0,0.0,0.0,True
39514831,2025,1.0,0.0,0.0,True
39515028,2024,0.3333333333333333,0.6666666666666666,0.0,True
39515417,2024,0.0,0.6,0.4,True
39515580,2025,1.0,0.0,0.0,True
39515852,2024,1.0,0.0,0.0,True
39515881,2024,0.3333333333333333,0.6666666666666666,0.0,True
39516046,2024,0.0,1.0,0.0,True
39516468,2024,1.0,0.0,0.0,True
39517693,2024,1.0,0.0,0.0,True
39518072,2024,0.5,0.0,0.5,True
39520033,2025,1.0,0.0,0.0,True
39520405,2024,1.0,0.0,0.0,True
39520683,2024,0.2,0.4,0.4,True
39521025,2024,0.14285714285714285,0.7142857142857143,0.14285714285714285,True
39522307,2024,0.0,0.5,0.5,True
39523369,2024,0.3333333333333333,0.6666666666666666,0.0,True
39523440,2024,0.5,0.0,0.5,True
39523608,2024,0.2,0.4,0.4,True
39523816,2025,1.0,0.0,0.0,True
39524212,2024,0.0,0.375,0.625,True
39524452,2024,1.0,0.0,0.0,True
39526195,2024,0.25,0.5,0.25,True
39526334,2024,0.6,0.0,0.4,True
39526373,2025,1.0,0.0,0.0,True
39526381,2025,0.5,0.5,0.0,True
39527740,2024,0.25,0.5,0.25,True
39527868,2024,0.0,1.0,0.0,True
39528410,2024,0.0,0.8,0.2,True
39528494,2024,0.0,0.6666666666666666,0.3333333333333333,True
39528596,2024,0.0,0.0,0.0,False
39528761,2025,0.5,0.0,0.5,True
39528835,2024,0.16666666666666666,0.3333333333333333,0.5,True
39529136,2024,0.7,0.0,0.3,True
39529525,2024,1.0,0.0,0.0,True
39529529,2024,0.6666666666666666,0.0,0.3333333333333333,True
39529545,2024,0.0,0.0,0.0,True
39530225,2025,1.0,0.0,0.0,False
39530281,2025,1.0,0.0,0.0,True
39530497,2024,1.0,0.0,0.0,True
39531012,2024,0.25,0.0,0.75,True
39531736,2025,0.6666666666666666,0.3333333333333333,0.0,True
39531917,2024,0.5,0.0,0.5,True
39532089,2025,0.2,0.6,0.2,True
39532242,2025,0.25,0.25,0.5,False
39532861,2024,0.8,0.0,0.2,True
39533045,2025,0.25,0.5,0.25,False
39533499,2025,1.0,0.0,0.0,True
39533837,2024,1.0,0.0,0.0,False
39533854,2025,0.16666666666666666,0.0,0.8333333333333334,True
39534433,2024,0.6666666666666666,0.0,0.3333333333333333,True
39535044,2025,1.0,0.0,0.0,True
39535534,2024,0.2,0.0,0.8,True
39536119,2024,1.0,0.0,0.0,True
39536761,2025,0.25,0.5,0.25,True
39537024,2025,1.0,0.0,0.0,True
39537030,2024,0.14285714285714285,0.42857142857142855,0.42857142857142855,True
39537625,2024,0.2,0.4,0.4,True
39537647,2024,0.0,1.0,0.0,True
39539265,2024,0.0,0.0,1.0,True
39539718,2024,1.0,0.0,0.0,True
39540435,2025,1.0,0.0,0.0,True
39540844,2025,0.7142857142857143,0.2857142857142857,0.0,True
39540884,2025,1.0,0.0,0.0,False
39541091,2024,1.0,0.0,0.0,True
39541347,2024,0.2,0.4,0.4,True
39541706,2025,1.0,0.0,0.0,True
39543045,2025,0.2,0.2,0.6,True
39544227,2024,1.0,0.0,0.0,True
39545416,2024,0.14285714285714285,0.2857142857142857,0.5714285714285714,True
39546143,2024,1.0,0.0,0.0,False
39546299,2024,0.0,0.0,0.0,True
39546740,2024,1.0,0.0,0.0,True
39547991,2024,1.0,0.0,0.0,True
39548322,2025,0.0,0.6,0.4,True
39548594,2024,0.25,0.5,0.25,True
39549538,2024,0.25,0.25,0.5,False
39549739,2025,1.0,0.0,0.0,True
39550253,2025,0.0,0.6666666666666666,0.3333333333333333,True
39550374,2024,0.25,0.0,0.75,True
39550386,2024,0.14285714285714285,0.42857142857142855,0.42857142857142855,True
39550829,2024,1.0,0.0,0.0,True
39551018,2024,1.0,0.0,0.0,True
39551136,2025,0.2,0.0,0.8,True
39551185,2025,0.25,0.0,0.75,True
39551675,2025,0.0,0.0,1.0,True
39551677,2024,1.0,0.0,0.0,False
39552158,2025,0.0,0.0,0.0,True
39552289,2024,0.16666666666666666,0.3333333333333333,0.5,True
39552372,2024,1.0,0.0,0.0,True
39552878,2024,1.0,0.0,0.0,False
39554783,2024,0.5,0.0,0.5,True
39557187,2025,1.0,0.0,0.0,True
39557544,2024,0.2,0.6,0.2,True
39557832,2024,1.0,0.0,0.0,True
39557854,2024,0.16666666666666666,0.5,0.3333333333333333,True
39557891,2024,1.0,0.0,0.0,True
39558165,2025,1.0,0.0,0.0,True
39558184,2025,0.5,0.5,0.0,True
39559357,2024,0.75,0.0,0.25,True
39559362,2024,0.14285714285714285,0.42857142857142855,0.42857142857142855,True
39559981,2025,0.5,0.5,0.0,False
39559990,2025,0.875,0.0,0.125,True
39560993,2024,0.2,0.6,0.2,True
39561210,2024,1.0,0.0,0.0,True
39561284,2025,1.0,0.0,0.0,True
39561927,2025,0.8571428571428571,0.0,0.14285714285714285,True
39562646,2025,0.3333333333333333,0.6666666666666666,0.0,False
39563405,2024,1.0,0.0,0.0,True
39563805,2024,0.0,1.0,0.0,True
39563872,2024,1.0,0.0,0.0,False
39565309,2024,0.0,0.6666666666666666,0.3333333333333333,True
39565547,2025,1.0,0.0,0.0,True
39565753,2024,0.6666666666666666,0.0,0.3333333333333333,True
39565991,2024,0.0,1.0,0.0,False
39566360,2025,1.0,0.0,0.0,True
39566372,2024,1.0,0.0,0.0,False
39566848,2025,0.75,0.0,0.25,True
39567274,2025,1.0,0.0,0.0,True
39567364,2025,1.0,0.0,0.0,True
39567762,2024,0.0,0.8,0.2,True
39567784,2024,0.25,0.0,0.75,True
39568171,2025,1.0,0.0,0.0,True
39568506,2024,0.0,0.0,0.0,True
39568542,2024,0.0,1.0,0.0,True
39569699,2025,1.0,0.0,0.0,True
39570246,2025,1.0,0.0,0.0,True
39570312,2024,0.3333333333333333,0.0,0.6666666666666666,True
39571041,2024,1.0,0.0,0.0,True
39571160,2024,0.0,1.0,0.0,True
39572741,2025,0.0,0.0,0.0,True
39574782,2024,1.0,0.0,0.0,True
39574922,2024,0.5,0.0,0.5,True
39575179,2024,0.0,0.0,0.0,True
39576005,2024,0.0,0.8,0.2,True
39576013,2024,0.8,0.0,0.2,True
39576068,2025,0.0,0.5,0.5,True
39576259,2024,0.0,0.6666666666666666,0.3333333333333333,True
39576693,2025,1.0,0.0,0.0,True
39576826,2024,0.16666666666666666,0.3333333333333333,0.5,True
39576860,2024,0.3333333333333333,0.0,0.6666666666666666,True
39576869,2024,0.14285714285714285,0.14285714285714285,0.7142857142857143,True
39577698,2025,1.0,0.0,0.0,True
39577757,2025,1.0,0.0,0.0,True
39577758,2025,0.8888888888888888,0.0,0.1111111111111111,True
39578117,2024,0.25,0.25,0.5,True
39578244,2024,0.0,0.0,0.0,True
39578541,2025,0.1111111111111111,0.2222222222222222,0.6666666666666666,True
39578552,2025,0.16666666666666666,0.3333333333333333,0.5,True
39578691,2025,1.0,0.0,0.0,True
39579469,2024,1.0,0.0,0.0,True
39579553,2024,0.3333333333333333,0.0,0.6666666666666666,True
39579754,2025,1.0,0.0,0.0,True
39579814,2025,0.2,0.6,0.2,True
39580037,2025,1.0,0.0,0.0,False
39580110,2025,1.0,0.0,0.0,False
39580461,2024,0.2,0.0,0.8,True
39580622,2025,1.0,0.0,0.0,True
39580804,2024,0.14285714285714285,0.42857142857142855,0.42857142857142855,True
39580808,2025,1.0,0.0,0.0,True
39581559,2025,0.0,0.75,0.25,True
39582718,2024,0.0,0.0,0.0,False
39584396,2024,0.0,1.0,0.0,True
39585318,2025,1.0,0.0,0.0,True
39585614,2025,0.2,0.2,0.6,True
39585625,2025,0.2,0.6,0.2,True
39585694,2024,1.0,0.0,0.0,True
39585979,2024,0.0,0.0,1.0,True
39585996,2024,0.3333333333333333,0.0,0.6666666666666666,True
39586964,2025,1.0,0.0,0.0,True
39587133,2024,0.6,0.0,0.4,True
39587232,2024,0.3333333333333333,0.6666666666666666,0.0,True
39587299,2025,0.0,0.16666666666666666,0.8333333333333334,True
39589148,2025,1.0,0.0,0.0,False
39589936,2024,0.2,0.6,0.2,True
39590983,2024,0.3333333333333333,0.3333333333333333,0.3333333333333333,True
39591436,2024,0.5,0.5,0.0,True
39591556,2024,1.0,0.0,0.0,True
39591903,2024,1.0,0.0,0.0,True
39591963,2025,0.0,0.5,0.5,True
39592082,2025,0.0,1.0,0.0,True
39592411,2024,0.25,0.5,0.25,True
39593160,2024,1.0,0.0,0.0,True
39593222,2024,1.0,0.0,0.0,True
39593914,2024,0.8,0.0,0.2,True
39594596,2024,0.25,0.0,0.75,True
39599472,2024,0.8,0.0,0.2,True
39599507,2024,0.5,0.0,0.5,False
39599541,2024,0.7777777777777778,0.2222222222222222,0.0,True
39601595,2025,1.0,0.0,0.0,True
39602110,2025,0.8333333333333334,0.0,0.16666666666666666,True
39602117,2024,1.0,0.0,0.0,True
39602131,2024,0.14285714285714285,0.42857142857142855,0.42857142857142855,True
39602262,2024,0.25,0.5,0.25,True
39602390,2024,0.0,1.0,0.0,True
39602444,2024,0.0,0.375,0.625,True
39602533,2024,0.0,0.3333333333333333,0.6666666666666666,True
39603508,2025,1.0,0.0,0.0,True
39603905,2024,0.3333333333333333,0.0,0.6666666666666666,False
39604463,2024,1.0,0.0,0.0,True
39604627,2025,0.0,0.6666666666666666,0.3333333333333333,True
39604728,2024,0.0,1.0,0.0,True
39605065,2024,0.0,0.6666666666666666,0.3333333333333333,True
39605244,2025,0.0,1.0,0.0,True
39605875,2024,0.5,0.0,0.5,True
39607069,2024,1.0,0.0,0.0,True
39607827,2024,0.0,1.0,0.0,True
39607906,2025,0.14285714285714285,0.5714285714285714,0.2857142857142857,True
39608610,2025,1.0,0.0,0.0,True
39609257,2025,1.0,0.0,0.0,True
39609397,2024,0.0,0.5714285714285714,0.42857142857142855,True
39609400,2024,0.8,0.0,0.2,True
39609469,2024,0.0,0.6,0.4,True
39609515,2024,0.125,0.375,0.5,True
39609527,2024,0.14285714285714285,0.5714285714285714,0.2857142857142857,True
39609576,2025,0.5,0.0,0.5,True
39609633,2025,0.5,0.3333333333333333,0.16666666666666666,True
39609906,2024,0.5,0.5,0.0,True
39610286,2024,1.0,0.0,0.0,True
39610407,2024,0.25,0.0,0.75,True
39611147,2024,0.2,0.0,0.8,True
39611272,2024,1.0,0.0,0.0,True
39612338,2024,0.25,0.5,0.25,True
39612947,2025,1.0,0.0,0.0,True
39613748,2024,1.0,0.0,0.0,False
39614093,2024,0.0,0.5,0.5,True
39615166,2024,0.1,0.4,0.5,True
39615669,2025,0.0,0.0,0.0,False
39617360,2025,1.0,0.0,0.0,True
39618252,2024,1.0,0.0,0.0,False
39618842,2024,1.0,0.0,0.0,True
39619151,2024,0.0,0.0,0.0,True
39621326,2025,0.0,0.0,0.0,True
39621510,2025,0.75,0.0,0.25,True
39622099,2025,1.0,0.0,0.0,True
39622133,2025,1.0,0.0,0.0,True
39622178,2024,0.25,0.0,0.75,True
39622256,2025,0.0,0.0,0.0,True
39622608,2024,1.0,0.0,0.0,False
39622868,2024,1.0,0.0,0.0,True
39622972,2025,0.3333333333333333,0.0,0.6666666666666666,True
39623050,2025,0.0,0.0,1.0,True
39623697,2025,1.0,0.0,0.0,True
39623765,2025,1.0,0.0,0.0,True
39624437,2024,0.0,1.0,0.0,True
39624910,2025,0.0,0.5,0.5,True
39625789,2025,0.16666666666666666,0.5,0.3333333333333333,True
39625876,2024,0.0,0.5,0.5,True
39627618,2024,0.0,0.6666666666666666,0.3333333333333333,True
39628575,2024,0.0,0.0,1.0,True
39629126,2024,0.0,0.5,0.5,True
39629586,2024,0.8,0.0,0.2,True
39629753,2025,1.0,0.0,0.0,True
39629928,2025,0.0,0.0,1.0,True
39630464,2024,1.0,0.0,0.0,True
39630890,2024,0.0,0.3333333333333333,0.6666666666666666,True
39631396,2025,0.5,0.0,0.5,True
39633569,2025,1.0,0.0,0.0,True
39636099,2024,0.25,0.75,0.0,True
39636671,2025,1.0,0.0,0.0,True
39636731,2024,0.5,0.0,0.5,True
39637855,2024,0.2,0.4,0.4,True
39639338,2024,0.2,0.4,0.4,True
39640511,2024,0.0,0.6,0.4,True
39640534,2024,0.0,0.0,1.0,True
39640936,2024,0.8,0.0,0.2,True
39640959,2024,1.0,0.0,0.0,True
39641013,2024,0.0,0.0,1.0,True
39641785,2025,0.8571428571428571,0.0,0.14285714285714285,True
39642223,2024,0.5,0.0,0.5,True
39642224,2024,0.0,0.5,0.5,True
39642242,2024,0.2,0.6,0.2,True
39642333,2025,1.0,0.0,0.0,True
39642886,2025,0.2,0.4,0.4,True
39643085,2025,1.0,0.0,0.0,True
39644712,2025,1.0,0.0,0.0,True
39644893,2025,0.0,1.0,0.0,True
39644896,2025,0.3333333333333333,0.3333333333333333,0.3333333333333333,False
39645350,2024,0.0,0.0,0.0,False
39645459,2025,1.0,0.0,0.0,True
39647513,2025,0.0,0.75,0.25,True
39649120,2024,0.2,0.4,0.4,False
39650896,2024,0.3333333333333333,0.0,0.6666666666666666,True
39651750,2025,1.0,0.0,0.0,True
39652347,2024,1.0,0.0,0.0,True
39652470,2025,0.25,0.5,0.25,True
39652567,2024,0.0,0.6,0.4,True
39652574,2025,0.5,0.0,0.5,True
39652711,2025,0.75,0.0,0.25,True
39653498,2025,0.0,0.75,0.25,True
39653658,2025,1.0,0.0,0.0,True
39653808,2025,0.0,0.8,0.2,True
39653855,2025,0.1111111111111111,0.1111111111111111,0.7777777777777778,True
39654290,2025,1.0,0.0,0.0,True
39654356,2025,0.6666666666666666,0.3333333333333333,0.0,True
39654392,2025,0.5,0.0,0.5,True
39655046,2024,0.0,0.0,1.0,True
39655511,2025,1.0,0.0,0.0,True
39655935,2025,0.25,0.0,0.75,True
39656122,2024,1.0,0.0,0.0,True
39656385,2025,1.0,0.0,0.0,True
39656418,2025,1.0,0.0,0.0,True
39656432,2024,0.5,0.5,0.0,True
39657050,2025,0.8333333333333334,0.0,0.16666666666666666,True
39657117,2025,0.2,0.4,0.4,True
39657329,2025,1.0,0.0,0.0,True
39657598,2025,1.0,0.0,0.0,True
39657662,2024,0.25,0.25,0.5,True
39657748,2024,1.0,0.0,0.0,True
39657951,2024,1.0,0.0,0.0,True
39658135,2025,1.0,0.0,0.0,True
39658136,2025,0.14285714285714285,0.2857142857142857,0.5714285714285714,True
39658189,2024,0.0,0.5,0.5,True
39658222,2025,0.8,0.0,0.2,True
39658736,2025,1.0,0.0,0.0,True
39658838,2025,0.3333333333333333,0.6666666666666666,0.0,False
39658905,2024,1.0,0.0,0.0,False
39659093,2025,1.0,0.0,0.0,True
39659139,2025,0.5,0.0,0.5,True
39659429,2024,0.5,0.25,0.25,True
39661063,2024,0.25,0.25,0.5,True
39661299,2025,0.0,0.0,1.0,True
39661675,2024,0.0,1.0,0.0,True
39661754,2026,1.0,0.0,0.0,True
39662089,2024,0.16666666666666666,0.3333333333333333,0.5,False
39662506,2025,0.0,0.5,0.5,True
39662508,2025,0.14285714285714285,0.42857142857142855,0.42857142857142855,True
39662675,2025,0.1111111111111111,0.5555555555555556,0.3333333333333333,True
39662829,2025,0.25,0.5,0.25,True
39662967,2025,0.3333333333333333,0.16666666666666666,0.5,False
39663455,2025,0.25,0.0,0.75,True
39663860,2025,0.3333333333333333,0.3333333333333333,0.3333333333333333,False
39664388,2024,0.25,0.5,0.25,True
39665506,2024,1.0,0.0,0.0,True
39665539,2024,0.0,0.0,1.0,False
39665547,2025,0.0,0.6666666666666666,0.3333333333333333,True
39665712,2025,1.0,0.0,0.0,True
39666615,2024,0.125,0.375,0.5,True
39666753,2024,0.6666666666666666,0.16666666666666666,0.16666666666666666,True
39667379,2025,0.8,0.0,0.2,True
39667583,2025,0.8571428571428571,0.0,0.14285714285714285,True
39667634,2025,1.0,0.0,0.0,True
39667704,2025,1.0,0.0,0.0,True
39668204,2024,0.6666666666666666,0.0,0.3333333333333333,True
39668975,2024,1.0,0.0,0.0,True
39669431,2024,0.0,0.2,0.8,True
39670314,2025,0.16666666666666666,0.0,0.8333333333333334,True
39670433,2025,1.0,0.0,0.0,True
39670513,2025,0.16666666666666666,0.0,0.8333333333333334,True
39670843,2025,1.0,0.0,0.0,True
39671482,2024,0.2,0.6,0.2,True
39671520,2024,0.0,0.0,0.0,False
39672183,2025,0.6666666666666666,0.3333333333333333,0.0,True
39672516,2025,0.16666666666666666,0.6666666666666666,0.16666666666666666,True
39672600,2025,1.0,0.0,0.0,True
39672975,2024,0.25,0.25,0.5,False
39672986,2025,0.75,0.0,0.25,True
39673171,2025,1.0,0.0,0.0,True
39673524,2025,0.16666666666666666,0.16666666666666666,0.6666666666666666,True
39673668,2024,0.25,0.5,0.25,True
39674325,2025,1.0,0.0,0.0,True
39674564,2025,0.2,0.2,0.6,True
39674824,2024,0.3333333333333333,0.3333333333333333,0.3333333333333333,False
39675002,2024,0.5,0.0,0.5,True
39675048,2025,0.5,0.5,0.0,True
39675505,2025,0.5,0.5,0.0,False
39675563,2025,1.0,0.0,0.0,True
39676671,2025,0.0,0.0,1.0,True
39678377,2024,1.0,0.0,0.0,True
39679202,2024,0.5,0.0,0.5,False
39679352,2024,0.5,0.0,0.5,True
39679859,2025,1.0,0.0,0.0,True
39680038,2025,0.0,0.0,1.0,True
39680438,2024,0.8333333333333334,0.0,0.16666666666666666,True
39680577,2025,0.2,0.4,0.4,True
39680709,2025,0.2,0.6,0.2,True
39680772,2024,0.0,0.0,1.0,True
39681296,2025,0.0,0.0,1.0,True
39681621,2025,1.0,0.0,0.0,True
39681741,2025,1.0,0.0,0.0,False
39682085,2024,0.75,0.0,0.25,True
39682120,2024,0.0,0.0,1.0,True
39682740,2024,0.14285714285714285,0.5714285714285714,0.2857142857142857,True
39683645,2024,1.0,0.0,0.0,True
39684556,2024,0.3333333333333333,0.3333333333333333,0.3333333333333333,False
39684607,2024,0.0,0.0,1.0,True
39686651,2025,1.0,0.0,0.0,True
39686721,2024,1.0,0.0,0.0,True
39686865,2025,1.0,0.0,0.0,True
39688135,2025,1.0,0.0,0.0,True
39688719,2026,0.8571428571428571,0.0,0.14285714285714285,True
39689357,2025,0.0,0.0,0.0,True
39689705,2025,0.0,0.5,0.5,True
39691264,2024,0.5,0.0,0.5,True
39692003,2025,1.0,0.0,0.0,True
39692016,2025,0.0,0.0,0.0,True
39692471,2025,0.6,0.0,0.4,True
39693144,2024,0.75,0.0,0.25,True
39693583,2025,0.5,0.5,0.0,False
39693780,2025,0.6666666666666666,0.0,0.3333333333333333,True
39694218,2025,0.0,0.0,1.0,False
39695079,2024,0.125,0.375,0.5,True
39695109,2024,0.14285714285714285,0.42857142857142855,0.42857142857142855,True
39695122,2024,0.16666666666666666,0.16666666666666666,0.6666666666666666,True
39695229,2025,0.0,0.0,1.0,True
39695231,2025,0.5,0.0,0.5,True
39695262,2025,1.0,0.0,0.0,True
39696438,2024,0.6,0.0,0.4,True
39696455,2024,0.8,0.2,0.0,True
39696769,2024,1.0,0.0,0.0,True
39696904,2025,0.0,1.0,0.0,True
39696914,2025,0.25,0.5,0.25,True
39697173,2025,1.0,0.0,0.0,True
39697833,2024,0.6666666666666666,0.0,0.3333333333333333,True
39698870,2024,0.0,0.0,1.0,True
39699073,2025,1.0,0.0,0.0,True
39699098,2025,0.0,0.0,0.0,True
39699162,2024,0.2,0.0,0.8,True
39699565,2025,0.3333333333333333,0.3333333333333333,0.3333333333333333,False
39699684,2025,1.0,0.0,0.0,True
39700146,2024,0.0,0.8571428571428571,0.14285714285714285,True
39700200,2024,0.0,1.0,0.0,True
39700296,2024,0.3333333333333333,0.3333333333333333,0.3333333333333333,False
39700316,2025,0.0,0.42857142857142855,0.5714285714285714,True
39700389,2025,0.0,0.5,0.5,True
39701029,2025,0.0,0.0,0.0,True
39701099,2025,0.25,0.5,0.25,True
39701291,2025,1.0,0.0,0.0,True
39701596,2025,1.0,0.0,0.0,True
39701910,2025,0.3333333333333333,0.3333333333333333,0.3333333333333333,False
39702459,2024,0.16666666666666666,0.5,0.3333333333333333,True
39702609,2024,0.3333333333333333,0.0,0.6666666666666666,True
39704175,2024,1.0,0.0,0.0,True
39704229,2025,1.0,0.0,0.0,True
39705273,2024,1.0,0.0,0.0,True
39705356,2024,0.3333333333333333,0.0,0.6666666666666666,True
39706191,2025,0.125,0.375,0.5,True
39706706,2025,0.0,0.0,1.0,True
39707454,2024,0.5,0.0,0.5,True
39707496,2024,0.0,0.6,0.4,True
39707804,2025,1.0,0.0,0.0,False
39708391,2025,1.0,0.0,0.0,True
39708807,2025,0.14285714285714285,0.42857142857142855,0.42857142857142855,True
39709604,2025,0.25,0.0,0.75,True
39709851,2025,0.16666666666666666,0.0,0.8333333333333334,True
39710004,2025,0.0,0.75,0.25,True
39710096,2025,0.8,0.2,0.0,True
39710366,2025,1.0,0.0,0.0,True
39713960,2025,0.8333333333333334,0.0,0.16666666666666666,True
39714180,2025,0.0,0.0,1.0,True
39714192,2025,0.0,0.5714285714285714,0.42857142857142855,True
39717702,2024,0.0,0.4,0.6,True
39718546,2024,1.0,0.0,0.0,True
39718832,2024,0.6666666666666666,0.0,0.3333333333333333,True
39718991,2025,0.7142857142857143,0.0,0.2857142857142857,True
39719040,2025,1.0,0.0,0.0,True
39719481,2024,0.0,0.3333333333333333,0.6666666666666666,True
39719802,2025,0.3333333333333333,0.0,0.6666666666666666,True
39720921,2025,0.0,0.0,1.0,True
39721765,2025,1.0,0.0,0.0,True
39723123,2024,0.6,0.0,0.4,True
39723380,2024,1.0,0.0,0.0,True
39723542,2025,1.0,0.0,0.0,True
39724052,2024,0.0,0.0,1.0,True
39724110,2024,0.2,0.4,0.4,True
39724142,2025,1.0,0.0,0.0,False
39724614,2024,0.3333333333333333,0.6666666666666666,0.0,True
39725029,2025,0.14285714285714285,0.2857142857142857,0.5714285714285714,True
39725063,2025,1.0,0.0,0.0,True
39725134,2025,0.3333333333333333,0.0,0.6666666666666666,True
39725462,2025,0.6666666666666666,0.0,0.3333333333333333,True
39726149,2025,0.2,0.2,0.6,True
39726566,2024,1.0,0.0,0.0,True
39727035,2024,0.25,0.25,0.5,False
39727156,2025,0.0,0.0,1.0,True
39727171,2025,0.25,0.25,0.5,True
39727307,2024,0.0,0.5,0.5,True
39727416,2025,0.25,0.0,0.75,True
39728609,2025,0.0,0.5,0.5,True
39728619,2024,0.0,1.0,0.0,True
39729054,2025,0.5,0.5,0.0,False
39729364,2025,0.0,0.0,1.0,True
39729709,2024,1.0,0.0,0.0,True
39730005,2025,0.6,0.0,0.4,True
39730472,2024,1.0,0.0,0.0,True
39730693,2024,0.25,0.5,0.25,True
39730881,2025,1.0,0.0,0.0,True
39732084,2025,1.0,0.0,0.0,True
39732170,2025,0.3333333333333333,0.0,0.6666666666666666,True
39732323,2025,0.5,0.0,0.5,True
39733839,2025,1.0,0.0,0.0,True
39733933,2025,0.8333333333333334,0.0,0.16666666666666666,True
39734035,2025,0.5,0.0,0.5,True
39734228,2024,1.0,0.0,0.0,True
39735429,2024,1.0,0.0,0.0,True
39735930,2024,0.0,0.0,1.0,True
39735932,2024,0.0,0.0,1.0,True
39736516,2024,0.0,0.6666666666666666,0.3333333333333333,True
39737163,2024,0.0,0.8571428571428571,0.14285714285714285,True
39737471,2025,0.0,0.5,0.5,True
39737933,2024,0.0,0.16666666666666666,0.8333333333333334,True
39737939,2024,0.1111111111111111,0.2222222222222222,0.6666666666666666,True
39737957,2024,0.25,0.5,0.25,True
39737971,2024,0.6,0.0,0.4,True
39739012,2025,1.0,0.0,0.0,True
39739361,2025,0.3333333333333333,0.5,0.16666666666666666,True
39739403,2025,1.0,0.0,0.0,True
39739800,2025,0.2,0.0,0.8,True
39739969,2024,0.2,0.4,0.4,True
39740144,2025,1.0,0.0,0.0,True
39740999,2025,0.0,0.6666666666666666,0.3333333333333333,True
39741408,2025,0.3333333333333333,0.3333333333333333,0.3333333333333333,True
39741923,2024,0.0,1.0,0.0,True
39741955,2024,0.0,1.0,0.0,True
39742140,2024,0.0,0.0,1.0,True
39742484,2025,0.0,0.4,0.6,True
39742997,2025,0.3333333333333333,0.0,0.6666666666666666,True
39743381,2025,1.0,0.0,0.0,False
39744487,2025,0.3333333333333333,0.0,0.6666666666666666,True
39745023,2025,0.0,0.8,0.2,True
39745345,2025,1.0,0.0,0.0,True
39745708,2025,0.0,0.0,0.0,True
39745947,2025,0.2,0.6,0.2,True
39746796,2025,1.0,0.0,0.0,True
39746804,2025,1.0,0.0,0.0,True
39747036,2025,0.0,0.75,0.25,True
39747099,2025,0.0,0.3333333333333333,0.6666666666666666,True
39747162,2025,0.16666666666666666,0.5,0.3333333333333333,True
39747188,2025,0.0,0.2,0.8,True
39747435,2025,0.4,0.0,0.6,True
39747594,2025,1.0,0.0,0.0,True
39747824,2025,0.0,1.0,0.0,True
39747846,2025,0.8,0.0,0.2,True
39748008,2025,0.7142857142857143,0.0,0.2857142857142857,True
39749501,2025,1.0,0.0,0.0,False
39749515,2025,1.0,0.0,0.0,True
39751657,2025,0.2,0.6,0.2,True
39752250,2025,0.14285714285714285,0.42857142857142855,0.42857142857142855,True
39752448,2025,1.0,0.0,0.0,True
39752519,2025,0.14285714285714285,0.42857142857142855,0.42857142857142855,True
39752535,2025,0.2,0.6,0.2,True
39753771,2025,1.0,0.0,0.0,True
39753885,2025,0.75,0.0,0.25,True
39753893,2025,0.0,0.0,0.0,True
39753961,2025,0.0,0.0,0.0,False
39753965,2025,0.5,0.0,0.5,True
39755201,2025,0.0,0.6666666666666666,0.3333333333333333,True
39755256,2025,1.0,0.0,0.0,True
39755291,2025,1.0,0.0,0.0,False
39755366,2025,0.0,0.0,1.0,True
39755678,2025,0.0,0.0,1.0,True
39755918,2025,0.5,0.0,0.5,True
39755945,2025,0.0,0.6,0.4,True
39756261,2025,0.0,0.0,1.0,False
39757731,2025,0.25,0.5,0.25,False
39757918,2025,0.25,0.25,0.5,False
39758037,2025,1.0,0.0,0.0,True
39758430,2024,0.0,0.0,0.0,True
39759269,2024,1.0,0.0,0.0,True
39760469,2025,1.0,0.0,0.0,True
39760816,2025,1.0,0.0,0.0,True
39760880,2025,1.0,0.0,0.0,True
39761023,2025,1.0,0.0,0.0,True
39761421,2025,0.2,0.0,0.8,True
39761597,2025,0.0,0.5,0.5,True
39761599,2025,0.0,0.0,0.0,True
39761797,2025,0.0,0.0,0.0,False
39762343,2025,0.125,0.25,0.625,True
39762421,2025,1.0,0.0,0.0,True
39763645,2024,1.0,0.0,0.0,True
39764864,2025,0.2,0.0,0.8,True
39764929,2025,1.0,0.0,0.0,True
39765229,2025,0.2,0.0,0.8,True
39766245,2024,0.2,0.0,0.8,True
39766484,2024,0.0,0.0,0.0,False
39766862,2024,1.0,0.0,0.0,True
39766868,2024,0.5,0.0,0.5,False
39767713,2024,0.5,0.0,0.5,False
39769443,2024,0.3333333333333333,0.0,0.6666666666666666,False
39770369,2024,0.5,0.0,0.5,False
39772237,2024,0.0,0.5,0.5,True
39772583,2025,0.8,0.0,0.2,True
39772767,2025,1.0,0.0,0.0,True
39772771,2025,0.14285714285714285,0.2857142857142857,0.5714285714285714,True
39772982,2025,1.0,0.0,0.0,True
39773231,2025,0.5,0.0,0.5,True
39773557,2025,0.0,0.5,0.5,True
39774116,2025,0.1111111111111111,0.2222222222222222,0.6666666666666666,True
39774271,2025,0.14285714285714285,0.14285714285714285,0.7142857142857143,True
39774314,2024,1.0,0.0,0.0,True
39774793,2025,0.25,0.75,0.0,True
39775037,2025,1.0,0.0,0.0,True
39775826,2025,1.0,0.0,0.0,False
39775867,2025,0.8,0.0,0.2,True
39775917,2025,0.2,0.1,0.7,True
39776621,2025,0.0,0.0,0.0,True
39776902,2024,0.14285714285714285,0.2857142857142857,0.5714285714285714,True
39778080,2025,0.3333333333333333,0.3333333333333333,0.3333333333333333,True
39778178,2025,1.0,0.0,0.0,False
39778651,2025,1.0,0.0,0.0,True
39778707,2025,0.0,0.6666666666666666,0.3333333333333333,True
39779213,2025,0.5,0.5,0.0,False
39779270,2025,1.0,0.0,0.0,True
39779690,2025,0.3333333333333333,0.0,0.6666666666666666,True
39779848,2025,0.25,0.5,0.25,True
39779857,2025,1.0,0.0,0.0,True
39779875,2025,0.0,0.0,0.0,True
39779939,2025,0.1111111111111111,0.1111111111111111,0.7777777777777778,True
39781603,2025,0.0,0.0,0.0,True
39786387,2025,1.0,0.0,0.0,False
39786847,2025,0.25,0.0,0.75,True
39786853,2025,0.2,0.0,0.8,True
39787208,2025,0.2,0.4,0.4,True
39787887,2025,1.0,0.0,0.0,True
39787983,2025,1.0,0.0,0.0,True
39788040,2025,1.0,0.0,0.0,True
39788637,2025,1.0,0.0,0.0,True
39789091,2025,1.0,0.0,0.0,True
39789165,2025,0.75,0.0,0.25,True
39789376,2025,0.125,0.5,0.375,True
39789725,2025,0.5,0.0,0.5,True
39789842,2025,1.0,0.0,0.0,True
39789967,2025,0.5,0.5,0.0,False
39790833,2024,0.5,0.0,0.5,True
39791481,2025,0.3333333333333333,0.0,0.6666666666666666,False
39791998,2025,1.0,0.0,0.0,True
39792006,2025,0.25,0.0,0.75,True
39792305,2025,1.0,0.0,0.0,True
39792484,2025,1.0,0.0,0.0,True
39792559,2025,0.16666666666666666,0.3333333333333333,0.5,True
39792638,2025,0.0,0.7142857142857143,0.2857142857142857,True
39792639,2025,0.6666666666666666,0.0,0.3333333333333333,True
39792662,2025,0.3333333333333333,0.0,0.6666666666666666,True
39792671,2025,0.14285714285714285,0.0,0.8571428571428571,True
39792984,2025,1.0,0.0,0.0,True
39793082,2025,0.25,0.75,0.0,True
39793940,2025,0.0,0.6,0.4,True
39796673,2024,0.25,0.0,0.75,False
39798870,2025,0.25,0.25,0.5,True
39798873,2025,0.3333333333333333,0.6666666666666666,0.0,True
39798888,2025,0.3333333333333333,0.0,0.6666666666666666,True
39799119,2025,0.2,0.6,0.2,True
39800158,2025,0.0,0.0,0.0,True
39800378,2025,0.75,0.0,0.25,True
39800750,2025,1.0,0.0,0.0,True
39803375,2024,0.5,0.5,0.0,True
39803637,2024,0.1111111111111111,0.0,0.8888888888888888,True
39803811,2025,0.6,0.2,0.2,True
39803998,2025,1.0,0.0,0.0,True
39804141,2025,0.16666666666666666,0.0,0.8333333333333334,True
39804153,2025,0.25,0.0,0.75,True
39804611,2025,1.0,0.0,0.0,False
39805051,2025,1.0,0.0,0.0,True
39806070,2025,1.0,0.0,0.0,True
39806188,2025,1.0,0.0,0.0,False
39806218,2025,1.0,0.0,0.0,True
39807625,2025,0.2,0.6,0.2,True
39808082,2025,1.0,0.0,0.0,True
39808430,2025,1.0,0.0,0.0,True
39809269,2025,0.5,0.0,0.5,True
39809356,2025,0.0,0.8,0.2,True
39809601,2025,1.0,0.0,0.0,True
39809744,2025,0.0,0.8,0.2,True
39809942,2025,0.25,0.5,0.25,True
39810419,2025,0.0,0.4,0.6,True
39810555,2025,1.0,0.0,0.0,False
39812007,2025,0.16666666666666666,0.5,0.3333333333333333,True
39812315,2025,1.0,0.0,0.0,False
39812388,2025,1.0,0.0,0.0,True
39812506,2025,1.0,0.0,0.0,True
39812652,2025,1.0,0.0,0.0,False
39812873,2025,0.8333333333333334,0.0,0.16666666666666666,True
39813050,2025,0.0,0.0,0.0,True
39813595,2025,1.0,0.0,0.0,False
39813858,2025,1.0,0.0,0.0,True
39814072,2025,0.2,0.6,0.2,True
39814321,2025,0.2,0.6,0.2,True
39814440,2025,1.0,0.0,0.0,True
39815041,2025,1.0,0.0,0.0,True
39815058,2025,0.0,0.6,0.4,True
39815369,2025,1.0,0.0,0.0,True
39815689,2025,0.5,0.5,0.0,False
39815820,2025,1.0,0.0,0.0,True
39816271,2024,0.2857142857142857,0.0,0.7142857142857143,True
39817338,2025,1.0,0.0,0.0,True
39817434,2025,0.5,0.5,0.0,False
39817492,2025,1.0,0.0,0.0,True
39818203,2025,0.2,0.6,0.2,True
39819146,2025,1.0,0.0,0.0,True
39819800,2025,1.0,0.0,0.0,True
39820335,2025,0.3333333333333333,0.6666666666666666,0.0,True
39821441,2025,0.5,0.3333333333333333,0.16666666666666666,True
39821896,2025,1.0,0.0,0.0,True
39822062,2025,1.0,0.0,0.0,True
39822733,2024,0.0,0.5,0.5,True
39822778,2024,0.2857142857142857,0.2857142857142857,0.42857142857142855,False
39824298,2025,1.0,0.0,0.0,True
39824558,2025,0.25,0.5,0.25,True
39824721,2025,0.25,0.25,0.5,True
39824796,2025,0.25,0.5,0.25,True
39826027,2025,0.1111111111111111,0.2222222222222222,0.6666666666666666,True
39826122,2025,0.5,0.0,0.5,True
39826153,2025,0.5,0.5,0.0,True
39826667,2025,0.14285714285714285,0.42857142857142855,0.42857142857142855,True
39827157,2025,1.0,0.0,0.0,True
39827213,2025,0.3333333333333333,0.0,0.6666666666666666,True
39827266,2025,0.2,0.0,0.8,True
39827338,2025,1.0,0.0,0.0,True
39827884,2025,1.0,0.0,0.0,False
39827944,2025,1.0,0.0,0.0,True
39828017,2025,0.5,0.5,0.0,False
39828383,2024,1.0,0.0,0.0,False
39828754,2025,0.25,0.0,0.75,True
39829241,2025,0.0,0.0,0.0,False
39830149,2024,1.0,0.0,0.0,True
39830424,2025,0.0,0.1111111111111111,0.8888888888888888,True
39831159,2025,0.0,0.3333333333333333,0.6666666666666666,True
39833124,2025,1.0,0.0,0.0,True
39833141,2025,0.3333333333333333,0.3333333333333333,0.3333333333333333,True
39833168,2025,0.16666666666666666,0.16666666666666666,0.6666666666666666,True
39834120,2025,1.0,0.0,0.0,True
39834269,2025,1.0,0.0,0.0,True
39834697,2025,1.0,0.0,0.0,True
39835418,2025,1.0,0.0,0.0,True
39836961,2025,0.0,0.0,0.0,True
39837618,2025,0.5,0.0,0.5,False
39837662,2025,0.0,1.0,0.0,True
39837667,2025,0.0,0.8,0.2,True
39837813,2025,0.75,0.0,0.25,True
39838511,2025,0.875,0.125,0.0,True
39838547,2025,0.25,0.75,0.0,False
39838609,2025,1.0,0.0,0.0,True
39839462,2024,0.0,0.0,0.0,True
39840037,2025,0.5714285714285714,0.0,0.42857142857142855,True
39840795,2025,0.25,0.25,0.5,True
39840811,2025,0.3333333333333333,0.0,0.6666666666666666,True
39841454,2025,0.5,0.5,0.0,True
39841753,2025,0.0,0.5,0.5,True
39841826,2025,0.1111111111111111,0.2222222222222222,0.6666666666666666,True
39841973,2025,0.0,0.0,0.0,True
39842615,2025,0.16666666666666666,0.0,0.8333333333333334,True
39842643,2025,0.0,1.0,0.0,True
39842775,2025,1.0,0.0,0.0,True
39843411,2025,0.16666666666666666,0.3333333333333333,0.5,True
39843430,2025,0.5,0.0,0.5,True
39843509,2025,0.0,0.0,1.0,True
39843582,2024,0.0,0.0,1.0,False
39843750,2025,1.0,0.0,0.0,True
39843955,2024,0.5,0.5,0.0,True
39844430,2025,0.5,0.0,0.5,True
39844726,2025,1.0,0.0,0.0,False
39846368,2025,1.0,0.0,0.0,True
39847385,2025,1.0,0.0,0.0,True
39847577,2025,0.3333333333333333,0.6666666666666666,0.0,False
39848095,2025,1.0,0.0,0.0,True
39848200,2025,1.0,0.0,0.0,True
39848476,2025,0.25,0.0,0.75,True
39848706,2025,0.14285714285714285,0.0,0.8571428571428571,True
39848764,2025,0.5555555555555556,0.4444444444444444,0.0,True
39848955,2025,1.0,0.0,0.0,False
39849049,2025,0.8571428571428571,0.0,0.14285714285714285,True
39850478,2025,0.2,0.6,0.2,True
39850579,2025,0.7142857142857143,0.0,0.2857142857142857,True
39851181,2025,1.0,0.0,0.0,True
39851443,2025,1.0,0.0,0.0,True
39851930,2024,1.0,0.0,0.0,True
39851932,2024,1.0,0.0,0.0,False
39852525,2025,0.2,0.4,0.4,True
39853809,2025,1.0,0.0,0.0,True
39854091,2025,0.6666666666666666,0.0,0.3333333333333333,True
39854188,2025,0.3333333333333333,0.3333333333333333,0.3333333333333333,False
39854693,2025,1.0,0.0,0.0,True
39854937,2025,0.2,0.4,0.4,True
39855244,2025,0.6666666666666666,0.0,0.3333333333333333,True
39855262,2025,1.0,0.0,0.0,True
39856216,2025,0.3333333333333333,0.0,0.6666666666666666,True
39858077,2025,1.0,0.0,0.0,True
39859349,2025,0.25,0.0,0.75,True
39861907,2025,0.5,0.5,0.0,False
39861910,2025,0.3333333333333333,0.0,0.6666666666666666,True
39862860,2025,0.25,0.25,0.5,True
39862869,2025,0.5,0.0,0.5,True
39863579,2025,0.0,0.8,0.2,True
39863618,2025,0.0,0.0,0.0,True
39863868,2025,0.6666666666666666,0.0,0.3333333333333333,True
39864447,2025,1.0,0.0,0.0,True
39865839,2025,0.6,0.4,0.0,True
39866129,2025,1.0,0.0,0.0,True
39866344,2024,0.0,0.0,0.0,True
39866345,2024,1.0,0.0,0.0,True
39866667,2024,0.14285714285714285,0.0,0.8571428571428571,True
39868043,2024,0.3333333333333333,0.3333333333333333,0.3333333333333333,True
39868801,2025,0.5,0.0,0.5,True
39868814,2025,0.16666666666666666,0.16666666666666666,0.6666666666666666,True
39868816,2025,1.0,0.0,0.0,True
39870098,2025,1.0,0.0,0.0,False
39870525,2025,1.0,0.0,0.0,True
39870620,2025,0.0,0.42857142857142855,0.5714285714285714,True
39870632,2025,0.14285714285714285,0.0,0.8571428571428571,True
39870872,2025,0.5,0.0,0.5,True
39871006,2025,0.0,0.0,0.0,True
39871344,2025,0.0,0.6666666666666666,0.3333333333333333,True
39872195,2025,1.0,0.0,0.0,True
39872714,2025,0.0,0.3333333333333333,0.6666666666666666,True
39873477,2025,1.0,0.0,0.0,True
39873484,2025,0.0,0.0,1.0,True
39873525,2025,0.0,0.0,0.0,True
39874032,2025,0.75,0.25,0.0,True
39875389,2025,0.16666666666666666,0.3333333333333333,0.5,True
39877361,2025,1.0,0.0,0.0,True
39877936,2025,0.5,0.0,0.5,True
39879241,2025,0.0,0.0,1.0,True
39880094,2025,0.2,0.4,0.4,True
39880690,2025,1.0,0.0,0.0,True
39880816,2025,0.0,0.0,0.0,True
39881190,2025,0.0,0.42857142857142855,0.5714285714285714,True
39881571,2025,1.0,0.0,0.0,True
39882790,2025,1.0,0.0,0.0,True
39883527,2025,0.14285714285714285,0.2857142857142857,0.5714285714285714,True
39883776,2025,0.0,0.6666666666666666,0.3333333333333333,True
39883843,2025,0.0,0.6666666666666666,0.3333333333333333,True
39883932,2025,0.8,0.2,0.0,True
39885114,2025,0.5714285714285714,0.0,0.42857142857142855,True
39885512,2025,1.0,0.0,0.0,True
39885625,2025,1.0,0.0,0.0,True
39886589,2024,0.5,0.0,0.5,False
39886939,2025,0.3333333333333333,0.0,0.6666666666666666,True
39887533,2025,1.0,0.0,0.0,True
39887736,2025,1.0,0.0,0.0,True
39887814,2025,0.8333333333333334,0.0,0.16666666666666666,True
39887965,2025,1.0,0.0,0.0,True
39888317,2025,0.125,0.25,0.625,True
39889254,2025,1.0,0.0,0.0,True
39889929,2025,1.0,0.0,0.0,True
39890871,2025,0.0,1.0,0.0,True
39890932,2025,0.0,0.0,1.0,True
39890953,2025,0.0,0.0,0.0,True
39891174,2025,1.0,0.0,0.0,False
39891447,2025,1.0,0.0,0.0,True
39891909,2025,0.5,0.375,0.125,True
39892998,2025,0.0,1.0,0.0,True
39893637,2025,0.25,0.0,0.75,True
39893674,2025,0.5,0.0,0.5,True
39893986,2025,0.3333333333333333,0.3333333333333333,0.3333333333333333,False
39895643,2025,0.2,0.0,0.8,True
39896089,2024,0.5,0.0,0.5,True
39898019,2024,0.0,0.5,0.5,True
39898547,2025,0.16666666666666666,0.0,0.8333333333333334,True
39899356,2025,0.5,0.5,0.0,True
39899393,2025,1.0,0.0,0.0,True
39899636,2025,0.0,0.0,0.0,True
39899847,2025,1.0,0.0,0.0,False
39900143,2025,0.3333333333333333,0.0,0.6666666666666666,True
39900286,2025,0.5,0.0,0.5,True
39900544,2025,0.0,0.0,1.0,True
39900911,2025,0.16666666666666666,0.6666666666666666,0.16666666666666666,True
39901180,2025,0.2857142857142857,0.42857142857142855,0.2857142857142857,True
39902375,2025,0.2,0.0,0.8,True
39902391,2025,0.3333333333333333,0.0,0.6666666666666666,False
39902402,2025,0.0,0.0,0.0,True
39902731,2025,1.0,0.0,0.0,True
39903116,2025,0.3333333333333333,0.6666666666666666,0.0,True
39903122,2025,0.2,0.2,0.6,True
39903128,2025,0.0,0.0,1.0,True
39903177,2025,0.8333333333333334,0.0,0.16666666666666666,True
39903462,2025,1.0,0.0,0.0,True
39904205,2025,1.0,0.0,0.0,True
39905201,2025,0.09090909090909091,0.36363636363636365,0.5454545454545454,True
39906125,2025,0.6666666666666666,0.0,0.3333333333333333,True
39906194,2025,0.0,0.0,0.0,False
39906529,2025,1.0,0.0,0.0,True
39906892,2025,1.0,0.0,0.0,True
39906912,2025,0.5,0.5,0.0,True
39907092,2025,1.0,0.0,0.0,True
39908134,2025,1.0,0.0,0.0,True
39908363,2025,0.2,0.0,0.8,True
39908456,2025,0.0,0.75,0.25,True
39908565,2025,1.0,0.0,0.0,True
39909035,2025,0.125,0.25,0.625,True
39909041,2025,0.25,0.0,0.75,True
39909293,2025,1.0,0.0,0.0,True
39909374,2025,0.25,0.0,0.75,True
39910058,2025,0.14285714285714285,0.2857142857142857,0.5714285714285714,True
39910294,2025,0.25,0.5,0.25,True
39910383,2025,0.3333333333333333,0.6666666666666666,0.0,False
39910508,2025,1.0,0.0,0.0,True
39911015,2025,0.0,0.9,0.1,False
39911068,2025,0.14285714285714285,0.5714285714285714,0.2857142857142857,True
39912461,2025,0.5,0.0,0.5,True
39912805,2025,1.0,0.0,0.0,True
39912921,2025,0.0,0.4,0.6,True
39913153,2025,1.0,0.0,0.0,False
39913566,2025,0.125,0.5,0.375,True
39913660,2025,1.0,0.0,0.0,True
39913888,2025,1.0,0.0,0.0,True
39914164,2025,0.25,0.25,0.5,False
39914194,2025,1.0,0.0,0.0,True
39915126,2025,1.0,0.0,0.0,True
39915263,2025,1.0,0.0,0.0,True
39915640,2025,0.0,0.0,0.0,True
39915864,2025,0.75,0.0,0.25,True
39915926,2025,1.0,0.0,0.0,False
39917021,2025,0.2,0.2,0.6,True
39917335,2025,0.6666666666666666,0.0,0.3333333333333333,True
39917751,2024,1.0,0.0,0.0,True
39918735,2025,1.0,0.0,0.0,True
39918905,2025,0.0,0.0,0.0,False
39919773,2025,1.0,0.0,0.0,True
39919802,2025,0.125,0.0,0.875,True
39919891,2025,1.0,0.0,0.0,False
39919903,2025,0.8,0.0,0.2,True
39920106,2025,1.0,0.0,0.0,True
39920158,2025,0.2,0.0,0.8,True
39922495,2025,0.5,0.5,0.0,True
39922680,2025,1.0,0.0,0.0,True
39923201,2025,1.0,0.0,0.0,True
39923562,2025,0.6666666666666666,0.0,0.3333333333333333,True
39923796,2025,0.5,0.5,0.0,False
39924079,2025,0.6666666666666666,0.3333333333333333,0.0,True
39924119,2025,0.75,0.0,0.25,True
39924859,2025,0.2,0.8,0.0,True
39927416,2025,1.0,0.0,0.0,True
39927767,2025,0.3333333333333333,0.3333333333333333,0.3333333333333333,True
39927781,2025,0.5,0.0,0.5,True
39927782,2025,0.5,0.0,0.5,True
39927786,2025,1.0,0.0,0.0,True
39927868,2025,1.0,0.0,0.0,True
39928324,2025,1.0,0.0,0.0,True
39928358,2025,1.0,0.0,0.0,True
39928372,2025,1.0,0.0,0.0,True
39928563,2025,0.16666666666666666,0.3333333333333333,0.5,True
39928725,2025,0.0,0.0,1.0,True
39928851,2025,1.0,0.0,0.0,True
39929811,2025,0.0,0.0,1.0,False
39929837,2025,0.0,0.3333333333333333,0.6666666666666666,True
39929974,2025,0.16666666666666666,0.3333333333333333,0.5,True
39930203,2025,0.0,0.75,0.25,True
39931759,2025,0.25,0.5,0.25,True
39932272,2025,0.2,0.4,0.4,True
39932386,2025,0.5,0.5,0.0,False
39932567,2025,1.0,0.0,0.0,True
39932641,2025,0.75,0.0,0.25,True
39932763,2025,1.0,0.0,0.0,True
39932819,2025,0.16666666666666666,0.5,0.3333333333333333,True
39932888,2025,0.8333333333333334,0.0,0.16666666666666666,True
39933019,2025,0.14285714285714285,0.42857142857142855,0.42857142857142855,True
39933931,2025,0.0,1.0,0.0,True
39934227,2025,0.14285714285714285,0.2857142857142857,0.5714285714285714,True
39934414,2025,0.0,0.4,0.6,True
39934472,2025,0.3333333333333333,0.0,0.6666666666666666,True
39934475,2025,1.0,0.0,0.0,True
39934611,2025,1.0,0.0,0.0,True
39934899,2025,0.8571428571428571,0.0,0.14285714285714285,True
39935334,2025,1.0,0.0,0.0,True
39936096,2025,1.0,0.0,0.0,True
39936180,2025,1.0,0.0,0.0,True
39936252,2025,1.0,0.0,0.0,True
39936291,2025,1.0,0.0,0.0,True
39936400,2025,0.0,0.0,1.0,True
39936451,2025,0.2,0.6,0.2,True
39937058,2025,1.0,0.0,0.0,True
39937083,2025,1.0,0.0,0.0,True
39937237,2025,1.0,0.0,0.0,True
39937584,2025,1.0,0.0,0.0,True
39937959,2025,0.0,0.0,0.0,False
39938090,2025,0.5,0.5,0.0,False
39938183,2025,0.0,0.0,0.0,False
39939315,2025,0.14285714285714285,0.2857142857142857,0.5714285714285714,True
39941108,2025,0.2,0.4,0.4,True
39944153,2025,0.6666666666666666,0.0,0.3333333333333333,True
39945320,2025,0.5,0.5,0.0,True
39945685,2025,1.0,0.0,0.0,True
39945753,2025,0.625,0.25,0.125,True
39945761,2025,0.5,0.0,0.5,False
39946193,2025,1.0,0.0,0.0,True
39946581,2025,1.0,0.0,0.0,True
39947075,2025,0.0,0.6666666666666666,0.3333333333333333,True
39947182,2025,0.1111111111111111,0.2222222222222222,0.6666666666666666,True
39947217,2025,0.5,0.0,0.5,False
39947496,2025,0.0,1.0,0.0,True
39948078,2025,0.5,0.5,0.0,True
39949307,2025,0.5,0.0,0.5,True
39949830,2025,0.5,0.0,0.5,True
39950033,2025,0.5,0.0,0.5,True
39950338,2025,0.75,0.0,0.25,True
39950732,2025,1.0,0.0,0.0,True
39950742,2025,0.8,0.2,0.0,True
39951130,2025,1.0,0.0,0.0,True
39951255,2025,0.0,0.0,0.0,True
39951265,2025,1.0,0.0,0.0,True
39951686,2025,1.0,0.0,0.0,True
39952253,2025,1.0,0.0,0.0,True
39952543,2025,1.0,0.0,0.0,True
39953193,2025,0.8,0.0,0.2,True
39953208,2025,0.0,1.0,0.0,True
39953358,2025,0.0,1.0,0.0,True
39953674,2025,0.3333333333333333,0.0,0.6666666666666666,False
39954235,2025,0.0,0.6,0.4,True
39954247,2025,1.0,0.0,0.0,True
39954255,2025,0.14285714285714285,0.2857142857142857,0.5714285714285714,True
39954331,2025,1.0,0.0,0.0,True
39954680,2025,0.0,0.6,0.4,True
39955416,2025,1.0,0.0,0.0,True
39955616,2025,0.25,0.5,0.25,True
39956091,2025,1.0,0.0,0.0,True
39956341,2025,0.2,0.2,0.6,True
39956713,2025,0.0,0.0,0.0,False
39956805,2025,0.08333333333333333,0.3333333333333333,0.5833333333333334,True
39956830,2025,0.16666666666666666,0.0,0.8333333333333334,True
39956859,2025,0.25,0.0,0.75,False
39957787,2025,1.0,0.0,0.0,True
39957839,2025,1.0,0.0,0.0,True
39959614,2025,0.4166666666666667,0.08333333333333333,0.5,True
39959811,2025,0.25,0.0,0.75,True
39960041,2025,0.0,0.0,0.0,True
39960325,2025,1.0,0.0,0.0,True
39960432,2025,0.3333333333333333,0.3333333333333333,0.3333333333333333,False
39960780,2025,0.0,0.0,0.0,True
39961279,2025,0.6666666666666666,0.0,0.3333333333333333,True
39961846,2025,1.0,0.0,0.0,False
39961893,2025,1.0,0.0,0.0,True
39962224,2025,1.0,0.0,0.0,True
39963777,2025,1.0,0.0,0.0,True
39964485,2025,0.2,0.4,0.4,True
39964642,2025,0.0,0.0,1.0,True
39964769,2025,1.0,0.0,0.0,True
39965119,2025,0.3333333333333333,0.6666666666666666,0.0,True
39965131,2025,1.0,0.0,0.0,True
39965212,2025,0.2,0.6,0.2,True
39965574,2025,0.6,0.0,0.4,True
39965889,2025,0.42857142857142855,0.2857142857142857,0.2857142857142857,True
39966373,2025,0.2,0.4,0.4,True
39967429,2024,1.0,0.0,0.0,True
39967430,2024,1.0,0.0,0.0,True
39968620,2025,0.0,0.6666666666666666,0.3333333333333333,True
39968781,2025,1.0,0.0,0.0,True
39969743,2025,1.0,0.0,0.0,True
39970125,2025,1.0,0.0,0.0,True
39970224,2025,0.16666666666666666,0.3333333333333333,0.5,True
39970912,2025,0.0,0.0,1.0,True
39971400,2025,0.0,0.0,1.0,True
39971401,2025,0.0,0.0,0.0,True
39971742,2025,0.2857142857142857,0.2857142857142857,0.42857142857142855,True
39971899,2025,0.3333333333333333,0.0,0.6666666666666666,True
39972056,2025,0.0,1.0,0.0,True
39972127,2025,0.2,0.0,0.8,True
39972149,2025,0.0,0.0,0.0,False
39972171,2025,0.0,0.0,0.0,True
39972627,2025,0.5,0.0,0.5,True
39974176,2025,0.0,0.3333333333333333,0.6666666666666666,True
39976443,2025,0.0,0.0,1.0,True
39976844,2025,0.0,0.5,0.5,True
39976981,2025,0.8333333333333334,0.0,0.16666666666666666,True
39976996,2025,0.3333333333333333,0.3333333333333333,0.3333333333333333,True
39977349,2025,1.0,0.0,0.0,False
39978337,2025,0.0,0.0,1.0,True
39978338,2025,0.2,0.0,0.8,True
39979591,2025,0.5,0.0,0.5,True
39979602,2025,1.0,0.0,0.0,True
39979638,2025,0.0,0.0,1.0,False
39980340,2025,0.75,0.25,0.0,True
39980845,2025,0.5,0.5,0.0,True
39980922,2025,0.5,0.0,0.5,True
39981227,2025,0.2,0.6,0.2,True
39981948,2025,0.3333333333333333,0.0,0.6666666666666666,True
39982748,2025,0.3333333333333333,0.6666666666666666,0.0,True
39982819,2025,0.125,0.125,0.75,True
39983027,2025,0.5,0.5,0.0,False
39983709,2025,0.0,1.0,0.0,True
39984061,2025,0.0,1.0,0.0,True
39984444,2025,0.1111111111111111,0.4444444444444444,0.4444444444444444,True
39984572,2025,1.0,0.0,0.0,True
39984654,2025,0.1111111111111111,0.2222222222222222,0.6666666666666666,True
39985484,2025,1.0,0.0,0.0,True
39985705,2025,1.0,0.0,0.0,False
39986429,2025,0.6666666666666666,0.0,0.3333333333333333,True
39987026,2025,1.0,0.0,0.0,True
39988983,2025,1.0,0.0,0.0,True
39989223,2025,0.0,0.0,0.0,True
39989458,2025,0.6666666666666666,0.0,0.3333333333333333,True
39989768,2025,0.2,0.0,0.8,False
39990162,2025,0.0,0.0,1.0,True
39990227,2025,0.2,0.6,0.2,True
39990868,2024,0.5,0.0,0.5,True
39991148,2025,0.2,0.0,0.8,True
39991440,2025,0.0,0.0,1.0,True
39991938,2025,0.0,0.0,0.0,True
39991966,2025,0.3333333333333333,0.0,0.6666666666666666,True
39992221,2025,1.0,0.0,0.0,True
39992511,2025,0.0,0.5,0.5,True
39992653,2025,0.8333333333333334,0.0,0.16666666666666666,True
39993025,2025,0.0,0.6666666666666666,0.3333333333333333,True
39993185,2025,0.0,0.4,0.6,True
39993205,2025,0.0,0.0,0.0,False
39993533,2025,1.0,0.0,0.0,True
39994382,2025,0.2,0.6,0.2,True
39996053,2025,0.3333333333333333,0.0,0.6666666666666666,True
39996409,2025,1.0,0.0,0.0,True
39996757,2025,0.42857142857142855,0.0,0.5714285714285714,True
39998229,2025,0.0,0.5,0.5,True
39999394,2025,1.0,0.0,0.0,True
39999911,2025,0.25,0.0,0.75,True
40000263,2025,0.6666666666666666,0.0,0.3333333333333333,True
40000641,2025,0.2,0.0,0.8,True
40001151,2025,1.0,0.0,0.0,True
40001881,2025,0.0,0.0,1.0,False
40003445,2025,1.0,0.0,0.0,True
40004969,2025,1.0,0.0,0.0,True
40005201,2025,0.16666666666666666,0.5,0.3333333333333333,True
40007010,2025,0.2,0.2,0.6,False
40007204,2025,1.0,0.0,0.0,True
40007227,2025,1.0,0.0,0.0,True
40007950,2024,1.0,0.0,0.0,True
40008472,2025,1.0,0.0,0.0,True
40008620,2025,0.0,0.0,0.0,True
40009403,2025,1.0,0.0,0.0,True
40009502,2025,0.16666666666666666,0.6666666666666666,0.16666666666666666,True
40009693,2025,0.3333333333333333,0.6666666666666666,0.0,True
40009697,2025,0.5,0.0,0.5,True
40009819,2025,0.0,0.0,0.0,False
40010627,2025,0.0,0.5,0.5,True
40010689,2025,1.0,0.0,0.0,True
40011766,2025,0.6,0.2,0.2,True
40011769,2025,0.16666666666666666,0.5,0.3333333333333333,True
40011781,2025,0.0,0.4,0.6,True
40011812,2025,0.3333333333333333,0.0,0.6666666666666666,True
40012001,2025,1.0,0.0,0.0,False
40012886,2025,1.0,0.0,0.0,True
40013775,2025,0.25,0.5,0.25,False
40013782,2025,0.5,0.0,0.5,True
40014342,2025,1.0,0.0,0.0,True
40014475,2025,0.875,0.0,0.125,True
40014568,2025,0.16666666666666666,0.5,0.3333333333333333,True
40014668,2025,0.3333333333333333,0.0,0.6666666666666666,True
40014689,2025,0.0,0.8,0.2,True
40014690,2025,0.2,0.0,0.8,True
40014701,2025,0.0,0.3333333333333333,0.6666666666666666,True
40015278,2025,0.0,0.5,0.5,True
40015281,2025,0.16666666666666666,0.5,0.3333333333333333,True
40015370,2025,0.2,0.0,0.8,False
40015371,2025,0.0,0.0,1.0,False
40015594,2025,1.0,0.0,0.0,True
40016017,2025,1.0,0.0,0.0,True
40016682,2025,1.0,0.0,0.0,True
40017060,2025,0.0,0.75,0.25,True
40017746,2025,0.0,0.0,1.0,True
40017823,2025,0.0,0.0,0.0,False
40018313,2024,1.0,0.0,0.0,True
40018530,2024,1.0,0.0,0.0,True
40018886,2025,1.0,0.0,0.0,True
40019452,2025,0.0,0.4,0.6,True
40019772,2025,0.16666666666666666,0.16666666666666666,0.6666666666666666,False
40020046,2025,0.2,0.4,0.4,True
40020440,2025,0.25,0.5,0.25,True
40020675,2025,0.3333333333333333,0.6666666666666666,0.0,True
40021049,2025,0.25,0.25,0.5,False
40021638,2025,0.3333333333333333,0.3333333333333333,0.3333333333333333,True
40021912,2025,0.0,0.5,0.5,True
40022167,2025,0.5,0.0,0.5,True
40022856,2025,0.0,1.0,0.0,True
40023164,2025,0.6,0.0,0.4,True
40023774,2025,1.0,0.0,0.0,True
40024625,2025,0.3333333333333333,0.3333333333333333,0.3333333333333333,False
40025168,2025,0.1111111111111111,0.4444444444444444,0.4444444444444444,True
40025386,2025,0.14285714285714285,0.0,0.8571428571428571,True
40025700,2025,0.3333333333333333,0.6666666666666666,0.0,True
40025869,2025,1.0,0.0,0.0,True
40028135,2025,0.0,0.3333333333333333,0.6666666666666666,True
40028281,2025,0.0,0.5,0.5,True
40029642,2025,0.0,0.0,0.0,True
40030014,2025,0.25,0.0,0.75,True
40030091,2025,1.0,0.0,0.0,True
40030437,2025,1.0,0.0,0.0,False
40031271,2025,1.0,0.0,0.0,True
40032041,2025,1.0,0.0,0.0,True
40032082,2025,0.5,0.0,0.5,True
40032367,2025,1.0,0.0,0.0,True
40032530,2025,0.0,1.0,0.0,True
40032531,2025,0.1111111111111111,0.3333333333333333,0.5555555555555556,True
40032827,2025,0.0,0.2857142857142857,0.7142857142857143,True
40032846,2025,0.0,0.125,0.875,True
40032960,2025,0.2,0.2,0.6,True
40033018,2025,0.14285714285714285,0.0,0.8571428571428571,True
40034245,2025,0.5,0.0,0.5,False
40034696,2025,0.5,0.0,0.5,True
40035187,2025,1.0,0.0,0.0,True
40036302,2025,0.2,0.8,0.0,True
40036775,2025,0.0,1.0,0.0,True
40036831,2025,1.0,0.0,0.0,True
40037139,2025,0.875,0.0,0.125,True
40037339,2025,0.75,0.0,0.25,True
40037468,2025,0.5,0.5,0.0,False
40037709,2025,0.3333333333333333,0.6666666666666666,0.0,True
40038396,2025,0.5,0.0,0.5,True
40038575,2025,0.5,0.0,0.5,True
40038674,2025,0.0,0.4,0.6,True
40038810,2025,0.3333333333333333,0.0,0.6666666666666666,True
40039000,2024,1.0,0.0,0.0,True
40040328,2025,0.8333333333333334,0.16666666666666666,0.0,True
40040712,2025,0.3333333333333333,0.3333333333333333,0.3333333333333333,False
40041201,2025,1.0,0.0,0.0,True
40041444,2025,0.5,0.0,0.5,True
40042851,2025,1.0,0.0,0.0,True
40043099,2025,0.3333333333333333,0.3333333333333333,0.3333333333333333,True
40043137,2025,0.5,0.0,0.5,True
40043836,2025,0.0,0.0,1.0,False
40044048,2025,0.5,0.0,0.5,True
40044256,2025,1.0,0.0,0.0,False
40044657,2025,0.09090909090909091,0.2727272727272727,0.6363636363636364,True
40044729,2025,0.14285714285714285,0.7142857142857143,0.14285714285714285,True
40045272,2025,1.0,0.0,0.0,True
40046891,2025,0.6666666666666666,0.0,0.3333333333333333,True
40047063,2025,0.5,0.5,0.0,True
40047120,2025,1.0,0.0,0.0,True
40047292,2025,1.0,0.0,0.0,True
40047526,2025,0.2,0.4,0.4,True
40048157,2025,1.0,0.0,0.0,True
40048262,2025,0.375,0.0,0.625,True
40048376,2025,0.5,0.5,0.0,True
40049160,2025,0.125,0.375,0.5,True
40049206,2025,0.5,0.5,0.0,False
40050429,2025,0.3333333333333333,0.0,0.6666666666666666,True
40050615,2025,1.0,0.0,0.0,True
40050622,2025,0.2,0.0,0.8,True
40051047,2025,0.25,0.0,0.75,False
40052686,2025,0.0,0.6666666666666666,0.3333333333333333,True
40052805,2025,0.8,0.2,0.0,True
40053523,2025,0.3333333333333333,0.0,0.6666666666666666,True
40053555,2025,0.0,0.0,1.0,True
40053578,2025,0.0,1.0,0.0,True
40053586,2025,0.0,0.6666666666666666,0.3333333333333333,True
40053833,2025,0.0,0.5,0.5,True
40054569,2025,0.0,1.0,0.0,True
40055440,2025,0.0,0.6666666666666666,0.3333333333333333,True
40055572,2025,1.0,0.0,0.0,False
40056147,2025,0.0,0.0,1.0,True
40056148,2025,1.0,0.0,0.0,False
40056162,2025,0.125,0.375,0.5,True
40056383,2025,0.5,0.0,0.5,True
40057214,2025,0.5,0.0,0.5,True
40057424,2025,1.0,0.0,0.0,False
40057510,2025,0.0,0.0,1.0,True
40058171,2025,0.0,0.0,0.0,True
40058823,2025,0.14285714285714285,0.14285714285714285,0.7142857142857143,True
40059508,2025,0.6666666666666666,0.0,0.3333333333333333,True
40059990,2024,1.0,0.0,0.0,True
40062407,2025,1.0,0.0,0.0,True
40062763,2025,0.0,0.0,1.0,True
40063068,2025,0.0,0.4,0.6,True
40063619,2025,1.0,0.0,0.0,True
40063901,2025,1.0,0.0,0.0,True
40064165,2025,1.0,0.0,0.0,True
40064219,2025,0.2,0.6,0.2,True
40064424,2025,1.0,0.0,0.0,True
40064429,2025,1.0,0.0,0.0,True
40065479,2025,0.5714285714285714,0.2857142857142857,0.14285714285714285,True
40065551,2025,0.0,0.8,0.2,True
40066985,2025,0.14285714285714285,0.7142857142857143,0.14285714285714285,True
40067393,2025,0.16666666666666666,0.5,0.3333333333333333,True
40067578,2025,0.0,0.0,0.0,False
40067841,2025,1.0,0.0,0.0,True
40068096,2025,0.0,0.0,0.0,False
40068595,2025,0.2,0.6,0.2,True
40069095,2025,1.0,0.0,0.0,True
40069139,2025,1.0,0.0,0.0,True
40069179,2025,1.0,0.0,0.0,True
40071498,2025,0.875,0.0,0.125,True
40071935,2025,0.2,0.4,0.4,True
40071937,2025,0.0,0.2,0.8,True
40072542,2025,0.25,0.5,0.25,True
40072602,2025,0.6,0.0,0.4,True
40073079,2025,0.16666666666666666,0.16666666666666666,0.6666666666666666,False
40073213,2025,1.0,0.0,0.0,True
40073228,2025,0.0,1.0,0.0,True
40073458,2025,0.125,0.5,0.375,True
40073843,2025,0.14285714285714285,0.2857142857142857,0.5714285714285714,False
40073916,2025,1.0,0.0,0.0,True
40074530,2025,0.5,0.5,0.0,False
40074608,2025,1.0,0.0,0.0,True
40074901,2025,0.4444444444444444,0.0,0.5555555555555556,True
40074972,2026,1.0,0.0,0.0,True
40075459,2025,1.0,0.0,0.0,True
40075678,2025,0.0,0.0,1.0,True
40075731,2025,0.5,0.5,0.0,False
40075871,2025,1.0,0.0,0.0,True
40076595,2025,0.0,0.0,1.0,True
40076642,2025,0.25,0.5,0.25,True
40077641,2025,0.8,0.2,0.0,True
40077792,2025,0.75,0.0,0.25,True
40077848,2025,0.0,1.0,0.0,True
40077949,2025,0.25,0.0,0.75,True
40078078,2025,1.0,0.0,0.0,True
40078097,2025,1.0,0.0,0.0,True
40078405,2025,0.0,0.6,0.4,True
40078969,2025,0.0,0.0,1.0,True
40079316,2025,1.0,0.0,0.0,False
40079430,2025,1.0,0.0,0.0,True
40079433,2025,1.0,0.0,0.0,True
40079583,2025,0.0,0.5714285714285714,0.42857142857142855,True
40080170,2025,0.25,0.0,0.75,True
40080299,2025,1.0,0.0,0.0,True
40081330,2025,0.2,0.2,0.6,True
40081569,2025,0.0,0.42857142857142855,0.5714285714285714,True
40082611,2025,1.0,0.0,0.0,True
40082646,2025,1.0,0.0,0.0,True
40083824,2025,0.0,0.0,0.0,True
40084072,2025,0.09090909090909091,0.09090909090909091,0.8181818181818182,True
40084623,2025,1.0,0.0,0.0,True
40084805,2025,0.5,0.5,0.0,False
40085951,2025,1.0,0.0,0.0,True
40086077,2025,0.2,0.4,0.4,True
40086141,2025,0.75,0.0,0.25,True
40086599,2025,0.8,0.2,0.0,True
40086623,2025,0.0,1.0,0.0,True
40086800,2025,1.0,0.0,0.0,True
40087516,2025,1.0,0.0,0.0,True
40087543,2025,0.0,0.2,0.8,True
40087722,2025,1.0,0.0,0.0,True
40087851,2025,0.5,0.0,0.5,True
40087865,2025,0.8571428571428571,0.0,0.14285714285714285,True
40088241,2025,0.5,0.3333333333333333,0.16666666666666666,True
40088452,2025,0.0,1.0,0.0,True
40088573,2025,1.0,0.0,0.0,True
40088783,2025,1.0,0.0,0.0,True
40088889,2025,0.14285714285714285,0.42857142857142855,0.42857142857142855,True
40088911,2025,0.5714285714285714,0.0,0.42857142857142855,True
40089095,2025,1.0,0.0,0.0,True
40090425,2025,0.7777777777777778,0.0,0.2222222222222222,True
40090582,2025,0.25,0.0,0.75,True
40091149,2025,0.25,0.25,0.5,True
40091227,2025,0.5,0.5,0.0,True
40091830,2025,0.25,0.5,0.25,True
40092777,2025,0.5,0.25,0.25,True
40093008,2025,0.14285714285714285,0.14285714285714285,0.7142857142857143,False
40093899,2025,0.0,0.5,0.5,True
40094227,2025,1.0,0.0,0.0,True
40095189,2025,0.2,0.6,0.2,True
40097088,2025,1.0,0.0,0.0,True
40097188,2026,0.25,0.25,0.5,False
40097271,2025,0.0,0.0,1.0,True
40097742,2025,0.5,0.5,0.0,False
40097964,2025,0.16666666666666666,0.0,0.8333333333333334,True
40098202,2025,0.2,0.0,0.8,True
40098476,2025,1.0,0.0,0.0,True
40099468,2025,1.0,0.0,0.0,True
40099532,2025,0.0,1.0,0.0,True
40099655,2025,0.0,0.0,0.0,False
40100256,2025,0.0,0.75,0.25,True
40100280,2025,0.8,0.0,0.2,True
40100819,2025,0.8333333333333334,0.0,0.16666666666666666,True
40100902,2025,1.0,0.0,0.0,True
40101119,2025,0.14285714285714285,0.14285714285714285,0.7142857142857143,True
40101205,2025,0.25,0.25,0.5,False
40101691,2025,0.25,0.25,0.5,False
40101961,2025,1.0,0.0,0.0,True
40102056,2025,0.0,0.75,0.25,True
40102394,2025,0.16666666666666666,0.3333333333333333,0.5,True
40102426,2025,0.1,0.2,0.7,True
40102561,2025,0.6666666666666666,0.3333333333333333,0.0,True
40103289,2025,1.0,0.0,0.0,True
40103748,2025,0.16666666666666666,0.0,0.8333333333333334,True
40103819,2025,0.6666666666666666,0.0,0.3333333333333333,True
40105034,2025,0.8333333333333334,0.0,0.16666666666666666,True
40105262,2025,0.25,0.0,0.75,True
40105437,2025,1.0,0.0,0.0,True
40105650,2025,0.0,0.0,0.0,True
40105821,2025,1.0,0.0,0.0,True
40106383,2025,0.3333333333333333,0.3333333333333333,0.3333333333333333,True
40106432,2025,0.3333333333333333,0.0,0.6666666666666666,True
40106489,2025,1.0,0.0,0.0,True
40106564,2025,0.1111111111111111,0.3333333333333333,0.5555555555555556,True
40106572,2025,0.1,0.1,0.8,True
40107904,2025,1.0,0.0,0.0,True
40108161,2025,0.0,0.6666666666666666,0.3333333333333333,True
40108173,2025,1.0,0.0,0.0,True
40108423,2025,0.0,0.0,0.0,True
40109375,2025,0.0,0.0,1.0,True
40109503,2024,1.0,0.0,0.0,True
40109847,2025,1.0,0.0,0.0,True
40110643,2025,1.0,0.0,0.0,True
40110990,2025,1.0,0.0,0.0,False
40111106,2025,0.0,0.5,0.5,True
40111318,2025,1.0,0.0,0.0,False
40111699,2025,0.0,1.0,0.0,True
40111762,2025,1.0,0.0,0.0,True
40112042,2025,1.0,0.0,0.0,True
40112084,2025,1.0,0.0,0.0,True
40112106,2025,0.25,0.25,0.5,True
40112214,2025,0.5,0.0,0.5,True
40112244,2025,1.0,0.0,0.0,True
40112800,2025,0.0,0.0,1.0,True
40112805,2025,0.5,0.0,0.5,True
40112879,2025,1.0,0.0,0.0,True
40113261,2025,1.0,0.0,0.0,False
40113626,2025,0.5,0.0,0.5,True
40113983,2025,0.0,0.5,0.5,True
40114017,2025,0.0,0.0,0.0,True
40114621,2025,0.0,1.0,0.0,True
40114969,2025,0.1,0.2,0.7,True
40115130,2025,0.16666666666666666,0.5,0.3333333333333333,True
40116163,2025,1.0,0.0,0.0,True
40116472,2025,1.0,0.0,0.0,True
40116623,2025,1.0,0.0,0.0,True
40116923,2025,0.8,0.0,0.2,True
40117345,2025,0.125,0.625,0.25,True
40117367,2025,0.5,0.3333333333333333,0.16666666666666666,True
40117561,2025,0.16666666666666666,0.3333333333333333,0.5,True
40118206,2025,0.0,0.0,1.0,True
40118863,2025,0.14285714285714285,0.14285714285714285,0.7142857142857143,True
40118942,2025,1.0,0.0,0.0,True
40118946,2025,0.8,0.0,0.2,True
40118996,2025,0.3333333333333333,0.3333333333333333,0.3333333333333333,True
40119553,2025,0.14285714285714285,0.2857142857142857,0.5714285714285714,True
40119730,2025,0.0,0.0,1.0,True
40120483,2025,1.0,0.0,0.0,True
40120806,2025,0.8,0.0,0.2,True
40120856,2025,0.0,1.0,0.0,True
40120999,2025,1.0,0.0,0.0,True
40121031,2025,0.2,0.4,0.4,True
40121118,2025,1.0,0.0,0.0,True
40121366,2025,1.0,0.0,0.0,True
40121592,2025,0.6666666666666666,0.0,0.3333333333333333,True
40122279,2025,1.0,0.0,0.0,True
40123536,2025,0.0,1.0,0.0,True
40124498,2025,0.0,0.0,1.0,False
40124506,2025,0.0,0.0,0.0,True
40124896,2025,0.0,0.0,0.0,False
40124989,2025,0.0,0.25,0.75,True
40124996,2025,1.0,0.0,0.0,True
40125448,2025,0.25,0.0,0.75,False
40127280,2025,1.0,0.0,0.0,True
40127518,2025,1.0,0.0,0.0,True
40127748,2025,1.0,0.0,0.0,False
40127783,2025,0.16666666666666666,0.5,0.3333333333333333,True
40127928,2025,0.0,1.0,0.0,True
40129188,2025,0.6666666666666666,0.0,0.3333333333333333,True
40129681,2024,0.0,0.0,1.0,True
40130156,2025,1.0,0.0,0.0,True
40130511,2025,0.5,0.5,0.0,False
40130805,2025,0.0,0.0,1.0,True
40131370,2025,0.16666666666666666,0.3333333333333333,0.5,True
40132017,2025,0.0,1.0,0.0,True
40132438,2025,1.0,0.0,0.0,True
40132590,2025,0.0,0.75,0.25,True
40133033,2025,0.6,0.0,0.4,True
40133326,2025,0.16666666666666666,0.3333333333333333,0.5,True
40133855,2025,0.75,0.25,0.0,True
40134451,2025,1.0,0.0,0.0,True
40134738,2025,1.0,0.0,0.0,True
40135625,2025,1.0,0.0,0.0,True
40135753,2025,1.0,0.0,0.0,False
40136300,2025,1.0,0.0,0.0,True
40137894,2025,1.0,0.0,0.0,True
40138393,2025,0.16666666666666666,0.3333333333333333,0.5,True
40138451,2025,0.1111111111111111,0.3333333333333333,0.5555555555555556,True
40138452,2025,0.3333333333333333,0.3333333333333333,0.3333333333333333,True
40138616,2025,1.0,0.0,0.0,True
40139339,2025,0.0,1.0,0.0,True
40139568,2025,0.2,0.8,0.0,True
40139855,2025,0.0,0.0,0.0,False
40139877,2025,0.2,0.4,0.4,True
40140092,2025,1.0,0.0,0.0,False
40140344,2025,1.0,0.0,0.0,True
40140376,2025,0.2,0.6,0.2,True
40140385,2025,1.0,0.0,0.0,True
40140574,2025,0.16666666666666666,0.3333333333333333,0.5,True
40140843,2025,0.8,0.0,0.2,True
40141297,2025,0.2,0.6,0.2,True
40141377,2025,0.0,0.6,0.4,True
40143433,2025,1.0,0.0,0.0,False
40144541,2025,0.0,1.0,0.0,True
40145447,2025,0.16666666666666666,0.5,0.3333333333333333,True
40145898,2025,1.0,0.0,0.0,True
40147430,2025,1.0,0.0,0.0,True
40147437,2025,0.2,0.6,0.2,True
40147771,2025,0.125,0.0,0.875,True
40147933,2025,0.0,0.8,0.2,True
40148165,2025,1.0,0.0,0.0,False
40148527,2025,0.5,0.0,0.5,True
40148576,2025,0.0,1.0,0.0,True
40149290,2025,0.2,0.1,0.7,True
40149351,2025,0.0,0.0,0.0,False
40149543,2025,0.14285714285714285,0.14285714285714285,0.7142857142857143,True
40149685,2025,1.0,0.0,0.0,False
40149734,2025,0.5,0.0,0.5,False
40150927,2025,0.25,0.75,0.0,True
40151157,2025,0.8333333333333334,0.0,0.16666666666666666,True
40151637,2025,1.0,0.0,0.0,True
40152593,2025,0.25,0.25,0.5,True
40152873,2025,1.0,0.0,0.0,True
40153382,2025,0.5,0.0,0.5,True
40154482,2025,0.2,0.4,0.4,True
40154490,2025,0.0,0.75,0.25,True
40154616,2025,0.16666666666666666,0.5,0.3333333333333333,True
40154786,2025,1.0,0.0,0.0,True
40154844,2025,1.0,0.0,0.0,False
40154872,2025,1.0,0.0,0.0,True
40155162,2025,0.5,0.0,0.5,True
40155720,2025,1.0,0.0,0.0,False
40155776,2025,0.16666666666666666,0.5,0.3333333333333333,True
40156187,2025,0.25,0.5,0.25,True
40156235,2025,1.0,0.0,0.0,False
40156838,2025,0.8,0.0,0.2,True
40156863,2025,0.0,0.3333333333333333,0.6666666666666666,True
40156866,2025,0.5,0.0,0.5,True
40156924,2025,1.0,0.0,0.0,True
40157536,2025,0.25,0.0,0.75,True
40158936,2025,1.0,0.0,0.0,False
40160426,2025,0.25,0.0,0.75,True
40161561,2024,1.0,0.0,0.0,True
40161959,2025,0.0,0.0,1.0,True
40162057,2025,1.0,0.0,0.0,True
40162776,2025,0.0,0.0,0.0,True
40162802,2025,0.0,0.5,0.5,True
40163145,2025,0.1,0.3,0.6,True
40163237,2026,1.0,0.0,0.0,True
40163345,2025,0.3333333333333333,0.0,0.6666666666666666,True
40163416,2025,0.0,0.0,1.0,True
40163776,2025,1.0,0.0,0.0,False
40164324,2025,0.5,0.0,0.5,True
40164352,2025,0.6666666666666666,0.0,0.3333333333333333,True
40164724,2025,0.8,0.0,0.2,True
40165020,2025,0.16666666666666666,0.3333333333333333,0.5,True
40165182,2025,0.125,0.25,0.625,True
40165749,2025,0.1111111111111111,0.3333333333333333,0.5555555555555556,True
40166762,2025,0.4,0.0,0.6,True
40166812,2025,0.75,0.25,0.0,True
40167409,2025,1.0,0.0,0.0,True
40167600,2025,0.0,0.75,0.25,True
40168094,2025,0.5714285714285714,0.0,0.42857142857142855,True
40168125,2025,0.5,0.0,0.5,True
40168442,2025,0.25,0.5,0.25,True
40168617,2025,0.0,0.0,0.0,True
40169598,2025,0.0,0.625,0.375,True
40169810,2025,0.0,0.3333333333333333,0.6666666666666666,True
40169866,2025,0.8333333333333334,0.0,0.16666666666666666,True
40169911,2025,1.0,0.0,0.0,True
40170386,2025,0.0,0.8,0.2,True
40172573,2025,0.5,0.0,0.5,True
40172966,2025,0.0,0.0,1.0,True
40173049,2025,0.6,0.0,0.4,True
40173222,2025,0.0,1.0,0.0,True
40173320,2025,1.0,0.0,0.0,True
40176400,2025,1.0,0.0,0.0,True
40176950,2025,1.0,0.0,0.0,True
40177566,2025,0.2,0.2,0.6,True
40177616,2025,0.14285714285714285,0.0,0.8571428571428571,True
40177858,2025,1.0,0.0,0.0,True
40178020,2025,0.0,0.375,0.625,True
40178760,2025,0.25,0.5,0.25,True
40178835,2025,0.8,0.0,0.2,True
40179178,2025,0.16666666666666666,0.5,0.3333333333333333,True
40179197,2025,0.0,0.5,0.5,True
40179917,2025,1.0,0.0,0.0,False
40180188,2025,0.25,0.5,0.25,True
40180421,2025,1.0,0.0,0.0,False
40181193,2025,1.0,0.0,0.0,True
40181198,2025,0.3333333333333333,0.3333333333333333,0.3333333333333333,False
40181789,2025,0.0,0.0,0.0,True
40182494,2025,0.0,0.0,1.0,True
40183206,2025,1.0,0.0,0.0,True
40184040,2025,0.0,0.625,0.375,True
40184251,2025,0.0,0.5,0.5,True
40184266,2025,1.0,0.0,0.0,True
40184574,2025,1.0,0.0,0.0,True
40185101,2025,0.0,0.5,0.5,True
40185352,2025,0.2,0.2,0.6,True
40185362,2025,0.25,0.0,0.75,True
40185484,2025,0.0,0.75,0.25,True
40185744,2025,0.25,0.0,0.75,True
40185750,2025,0.0,0.5,0.5,True
40185856,2025,0.5,0.0,0.5,True
40185952,2026,0.5,0.0,0.5,True
40187397,2025,0.8333333333333334,0.0,0.16666666666666666,True
40187604,2025,0.14285714285714285,0.2857142857142857,0.5714285714285714,True
40188094,2025,1.0,0.0,0.0,True
40188315,2025,0.75,0.0,0.25,True
40189184,2025,0.16666666666666666,0.0,0.8333333333333334,True
40189712,2025,1.0,0.0,0.0,True
40190270,2025,1.0,0.0,0.0,False
40192306,2025,0.2,0.4,0.4,True
40192509,2025,1.0,0.0,0.0,True
40192513,2025,0.6,0.0,0.4,True
40192595,2025,0.6666666666666666,0.0,0.3333333333333333,True
40192659,2025,1.0,0.0,0.0,True
40192851,2025,0.2,0.6,0.2,False
40193121,2025,0.75,0.0,0.25,True
40193520,2025,1.0,0.0,0.0,True
40193545,2025,1.0,0.0,0.0,True
40193715,2025,0.8888888888888888,0.0,0.1111111111111111,True
40194304,2025,1.0,0.0,0.0,True
40194602,2025,0.5,0.5,0.0,False
40194952,2025,0.14285714285714285,0.2857142857142857,0.5714285714285714,True
40194962,2025,0.0,0.0,1.0,True
40195022,2025,0.14285714285714285,0.2857142857142857,0.5714285714285714,True
40196938,2025,1.0,0.0,0.0,False
40197162,2025,0.0,0.3333333333333333,0.6666666666666666,True
40197603,2025,0.6666666666666666,0.16666666666666666,0.16666666666666666,True
40197620,2025,0.5,0.5,0.0,False
40198217,2025,1.0,0.0,0.0,True
40198660,2025,0.6666666666666666,0.3333333333333333,0.0,True
40199041,2025,0.5,0.0,0.5,False
40199319,2025,0.0,0.0,1.0,True
40199574,2025,0.25,0.5,0.25,True
40199934,2025,0.0,1.0,0.0,True
40200577,2025,0.5,0.0,0.5,True
40201037,2025,0.875,0.125,0.0,True
40201450,2025,1.0,0.0,0.0,False
40201567,2025,0.3333333333333333,0.16666666666666666,0.5,True
40201908,2025,0.0,0.0,1.0,True
40202253,2025,1.0,0.0,0.0,True
40202317,2025,0.14285714285714285,0.42857142857142855,0.42857142857142855,True
40202373,2025,1.0,0.0,0.0,True
40202384,2025,1.0,0.0,0.0,True
40202541,2025,0.7777777777777778,0.0,0.2222222222222222,True
40202696,2025,1.0,0.0,0.0,True
40203088,2025,0.2,0.4,0.4,True
40203664,2025,1.0,0.0,0.0,True
40203674,2025,0.5,0.5,0.0,False
40204124,2025,1.0,0.0,0.0,True
40204723,2025,0.0,0.75,0.25,True
40204946,2025,1.0,0.0,0.0,True
40205052,2025,0.09090909090909091,0.45454545454545453,0.45454545454545453,True
40205073,2025,0.5,0.5,0.0,False
40207808,2026,1.0,0.0,0.0,True
40207939,2025,0.0,0.0,1.0,True
40208198,2025,0.8,0.2,0.0,True
40208391,2025,0.0,0.0,1.0,True
40208791,2025,0.2,0.2,0.6,False
40209058,2025,1.0,0.0,0.0,False
40209103,2025,0.0,0.0,1.0,True
40209641,2025,1.0,0.0,0.0,True
40209769,2025,0.5,0.0,0.5,True
40209952,2025,0.14285714285714285,0.14285714285714285,0.7142857142857143,True
40210129,2025,0.2,0.0,0.8,True
40210239,2025,0.5,0.0,0.5,False
40210740,2025,1.0,0.0,0.0,True
40210867,2025,0.0,0.0,1.0,True
40211068,2025,0.25,0.5,0.25,True
40211119,2025,0.2,0.6,0.2,True
40211350,2025,0.14285714285714285,0.2857142857142857,0.5714285714285714,True
40211598,2025,0.75,0.0,0.25,True
40211922,2025,1.0,0.0,0.0,True
40212045,2025,0.0,0.125,0.875,True
40212474,2025,0.0,0.75,0.25,True
40213706,2025,0.0,1.0,0.0,True
40214445,2025,0.5,0.0,0.5,True
40214472,2025,0.14285714285714285,0.0,0.8571428571428571,True
40214475,2025,0.0,0.5,0.5,False
40215323,2025,0.0,0.6666666666666666,0.3333333333333333,True
40215727,2025,1.0,0.0,0.0,True
40215916,2025,1.0,0.0,0.0,True
40216017,2025,0.16666666666666666,0.0,0.8333333333333334,True
40216094,2025,1.0,0.0,0.0,True
40216673,2026,1.0,0.0,0.0,True
40216817,2025,0.0,0.4444444444444444,0.5555555555555556,True
40217216,2025,0.8,0.0,0.2,True
40219965,2025,0.25,0.0,0.75,True
40220290,2025,0.25,0.5,0.25,True
40221284,2025,1.0,0.0,0.0,True
40221546,2025,1.0,0.0,0.0,True
40222009,2025,0.4,0.0,0.6,True
40222010,2025,0.2,0.0,0.8,True
40222878,2025,1.0,0.0,0.0,False
40223093,2025,0.0,0.3333333333333333,0.6666666666666666,True
40224550,2025,1.0,0.0,0.0,True
40224922,2025,1.0,0.0,0.0,True
40225238,2025,1.0,0.0,0.0,True
40225241,2025,1.0,0.0,0.0,True
40227291,2025,0.0,0.0,1.0,False
40228023,2025,0.3333333333333333,0.0,0.6666666666666666,True
40228037,2025,0.25,0.25,0.5,False
40228516,2025,1.0,0.0,0.0,True
40228864,2025,0.2,0.4,0.4,True
40229387,2025,1.0,0.0,0.0,True
40229506,2025,0.0,0.75,0.25,True
40229636,2025,0.8,0.0,0.2,True
40230184,2025,1.0,0.0,0.0,True
40230349,2025,1.0,0.0,0.0,True
40230486,2025,1.0,0.0,0.0,True
40230522,2025,0.08333333333333333,0.25,0.6666666666666666,True
40230578,2025,0.0,0.0,0.0,True
40230727,2025,1.0,0.0,0.0,True
40230786,2025,0.4,0.6,0.0,True
40231056,2025,1.0,0.0,0.0,True
40231721,2025,0.0,0.6666666666666666,0.3333333333333333,True
40231782,2025,1.0,0.0,0.0,True
40231821,2025,0.2,0.0,0.8,True
40232134,2025,1.0,0.0,0.0,False
40232684,2025,0.0,0.0,1.0,True
40232843,2025,0.25,0.75,0.0,True
40232858,2025,0.16666666666666666,0.3333333333333333,0.5,True
40233175,2025,1.0,0.0,0.0,True
40233920,2025,0.3333333333333333,0.0,0.6666666666666666,True
40233982,2026,0.8,0.0,0.2,True
40234449,2025,0.2,0.4,0.4,True
40234955,2025,0.75,0.0,0.25,True
40235170,2025,0.5,0.5,0.0,False
40235832,2025,1.0,0.0,0.0,True
40236500,2025,0.0,0.5,0.5,True
40239067,2025,0.9090909090909091,0.0,0.09090909090909091,True
40239128,2025,0.0,1.0,0.0,True
40239554,2025,1.0,0.0,0.0,True
40239657,2025,0.0,1.0,0.0,True
40239996,2025,0.2,0.0,0.8,True
40240092,2025,0.0,0.0,0.0,False
40241304,2025,1.0,0.0,0.0,True
40241721,2025,0.0,0.5,0.5,True
40241769,2025,0.0,0.0,1.0,True
40242473,2025,1.0,0.0,0.0,True
40244585,2025,0.875,0.0,0.125,True
40244690,2025,0.16666666666666666,0.3333333333333333,0.5,True
40245140,2025,0.2,0.0,0.8,True
40245917,2025,0.25,0.5,0.25,True
40247156,2025,1.0,0.0,0.0,True
40247435,2026,0.125,0.375,0.5,True
40247682,2025,0.0,0.75,0.25,True
40248088,2025,0.8333333333333334,0.0,0.16666666666666666,True
40249402,2025,0.0,0.0,0.0,True
40249800,2025,0.2,0.0,0.8,True
40249812,2025,0.0,0.5,0.5,True
40249828,2025,0.3333333333333333,0.5,0.16666666666666666,True
40249843,2025,0.3333333333333333,0.0,0.6666666666666666,True
40249845,2025,0.0,1.0,0.0,True
40250452,2025,1.0,0.0,0.0,True
40250951,2025,0.5,0.5,0.0,True
40252045,2025,0.0,0.0,1.0,True
40253083,2025,0.3333333333333333,0.0,0.6666666666666666,False
40253396,2025,0.5,0.0,0.5,True
40254040,2025,0.5,0.25,0.25,False
40254130,2026,0.3333333333333333,0.3333333333333333,0.3333333333333333,False
40254254,2025,0.25,0.0,0.75,True
40254337,2025,0.0,0.6666666666666666,0.3333333333333333,True
40254527,2025,0.25,0.25,0.5,True
40256044,2025,0.7142857142857143,0.0,0.2857142857142857,True
40256048,2025,0.25,0.0,0.75,True
40256199,2024,1.0,0.0,0.0,True
40256602,2025,0.0,0.5,0.5,True
40257401,2025,0.1,0.1,0.8,True
40257740,2025,0.0,0.0,1.0,True
40258004,2025,0.16666666666666666,0.5,0.3333333333333333,True
40258014,2025,0.16666666666666666,0.16666666666666666,0.6666666666666666,True
40258181,2025,1.0,0.0,0.0,True
40258827,2025,0.25,0.5,0.25,True
40259527,2025,0.0,0.0,0.0,False
40259544,2025,0.5,0.0,0.5,True
40259574,2025,0.0,0.0,1.0,False
40260920,2025,1.0,0.0,0.0,True
40261094,2025,0.3333333333333333,0.3333333333333333,0.3333333333333333,True
40261176,2025,1.0,0.0,0.0,True
40261178,2025,1.0,0.0,0.0,True
40261937,2025,0.0,0.5,0.5,True
40262080,2025,0.75,0.0,0.25,True
40263025,2025,0.25,0.5,0.25,True
40263387,2025,0.16666666666666666,0.5,0.3333333333333333,True
40265228,2025,1.0,0.0,0.0,True
40265361,2025,1.0,0.0,0.0,True
40266357,2025,1.0,0.0,0.0,True
40266375,2025,1.0,0.0,0.0,True
40266528,2025,0.3333333333333333,0.0,0.6666666666666666,True
40267138,2025,0.0,1.0,0.0,True
40267181,2025,0.14285714285714285,0.14285714285714285,0.7142857142857143,True
40267184,2025,0.25,0.5,0.25,True
40267201,2025,0.0,0.3333333333333333,0.6666666666666666,True
40267218,2025,0.14285714285714285,0.7142857142857143,0.14285714285714285,True
40267365,2025,1.0,0.0,0.0,True
40267387,2025,1.0,0.0,0.0,True
40267994,2025,0.5,0.5,0.0,False
40268049,2025,0.8333333333333334,0.0,0.16666666666666666,True
40268897,2025,0.5,0.0,0.5,True
40268916,2025,0.2,0.0,0.8,True
40269122,2025,0.6666666666666666,0.0,0.3333333333333333,True
40269164,2025,0.0,0.8,0.2,True
40270285,2025,0.16666666666666666,0.0,0.8333333333333334,True
40270498,2025,0.5,0.0,0.5,True
40272480,2025,1.0,0.0,0.0,True
40273107,2025,0.0,0.5,0.5,True
40273386,2025,0.0,0.5,0.5,True
40273966,2025,0.2,0.0,0.8,True
40274284,2025,1.0,0.0,0.0,True
40274483,2025,1.0,0.0,0.0,True
40274761,2025,1.0,0.0,0.0,True
40274766,2025,0.0,0.0,1.0,True
40275545,2025,0.0,1.0,0.0,False
40275598,2025,1.0,0.0,0.0,True
40275820,2025,0.0,1.0,0.0,True
40277394,2025,0.0,0.0,0.0,True
40279246,2025,0.1111111111111111,0.2222222222222222,0.6666666666666666,True
40279314,2025,0.3333333333333333,0.3333333333333333,0.3333333333333333,False
40279862,2025,0.0,0.0,0.0,False
40280418,2025,0.2,0.2,0.6,True
40280491,2025,0.0,1.0,0.0,True
40280713,2025,0.0,0.5,0.5,True
40280967,2025,0.16666666666666666,0.3333333333333333,0.5,True
40280970,2025,0.0,0.2,0.8,True
40282349,2025,0.0,0.2857142857142857,0.7142857142857143,True
40283693,2025,0.8,0.0,0.2,True
40284513,2025,0.09090909090909091,0.18181818181818182,0.7272727272727273,True
40284913,2025,0.16666666666666666,0.0,0.8333333333333334,True
40284994,2025,0.3333333333333333,0.0,0.6666666666666666,True
40285369,2025,0.7142857142857143,0.0,0.2857142857142857,True
40285555,2025,1.0,0.0,0.0,True
40286313,2025,1.0,0.0,0.0,True
40286355,2025,1.0,0.0,0.0,True
40288176,2025,0.0,1.0,0.0,True
40288397,2025,1.0,0.0,0.0,True
40288678,2025,1.0,0.0,0.0,True
40288743,2025,1.0,0.0,0.0,True
40288936,2025,1.0,0.0,0.0,True
40289254,2025,0.8888888888888888,0.0,0.1111111111111111,True
40289594,2025,1.0,0.0,0.0,True
40290195,2025,0.0,0.5,0.5,True
40290861,2025,1.0,0.0,0.0,True
40291006,2025,0.0,0.0,1.0,True
40291426,2025,0.0,0.5,0.5,True
40291761,2025,0.0,0.125,0.875,True
40292611,2025,0.0,0.6666666666666666,0.3333333333333333,True
40293521,2025,0.5,0.0,0.5,True
40293749,2025,1.0,0.0,0.0,True
40294026,2025,0.3333333333333333,0.3333333333333333,0.3333333333333333,False
40294418,2025,0.75,0.0,0.25,True
40295347,2025,0.8,0.0,0.2,True
40295478,2025,0.0,0.6,0.4,True
40295889,2025,0.25,0.25,0.5,True
40296143,2025,0.3333333333333333,0.0,0.6666666666666666,True
40296368,2025,1.0,0.0,0.0,True
40297478,2025,1.0,0.0,0.0,True
40298128,2025,0.14285714285714285,0.42857142857142855,0.42857142857142855,True
40298430,2025,0.25,0.5,0.25,True
40298918,2025,0.125,0.375,0.5,True
40299750,2025,0.4,0.0,0.6,True
40300832,2025,0.0,0.6666666666666666,0.3333333333333333,True
40300917,2025,1.0,0.0,0.0,False
40301300,2025,0.5,0.0,0.5,True
40301359,2025,0.1111111111111111,0.4444444444444444,0.4444444444444444,True
40301431,2025,0.1111111111111111,0.2222222222222222,0.6666666666666666,True
40301924,2025,0.3333333333333333,0.0,0.6666666666666666,False
40302251,2025,0.0,0.75,0.25,True
40302806,2025,0.375,0.0,0.625,True
40302811,2025,0.6666666666666666,0.0,0.3333333333333333,True
40304391,2025,1.0,0.0,0.0,True
40304400,2025,1.0,0.0,0.0,True
40304905,2025,0.3333333333333333,0.0,0.6666666666666666,True
40304934,2025,1.0,0.0,0.0,True
40305570,2025,0.14285714285714285,0.42857142857142855,0.42857142857142855,True
40305603,2025,0.0,1.0,0.0,True
40306279,2025,0.0,0.42857142857142855,0.5714285714285714,True
40306387,2025,1.0,0.0,0.0,True
40307073,2025,1.0,0.0,0.0,True
40307163,2025,0.0,0.0,0.0,True
40307206,2025,0.5,0.0,0.5,True
40307451,2025,0.0,0.0,0.0,True
40307593,2026,1.0,0.0,0.0,True
40307697,2025,0.8333333333333334,0.0,0.16666666666666666,True
40308862,2025,1.0,0.0,0.0,True
40309777,2025,0.0,0.75,0.25,True
40310613,2025,0.0,0.0,1.0,True
40310720,2025,0.16666666666666666,0.6666666666666666,0.16666666666666666,True
40310935,2025,1.0,0.0,0.0,False
40311075,2025,1.0,0.0,0.0,True
40311081,2025,1.0,0.0,0.0,True
40311378,2025,1.0,0.0,0.0,True
40311436,2025,1.0,0.0,0.0,True
40311647,2025,1.0,0.0,0.0,True
40311894,2025,1.0,0.0,0.0,True
40312096,2025,0.0,0.0,0.0,False
40312437,2025,0.6,0.0,0.4,True
40312509,2025,0.0,0.4,0.6,True
40312753,2025,1.0,0.0,0.0,True
40313982,2025,0.0,0.14285714285714285,0.8571428571428571,True
40314284,2025,0.0,1.0,0.0,True
40314593,2025,1.0,0.0,0.0,True
40314722,2025,0.16666666666666666,0.5,0.3333333333333333,True
40315330,2025,0.125,0.25,0.625,True
40315437,2025,0.5,0.0,0.5,True
40315827,2025,0.0,0.0,1.0,True
40316020,2025,0.0,0.4,0.6,True
40316040,2025,0.0,0.0,0.0,True
40316302,2025,0.25,0.5,0.25,True
40316419,2025,1.0,0.0,0.0,True
40316652,2025,1.0,0.0,0.0,True
40316710,2025,1.0,0.0,0.0,True
40316721,2025,0.0,0.0,0.0,False
40316761,2025,0.0,0.0,0.0,True
40317185,2025,1.0,0.0,0.0,True
40317574,2025,1.0,0.0,0.0,True
40318633,2025,0.25,0.5,0.25,True
40319014,2025,0.14285714285714285,0.0,0.8571428571428571,True
40319015,2025,0.2,0.4,0.4,True
40319026,2025,1.0,0.0,0.0,True
40320260,2025,0.5,0.0,0.5,False
40320641,2025,0.2,0.2,0.6,True
40321651,2025,1.0,0.0,0.0,False
40321655,2025,1.0,0.0,0.0,False
40322855,2025,0.0,0.0,0.0,True
40323147,2025,1.0,0.0,0.0,True
40323232,2025,0.0,0.6666666666666666,0.3333333333333333,True
40323272,2025,0.8,0.0,0.2,True
40323603,2025,1.0,0.0,0.0,True
40324064,2025,1.0,0.0,0.0,True
40324196,2025,1.0,0.0,0.0,True
40324704,2025,0.3333333333333333,0.0,0.6666666666666666,True
40325006,2025,1.0,0.0,0.0,True
40326883,2025,0.3333333333333333,0.0,0.6666666666666666,True
40327632,2025,1.0,0.0,0.0,True
40327691,2025,0.16666666666666666,0.6666666666666666,0.16666666666666666,True
40328099,2025,1.0,0.0,0.0,True
40328315,2025,0.0,0.0,1.0,True
40328781,2025,0.25,0.0,0.75,True
40328820,2025,0.0,0.6666666666666666,0.3333333333333333,True
40329905,2025,1.0,0.0,0.0,False
40331695,2025,1.0,0.0,0.0,True
40331822,2025,0.25,0.0,0.75,True
40331908,2025,1.0,0.0,0.0,True
40332109,2025,0.0,0.3333333333333333,0.6666666666666666,True
40332447,2025,0.75,0.0,0.25,True
40332609,2025,1.0,0.0,0.0,True
40332924,2025,1.0,0.0,0.0,True
40333087,2025,0.0,0.6666666666666666,0.3333333333333333,True
40333988,2025,0.16666666666666666,0.5,0.3333333333333333,True
40334167,2025,1.0,0.0,0.0,False
40334767,2025,0.0,0.0,0.0,True
40334787,2025,1.0,0.0,0.0,True
40335453,2025,0.125,0.375,0.5,True
40335772,2025,1.0,0.0,0.0,True
40337174,2025,0.6666666666666666,0.0,0.3333333333333333,True
40337867,2025,0.3333333333333333,0.3333333333333333,0.3333333333333333,True
40338016,2025,0.0,0.5,0.5,False
40338069,2025,0.0,0.0,1.0,True
40338627,2025,0.875,0.0,0.125,True
40339574,2025,0.0,1.0,0.0,True
40339576,2025,0.25,0.5,0.25,True
40339779,2025,0.0,0.0,1.0,True
40339952,2025,1.0,0.0,0.0,True
40340613,2025,1.0,0.0,0.0,True
40341020,2025,0.14285714285714285,0.8571428571428571,0.0,True
40341552,2025,1.0,0.0,0.0,True
40341929,2025,0.0,0.0,1.0,True
40341939,2025,1.0,0.0,0.0,True
40342733,2025,0.0,0.0,1.0,False
40342794,2024,0.5,0.0,0.5,True
40343955,2025,0.8,0.0,0.2,True
40343987,2025,0.16666666666666666,0.3333333333333333,0.5,True
40344051,2025,0.25,0.0,0.75,True
40344199,2025,1.0,0.0,0.0,True
40345438,2025,0.0,0.4,0.6,True
40345476,2025,0.0,0.3333333333333333,0.6666666666666666,True
40345590,2025,0.16666666666666666,0.5,0.3333333333333333,True
40345802,2025,0.5714285714285714,0.0,0.42857142857142855,True
40346061,2025,0.3333333333333333,0.0,0.6666666666666666,True
40346301,2025,0.0,0.0,0.0,True
40346769,2025,0.0,0.5714285714285714,0.42857142857142855,True
40349045,2025,0.6,0.0,0.4,True
40349482,2025,0.0,0.0,0.0,True
40349932,2025,1.0,0.0,0.0,True
40350095,2025,0.7142857142857143,0.0,0.2857142857142857,True
40351099,2025,0.25,0.75,0.0,True
40353516,2025,1.0,0.0,0.0,True
40354079,2025,1.0,0.0,0.0,True
40354232,2025,0.5,0.0,0.5,True
40355300,2025,1.0,0.0,0.0,False
40355727,2025,1.0,0.0,0.0,True
40356417,2025,0.2,0.4,0.4,True
40356495,2025,1.0,0.0,0.0,True
40357748,2025,0.14285714285714285,0.2857142857142857,0.5714285714285714,True
40358234,2025,0.0,0.0,1.0,True
40358686,2025,0.0,0.6666666666666666,0.3333333333333333,True
40359050,2025,0.2,0.4,0.4,True
40359413,2025,1.0,0.0,0.0,True
40359993,2025,0.25,0.25,0.5,False
40360056,2025,0.5,0.0,0.5,True
40360436,2025,0.16666666666666666,0.3333333333333333,0.5,True
40360474,2025,0.1,0.2,0.7,True
40360698,2025,0.0,0.42857142857142855,0.5714285714285714,True
40360769,2025,0.0,1.0,0.0,True
40361112,2025,0.2,0.0,0.8,True
40362489,2025,0.25,0.0,0.75,True
40362575,2025,1.0,0.0,0.0,True
40362635,2025,0.5,0.0,0.5,False
40362718,2025,0.8,0.0,0.2,True
40363722,2025,0.25,0.25,0.5,True
40364525,2025,0.8,0.0,0.2,True
40365393,2025,0.0,1.0,0.0,True
40365680,2025,0.0,0.0,1.0,True
40366203,2025,1.0,0.0,0.0,True
40366324,2025,1.0,0.0,0.0,True
40366383,2025,0.3333333333333333,0.6666666666666666,0.0,True
40366684,2025,0.0,0.0,1.0,True
40367064,2025,0.6666666666666666,0.0,0.3333333333333333,True
40367355,2025,0.25,0.75,0.0,True
40368142,2025,1.0,0.0,0.0,True
40368157,2025,0.0,1.0,0.0,True
40369063,2025,0.1,0.3,0.6,True
40369127,2026,1.0,0.0,0.0,False
40369503,2025,1.0,0.0,0.0,True
40370040,2025,0.5,0.5,0.0,True
40370528,2025,0.5,0.5,0.0,True
40371596,2025,1.0,0.0,0.0,True
40371642,2025,0.75,0.0,0.25,True
40371891,2025,1.0,0.0,0.0,True
40372913,2025,0.75,0.0,0.25,True
40373112,2025,0.75,0.0,0.25,True
40373114,2025,0.3333333333333333,0.0,0.6666666666666666,True
40373252,2025,1.0,0.0,0.0,True
40373766,2025,0.3333333333333333,0.3333333333333333,0.3333333333333333,True
40374560,2025,0.0,0.6666666666666666,0.3333333333333333,True
40374715,2025,0.25,0.5,0.25,False
40374902,2025,0.0,0.3333333333333333,0.6666666666666666,True
40374923,2025,0.0,0.0,0.0,True
40375095,2025,1.0,0.0,0.0,True
40375342,2025,1.0,0.0,0.0,True
40375494,2025,0.0,1.0,0.0,True
40375576,2025,0.0,0.42857142857142855,0.5714285714285714,True
40376061,2025,0.0,0.0,0.0,True
40376677,2025,0.1111111111111111,0.3333333333333333,0.5555555555555556,True
40377097,2025,1.0,0.0,0.0,True
40377101,2025,0.8,0.2,0.0,True
40377219,2025,0.3333333333333333,0.0,0.6666666666666666,True
40377230,2025,1.0,0.0,0.0,True
40377264,2025,0.8333333333333334,0.0,0.16666666666666666,True
40377525,2025,0.6,0.0,0.4,True
40377942,2025,1.0,0.0,0.0,True
40377976,2025,1.0,0.0,0.0,True
40378155,2025,0.3333333333333333,0.0,0.6666666666666666,True
40378357,2025,0.5,0.0,0.5,True
40379049,2025,0.8,0.0,0.2,True
40379692,2025,0.16666666666666666,0.0,0.8333333333333334,True
40379758,2025,0.0,0.6666666666666666,0.3333333333333333,True
40381003,2025,0.0,1.0,0.0,True
40381698,2025,0.0,0.75,0.25,True
40381809,2025,0.0,1.0,0.0,True
40381930,2025,1.0,0.0,0.0,True
40382135,2025,0.0,0.3333333333333333,0.6666666666666666,True
40382390,2025,0.16666666666666666,0.16666666666666666,0.6666666666666666,True
40383148,2025,0.16666666666666666,0.3333333333333333,0.5,True
40384933,2025,0.6666666666666666,0.3333333333333333,0.0,True
40386943,2025,1.0,0.0,0.0,True
40387129,2026,0.75,0.0,0.25,True
40387511,2025,0.3333333333333333,0.3333333333333333,0.3333333333333333,False
40387563,2025,1.0,0.0,0.0,True
40388119,2025,0.3333333333333333,0.3333333333333333,0.3333333333333333,True
40388863,2025,1.0,0.0,0.0,True
40389285,2025,0.5,0.0,0.5,False
40390195,2025,1.0,0.0,0.0,True
40390292,2025,1.0,0.0,0.0,True
40391876,2025,1.0,0.0,0.0,True
40392549,2025,0.2,0.0,0.8,True
40392570,2025,1.0,0.0,0.0,True
40392709,2025,1.0,0.0,0.0,True
40392756,2025,1.0,0.0,0.0,True
40392938,2025,0.5,0.5,0.0,False
40392977,2025,0.2,0.6,0.2,True
40393008,2025,0.0,0.0,0.0,True
40393055,2025,0.2,0.4,0.4,True
40393068,2025,1.0,0.0,0.0,True
40393661,2025,1.0,0.0,0.0,True
40393957,2025,0.5,0.0,0.5,True
40393978,2025,0.125,0.5,0.375,True
40394004,2025,1.0,0.0,0.0,True
40394087,2025,0.2857142857142857,0.0,0.7142857142857143,True
40394751,2025,1.0,0.0,0.0,True
40395905,2025,1.0,0.0,0.0,True
40396328,2025,0.5,0.5,0.0,False
40396771,2026,0.0,0.0,1.0,True
40397043,2026,0.0,1.0,0.0,True
40397676,2025,0.0,0.375,0.625,True
40397817,2025,1.0,0.0,0.0,True
40398353,2025,1.0,0.0,0.0,True
40398421,2025,0.0,0.0,1.0,False
40398609,2025,1.0,0.0,0.0,True
40399314,2025,0.16666666666666666,0.6666666666666666,0.16666666666666666,True
40399973,2025,1.0,0.0,0.0,True
40400169,2025,0.6153846153846154,0.15384615384615385,0.23076923076923078,True
40400173,2025,1.0,0.0,0.0,True
40400208,2025,1.0,0.0,0.0,True
40401961,2025,0.2,0.4,0.4,True
40402310,2025,0.2,0.2,0.6,True
40402450,2025,0.2,0.4,0.4,True
40402559,2025,1.0,0.0,0.0,True
40403705,2025,0.0,0.4,0.6,True
40403729,2025,0.125,0.375,0.5,True
40404548,2025,0.5,0.5,0.0,True
40405106,2025,1.0,0.0,0.0,True
40405377,2025,1.0,0.0,0.0,True
40405738,2025,1.0,0.0,0.0,True
40406092,2025,0.3333333333333333,0.3333333333333333,0.3333333333333333,False
40406372,2025,0.2857142857142857,0.42857142857142855,0.2857142857142857,True
40407141,2025,0.0,1.0,0.0,True
40407344,2025,0.16666666666666666,0.16666666666666666,0.6666666666666666,True
40407890,2025,1.0,0.0,0.0,True
40408517,2025,0.0,0.0,0.0,True
40408628,2025,1.0,0.0,0.0,False
40409308,2025,0.0,0.0,0.0,True
40409326,2025,0.8571428571428571,0.0,0.14285714285714285,True
40409557,2025,0.5,0.0,0.5,True
40409575,2025,1.0,0.0,0.0,True
40409691,2025,1.0,0.0,0.0,False
40410375,2025,0.3333333333333333,0.3333333333333333,0.3333333333333333,True
40410575,2025,0.0,0.0,1.0,True
40411437,2025,0.2,0.4,0.4,True
40411822,2025,0.14285714285714285,0.42857142857142855,0.42857142857142855,True
40412376,2025,0.2,0.0,0.8,True
40413193,2025,0.0,1.0,0.0,True
40413664,2025,0.0,0.0,1.0,True
40413746,2025,0.16666666666666666,0.16666666666666666,0.6666666666666666,True
40415454,2025,0.5,0.0,0.5,True
40415641,2025,0.5,0.0,0.5,False
40417242,2025,0.0,0.0,0.0,True
40417743,2025,0.5,0.0,0.5,True
40418374,2025,1.0,0.0,0.0,True
40418784,2025,0.5,0.5,0.0,True
40418889,2025,0.6666666666666666,0.0,0.3333333333333333,True
40419020,2025,1.0,0.0,0.0,True
40419535,2025,0.3333333333333333,0.6666666666666666,0.0,True
40421654,2025,0.25,0.0,0.75,True
40421800,2025,0.25,0.0,0.75,True
40421891,2025,1.0,0.0,0.0,True
40422661,2025,0.2,0.4,0.4,True
40422662,2025,0.25,0.5,0.25,True
40422813,2025,0.25,0.0,0.75,True
40423401,2025,1.0,0.0,0.0,True
40424469,2025,0.25,0.0,0.75,True
40424731,2025,1.0,0.0,0.0,True
40424896,2025,0.5,0.5,0.0,True
40427163,2025,1.0,0.0,0.0,False
40427492,2025,0.0,0.0,1.0,True
40428285,2025,0.6666666666666666,0.0,0.3333333333333333,True
40429912,2025,0.5,0.0,0.5,True
40431628,2025,0.16666666666666666,0.0,0.8333333333333334,True
40431651,2025,0.5,0.5,0.0,True
40431677,2025,0.2,0.4,0.4,True
40432103,2025,0.0,0.14285714285714285,0.8571428571428571,True
40432300,2025,1.0,0.0,0.0,True
40432717,2025,1.0,0.0,0.0,False
40433968,2025,1.0,0.0,0.0,True
40434350,2025,1.0,0.0,0.0,False
40434633,2025,1.0,0.0,0.0,True
40434915,2025,1.0,0.0,0.0,True
40435301,2025,1.0,0.0,0.0,True
40435375,2025,0.25,0.0,0.75,True
40435511,2025,1.0,0.0,0.0,True
40435724,2025,1.0,0.0,0.0,True
40436194,2025,0.625,0.25,0.125,True
40436241,2025,0.0,1.0,0.0,True
40436255,2025,1.0,0.0,0.0,True
40436432,2025,1.0,0.0,0.0,True
40437102,2025,0.8,0.0,0.2,True
40437193,2025,1.0,0.0,0.0,True
40437658,2025,1.0,0.0,0.0,True
40437670,2025,0.0,0.75,0.25,True
40437897,2025,0.2,0.0,0.8,True
40438148,2025,0.0,0.25,0.75,False
40439124,2025,0.8333333333333334,0.0,0.16666666666666666,True
40439882,2025,1.0,0.0,0.0,True
40440069,2025,0.16666666666666666,0.5,0.3333333333333333,True
40440356,2025,0.8571428571428571,0.0,0.14285714285714285,True
40440413,2026,0.75,0.25,0.0,False
40440574,2025,1.0,0.0,0.0,True
40441930,2025,1.0,0.0,0.0,True
40442044,2025,0.5,0.0,0.5,True
40442754,2025,0.0,0.0,1.0,True
40443300,2025,0.0,1.0,0.0,True
40443932,2025,0.8,0.0,0.2,True
40444264,2025,0.0,0.0,1.0,True
40445524,2025,1.0,0.0,0.0,True
40445755,2025,0.0,0.6666666666666666,0.3333333333333333,True
40445765,2025,0.0,1.0,0.0,True
40446017,2025,0.25,0.0,0.75,True
40446018,2025,0.0,0.6,0.4,True
40446030,2025,0.75,0.0,0.25,True
40446061,2025,0.3333333333333333,0.6666666666666666,0.0,True
40446075,2025,0.16666666666666666,0.16666666666666666,0.6666666666666666,True
40446956,2025,0.0,0.5555555555555556,0.4444444444444444,True
40447021,2025,1.0,0.0,0.0,True
40447318,2025,0.16666666666666666,0.5,0.3333333333333333,True
40447495,2025,1.0,0.0,0.0,True
40447542,2025,0.5,0.5,0.0,False
40447588,2025,0.25,0.25,0.5,True
40447607,2025,0.4,0.0,0.6,True
40447644,2025,0.14285714285714285,0.2857142857142857,0.5714285714285714,True
40448157,2025,0.0,0.5,0.5,True
40448998,2025,0.2,0.4,0.4,True
40449070,2025,0.0,0.5,0.5,True
40449486,2025,0.125,0.5,0.375,True
40449730,2025,0.0,0.8333333333333334,0.16666666666666666,True
40450686,2025,0.0,0.6,0.4,True
40450914,2025,0.0,1.0,0.0,True
40451134,2025,1.0,0.0,0.0,True
40451383,2025,0.0,0.6666666666666666,0.3333333333333333,True
40455489,2025,1.0,0.0,0.0,True
40455990,2025,0.0,0.0,1.0,True
40457060,2025,0.1111111111111111,0.4444444444444444,0.4444444444444444,True
40457355,2025,0.0,0.6666666666666666,0.3333333333333333,True
40457770,2025,0.3333333333333333,0.0,0.6666666666666666,True
40458046,2025,1.0,0.0,0.0,True
40459058,2025,0.14285714285714285,0.42857142857142855,0.42857142857142855,True
40459184,2025,0.8,0.0,0.2,True
40459968,2025,0.5,0.5,0.0,False
40461490,2025,0.16666666666666666,0.16666666666666666,0.6666666666666666,True
40461740,2026,1.0,0.0,0.0,True
40461772,2025,0.42857142857142855,0.0,0.5714285714285714,True
40461807,2025,0.5555555555555556,0.0,0.4444444444444444,True
40461818,2025,0.7142857142857143,0.14285714285714285,0.14285714285714285,True
40462861,2025,1.0,0.0,0.0,True
40462884,2025,1.0,0.0,0.0,True
40463626,2025,1.0,0.0,0.0,True
40464417,2025,0.25,0.0,0.75,True
40464735,2025,0.0,1.0,0.0,True
40466854,2025,0.125,0.5,0.375,True
40467297,2025,0.0,0.5,0.5,True
40467597,2025,0.3333333333333333,0.0,0.6666666666666666,True
40467706,2025,0.5,0.0,0.5,True
40467847,2025,0.5,0.0,0.5,True
40467956,2025,1.0,0.0,0.0,True
40467990,2025,0.0,0.75,0.25,True
40469440,2025,1.0,0.0,0.0,False
40469771,2025,0.0,1.0,0.0,True
40470007,2025,0.0,0.0,0.0,True
40471075,2025,1.0,0.0,0.0,True
40471101,2025,0.1111111111111111,0.3333333333333333,0.5555555555555556,True
40471621,2025,0.0,0.0,0.0,True
40472098,2025,0.625,0.375,0.0,True
40472712,2025,0.0,0.0,1.0,True
40472930,2025,0.0,0.0,0.0,True
40473563,2025,1.0,0.0,0.0,True
40473601,2025,0.0,0.5,0.5,True
40473626,2025,0.125,0.375,0.5,True
40473627,2025,0.2,0.4,0.4,True
40475811,2025,1.0,0.0,0.0,True
40476486,2025,0.14285714285714285,0.2857142857142857,0.5714285714285714,True
40478309,2025,0.0,0.0,1.0,True
40478591,2025,1.0,0.0,0.0,True
40479071,2025,0.2,0.0,0.8,True
40479619,2025,1.0,0.0,0.0,True
40479714,2025,0.125,0.0,0.875,True
40480217,2025,0.5,0.0,0.5,True
40480300,2025,0.8,0.0,0.2,True
40480424,2025,0.25,0.75,0.0,True
40480486,2026,1.0,0.0,0.0,True
40480636,2025,0.0,1.0,0.0,True
40480991,2025,0.5,0.0,0.5,True
40481030,2025,1.0,0.0,0.0,True
40481997,2025,1.0,0.0,0.0,True
40482880,2025,0.8333333333333334,0.0,0.16666666666666666,True
40483014,2025,0.0,0.0,0.0,True
40483017,2025,0.0,0.0,0.0,True
40483362,2025,0.4,0.2,0.4,True
40485091,2025,1.0,0.0,0.0,True
40486178,2025,0.75,0.0,0.25,True
40486524,2025,1.0,0.0,0.0,True
40487278,2025,0.0,0.0,0.0,True
40488375,2025,0.0,0.0,1.0,True
40488376,2025,0.0,0.0,1.0,True
40488421,2026,1.0,0.0,0.0,True
40488620,2025,1.0,0.0,0.0,True
40489009,2025,1.0,0.0,0.0,True
40489785,2025,0.14285714285714285,0.42857142857142855,0.42857142857142855,True
40490293,2025,0.0,1.0,0.0,True
40491337,2025,1.0,0.0,0.0,True
40491485,2025,0.14285714285714285,0.0,0.8571428571428571,True
40491865,2025,0.0,0.2222222222222222,0.7777777777777778,True
40492103,2025,1.0,0.0,0.0,True
40492736,2025,0.25,0.5,0.25,True
40493036,2025,0.3333333333333333,0.0,0.6666666666666666,True
40493039,2025,0.0,0.5,0.5,True
40493189,2025,0.25,0.0,0.75,True
40493293,2025,1.0,0.0,0.0,True
40493417,2025,1.0,0.0,0.0,True
40493569,2025,0.0,1.0,0.0,True
40493675,2025,0.8,0.2,0.0,True
40494165,2025,0.3333333333333333,0.0,0.6666666666666666,False
40494317,2025,0.8333333333333334,0.0,0.16666666666666666,True
40494346,2025,0.125,0.375,0.5,True
40495382,2025,1.0,0.0,0.0,True
40496668,2025,1.0,0.0,0.0,True
40497015,2025,0.25,0.25,0.5,True
40498074,2025,0.0,0.0,1.0,True
40498369,2025,0.16666666666666666,0.5,0.3333333333333333,True
40498454,2025,0.0,0.0,1.0,True
40498559,2025,0.75,0.0,0.25,True
40498852,2025,0.6666666666666666,0.16666666666666666,0.16666666666666666,True
40498855,2025,0.25,0.5,0.25,True
40498956,2025,0.0,0.0,1.0,True
40499094,2025,0.0,0.0,0.0,True
40499748,2025,0.3333333333333333,0.0,0.6666666666666666,False
40499977,2025,1.0,0.0,0.0,True
40500270,2025,0.3333333333333333,0.0,0.6666666666666666,True
40500404,2025,0.3333333333333333,0.3333333333333333,0.3333333333333333,False
40500445,2025,0.5,0.0,0.5,True
40500448,2025,0.16666666666666666,0.3333333333333333,0.5,True
40500928,2025,1.0,0.0,0.0,True
40502402,2025,1.0,0.0,0.0,True
40502707,2025,0.14285714285714285,0.14285714285714285,0.7142857142857143,True
40502713,2025,0.0,0.14285714285714285,0.8571428571428571,True
40502929,2025,0.0,0.0,1.0,True
40503613,2025,0.6,0.4,0.0,True
40504411,2025,1.0,0.0,0.0,True
40504560,2025,1.0,0.0,0.0,True
40504671,2026,0.0,0.0,0.0,True
40504684,2026,0.0,0.0,1.0,True
40504816,2025,0.0,0.0,1.0,False
40505103,2025,0.0,1.0,0.0,True
40506970,2025,1.0,0.0,0.0,True
40507169,2025,1.0,0.0,0.0,True
40507787,2025,1.0,0.0,0.0,True
40510125,2025,0.3333333333333333,0.16666666666666666,0.5,True
40511807,2025,0.3333333333333333,0.6666666666666666,0.0,False
40511818,2026,1.0,0.0,0.0,False
40512168,2025,0.0,0.0,1.0,True
40513117,2025,0.8333333333333334,0.0,0.16666666666666666,True
40514287,2026,0.2,0.2,0.6,False
40515561,2025,0.0,0.8,0.2,True
40516049,2025,0.16666666666666666,0.3333333333333333,0.5,True
40516095,2026,1.0,0.0,0.0,False
40516284,2025,1.0,0.0,0.0,True
40517164,2025,1.0,0.0,0.0,False
40519070,2025,0.8571428571428571,0.0,0.14285714285714285,True
40519170,2025,0.5,0.5,0.0,False
40520262,2025,0.0,0.0,1.0,False
40520284,2025,1.0,0.0,0.0,True
40522183,2025,0.3333333333333333,0.0,0.6666666666666666,True
40522671,2025,1.0,0.0,0.0,True
40523001,2025,0.0,0.14285714285714285,0.8571428571428571,True
40523461,2025,0.1111111111111111,0.3333333333333333,0.5555555555555556,True
40523512,2025,0.25,0.75,0.0,True
40523602,2025,0.25,0.25,0.5,False
40523990,2025,1.0,0.0,0.0,False
40524014,2025,1.0,0.0,0.0,True
40524167,2025,0.2,0.6,0.2,True
40525490,2026,1.0,0.0,0.0,True
40525821,2025,1.0,0.0,0.0,False
40525876,2025,0.25,0.0,0.75,True
40525963,2025,0.75,0.0,0.25,True
40526437,2025,0.3333333333333333,0.6666666666666666,0.0,True
40526703,2025,1.0,0.0,0.0,True
40526718,2025,0.0,0.75,0.25,True
40526805,2025,0.0,1.0,0.0,True
40527453,2025,0.0,1.0,0.0,True
40527531,2025,0.3333333333333333,0.0,0.6666666666666666,True
40527992,2025,0.0,0.0,0.0,False
40528254,2025,1.0,0.0,0.0,True
40528426,2025,0.5,0.0,0.5,False
40529477,2025,0.25,0.0,0.75,True
40529483,2025,0.0,0.0,1.0,True
40531066,2025,1.0,0.0,0.0,True
40532152,2025,1.0,0.0,0.0,True
40532696,2025,0.8333333333333334,0.16666666666666666,0.0,True
40533460,2025,0.125,0.25,0.625,True
40533497,2025,0.8333333333333334,0.0,0.16666666666666666,True
40534127,2025,0.0,0.0,1.0,True
40534376,2025,1.0,0.0,0.0,True
40536230,2025,1.0,0.0,0.0,True
40536473,2025,0.125,0.5,0.375,True
40536705,2025,0.8333333333333334,0.0,0.16666666666666666,True
40536974,2025,0.16666666666666666,0.5,0.3333333333333333,True
40537477,2025,1.0,0.0,0.0,True
40537483,2025,1.0,0.0,0.0,True
40537781,2025,1.0,0.0,0.0,True
40540570,2025,0.0,0.75,0.25,True
40540754,2025,0.25,0.25,0.5,False
40540800,2025,1.0,0.0,0.0,True
40541208,2025,1.0,0.0,0.0,True
40541223,2025,0.0,0.0,0.0,False
40541257,2025,1.0,0.0,0.0,True
40541392,2025,1.0,0.0,0.0,True
40542184,2025,0.0,0.0,1.0,True
40543381,2025,0.3333333333333333,0.3333333333333333,0.3333333333333333,True
40543582,2025,0.25,0.25,0.5,True
40543583,2025,0.25,0.0,0.75,True
40543584,2025,0.5,0.0,0.5,True
40544990,2025,0.5,0.0,0.5,True
40545244,2025,0.2,0.4,0.4,True
40546713,2025,1.0,0.0,0.0,True
40546724,2024,0.2857142857142857,0.0,0.7142857142857143,True
40546820,2025,0.0,0.0,1.0,True
40546936,2025,0.0,0.0,1.0,True
40547182,2025,1.0,0.0,0.0,True
40547258,2025,0.125,0.75,0.125,True
40547444,2025,0.5,0.0,0.5,True
40547869,2024,0.0,0.0,0.0,True
40547891,2025,1.0,0.0,0.0,True
40548384,2026,0.75,0.0,0.25,True
40548513,2025,1.0,0.0,0.0,True
40548708,2025,0.8333333333333334,0.0,0.16666666666666666,True
40549483,2025,0.2,0.4,0.4,True
40550315,2025,0.2,0.2,0.6,True
40550330,2025,0.25,0.5,0.25,True
40550567,2025,1.0,0.0,0.0,True
40550568,2025,0.75,0.0,0.25,True
40550819,2025,0.0,0.0,0.0,True
40550835,2025,0.0,0.0,0.0,False
40550995,2025,0.0,0.0,1.0,True
40552139,2024,0.25,0.0,0.75,True
40552638,2025,1.0,0.0,0.0,True
40552830,2025,0.5,0.0,0.5,True
40552966,2025,0.8333333333333334,0.16666666666666666,0.0,True
40553458,2025,1.0,0.0,0.0,True
40553937,2025,1.0,0.0,0.0,True
40554366,2025,0.3333333333333333,0.6666666666666666,0.0,True
40554514,2025,1.0,0.0,0.0,True
40554551,2025,1.0,0.0,0.0,True
40554661,2025,0.5,0.0,0.5,True
40555412,2025,0.0,0.0,1.0,True
40555733,2025,1.0,0.0,0.0,False
40555833,2025,0.125,0.5,0.375,True
40556345,2025,0.0,1.0,0.0,True
40556879,2025,0.0,0.0,1.0,True
40557545,2025,0.0,0.25,0.75,True
40557566,2025,1.0,0.0,0.0,True
40557899,2025,0.0,0.0,1.0,True
40558515,2025,0.0,0.4,0.6,True
40559451,2025,1.0,0.0,0.0,True
40559528,2025,0.25,0.25,0.5,True
40560391,2025,1.0,0.0,0.0,True
40560588,2025,1.0,0.0,0.0,True
40560640,2025,0.5,0.0,0.5,True
40561001,2025,0.7142857142857143,0.0,0.2857142857142857,True
40561208,2025,0.6363636363636364,0.0,0.36363636363636365,True
40562034,2025,0.2,0.4,0.4,True
40562352,2025,0.0,0.0,0.0,True
40562354,2025,1.0,0.0,0.0,False
40562718,2025,0.25,0.5,0.25,True
40562790,2025,0.2,0.4,0.4,True
40562930,2025,0.0,0.2857142857142857,0.7142857142857143,True
40562976,2025,0.25,0.75,0.0,True
40563523,2025,1.0,0.0,0.0,True
40565098,2025,0.3333333333333333,0.3333333333333333,0.3333333333333333,False
40568761,2025,0.6666666666666666,0.0,0.3333333333333333,True
40570046,2025,0.75,0.25,0.0,True
40570150,2026,0.5,0.5,0.0,True
40571836,2025,0.3333333333333333,0.0,0.6666666666666666,True
40573292,2025,0.0,0.25,0.75,True
40573440,2025,0.2,0.6,0.2,True
40573979,2025,0.0,0.5,0.5,True
40575439,2025,0.25,0.0,0.75,True
40576296,2025,1.0,0.0,0.0,True
40577079,2026,1.0,0.0,0.0,True
40577485,2025,0.0,0.5,0.5,True
40578342,2025,0.125,0.375,0.5,True
40578407,2025,0.2,0.4,0.4,True
40578543,2025,1.0,0.0,0.0,True
40579223,2025,1.0,0.0,0.0,True
40580248,2026,0.0,0.6,0.4,True
40581184,2025,1.0,0.0,0.0,True
40581580,2026,1.0,0.0,0.0,True
40581828,2025,0.0,0.6666666666666666,0.3333333333333333,True
40582234,2025,1.0,0.0,0.0,True
40582407,2025,1.0,0.0,0.0,True
40583782,2025,0.7142857142857143,0.0,0.2857142857142857,True
40584527,2025,1.0,0.0,0.0,True
40584741,2025,0.4,0.2,0.4,True
40584941,2025,1.0,0.0,0.0,True
40585309,2025,0.6666666666666666,0.3333333333333333,0.0,True
40585810,2025,0.6666666666666666,0.0,0.3333333333333333,True
40585990,2025,0.0,1.0,0.0,True
40586102,2025,0.6666666666666666,0.0,0.3333333333333333,True
40586235,2025,0.0,0.0,0.0,True
40586304,2025,0.0,0.4,0.6,True
40587126,2025,0.75,0.0,0.25,True
40587456,2025,1.0,0.0,0.0,True
40587837,2025,0.5,0.5,0.0,True
40588523,2025,0.25,0.5,0.25,True
40588577,2025,1.0,0.0,0.0,True
40588649,2025,1.0,0.0,0.0,True
40589069,2025,0.0,0.0,0.0,True
40590790,2025,0.16666666666666666,0.3333333333333333,0.5,True
40591731,2025,0.0,0.3333333333333333,0.6666666666666666,True
40591860,2025,1.0,0.0,0.0,True
40591906,2026,0.2,0.8,0.0,True
40592451,2025,0.0,0.6666666666666666,0.3333333333333333,True
40593410,2025,0.5,0.0,0.5,True
40593471,2025,0.14285714285714285,0.7142857142857143,0.14285714285714285,True
40593686,2025,0.16666666666666666,0.16666666666666666,0.6666666666666666,True
40593910,2025,0.0,0.5714285714285714,0.42857142857142855,True
40594889,2025,0.25,0.0,0.75,True
40595038,2025,1.0,0.0,0.0,True
40595404,2025,0.0,0.0,1.0,True
40595444,2025,0.6666666666666666,0.0,0.3333333333333333,True
40595495,2025,0.25,0.5,0.25,True
40595513,2025,0.25,0.0,0.75,True
40595555,2025,0.0,0.0,1.0,True
40595649,2025,0.0,0.0,1.0,True
40596438,2025,1.0,0.0,0.0,True
40597580,2025,0.0,1.0,0.0,True
40597597,2025,0.0,0.75,0.25,True
40597749,2025,1.0,0.0,0.0,True
40597877,2025,1.0,0.0,0.0,True
40598490,2025,0.2,0.0,0.8,True
40598550,2025,0.5714285714285714,0.42857142857142855,0.0,True
40598710,2025,0.0,0.0,0.0,True
40599743,2025,0.0,0.0,1.0,True
40600308,2025,1.0,0.0,0.0,True
40600918,2025,0.0,1.0,0.0,True
40601626,2025,0.0,0.75,0.25,True
40602104,2025,1.0,0.0,0.0,True
40603677,2025,1.0,0.0,0.0,True
40603781,2025,0.3333333333333333,0.3333333333333333,0.3333333333333333,False
40604128,2025,0.0,0.0,0.0,False
40604259,2024,0.0,0.3333333333333333,0.6666666666666666,False
40604283,2025,0.0,0.0,1.0,True
40605272,2025,1.0,0.0,0.0,True
40605679,2025,0.0,0.0,1.0,True
40606272,2025,0.5,0.5,0.0,True
40606290,2025,1.0,0.0,0.0,True
40608416,2025,0.2,0.4,0.4,True
40608428,2025,0.2,0.6,0.2,True
40609070,2025,1.0,0.0,0.0,True
40609167,2025,1.0,0.0,0.0,True
40609532,2025,0.2,0.4,0.4,True
40609572,2025,1.0,0.0,0.0,True
40609677,2025,1.0,0.0,0.0,True
40610393,2025,1.0,0.0,0.0,True
40610405,2025,0.5,0.5,0.0,True
40611650,2026,1.0,0.0,0.0,True
40613270,2025,1.0,0.0,0.0,True
40613350,2025,0.8333333333333334,0.0,0.16666666666666666,True
40613583,2025,1.0,0.0,0.0,True
40613671,2025,0.0,0.0,0.0,True
40613712,2025,0.14285714285714285,0.2857142857142857,0.5714285714285714,True
40613926,2025,0.0,0.75,0.25,True
40614187,2025,0.125,0.375,0.5,True
40614690,2025,0.0,0.0,1.0,False
40614733,2025,0.0,0.3333333333333333,0.6666666666666666,True
40615050,2025,0.2,0.6,0.2,True
40615375,2025,0.0,0.42857142857142855,0.5714285714285714,True
40615423,2025,1.0,0.0,0.0,True
40615687,2025,1.0,0.0,0.0,True
40616201,2025,0.25,0.25,0.5,True
40616579,2025,1.0,0.0,0.0,False
40616879,2025,0.5,0.5,0.0,False
40616977,2025,0.0,0.0,1.0,False
40617240,2025,1.0,0.0,0.0,True
40618230,2025,0.3333333333333333,0.0,0.6666666666666666,True
40618281,2025,0.25,0.5,0.25,True
40619428,2025,0.0,0.5555555555555556,0.4444444444444444,True
40619595,2025,0.2,0.4,0.4,True
40619727,2025,0.6,0.4,0.0,True
40619793,2025,1.0,0.0,0.0,False
40620806,2025,0.0,0.7777777777777778,0.2222222222222222,True
40621477,2025,0.125,0.375,0.5,True
40622679,2025,0.0,0.0,0.0,True
40622832,2025,1.0,0.0,0.0,True
40622863,2025,0.5,0.0,0.5,True
40622878,2025,0.0,0.6,0.4,True
40622981,2025,1.0,0.0,0.0,True
40623245,2025,1.0,0.0,0.0,True
40623490,2025,0.0,0.0,0.0,True
40624061,2025,0.0,0.5,0.5,True
40624639,2025,1.0,0.0,0.0,True
40626619,2025,0.0,0.0,1.0,True
40626715,2025,0.2,0.0,0.8,True
40626725,2025,0.25,0.0,0.75,True
40627176,2025,0.8333333333333334,0.0,0.16666666666666666,True
40627315,2025,1.0,0.0,0.0,True
40627448,2025,0.25,0.5,0.25,True
40627746,2025,0.3333333333333333,0.3333333333333333,0.3333333333333333,False
40628257,2025,0.16666666666666666,0.6666666666666666,0.16666666666666666,True
40628728,2025,0.5,0.0,0.5,True
40628971,2025,0.0,1.0,0.0,True
40629110,2025,0.125,0.75,0.125,True
40629149,2025,0.0,1.0,0.0,True
40629847,2025,0.7777777777777778,0.0,0.2222222222222222,True
40629956,2025,1.0,0.0,0.0,True
40630000,2025,1.0,0.0,0.0,True
40630285,2025,1.0,0.0,0.0,True
40630379,2025,1.0,0.0,0.0,True
40631482,2025,0.8,0.0,0.2,True
40632081,2025,1.0,0.0,0.0,True
40632611,2025,0.1111111111111111,0.2222222222222222,0.6666666666666666,True
40632834,2025,0.16666666666666666,0.5,0.3333333333333333,True
40632856,2025,0.0,1.0,0.0,True
40632867,2025,0.3333333333333333,0.0,0.6666666666666666,True
40633528,2025,0.16666666666666666,0.3333333333333333,0.5,True
40633596,2025,0.3333333333333333,0.3333333333333333,0.3333333333333333,False
40633616,2025,1.0,0.0,0.0,True
40633854,2025,1.0,0.0,0.0,True
40633889,2026,1.0,0.0,0.0,True
40634223,2025,1.0,0.0,0.0,True
40635371,2025,1.0,0.0,0.0,False
40635708,2025,0.0,0.0,1.0,True
40636050,2025,1.0,0.0,0.0,True
40637224,2025,0.0,0.25,0.75,True
40637226,2025,0.16666666666666666,0.0,0.8333333333333334,True
40637228,2025,0.0,0.3333333333333333,0.6666666666666666,True
40637512,2025,0.5,0.3333333333333333,0.16666666666666666,True
40637545,2025,0.5,0.5,0.0,False
40638383,2025,0.3333333333333333,0.6666666666666666,0.0,True
40638731,2025,0.0,1.0,0.0,True
40638800,2025,1.0,0.0,0.0,True
40639194,2025,0.3333333333333333,0.6666666666666666,0.0,True
40639377,2025,0.16666666666666666,0.5,0.3333333333333333,True
40639723,2025,0.5,0.0,0.5,True
40639874,2025,0.16666666666666666,0.3333333333333333,0.5,True
40639887,2025,0.0,0.0,0.0,False
40640339,2025,0.0,0.6,0.4,True
40643048,2025,0.75,0.0,0.25,True
40643189,2026,1.0,0.0,0.0,True
40643267,2025,1.0,0.0,0.0,True
40644302,2025,0.125,0.375,0.5,True
40644553,2025,0.0,0.6,0.4,True
40644923,2025,0.25,0.0,0.75,True
40645259,2025,1.0,0.0,0.0,True
40645301,2025,0.5,0.5,0.0,False
40646133,2025,0.8333333333333334,0.0,0.16666666666666666,True
40647379,2025,0.3333333333333333,0.0,0.6666666666666666,True
40647381,2025,0.0,0.0,1.0,False
40649822,2025,0.25,0.5,0.25,True
40650434,2025,0.5,0.5,0.0,True
40650988,2025,1.0,0.0,0.0,True
40651390,2025,1.0,0.0,0.0,False
40651552,2025,1.0,0.0,0.0,True
40651914,2025,0.0,1.0,0.0,True
40651939,2025,0.2,0.0,0.8,True
40653253,2025,1.0,0.0,0.0,True
40653654,2025,0.3333333333333333,0.0,0.6666666666666666,True
40653802,2025,1.0,0.0,0.0,True
40654086,2025,0.6666666666666666,0.0,0.3333333333333333,True
40657759,2025,0.5,0.5,0.0,True
40657853,2025,0.75,0.0,0.25,True
40658085,2025,1.0,0.0,0.0,True
40658617,2025,1.0,0.0,0.0,False
40658711,2025,0.0,0.6666666666666666,0.3333333333333333,True
40659484,2025,0.6,0.0,0.4,True
40659526,2025,0.0,0.6666666666666666,0.3333333333333333,True
40660002,2025,0.125,0.375,0.5,True
40660675,2025,1.0,0.0,0.0,True
40660753,2025,1.0,0.0,0.0,True
40662098,2025,0.0,0.0,0.0,True
40662354,2025,0.16666666666666666,0.3333333333333333,0.5,True
40662672,2025,0.14285714285714285,0.2857142857142857,0.5714285714285714,True
40662679,2025,0.3333333333333333,0.6666666666666666,0.0,True
40662763,2025,0.75,0.0,0.25,True
40662797,2025,1.0,0.0,0.0,True
40662841,2025,0.3333333333333333,0.0,0.6666666666666666,True
40663402,2025,0.14285714285714285,0.2857142857142857,0.5714285714285714,True
40664214,2025,0.0,0.2857142857142857,0.7142857142857143,True
40664633,2025,1.0,0.0,0.0,True
40664650,2025,1.0,0.0,0.0,True
40664687,2025,0.875,0.125,0.0,True
40664855,2025,1.0,0.0,0.0,True
40665048,2025,1.0,0.0,0.0,True
40665096,2026,0.0,1.0,0.0,True
40665154,2025,0.3333333333333333,0.6666666666666666,0.0,True
40665364,2025,0.14285714285714285,0.0,0.8571428571428571,True
40665431,2025,1.0,0.0,0.0,True
40665589,2025,0.6,0.0,0.4,True
40665623,2025,1.0,0.0,0.0,True
40665754,2026,0.6666666666666666,0.3333333333333333,0.0,True
40665907,2025,1.0,0.0,0.0,True
40666024,2025,1.0,0.0,0.0,True
40666472,2025,0.2,0.4,0.4,True
40668583,2025,1.0,0.0,0.0,True
40668606,2025,0.14285714285714285,0.0,0.8571428571428571,True
40668633,2025,1.0,0.0,0.0,True
40668759,2025,1.0,0.0,0.0,True
40669017,2025,0.0,0.0,0.0,True
40669128,2025,1.0,0.0,0.0,True
40669308,2025,1.0,0.0,0.0,True
40669703,2025,1.0,0.0,0.0,True
40670332,2025,0.25,0.0,0.75,True
40670382,2025,0.5,0.0,0.5,True
40670672,2025,0.25,0.5,0.25,True
40670720,2026,1.0,0.0,0.0,True
40670787,2025,0.125,0.375,0.5,True
40671279,2025,0.25,0.0,0.75,True
40671646,2025,1.0,0.0,0.0,False
40672902,2025,0.5,0.5,0.0,True
40673159,2025,0.25,0.0,0.75,True
40674067,2025,0.5,0.0,0.5,True
40674144,2025,0.2,0.4,0.4,True
40675171,2025,0.5,0.5,0.0,True
40675176,2025,1.0,0.0,0.0,True
40675262,2025,1.0,0.0,0.0,True
40675492,2025,1.0,0.0,0.0,True
40675800,2025,1.0,0.0,0.0,True
40675912,2025,0.75,0.0,0.25,True
40675952,2025,0.0,0.6,0.4,True
40675980,2025,0.0,0.6666666666666666,0.3333333333333333,True
40675999,2025,0.5,0.0,0.5,True
40676153,2025,0.3333333333333333,0.0,0.6666666666666666,True
40676159,2025,0.0,0.5,0.5,True
40677151,2025,0.75,0.0,0.25,True
40677920,2025,0.2857142857142857,0.14285714285714285,0.5714285714285714,True
40678530,2025,0.0,0.0,1.0,True
40678545,2025,0.3333333333333333,0.6666666666666666,0.0,True
40679470,2025,0.5,0.0,0.5,True
40679848,2025,0.3333333333333333,0.0,0.6666666666666666,True
40680114,2025,0.14285714285714285,0.2857142857142857,0.5714285714285714,True
40680733,2025,0.3333333333333333,0.3333333333333333,0.3333333333333333,True
40681059,2025,0.16666666666666666,0.5,0.3333333333333333,True
40681575,2025,0.2,0.4,0.4,True
40681578,2025,0.0,0.5714285714285714,0.42857142857142855,True
40681653,2025,0.0,0.8,0.2,True
40681875,2025,0.25,0.5,0.25,True
40681989,2025,1.0,0.0,0.0,True
40682793,2025,1.0,0.0,0.0,True
40682891,2025,0.0,1.0,0.0,True
40683285,2025,0.625,0.0,0.375,True
40683337,2026,0.0,0.0,1.0,True
40683339,2026,1.0,0.0,0.0,True
40684476,2025,0.5,0.0,0.5,True
40684871,2025,0.0,1.0,0.0,True
40685563,2025,1.0,0.0,0.0,True
40685942,2025,0.3333333333333333,0.6666666666666666,0.0,True
40686931,2025,0.2,0.2,0.6,True
40689076,2025,0.0,0.0,0.0,False
40689531,2025,1.0,0.0,0.0,True
40689623,2025,0.16666666666666666,0.0,0.8333333333333334,True
40690752,2025,0.0,0.0,1.0,True
40690835,2025,1.0,0.0,0.0,True
40691164,2025,0.25,0.0,0.75,True
40691366,2025,0.9,0.0,0.1,True
40691514,2026,1.0,0.0,0.0,True
40691706,2025,0.3333333333333333,0.0,0.6666666666666666,True
40693398,2026,0.5,0.0,0.5,True
40693833,2025,1.0,0.0,0.0,True
40693846,2025,1.0,0.0,0.0,True
40693847,2025,1.0,0.0,0.0,True
40693864,2025,0.0,0.0,0.0,True
40693985,2025,1.0,0.0,0.0,False
40694534,2025,0.5,0.5,0.0,True
40694689,2025,0.0,0.5,0.5,True
40695223,2025,0.0,1.0,0.0,True
40695287,2025,0.14285714285714285,0.0,0.8571428571428571,True
40695986,2025,0.0,1.0,0.0,True
40696854,2025,1.0,0.0,0.0,True
40696992,2025,1.0,0.0,0.0,True
40697949,2025,0.2,0.0,0.8,True
40698014,2025,0.6666666666666666,0.0,0.3333333333333333,True
40698602,2025,0.0,0.2857142857142857,0.7142857142857143,True
40700020,2025,0.125,0.25,0.625,True
40700137,2025,0.0,0.0,1.0,True
40700517,2025,0.75,0.0,0.25,True
40700675,2025,0.0,0.0,1.0,False
40701095,2025,1.0,0.0,0.0,True
40701220,2025,1.0,0.0,0.0,True
40701478,2025,0.16666666666666666,0.3333333333333333,0.5,True
40701746,2025,0.0,0.6666666666666666,0.3333333333333333,True
40702183,2025,0.25,0.0,0.75,True
40702186,2025,0.1,0.3,0.6,True
40704654,2025,0.25,0.0,0.75,True
40704960,2025,1.0,0.0,0.0,True
40705419,2025,0.6,0.0,0.4,False
40706081,2025,1.0,0.0,0.0,True
40706372,2025,1.0,0.0,0.0,True
40706956,2025,1.0,0.0,0.0,True
40706961,2025,0.3333333333333333,0.0,0.6666666666666666,True
40707428,2025,0.16666666666666666,0.5,0.3333333333333333,True
40709916,2025,0.0,1.0,0.0,True
40710562,2025,0.6666666666666666,0.0,0.3333333333333333,True
40711765,2025,1.0,0.0,0.0,True
40711969,2025,0.5,0.5,0.0,False
40712028,2025,0.5,0.0,0.5,True
40712116,2025,1.0,0.0,0.0,True
40712149,2025,0.2,0.0,0.8,True
40713320,2026,0.5,0.5,0.0,False
40713943,2025,0.0,0.2222222222222222,0.7777777777777778,True
40714914,2025,1.0,0.0,0.0,True
40715346,2025,0.5,0.0,0.5,True
40715457,2026,0.25,0.5,0.25,True
40717068,2025,1.0,0.0,0.0,True
40718365,2025,0.0,0.0,1.0,True
40718790,2025,1.0,0.0,0.0,True
40720341,2025,1.0,0.0,0.0,True
40720354,2025,0.3333333333333333,0.0,0.6666666666666666,True
40720370,2025,0.5,0.0,0.5,True
40720784,2026,1.0,0.0,0.0,True
40720792,2026,0.2,0.6,0.2,True
40721320,2025,0.0,1.0,0.0,True
40721322,2025,1.0,0.0,0.0,True
40721534,2025,0.2,0.0,0.8,True
40721871,2025,0.25,0.5,0.25,True
40724977,2025,1.0,0.0,0.0,True
40725122,2025,0.3333333333333333,0.3333333333333333,0.3333333333333333,False
40725219,2025,0.0,0.7142857142857143,0.2857142857142857,True
40726154,2025,0.6666666666666666,0.0,0.3333333333333333,True
40726398,2026,1.0,0.0,0.0,True
40727970,2025,1.0,0.0,0.0,True
40728386,2025,0.0,0.0,1.0,True
40728637,2025,0.75,0.0,0.25,True
40729386,2025,0.5,0.5,0.0,True
40730049,2025,1.0,0.0,0.0,True
40730155,2025,0.0,0.0,1.0,True
40730158,2025,0.14285714285714285,0.0,0.8571428571428571,True
40730159,2025,0.8571428571428571,0.0,0.14285714285714285,True
40730165,2025,0.0,0.6666666666666666,0.3333333333333333,True
40730889,2025,1.0,0.0,0.0,True
40730904,2025,1.0,0.0,0.0,True
40731088,2025,0.5,0.0,0.5,True
40733578,2025,0.6666666666666666,0.0,0.3333333333333333,True
40735107,2025,1.0,0.0,0.0,True
40735274,2025,0.3333333333333333,0.0,0.6666666666666666,True
40735771,2026,1.0,0.0,0.0,True
40735772,2025,0.0,1.0,0.0,True
40736079,2025,0.0,0.6666666666666666,0.3333333333333333,True
40736792,2025,0.0,0.5,0.5,True
40737092,2025,0.16666666666666666,0.0,0.8333333333333334,True
40737125,2025,0.25,0.0,0.75,True
40737210,2025,1.0,0.0,0.0,True
40737281,2026,0.0,1.0,0.0,True
40737496,2025,0.5,0.5,0.0,False
40738073,2025,0.25,0.0,0.75,True
40738983,2025,0.0,0.5,0.5,True
40739345,2025,0.0,0.5,0.5,True
40739694,2026,1.0,0.0,0.0,True
40739794,2025,1.0,0.0,0.0,True
40740433,2025,0.75,0.0,0.25,True
40742260,2025,0.5,0.0,0.5,True
40743445,2025,1.0,0.0,0.0,True
40744051,2025,0.0,0.0,0.0,False
40744518,2025,1.0,0.0,0.0,True
40745001,2025,0.25,0.5,0.25,False
40745191,2025,1.0,0.0,0.0,True
40745921,2025,0.0,0.0,1.0,True
40746554,2025,0.0,0.75,0.25,True
40747253,2025,0.0,0.5,0.5,True
40747802,2025,0.0,0.5,0.5,True
40748348,2025,1.0,0.0,0.0,True
40748686,2025,0.16666666666666666,0.3333333333333333,0.5,True
40748758,2025,0.2,0.0,0.8,True
40749059,2025,0.0,0.5,0.5,True
40749069,2025,0.0,0.2,0.8,True
40750617,2025,0.1111111111111111,0.3333333333333333,0.5555555555555556,True
40751052,2025,0.1,0.2,0.7,True
40752406,2025,1.0,0.0,0.0,True
40752578,2025,0.2,0.4,0.4,True
40753283,2025,1.0,0.0,0.0,True
40753727,2025,0.16666666666666666,0.3333333333333333,0.5,True
40754300,2025,0.2,0.0,0.8,True
40754866,2025,1.0,0.0,0.0,False
40754867,2025,0.25,0.5,0.25,True
40755007,2026,0.0,0.0,1.0,True
40755411,2025,0.0,0.3333333333333333,0.6666666666666666,True
40755455,2025,0.0,1.0,0.0,True
40757061,2025,0.1,0.1,0.8,True
40757626,2025,1.0,0.0,0.0,True
40757754,2025,0.0,1.0,0.0,True
40758122,2025,0.0,0.5714285714285714,0.42857142857142855,True
40758600,2025,0.3333333333333333,0.6666666666666666,0.0,True
40758680,2025,0.0,1.0,0.0,True
40758820,2025,0.0,0.6666666666666666,0.3333333333333333,True
40758833,2025,0.0,0.5,0.5,True
40758976,2025,0.3333333333333333,0.0,0.6666666666666666,True
40759263,2026,0.2,0.2,0.6,False
40759291,2026,1.0,0.0,0.0,True
40759652,2025,0.1,0.4,0.5,True
40760255,2025,0.14285714285714285,0.42857142857142855,0.42857142857142855,True
40760763,2025,1.0,0.0,0.0,True
40763310,2025,0.25,0.75,0.0,True
40763729,2025,0.3333333333333333,0.3333333333333333,0.3333333333333333,False
40763732,2025,0.2,0.0,0.8,True
40764514,2025,0.16666666666666666,0.0,0.8333333333333334,True
40767334,2025,0.0,0.42857142857142855,0.5714285714285714,True
40767848,2025,0.5,0.0,0.5,True
40768360,2025,0.0,0.25,0.75,True
40768568,2025,0.2,0.4,0.4,True
40768601,2025,0.5714285714285714,0.0,0.42857142857142855,True
40768682,2025,0.25,0.5,0.25,True
40769125,2025,0.0,0.0,0.0,True
40769718,2025,0.0,0.5,0.5,True
40769975,2025,0.0,0.0,1.0,True
40770100,2025,0.0,0.3333333333333333,0.6666666666666666,True
40770529,2026,0.25,0.5,0.25,False
40772709,2025,0.0,0.5,0.5,True
40774340,2026,1.0,0.0,0.0,True
40774606,2025,0.0,0.5,0.5,True
40775042,2025,1.0,0.0,0.0,True
40775105,2025,0.6,0.0,0.4,True
40775568,2026,1.0,0.0,0.0,True
40775948,2025,1.0,0.0,0.0,True
40776481,2025,0.6,0.0,0.4,True
40776673,2025,0.3333333333333333,0.6666666666666666,0.0,False
40778402,2025,0.8,0.2,0.0,True
40779322,2025,1.0,0.0,0.0,False
40779451,2025,0.0,0.2857142857142857,0.7142857142857143,True
40780497,2025,1.0,0.0,0.0,True
40780965,2025,0.0,0.75,0.25,True
40781626,2025,0.5,0.5,0.0,False
40782819,2026,0.6666666666666666,0.0,0.3333333333333333,True
40783167,2026,1.0,0.0,0.0,True
40784438,2025,0.25,0.25,0.5,True
40784533,2025,0.0,1.0,0.0,True
40785052,2025,0.5,0.0,0.5,True
40786969,2025,1.0,0.0,0.0,True
40787890,2026,1.0,0.0,0.0,False
40789203,2025,0.5,0.0,0.5,True
40789457,2025,0.8333333333333334,0.0,0.16666666666666666,True
40793942,2025,1.0,0.0,0.0,True
40794835,2025,0.25,0.75,0.0,True
40795026,2025,0.8333333333333334,0.16666666666666666,0.0,True
40795048,2025,0.8,0.0,0.2,True
40795062,2025,1.0,0.0,0.0,True
40795541,2025,1.0,0.0,0.0,True
40795835,2025,1.0,0.0,0.0,True
40795918,2025,1.0,0.0,0.0,True
40796170,2025,1.0,0.0,0.0,True
40796313,2025,0.8,0.0,0.2,True
40799765,2024,0.0,0.0,0.0,True
40800291,2024,0.0,0.25,0.75,True
40800299,2024,0.5,0.0,0.5,True
40800367,2024,1.0,0.0,0.0,True
40800765,2025,0.0,1.0,0.0,True
40800843,2025,1.0,0.0,0.0,True
40800917,2025,0.0,0.0,0.0,True
40800972,2025,0.5,0.0,0.5,True
40801437,2025,0.75,0.0,0.25,True
40802507,2025,0.0,0.4,0.6,True
40802690,2025,0.2,0.4,0.4,True
40803503,2026,0.2,0.0,0.8,True
40804232,2025,0.0,0.3333333333333333,0.6666666666666666,True
40804270,2025,0.0,0.5,0.5,True
40804313,2025,0.14285714285714285,0.0,0.8571428571428571,True
40806484,2025,0.0,1.0,0.0,True
40808652,2025,1.0,0.0,0.0,True
40808990,2025,0.3333333333333333,0.0,0.6666666666666666,True
40809836,2025,0.0,0.0,1.0,True
40810153,2025,0.6666666666666666,0.3333333333333333,0.0,True
40810443,2025,1.0,0.0,0.0,True
40811855,2025,1.0,0.0,0.0,True
40811890,2025,1.0,0.0,0.0,True
40812234,2025,1.0,0.0,0.0,True
40812363,2026,0.6666666666666666,0.0,0.3333333333333333,True
40812454,2025,0.6666666666666666,0.0,0.3333333333333333,True
40813536,2025,1.0,0.0,0.0,True
40813599,2025,0.16666666666666666,0.0,0.8333333333333334,True
40813607,2025,1.0,0.0,0.0,True
40813726,2025,0.0,0.0,0.0,True
40813794,2025,1.0,0.0,0.0,True
40814755,2025,0.7142857142857143,0.0,0.2857142857142857,True
40815501,2025,1.0,0.0,0.0,True
40815832,2025,1.0,0.0,0.0,True
40816277,2025,0.2,0.6,0.2,True
40817353,2026,0.8571428571428571,0.0,0.14285714285714285,True
40817372,2025,0.25,0.0,0.75,True
40818959,2025,0.0,0.5,0.5,True
40819863,2025,1.0,0.0,0.0,True
40820756,2025,1.0,0.0,0.0,False
40822705,2024,1.0,0.0,0.0,True
40823537,2025,0.5,0.0,0.5,True
40824067,2025,0.5,0.0,0.5,True
40824240,2025,0.2,0.4,0.4,True
40826002,2025,1.0,0.0,0.0,True
40827380,2025,0.1111111111111111,0.3333333333333333,0.5555555555555556,True
40829092,2025,1.0,0.0,0.0,True
40830340,2025,0.0,0.0,1.0,True
40830661,2025,1.0,0.0,0.0,True
40832632,2025,0.0,0.0,0.0,False
40832698,2025,1.0,0.0,0.0,True
40833853,2025,0.0,0.5,0.5,True
40834329,2025,1.0,0.0,0.0,True
40835030,2025,0.0,0.75,0.25,True
40836064,2025,0.6,0.4,0.0,True
40838369,2025,1.0,0.0,0.0,True
40838913,2025,1.0,0.0,0.0,True
40839511,2025,0.5,0.5,0.0,False
40839514,2025,0.8333333333333334,0.16666666666666666,0.0,True
40840084,2025,0.0,1.0,0.0,True
40841451,2025,0.0,0.6666666666666666,0.3333333333333333,True
40842493,2025,1.0,0.0,0.0,False
40842824,2025,1.0,0.0,0.0,True
40843971,2025,1.0,0.0,0.0,True
40845408,2025,1.0,0.0,0.0,True
40845735,2025,1.0,0.0,0.0,True
40846711,2025,0.0,0.0,1.0,True
40847773,2025,1.0,0.0,0.0,True
40848299,2025,0.0,0.0,1.0,True
40848713,2025,0.25,0.0,0.75,True
40849231,2025,0.0,0.0,0.0,True
40851209,2025,0.0,0.25,0.75,True
40852134,2025,0.2222222222222222,0.1111111111111111,0.6666666666666666,False
40852407,2025,1.0,0.0,0.0,True
40852408,2025,0.0,0.0,0.0,True
40854122,2025,0.0,0.0,1.0,True
40854263,2025,0.0,0.0,1.0,True
40854475,2025,0.0,0.75,0.25,True
40854873,2025,0.14285714285714285,0.2857142857142857,0.5714285714285714,True
40855130,2026,1.0,0.0,0.0,True
40855364,2025,0.14285714285714285,0.2857142857142857,0.5714285714285714,True
40860865,2025,0.25,0.75,0.0,True
40862086,2025,1.0,0.0,0.0,True
40863730,2025,0.3333333333333333,0.0,0.6666666666666666,True
40864661,2025,0.0,0.0,1.0,True
40866713,2025,0.16666666666666666,0.5,0.3333333333333333,True
40868996,2025,0.25,0.5,0.25,True
40872867,2025,0.0,0.3333333333333333,0.6666666666666666,True
40878909,2025,0.25,0.0,0.75,True
40878932,2025,1.0,0.0,0.0,True
40878963,2025,0.3,0.5,0.2,True
40879393,2026,1.0,0.0,0.0,True
40880469,2025,0.25,0.5,0.25,True
40880488,2025,0.0,0.375,0.625,True
40880531,2025,0.0,0.0,1.0,True
40881937,2025,0.25,0.0,0.75,True
40882878,2025,0.16666666666666666,0.6666666666666666,0.16666666666666666,True
40884663,2025,0.0,0.25,0.75,True
40885405,2025,0.0,1.0,0.0,True
40891256,2025,1.0,0.0,0.0,True
40902600,2025,1.0,0.0,0.0,True
40903012,2026,1.0,0.0,0.0,True
40903506,2025,0.0,1.0,0.0,False
40904883,2025,1.0,0.0,0.0,True
40905179,2025,1.0,0.0,0.0,True
40912667,2025,1.0,0.0,0.0,True
40920924,2025,0.0,0.75,0.25,True
40925453,2026,1.0,0.0,0.0,True
40932460,2025,0.8333333333333334,0.0,0.16666666666666666,True
40946890,2026,0.3333333333333333,0.6666666666666666,0.0,False
40948956,2025,0.25,0.0,0.75,True
40957420,2025,0.0,0.5,0.5,True
40957459,2025,0.5,0.5,0.0,True
41002437,2025,0.0,1.0,0.0,True
41067538,2026,1.0,0.0,0.0,True
41070818,2025,1.0,0.0,0.0,False
41102541,2025,0.0,0.6,0.4,True
41105446,2025,0.25,0.5,0.25,True
41106971,2025,0.5,0.0,0.5,True
41109501,2026,0.0,0.0,0.0,True
41138186,2025,0.25,0.0,0.75,True
41155561,2025,0.0,0.5,0.5,True
41162286,2026,0.42857142857142855,0.0,0.5714285714285714,True
41165571,2026,0.75,0.0,0.25,True
41173140,2026,1.0,0.0,0.0,True
41180893,2025,1.0,0.0,0.0,True
41201455,2025,0.3333333333333333,0.3333333333333333,0.3333333333333333,False
41263060,2026,0.2,0.4,0.4,True
41285406,2026,1.0,0.0,0.0,True
41309016,2026,0.5,0.5,0.0,False
41330098,2025,1.0,0.0,0.0,True
41332134,2026,0.2,0.0,0.8,True
41352350,2026,0.0,1.0,0.0,True
41352534,2026,1.0,0.0,0.0,True
41354562,2026,0.2222222222222222,0.4444444444444444,0.3333333333333333,True
41370847,2026,1.0,0.0,0.0,True
41371217,2026,0.0,0.8,0.2,True
41372401,2026,0.3333333333333333,0.0,0.6666666666666666,True
41384847,2025,1.0,0.0,0.0,True
41385595,2026,0.0,1.0,0.0,True
41397865,2026,0.7777777777777778,0.1111111111111111,0.1111111111111111,True
41435977,2026,1.0,0.0,0.0,True
