pi,ro,collab,institute,scope,collabing_pi
"Adam G Thomas, DPhil",Data Science and Sharing Team,"Chris Ian Baker, PhD",Section on Learning and Plasticity,NIMH,"Chris Ian Baker, PhD"
"Adam G Thomas, DPhil",Data Science and Sharing Team,Kurt  Braunlich,Section on Learning and Plasticity,NIMH,"Chris Ian Baker, PhD"
"Adam G Thomas, DPhil",Data Science and Sharing Team,"Melissa A Brotman, PhD, BA",Unit on Neuroscience and Novel Therapeutics,NIMH,"Melissa A Brotman, PhD, BA"
"Adam G Thomas, DPhil",Data Science and Sharing Team,Meghan Elizabeth Byrne,Section on Development and Affective Neuroscience,NIMH,"Daniel  Pine, MD"
"Adam G Thomas, DPhil",Data Science and Sharing Team,Anthony Edward Galassi,Section on PET Neuroimaging Sciences,NIMH,"Robert  Innis, MD, PhD"
"Adam G Thomas, DPhil",Data Science and Sharing Team,"Daniel R Glen, BS",Scientific and Statistical Computing Core,NIMH,"Paul Andrew Taylor, BS, PhD"
"Adam G Thomas, DPhil",Data Science and Sharing Team,"Michael David Gregory, MD",Clinical and Translational Neuroscience Branch,NIMH,"Karen F Berman, MD"
"Adam G Thomas, DPhil",Data Science and Sharing Team,Simone Paula Haller,Section on Development and Affective Neuroscience,NIMH,"Daniel  Pine, MD"
"Adam G Thomas, DPhil",Data Science and Sharing Team,"Mark H Histed, PhD",Unit on Neural Computation and Behavior,NIMH,"Mark H Histed, PhD"
"Adam G Thomas, DPhil",Data Science and Sharing Team,"Robert  Innis, MD, PhD",Section on PET Neuroimaging Sciences,NIMH,"Robert  Innis, MD, PhD"
"Adam G Thomas, DPhil",Data Science and Sharing Team,"Shane  Kippenhan, BS, MS, PhD",Clinical and Translational Neuroscience Branch,NIMH,"Karen F Berman, MD"
"Adam G Thomas, DPhil",Data Science and Sharing Team,Ka Chun  Lam,Machine Learning Core,NIMH,"Francisco  Pereira, PhD"
"Adam G Thomas, DPhil",Data Science and Sharing Team,"Siyuan  Liu, PhD",Section on Developmental Neurogenomics,NIMH,"Armin  Raznahan, MD, PhD"
"Adam G Thomas, DPhil",Data Science and Sharing Team,"Stefano  Marenco, MD",Human Brain Collection Core,NIMH,"Stefano  Marenco, MD"
"Adam G Thomas, DPhil",Data Science and Sharing Team,"Peter James Molfese, PhD",Functional MRI Core,NIMH,"Peter A Bandettini, BS, PhD"
"Adam G Thomas, DPhil",Data Science and Sharing Team,"Dylan M Nielson, PhD",Machine Learning Core,NIMH,"Francisco  Pereira, PhD"
"Adam G Thomas, DPhil",Data Science and Sharing Team,"Allison Carol Nugent, PhD",Magnetoencephalography Core,NIMH,"Allison Carol Nugent, PhD"
"Adam G Thomas, DPhil",Data Science and Sharing Team,"Francisco  Pereira, PhD",Machine Learning Core,NIMH,"Francisco  Pereira, PhD"
"Adam G Thomas, DPhil",Data Science and Sharing Team,"Daniel  Pine, MD",Section on Development and Affective Neuroscience,NIMH,"Daniel  Pine, MD"
"Adam G Thomas, DPhil",Data Science and Sharing Team,"Armin  Raznahan, MD, PhD",Section on Developmental Neurogenomics,NIMH,"Armin  Raznahan, MD, PhD"
"Adam G Thomas, DPhil",Data Science and Sharing Team,"Richard C Reynolds, MS, MS",Scientific and Statistical Computing Core,NIMH,"Paul Andrew Taylor, BS, PhD"
"Adam G Thomas, DPhil",Data Science and Sharing Team,"Vinai  Roopchansingh, PhD",Functional MRI Core,NIMH,"Peter A Bandettini, BS, PhD"
"Adam G Thomas, DPhil",Data Science and Sharing Team,"Neda  Sadeghi, PhD",Section on Social and Cognitive Developmental Neuroscience,NIMH,"Tonya Jo Hanson White, PhD, MD"
"Adam G Thomas, DPhil",Data Science and Sharing Team,Stephen  Sinclair,Section on Neurobiology and Treatment of Mood Disorders,NIMH,"Carlos Alberto Zarate, MD"
"Adam G Thomas, DPhil",Data Science and Sharing Team,Jeffrey Donald Stout,Magnetoencephalography Core,NIMH,"Allison Carol Nugent, PhD"
"Adam G Thomas, DPhil",Data Science and Sharing Team,"Paul Andrew Taylor, BS, PhD",Scientific and Statistical Computing Core,NIMH,"Paul Andrew Taylor, BS, PhD"
"Adam G Thomas, DPhil",Data Science and Sharing Team,"Tonya Jo Hanson White, PhD, MD",Section on Social and Cognitive Developmental Neuroscience,NIMH,"Tonya Jo Hanson White, PhD, MD"
"Adam G Thomas, DPhil",Data Science and Sharing Team,"Douglas  Greve, PhD","Massachusetts General Hospital, Martinos Center",EM,
"Adam G Thomas, DPhil",Data Science and Sharing Team,"Russel A Poldrack, PhD","Stanford University, Dept. of Psychology",EM,
"Adam G Thomas, DPhil",Data Science and Sharing Team,"Joyce  Chung, MD",CC,NIH,
"Adam G Thomas, DPhil",Data Science and Sharing Team,"Alan Paul Koretsky, PhD",NINDS,NIH,
"Adam G Thomas, DPhil",Data Science and Sharing Team,Zhiwei  Ma,NINDS,NIH,
"Adam G Thomas, DPhil",Data Science and Sharing Team,"Dardo G Tomasi, PhD",NIAAA,NIH,
"Alex  Martin, PhD",Section on Cognitive Neuropsychology,"Chris Ian Baker, PhD",Section on Learning and Plasticity,NIMH,"Chris Ian Baker, PhD"
"Alex  Martin, PhD",Section on Cognitive Neuropsychology,"Peter A Bandettini, BS, PhD",Section on Functional Imaging Methods,NIMH,"Peter A Bandettini, BS, PhD"
"Alex  Martin, PhD",Section on Cognitive Neuropsychology,"Elisha Prem Merriam, PhD",Computational Neuroimaging and Perception Team,NIMH,"Elisha Prem Merriam, PhD"
"Alex  Martin, PhD",Section on Cognitive Neuropsychology,"Peter James Molfese, PhD",Functional MRI Core,NIMH,"Peter A Bandettini, BS, PhD"
"Alex  Martin, PhD",Section on Cognitive Neuropsychology,"Francisco  Pereira, PhD",Machine Learning Core,NIMH,"Francisco  Pereira, PhD"
"Alex  Martin, PhD",Section on Cognitive Neuropsychology,"Francisco  Pereira, PhD",Machine Learning Core,NIMH,"Francisco  Pereira, PhD"
"Alex  Martin, PhD",Section on Cognitive Neuropsychology,"Michael  Rugg, PhD","University of Texas at Dallas, Center for Vital Longevity",EM,
"Alex  Martin, PhD",Section on Cognitive Neuropsychology,"W kyle  Simmons, PhD",Oklahoma State University Center for Health Sciences,EM,
"Alex  Martin, PhD",Section on Cognitive Neuropsychology,"Michal  Ramot, PhD","Weizmann Institute of Science, Neuroscience",EM,
"Alex  Martin, PhD",Section on Cognitive Neuropsychology,"Dale  Stevens, PhD","York University, Psychology",EM,
"Alex  Martin, PhD",Section on Cognitive Neuropsychology,"Kevin Dennis Hall, BSc, PhD",NIDDK,NIH,
"Allison Carol Nugent, PhD",Magnetoencephalography Core,"Chris Ian Baker, PhD",Section on Learning and Plasticity,NIMH,"Chris Ian Baker, PhD"
"Allison Carol Nugent, PhD",Magnetoencephalography Core,"Peter A Bandettini, BS, PhD",Section on Functional Imaging Methods,NIMH,"Peter A Bandettini, BS, PhD"
"Allison Carol Nugent, PhD",Magnetoencephalography Core,"Karen F Berman, MD",Clinical and Translational Neuroscience Branch,NIMH,"Karen F Berman, MD"
"Allison Carol Nugent, PhD",Magnetoencephalography Core,"George Raphael Dold, MS",Section on Instrumentation,NIMH,"George Raphael Dold, MS"
"Allison Carol Nugent, PhD",Magnetoencephalography Core,"Zheng  Li, PhD",Section on Synapse Development Plasticity,NIMH,"Zheng  Li, PhD"
"Allison Carol Nugent, PhD",Magnetoencephalography Core,"Alex  Martin, PhD",Section on Cognitive Neuropsychology,NIMH,"Alex  Martin, PhD"
"Allison Carol Nugent, PhD",Magnetoencephalography Core,"Lindsay Meredith Oberman, PhD",Unit on Non-invasive Neuromodulation,NIMH,"Carlos Alberto Zarate, MD"
"Allison Carol Nugent, PhD",Magnetoencephalography Core,"Francisco  Pereira, PhD",Machine Learning Core,NIMH,"Francisco  Pereira, PhD"
"Allison Carol Nugent, PhD",Magnetoencephalography Core,"Daniel  Pine, MD",Section on Development and Affective Neuroscience,NIMH,"Daniel  Pine, MD"
"Allison Carol Nugent, PhD",Magnetoencephalography Core,"Paul Andrew Taylor, BS, PhD",Scientific and Statistical Computing Core,NIMH,"Paul Andrew Taylor, BS, PhD"
"Allison Carol Nugent, PhD",Magnetoencephalography Core,"Adam G Thomas, DPhil",Data Science and Sharing Team,NIMH,"Adam G Thomas, DPhil"
"Allison Carol Nugent, PhD",Magnetoencephalography Core,"Audrey E Thurm, PhD",Neurodevelopmental and Behavioral Phenotyping Service,NIMH,"Audrey E Thurm, PhD"
"Allison Carol Nugent, PhD",Magnetoencephalography Core,"Tonya Jo Hanson White, PhD, MD",Section on Social and Cognitive Developmental Neuroscience,NIMH,"Tonya Jo Hanson White, PhD, MD"
"Allison Carol Nugent, PhD",Magnetoencephalography Core,"Carlos Alberto Zarate, MD",Section on Neurobiology and Treatment of Mood Disorders,NIMH,"Carlos Alberto Zarate, MD"
"Allison Carol Nugent, PhD",Magnetoencephalography Core,"George Raphael Dold, MS",Section on Instrumentation,NIMH,"George Raphael Dold, MS"
"Allison Carol Nugent, PhD",Magnetoencephalography Core,"Svenja  Knappe, PhD","University of Colorado Boulder, Mechanical Engineering",EM,
"Allison Carol Nugent, PhD",Magnetoencephalography Core,"Peter  Kruger, PhD","Physikalisch-Technische Bundesanstalt, Biosignals",EM,
"Allison Carol Nugent, PhD",Magnetoencephalography Core,"Surjo  Soekadar, MD","Charité - Universitätsmedizin Berlin, Department of Psychiatry and Neurosciences",EM,
"Allison Carol Nugent, PhD",Magnetoencephalography Core,"Paul  Thompson, PhD","University of California, Los Angeles, Department of Neurology",EM,
"Allison Carol Nugent, PhD",Magnetoencephalography Core,"Svenja  Knappe, PhD","University of Colorado Boulder, Mechanical Engineering",EM,
"Allison Carol Nugent, PhD",Magnetoencephalography Core,"Leonardo G Cohen, MD",NINDS,NIH,
"Allison Carol Nugent, PhD",Magnetoencephalography Core,"Bevil Richard Conway, PhD",NEI,NIH,
"Allison Carol Nugent, PhD",Magnetoencephalography Core,"Sara K Inati, MD",NINDS,NIH,
"Allison Carol Nugent, PhD",Magnetoencephalography Core,"Jack A Yanovski, MD, PhD",NICHD,NIH,
"Allison Carol Nugent, PhD",Magnetoencephalography Core,"Sara K Inati, MD",NINDS,NIH,
Angela Jane Langdon,Unit on Neural Computations in Learning,"Veronica Alicia Alvarez, PhD",Section on Neurobiology of Compulsive Behaviors,NIMH,"Veronica Alicia Alvarez, PhD"
Angela Jane Langdon,Unit on Neural Computations in Learning,"Bruno B Averbeck, PhD",Section on Learning and Decision Making,NIMH,"Bruno B Averbeck, PhD"
Angela Jane Langdon,Unit on Neural Computations in Learning,Patricia  Janak,Johns Hopkins University,EM,
Angela Jane Langdon,Unit on Neural Computations in Learning,Bita  Moghaddam,Oregon Health & Science University,EM,
Angela Jane Langdon,Unit on Neural Computations in Learning,Yael  Niv,Princeton University,EM,
Angela Jane Langdon,Unit on Neural Computations in Learning,Catharine  Winstanley,University of British Columbia,EM,
Angela Jane Langdon,Unit on Neural Computations in Learning,"Geoffrey Mark Schoenbaum, MD",NIDA,NIH,
"Arash  Afraz, PhD","Unit on Neurons, Circuits and Behavior","Barry J Richmond, MD",Section on Neural Coding and Computation,NIMH,"Barry J Richmond, MD"
"Arash  Afraz, PhD","Unit on Neurons, Circuits and Behavior","James j  Dicarlo, MD, PhD","Massachusetts Institute of Technology, McGovern Institute for brain research",EM,
"Arash  Afraz, PhD","Unit on Neurons, Circuits and Behavior","Bevil Richard Conway, PhD",NEI,NIH,
"Armin  Raznahan, MD, PhD",Section on Developmental Neurogenomics,"Stefano  Marenco, MD",Human Brain Collection Core,NIMH,"Stefano  Marenco, MD"
"Armin  Raznahan, MD, PhD",Section on Developmental Neurogenomics,"Alex  Martin, PhD",Section on Cognitive Neuropsychology,NIMH,"Alex  Martin, PhD"
"Armin  Raznahan, MD, PhD",Section on Developmental Neurogenomics,"Francisco  Pereira, PhD",Machine Learning Core,NIMH,"Francisco  Pereira, PhD"
"Armin  Raznahan, MD, PhD",Section on Developmental Neurogenomics,"Adam G Thomas, DPhil",Data Science and Sharing Team,NIMH,"Adam G Thomas, DPhil"
"Armin  Raznahan, MD, PhD",Section on Developmental Neurogenomics,Daniel  Alexander,University College London,EM,
"Armin  Raznahan, MD, PhD",Section on Developmental Neurogenomics,Aaron F Alexander-Bloch,University of Pennsylvania,EM,
"Armin  Raznahan, MD, PhD",Section on Developmental Neurogenomics,Art  Arnold,"University of California, Los Angeles",EM,
"Armin  Raznahan, MD, PhD",Section on Developmental Neurogenomics,"Edward  Bullmore, MD",University of Cambridge,EM,
"Armin  Raznahan, MD, PhD",Section on Developmental Neurogenomics,"Daniel H Geschwind, MD, PhD","University of California, Los Angeles, Neurology, Human Genetics, Psychiatry",EM,
"Armin  Raznahan, MD, PhD",Section on Developmental Neurogenomics,David  Glahn,Harvard University,EM,
"Armin  Raznahan, MD, PhD",Section on Developmental Neurogenomics,Sebastein  Jacquemont,Université de Montréal,EM,
"Armin  Raznahan, MD, PhD",Section on Developmental Neurogenomics,Jason  Lerch,University of Toronto,EM,
"Armin  Raznahan, MD, PhD",Section on Developmental Neurogenomics,Allan  Mackenzie-graham,"University of California, Los Angeles",EM,
"Armin  Raznahan, MD, PhD",Section on Developmental Neurogenomics,Petra  Vertes,University of Cambridge,EM,
"Armin  Raznahan, MD, PhD",Section on Developmental Neurogenomics,Konrad  Wagstyl,University College London,EM,
"Armin  Raznahan, MD, PhD",Section on Developmental Neurogenomics,Thomas  Werge,University of Copenhagen,EM,
"Armin  Raznahan, MD, PhD",Section on Developmental Neurogenomics,Xia  Yang,"University of California, Los Angeles",EM,
"Ashura  Buckley, MD",Sleep and Neurodevelopment Service,"Cristan Ann Farmer, PhD",Neurodevelopmental and Behavioral Phenotyping Service,NIMH,"Audrey E Thurm, PhD"
"Ashura  Buckley, MD",Sleep and Neurodevelopment Service,"Kathleen R Merikangas, PhD",Section on Developmental Genetic Epidemiology,NIMH,"Kathleen R Merikangas, PhD"
"Ashura  Buckley, MD",Sleep and Neurodevelopment Service,"Peter  Davis, MD",Boston Children's Hospital,EM,
"Ashura  Buckley, MD",Sleep and Neurodevelopment Service,Miriam  Gerstenberg,University Hospital of Zurich,EM,
"Ashura  Buckley, MD",Sleep and Neurodevelopment Service,Naihua  Gong,Harvard Medical School,EM,
"Ashura  Buckley, MD",Sleep and Neurodevelopment Service,"Greg  Holmes, MD",University of Vermont,EM,
"Ashura  Buckley, MD",Sleep and Neurodevelopment Service,Nataliia  Kozhemiako,Harvard Medical School,EM,
"Ashura  Buckley, MD",Sleep and Neurodevelopment Service,"Mirjana  Maletic- Savatic, MD",Baylor College of Medicine,EM,
"Ashura  Buckley, MD",Sleep and Neurodevelopment Service,"Kiran  Maski, MD",Boston Children's Hospital,EM,
"Ashura  Buckley, MD",Sleep and Neurodevelopment Service,Matt  Mcginley,Baylor College of Medicine,EM,
"Ashura  Buckley, MD",Sleep and Neurodevelopment Service,Anne  Morse,Geisinger Health System,EM,
"Ashura  Buckley, MD",Sleep and Neurodevelopment Service,"Shaun  Purcell, PhD",Harvard University,EM,
"Ashura  Buckley, MD",Sleep and Neurodevelopment Service,"Susan  Redline, MD","Harvard University, Division of Sleep and Circadian Disorders",EM,
"Ashura  Buckley, MD",Sleep and Neurodevelopment Service,"Alcibiades  Rodriguez, MD",New York University,EM,
"Ashura  Buckley, MD",Sleep and Neurodevelopment Service,"Donald  Tucker, PhD",university oregon,EM,
"Ashura  Buckley, MD",Sleep and Neurodevelopment Service,"Phyllis  Zee, MD, PhD","Northwestern University Feinberg School of Medicine, Feinberg School of Medicine",EM,
"Ashura  Buckley, MD",Sleep and Neurodevelopment Service,"Pamela  Frischmeyer-Guerrerio, MD, PhD",NIAID,NIH,
"Ashura  Buckley, MD",Sleep and Neurodevelopment Service,"William A Gahl, MD",NHGRI,NIH,
"Ashura  Buckley, MD",Sleep and Neurodevelopment Service,"Amir Hossein Gandjbakhche, PhD",NICHD,NIH,
"Ashura  Buckley, MD",Sleep and Neurodevelopment Service,Rachel Hakim Gore,NIAID,NIH,
"Ashura  Buckley, MD",Sleep and Neurodevelopment Service,"Brian Yutaka Hill, MS",NICHD,NIH,
"Ashura  Buckley, MD",Sleep and Neurodevelopment Service,"Avindra  Nath, MD",NINDS,NIH,
"Ashura  Buckley, MD",Sleep and Neurodevelopment Service,Thien Thi Nguyen,NICHD,NIH,
"Ashura  Buckley, MD",Sleep and Neurodevelopment Service,"Tiffany Michele Powell-Wiley, MPH, MD",NHLBI,NIH,
"Ashura  Buckley, MD",Sleep and Neurodevelopment Service,"Timothy  Quang, PhD",NICHD,NIH,
"Ashura  Buckley, MD",Sleep and Neurodevelopment Service,Morgan N Similuk,NIAID,NIH,
"Ashura  Buckley, MD",Sleep and Neurodevelopment Service,"Douglas Russell Stewart, BA, MD",NCI,NIH,
"Ashura  Buckley, MD",Sleep and Neurodevelopment Service,"Cynthia J Tifft, MD, PhD",NHGRI,NIH,
"Ashura  Buckley, MD",Sleep and Neurodevelopment Service,"Bruce Jason Tromberg, PhD",NIBIB,NIH,
"Ashura  Buckley, MD",Sleep and Neurodevelopment Service,"Brian T Walitt, MD, MPH",NINDS,NIH,
"Ashura  Buckley, MD",Sleep and Neurodevelopment Service,"Magdalena Anna Walkiewicz, PhD",NIAID,NIH,
"Ashura  Buckley, MD",Sleep and Neurodevelopment Service,"Brigitte  Widemann, MD",NCI,NIH,
"Audrey E Thurm, PhD",Neurodevelopmental and Behavioral Phenotyping Service,"Christopher Michael Bartley, MD",Translational Immunopsychiatry Unit,NIMH,"Christopher Michael Bartley, MD"
"Audrey E Thurm, PhD",Neurodevelopmental and Behavioral Phenotyping Service,"Yogita  Chudasama, PhD",Rodent Behavioral Core,NIMH,"Yogita  Chudasama, PhD"
"Audrey E Thurm, PhD",Neurodevelopmental and Behavioral Phenotyping Service,"Daniel  Pine, MD",Section on Development and Affective Neuroscience,NIMH,"Daniel  Pine, MD"
"Audrey E Thurm, PhD",Neurodevelopmental and Behavioral Phenotyping Service,"Armin  Raznahan, MD, PhD",Section on Developmental Neurogenomics,NIMH,"Armin  Raznahan, MD, PhD"
"Audrey E Thurm, PhD",Neurodevelopmental and Behavioral Phenotyping Service,"Tonya Jo Hanson White, PhD, MD",Section on Social and Cognitive Developmental Neuroscience,NIMH,"Tonya Jo Hanson White, PhD, MD"
"Audrey E Thurm, PhD",Neurodevelopmental and Behavioral Phenotyping Service,Elizabeth  Berry-Kravis,Rush University Medical Center,EM,
"Audrey E Thurm, PhD",Neurodevelopmental and Behavioral Phenotyping Service,Somer  Bishop,"University of California, San Francisco",EM,
"Audrey E Thurm, PhD",Neurodevelopmental and Behavioral Phenotyping Service,"Nathan  Fox, PhD","University of Maryland, Baltimore",EM,
"Audrey E Thurm, PhD",Neurodevelopmental and Behavioral Phenotyping Service,"David  Hessl, Ph.D.","University of California, Davis",EM,
"Audrey E Thurm, PhD",Neurodevelopmental and Behavioral Phenotyping Service,"Aaron  Kaat, Ph.D.","Northwestern Health Sciences University, Medical Social Sciences",EM,
"Audrey E Thurm, PhD",Neurodevelopmental and Behavioral Phenotyping Service,"Alex  Kolevzon, MD",Icahn School of Medicine at Mount Sinai,EM,
"Audrey E Thurm, PhD",Neurodevelopmental and Behavioral Phenotyping Service,Beth  Kozel,Nationwide Children's Hospital,EM,
"Audrey E Thurm, PhD",Neurodevelopmental and Behavioral Phenotyping Service,Natasha  Ludwig,Kennedy Krieger Institute,EM,
"Audrey E Thurm, PhD",Neurodevelopmental and Behavioral Phenotyping Service,Stacy  Manwaring,University of Utah,EM,
"Audrey E Thurm, PhD",Neurodevelopmental and Behavioral Phenotyping Service,"Danielle  Mead-Nytko, PhD",San Jose State University,EM,
"Audrey E Thurm, PhD",Neurodevelopmental and Behavioral Phenotyping Service,Judith  Miller,Children's Hospital of Philadelphia,EM,
"Audrey E Thurm, PhD",Neurodevelopmental and Behavioral Phenotyping Service,"Elizabeth  Redcay, PhD","University of Maryland, Baltimore",EM,
"Audrey E Thurm, PhD",Neurodevelopmental and Behavioral Phenotyping Service,"Mustafa  Sahin, MD","Harvard University, Childrens Hospital Department of Neurology",EM,
"Audrey E Thurm, PhD",Neurodevelopmental and Behavioral Phenotyping Service,Latha  Soorya,Rush University Medical Center,EM,
"Audrey E Thurm, PhD",Neurodevelopmental and Behavioral Phenotyping Service,Lauren  Swineford,Washington State University,EM,
"Audrey E Thurm, PhD",Neurodevelopmental and Behavioral Phenotyping Service,Heidi  Wallis,Association for Creatine Deficiencies,EM,
"Audrey E Thurm, PhD",Neurodevelopmental and Behavioral Phenotyping Service,"Maria Teresa Acosta, MD",NHGRI,NIH,
"Audrey E Thurm, PhD",Neurodevelopmental and Behavioral Phenotyping Service,"Alison Marie Boyce, MD",NIDCR,NIH,
"Audrey E Thurm, PhD",Neurodevelopmental and Behavioral Phenotyping Service,"Michael T Collins, MD",NIDCR,NIH,
"Audrey E Thurm, PhD",Neurodevelopmental and Behavioral Phenotyping Service,"Diane Louise Damiano, PhD",CC,NIH,
"Audrey E Thurm, PhD",Neurodevelopmental and Behavioral Phenotyping Service,"An Ngoc Dang Do, MD, PhD",NICHD,NIH,
"Audrey E Thurm, PhD",Neurodevelopmental and Behavioral Phenotyping Service,"William A Gahl, MD",NHGRI,NIH,
"Audrey E Thurm, PhD",Neurodevelopmental and Behavioral Phenotyping Service,"Amir Hossein Gandjbakhche, PhD",NICHD,NIH,
"Audrey E Thurm, PhD",Neurodevelopmental and Behavioral Phenotyping Service,"Sara K Inati, MD",NINDS,NIH,
"Audrey E Thurm, PhD",Neurodevelopmental and Behavioral Phenotyping Service,"Omar Iqbal Khan, MD",NINDS,NIH,
"Audrey E Thurm, PhD",Neurodevelopmental and Behavioral Phenotyping Service,"Laura Marie Koehly, PhD",NHGRI,NIH,
"Audrey E Thurm, PhD",Neurodevelopmental and Behavioral Phenotyping Service,"Peter Joseph McGuire, MD",NHGRI,NIH,
"Audrey E Thurm, PhD",Neurodevelopmental and Behavioral Phenotyping Service,"Gina Alexandra Montealegre, MD, MS",NIAID,NIH,
"Audrey E Thurm, PhD",Neurodevelopmental and Behavioral Phenotyping Service,"Forbes D Porter, MD, PhD",NICHD,NIH,
"Audrey E Thurm, PhD",Neurodevelopmental and Behavioral Phenotyping Service,"Zenaide Maria Quezado, MD",CC,NIH,
"Audrey E Thurm, PhD",Neurodevelopmental and Behavioral Phenotyping Service,Samar Nabil Rahhal,NICHD,NIH,
"Audrey E Thurm, PhD",Neurodevelopmental and Behavioral Phenotyping Service,"Katherine Walton Roche, PhD",NINDS,NIH,
"Audrey E Thurm, PhD",Neurodevelopmental and Behavioral Phenotyping Service,"Philip   Shaw, MD, PhD",NHGRI,NIH,
"Audrey E Thurm, PhD",Neurodevelopmental and Behavioral Phenotyping Service,Sarah Elizabeth Sheppard,NICHD,NIH,
"Audrey E Thurm, PhD",Neurodevelopmental and Behavioral Phenotyping Service,"Cynthia J Tifft, MD, PhD",NHGRI,NIH,
"Audrey E Thurm, PhD",Neurodevelopmental and Behavioral Phenotyping Service,"Charles Paul Venditti, BS, MD, PhD",NHGRI,NIH,
"Audrey E Thurm, PhD",Neurodevelopmental and Behavioral Phenotyping Service,Lynne Alison Wolfe,NHGRI,NIH,
"Barry J Richmond, MD",Section on Neural Coding and Computation,"Gang  Chen, PhD",Scientific and Statistical Computing Core,NIMH,"Paul Andrew Taylor, BS, PhD"
"Barry J Richmond, MD",Section on Neural Coding and Computation,"Robert  Innis, MD, PhD",Section on PET Neuroimaging Sciences,NIMH,"Robert  Innis, MD, PhD"
"Barry J Richmond, MD",Section on Neural Coding and Computation,"Victor W Pike, PhD",Section on PET Radiopharmaceutical Sciences,NIMH,"Victor W Pike, PhD"
"Barry J Richmond, MD",Section on Neural Coding and Computation,"Sanjay  Telu, PhD",Section on PET Radiopharmaceutical Sciences,NIMH,"Victor W Pike, PhD"
"Barry J Richmond, MD",Section on Neural Coding and Computation,"Narihisa  Matsumoto, PhD","National Institute of Advanced Industrial Science and Technology, Neurotechnology Group",EM,
"Barry J Richmond, MD",Section on Neural Coding and Computation,"Takafumi  Minamimoto, PhD","National Institute of Radiological Sciences, Molecular Neuroimaging",EM,
"Barry J Richmond, MD",Section on Neural Coding and Computation,"Y  Sugase-Miyamoto, PhD","National Institute of Advanced Industrial Science and Technology, Neuroscience Research Institute",EM,
"Barry J Richmond, MD",Section on Neural Coding and Computation,"Narihisa  Matsumoto, PhD","National Institute of Advanced Industrial Science and Technology, Neurotechnology Group",EM,
"Barry J Richmond, MD",Section on Neural Coding and Computation,"Takafumi  Minamimoto, PhD","National Institute of Radiological Sciences, Molecular Neuroimaging",EM,
"Barry J Richmond, MD",Section on Neural Coding and Computation,"Y  Sugase-Miyamoto, PhD","National Institute of Advanced Industrial Science and Technology, Neuroscience Research Institute",EM,
"Barry J Richmond, MD",Section on Neural Coding and Computation,"Michael  Michaelides, BS, PhD",NIDA,NIH,
"Barry J Richmond, MD",Section on Neural Coding and Computation,"Michael  Michaelides, BS, PhD",NIDA,NIH,
"Benjamin H White, PhD",Section on Neural Function,"Bruno B Averbeck, PhD",Section on Learning and Decision Making,NIMH,"Bruno B Averbeck, PhD"
"Benjamin H White, PhD",Section on Neural Function,"Orkun  Akin, PhD",David Geffen School of Medicine at UCLA,EM,
"Benjamin H White, PhD",Section on Neural Function,"Jimena  Berni, PhD",University of Sussex,EM,
"Benjamin H White, PhD",Section on Neural Function,"J  Ewer, PhD","University of Valparaíso, Centro de Neurociencia",EM,
"Benjamin H White, PhD",Section on Neural Function,Todd  Schoborg,University of Wyoming,EM,
"Benjamin H White, PhD",Section on Neural Function,"Hari  Shroff, PhD","Janelia Research Campus, Ashburn, Virginia",EM,
"Benjamin H White, PhD",Section on Neural Function,Christian  Wegener,University of Würzburg,EM,
"Benjamin H White, PhD",Section on Neural Function,"Carson C Chow, BASc, PhD",NIDDK,NIH,
"Benjamin H White, PhD",Section on Neural Function,"Thomas J Pohida, MS",NIBIB,NIH,
"Benjamin H White, PhD",Section on Neural Function,"Mihaela  Serpe, PhD",NICHD,NIH,
"Benjamin H White, PhD",Section on Neural Function,"Mark A Stopfer, PhD",NICHD,NIH,
"Benjamin H White, PhD",Section on Neural Function,Harshad Dilip Vishwasrao,NIBIB,NIH,
"Bruno B Averbeck, PhD",Section on Learning and Decision Making,"Veronica Alicia Alvarez, PhD",Section on Neurobiology of Compulsive Behaviors,NIMH,"Veronica Alicia Alvarez, PhD"
"Bruno B Averbeck, PhD",Section on Learning and Decision Making,"Mario Alexander Penzo, PhD",Section on the Neural Circuits of Emotion and Motivation,NIMH,"Mario Alexander Penzo, PhD"
"Bruno B Averbeck, PhD",Section on Learning and Decision Making,"Daniel  Pine, MD",Section on Development and Affective Neuroscience,NIMH,"Daniel  Pine, MD"
"Bruno B Averbeck, PhD",Section on Learning and Decision Making,"Barry J Richmond, MD",Section on Neural Coding and Computation,NIMH,"Barry J Richmond, MD"
"Bruno B Averbeck, PhD",Section on Learning and Decision Making,"Hugo Alejandro Tejeda, PhD",Unit of Neuromodulation and Synaptic Integration,NIMH,"Hugo Alejandro Tejeda, PhD"
"Bruno B Averbeck, PhD",Section on Learning and Decision Making,James  Blair,Boys Town National Research Hospital,EM,
"Bruno B Averbeck, PhD",Section on Learning and Decision Making,"Nathan  Fox, PhD","University of Maryland, Baltimore",EM,
"Bruno B Averbeck, PhD",Section on Learning and Decision Making,Sukhwinder  Shergill,King's College London,EM,
"Bruno B Averbeck, PhD",Section on Learning and Decision Making,"Chris James McBain, PhD",NICHD,NIH,
"Carlos Alberto Zarate, MD",Section on Neurobiology and Treatment of Mood Disorders,"Ioline D Henter, MA",Section on PET Neuroimaging Sciences,NIMH,"Robert  Innis, MD, PhD"
"Carlos Alberto Zarate, MD",Section on Neurobiology and Treatment of Mood Disorders,"Francis Joseph McMahon, MD",Section on the Genetic Basis of Mood and Anxiety Disorders,NIMH,"Francis Joseph McMahon, MD"
"Carlos Alberto Zarate, MD",Section on Neurobiology and Treatment of Mood Disorders,"Kathleen R Merikangas, PhD",Section on Developmental Genetic Epidemiology,NIMH,"Kathleen R Merikangas, PhD"
"Carlos Alberto Zarate, MD",Section on Neurobiology and Treatment of Mood Disorders,"Allison Carol Nugent, PhD",Magnetoencephalography Core,NIMH,"Allison Carol Nugent, PhD"
"Carlos Alberto Zarate, MD",Section on Neurobiology and Treatment of Mood Disorders,"Francisco  Pereira, PhD",Machine Learning Core,NIMH,"Francisco  Pereira, PhD"
"Carlos Alberto Zarate, MD",Section on Neurobiology and Treatment of Mood Disorders,"Ioline D Henter, MA",Section on PET Neuroimaging Sciences,NIMH,"Robert  Innis, MD, PhD"
"Carlos Alberto Zarate, MD",Section on Neurobiology and Treatment of Mood Disorders,"Francis Joseph McMahon, MD",Section on the Genetic Basis of Mood and Anxiety Disorders,NIMH,"Francis Joseph McMahon, MD"
"Carlos Alberto Zarate, MD",Section on Neurobiology and Treatment of Mood Disorders,"Kathleen R Merikangas, PhD",Section on Developmental Genetic Epidemiology,NIMH,"Kathleen R Merikangas, PhD"
"Carlos Alberto Zarate, MD",Section on Neurobiology and Treatment of Mood Disorders,"Allison Carol Nugent, PhD",Magnetoencephalography Core,NIMH,"Allison Carol Nugent, PhD"
"Carlos Alberto Zarate, MD",Section on Neurobiology and Treatment of Mood Disorders,Jordi  Bonaventura,University of Barcelona,EM,
"Carlos Alberto Zarate, MD",Section on Neurobiology and Treatment of Mood Disorders,Matthew J Brookes,"University of Nottingham, Physics",EM,
"Carlos Alberto Zarate, MD",Section on Neurobiology and Treatment of Mood Disorders,Hector  Caruncho,University of Victoria,EM,
"Carlos Alberto Zarate, MD",Section on Neurobiology and Treatment of Mood Disorders,Shigeyuki  Chaki,Taisho Pharmaceutical (Japan),EM,
"Carlos Alberto Zarate, MD",Section on Neurobiology and Treatment of Mood Disorders,Amit  Etkin,Alto Neuroscience (United States),EM,
"Carlos Alberto Zarate, MD",Section on Neurobiology and Treatment of Mood Disorders,"Todd  Gould, MD","University of Maryland, Baltimore",EM,
"Carlos Alberto Zarate, MD",Section on Neurobiology and Treatment of Mood Disorders,"Siegfried  Kasper, MD","University of Vienna, Psychiatry",EM,
"Carlos Alberto Zarate, MD",Section on Neurobiology and Treatment of Mood Disorders,Rupert  Lazenberger,Medical University of Vienna,EM,
"Carlos Alberto Zarate, MD",Section on Neurobiology and Treatment of Mood Disorders,"Irwin  Lucki, PhD",Uniformed Services University of the Health Sciences,EM,
"Carlos Alberto Zarate, MD",Section on Neurobiology and Treatment of Mood Disorders,Sanjay  mathew,"Baylor College of Medicine, Psychiatry",EM,
"Carlos Alberto Zarate, MD",Section on Neurobiology and Treatment of Mood Disorders,Mitul  Mehta,King's College London,EM,
"Carlos Alberto Zarate, MD",Section on Neurobiology and Treatment of Mood Disorders,James  Murrough,"Icahn School of Medicine at Mount Sinai, Psychiatry",EM,
"Carlos Alberto Zarate, MD",Section on Neurobiology and Treatment of Mood Disorders,Marco  Pignatelli,Washington University in St. Louis,EM,
"Carlos Alberto Zarate, MD",Section on Neurobiology and Treatment of Mood Disorders,Tomi  Rantamaki,University of Helsinki,EM,
"Carlos Alberto Zarate, MD",Section on Neurobiology and Treatment of Mood Disorders,Jonathan  Roiser,University College London,EM,
"Carlos Alberto Zarate, MD",Section on Neurobiology and Treatment of Mood Disorders,"gerard  sanacora, MD, PhD","Yale University, Psychiatry",EM,
"Carlos Alberto Zarate, MD",Section on Neurobiology and Treatment of Mood Disorders,Allan  Young,King's College London,EM,
"Carlos Alberto Zarate, MD",Section on Neurobiology and Treatment of Mood Disorders,"Todd  Gould, MD","University of Maryland, Baltimore",EM,
"Carlos Alberto Zarate, MD",Section on Neurobiology and Treatment of Mood Disorders,Matthew  Nock,Harvard University,EM,
"Carlos Alberto Zarate, MD",Section on Neurobiology and Treatment of Mood Disorders,"Lauren Yvette Atlas, PhD",NCCIH,NIH,
"Carlos Alberto Zarate, MD",Section on Neurobiology and Treatment of Mood Disorders,"Michael  Michaelides, BS, PhD",NIDA,NIH,
"Carlos Alberto Zarate, MD",Section on Neurobiology and Treatment of Mood Disorders,"Ruin  Moaddel, PhD",NIA,NIH,
"Carlos Alberto Zarate, MD",Section on Neurobiology and Treatment of Mood Disorders,"Leorey Nagac Saligan, MSN, PhD",NINR,NIH,
"Carlos Alberto Zarate, MD",Section on Neurobiology and Treatment of Mood Disorders,Morgan N Similuk,NIAID,NIH,
"Carlos Alberto Zarate, MD",Section on Neurobiology and Treatment of Mood Disorders,"Craig Joseph Thomas, PhD",NCATS,NIH,
"Carlos Alberto Zarate, MD",Section on Neurobiology and Treatment of Mood Disorders,"Michael  Michaelides, BS, PhD",NIDA,NIH,
"Carlos Alberto Zarate, MD",Section on Neurobiology and Treatment of Mood Disorders,"Ruin  Moaddel, PhD",NIA,NIH,
"Carlos Alberto Zarate, MD",Section on Neurobiology and Treatment of Mood Disorders,"Craig Joseph Thomas, PhD",NCATS,NIH,
"Carlos Alberto Zarate, MD",Unit on Non-invasive Neuromodulation,"Peter A Bandettini, BS, PhD",Section on Functional Imaging Methods,NIMH,"Peter A Bandettini, BS, PhD"
"Carlos Alberto Zarate, MD",Unit on Non-invasive Neuromodulation,"George Raphael Dold, MS",Section on Instrumentation,NIMH,"George Raphael Dold, MS"
"Carlos Alberto Zarate, MD",Unit on Non-invasive Neuromodulation,"Cristan Ann Farmer, PhD",Neurodevelopmental and Behavioral Phenotyping Service,NIMH,"Audrey E Thurm, PhD"
"Carlos Alberto Zarate, MD",Unit on Non-invasive Neuromodulation,"Silvia  Lopez-Guzman, MD, PhD",Unit on Computational Decision Neuroscience,NIMH,"Silvia  Lopez-Guzman, MD, PhD"
"Carlos Alberto Zarate, MD",Unit on Non-invasive Neuromodulation,"Allison Carol Nugent, PhD",Magnetoencephalography Core,NIMH,"Allison Carol Nugent, PhD"
"Carlos Alberto Zarate, MD",Unit on Non-invasive Neuromodulation,"Francisco  Pereira, PhD",Machine Learning Core,NIMH,"Francisco  Pereira, PhD"
"Carlos Alberto Zarate, MD",Unit on Non-invasive Neuromodulation,"Daniel  Pine, MD",Section on Development and Affective Neuroscience,NIMH,"Daniel  Pine, MD"
"Carlos Alberto Zarate, MD",Unit on Non-invasive Neuromodulation,"Bruce Allen Pritchard, BSEE",Section on Instrumentation,NIMH,"George Raphael Dold, MS"
"Carlos Alberto Zarate, MD",Unit on Non-invasive Neuromodulation,"Audrey E Thurm, PhD",Neurodevelopmental and Behavioral Phenotyping Service,NIMH,"Audrey E Thurm, PhD"
"Carlos Alberto Zarate, MD",Unit on Non-invasive Neuromodulation,"Tonya Jo Hanson White, PhD, MD",Section on Social and Cognitive Developmental Neuroscience,NIMH,"Tonya Jo Hanson White, PhD, MD"
"Carlos Alberto Zarate, MD",Unit on Non-invasive Neuromodulation,Chris  Abbott,University of New Mexico,EM,
"Carlos Alberto Zarate, MD",Unit on Non-invasive Neuromodulation,"Greg  Appelbaum, PhD",Duke University Health System,EM,
"Carlos Alberto Zarate, MD",Unit on Non-invasive Neuromodulation,Miklos  Argyelan,Zucker Hillside Hospital,EM,
"Carlos Alberto Zarate, MD",Unit on Non-invasive Neuromodulation,"Nicholas  Balderston, PhD","University of Pennsylvania Health System, Psychiatry",EM,
"Carlos Alberto Zarate, MD",Unit on Non-invasive Neuromodulation,M  Bikson,City University of New York,EM,
"Carlos Alberto Zarate, MD",Unit on Non-invasive Neuromodulation,"Daniel  Blumberger, MD",University of Toronto,EM,
"Carlos Alberto Zarate, MD",Unit on Non-invasive Neuromodulation,D  Brody,Uniformed Services University of the Health Sciences,EM,
"Carlos Alberto Zarate, MD",Unit on Non-invasive Neuromodulation,A  Brunoni,Universidade de São Paulo,EM,
"Carlos Alberto Zarate, MD",Unit on Non-invasive Neuromodulation,Noreen  Bukhari- parlakturk,Duke University School of Medicine,EM,
"Carlos Alberto Zarate, MD",Unit on Non-invasive Neuromodulation,Roberto  Cabeza,Duke University Health System,EM,
"Carlos Alberto Zarate, MD",Unit on Non-invasive Neuromodulation,Fow-Sen  Chao,"University of Maryland, Baltimore",EM,
"Carlos Alberto Zarate, MD",Unit on Non-invasive Neuromodulation,Paul  Croarkin,Mayo Clinic,EM,
"Carlos Alberto Zarate, MD",Unit on Non-invasive Neuromodulation,Abhishek  Datta,Soterix Medical (United States),EM,
"Carlos Alberto Zarate, MD",Unit on Non-invasive Neuromodulation,"Simon  Davis, PhD",Duke University Health System,EM,
"Carlos Alberto Zarate, MD",Unit on Non-invasive Neuromodulation,Xiaoming  Du,"University of Maryland, Baltimore, School of Medicine",EM,
"Carlos Alberto Zarate, MD",Unit on Non-invasive Neuromodulation,Marc  Dubin,Weill Cornell Medicine,EM,
"Carlos Alberto Zarate, MD",Unit on Non-invasive Neuromodulation,Stefan  Goetz,Duke University Health System,EM,
"Carlos Alberto Zarate, MD",Unit on Non-invasive Neuromodulation,Luiz  Gomez,Purdue University System,EM,
"Carlos Alberto Zarate, MD",Unit on Non-invasive Neuromodulation,Mark  Halko,Harvard Medical School,EM,
"Carlos Alberto Zarate, MD",Unit on Non-invasive Neuromodulation,"Elliot  Hong, MD",University of Maryland Medical Center,EM,
"Carlos Alberto Zarate, MD",Unit on Non-invasive Neuromodulation,Servey  Makaroff,Worcester Polytechnic Institute,EM,
"Carlos Alberto Zarate, MD",Unit on Non-invasive Neuromodulation,Shawn  McClintock,Southwestern Medical Center,EM,
"Carlos Alberto Zarate, MD",Unit on Non-invasive Neuromodulation,Katherine  Narr,"University of California, Los Angeles",EM,
"Carlos Alberto Zarate, MD",Unit on Non-invasive Neuromodulation,Andrada  Neacsiu,Duke University Health System,EM,
"Carlos Alberto Zarate, MD",Unit on Non-invasive Neuromodulation,"Cecilia  Neige, PhD",Inserm,EM,
"Carlos Alberto Zarate, MD",Unit on Non-invasive Neuromodulation,Desmond  Oathes,University of Pennsylvania Health System,EM,
"Carlos Alberto Zarate, MD",Unit on Non-invasive Neuromodulation,Leif  Oltedal,University of Bergen,EM,
"Carlos Alberto Zarate, MD",Unit on Non-invasive Neuromodulation,"Angel  Peterchev, PhD",Duke University Health System,EM,
"Carlos Alberto Zarate, MD",Unit on Non-invasive Neuromodulation,Jennifer  Rodger,University of Western Australia,EM,
"Carlos Alberto Zarate, MD",Unit on Non-invasive Neuromodulation,Yvette  Sheline,University of Pennsylvania Health System,EM,
"Carlos Alberto Zarate, MD",Unit on Non-invasive Neuromodulation,Timothy  Strauman,Duke University Health System,EM,
"Carlos Alberto Zarate, MD",Unit on Non-invasive Neuromodulation,Akihiro  Takamiya,"Keio University, School of Medicine",EM,
"Carlos Alberto Zarate, MD",Unit on Non-invasive Neuromodulation,Victor  Tang,University of Toronto,EM,
"Carlos Alberto Zarate, MD",Unit on Non-invasive Neuromodulation,Jeroen   van Waarde,Rijnstate Hospital,EM,
"Carlos Alberto Zarate, MD",Unit on Non-invasive Neuromodulation,Aristotle  Voineskos,University of Toronto,EM,
"Carlos Alberto Zarate, MD",Unit on Non-invasive Neuromodulation,Valerie  Voon,University of Cambridge,EM,
"Carlos Alberto Zarate, MD",Unit on Non-invasive Neuromodulation,Fan  Yong,University of Pennsylvania Health System,EM,
"Carlos Alberto Zarate, MD",Unit on Non-invasive Neuromodulation,Jonathan  Young,Durham VA Medical Center,EM,
"Carlos Alberto Zarate, MD",Unit on Non-invasive Neuromodulation,Xiaochu  Zhang,University of Science and Technology of China,EM,
"Carlos Alberto Zarate, MD",Unit on Non-invasive Neuromodulation,Christoph  Zrenner,University of Toronto,EM,
"Carlos Alberto Zarate, MD",Unit on Non-invasive Neuromodulation,David Lozoff Brody,NINDS,NIH,
"Carlos Alberto Zarate, MD",Unit on Non-invasive Neuromodulation,"Leonardo G Cohen, MD",NINDS,NIH,
"Carlos Alberto Zarate, MD",Unit on Non-invasive Neuromodulation,"Hanbing  Lu, PhD",NIDA,NIH,
"Carlos Alberto Zarate, MD",Unit on Non-invasive Neuromodulation,"Betty Jo  Salmeron, MD",NIDA,NIH,
"Carlos Alberto Zarate, MD",Unit on Non-invasive Neuromodulation,"William Harold Theodore, MD",NINDS,NIH,
"Carlos Alberto Zarate, MD",Unit on Non-invasive Neuromodulation,"Eric M Wassermann, MA, MD",NINDS,NIH,
"Charles R Gerfen, PhD",Section on Neuroanatomy,"Lee E Eiden, PhD",Section on Molecular Neuroscience,NIMH,"Lee E Eiden, PhD"
"Charles R Gerfen, PhD",Section on Neuroanatomy,"Soohyun  Lee, PhD",Section on Functional Neural Circuits,NIMH,"Soohyun  Lee, PhD"
"Charles R Gerfen, PhD",Section on Neuroanatomy,"Hugo Alejandro Tejeda, PhD",Unit of Neuromodulation and Synaptic Integration,NIMH,"Hugo Alejandro Tejeda, PhD"
"Charles R Gerfen, PhD",Section on Neuroanatomy,Savio  Chan,Northwestern University,EM,
"Charles R Gerfen, PhD",Section on Neuroanatomy,Rui  Costa,Allen Institute for Brain Science,EM,
"Charles R Gerfen, PhD",Section on Neuroanatomy,Aryn  Gittis,Carnegie Mellon University,EM,
"Charles R Gerfen, PhD",Section on Neuroanatomy,"Bryan M Hooks, PhD","University of Pittsburgh, Department of Neurobiology",EM,
"Charles R Gerfen, PhD",Section on Neuroanatomy,"Hidehiko  Inagaki, PhD",Max Planck Florida Institute for Neuroscience,EM,
"Charles R Gerfen, PhD",Section on Neuroanatomy,Nuo  Li,Baylor College of Medicine,EM,
"Charles R Gerfen, PhD",Section on Neuroanatomy,"Alexandra B Nelson, MD, PhD","University of California, San Francisco, Department of Neurology",EM,
"Charles R Gerfen, PhD",Section on Neuroanatomy,"Karel  Svoboda, PhD",Allen Institute for Brain Science,EM,
"Charles R Gerfen, PhD",Section on Neuroanatomy,"Huaibin  Cai, PhD",NIA,NIH,
"Charles R Gerfen, PhD",Section on Neuroanatomy,"Andrew  Holmes, PhD",NIAAA,NIH,
"Charles R Gerfen, PhD",Section on Neuroanatomy,"Richard J Krauzlis, PhD",NEI,NIH,
"Charles R Gerfen, PhD",Section on Neuroanatomy,"Da-Ting  Lin, BS, PhD",NIDA,NIH,
"Charles R Gerfen, PhD",Section on Neuroanatomy,"Negin  Martin, PhD",NIEHS,NIH,
"Chris Ian Baker, PhD",Section on Learning and Plasticity,"Peter A Bandettini, BS, PhD",Section on Functional Imaging Methods,NIMH,"Peter A Bandettini, BS, PhD"
"Chris Ian Baker, PhD",Section on Learning and Plasticity,"David A Leopold, PhD",Section on Cognitive Neurophysiology and Imaging,NIMH,"David A Leopold, PhD"
"Chris Ian Baker, PhD",Section on Learning and Plasticity,"Alex  Martin, PhD",Section on Cognitive Neuropsychology,NIMH,"Alex  Martin, PhD"
"Chris Ian Baker, PhD",Section on Learning and Plasticity,"Elisha Prem Merriam, PhD",Computational Neuroimaging and Perception Team,NIMH,"Elisha Prem Merriam, PhD"
"Chris Ian Baker, PhD",Section on Learning and Plasticity,"Francisco  Pereira, PhD",Machine Learning Core,NIMH,"Francisco  Pereira, PhD"
"Chris Ian Baker, PhD",Section on Learning and Plasticity,"Manzar  Ashtari, PhD","University of Pennsylvania, School of Medicine",EM,
"Chris Ian Baker, PhD",Section on Learning and Plasticity,Tamar  Makin,University College London,EM,
"Chris Ian Baker, PhD",Section on Learning and Plasticity,"H  Schone, PhD",University of Pittsburgh,EM,
"Chris Ian Baker, PhD",Section on Learning and Plasticity,Brad  Duchaine,"Dartmouth College, Psychological and Brain Sciences",EM,
"Chris Ian Baker, PhD",Section on Learning and Plasticity,Avniel  Ghuman,University of Pittsburgh,EM,
"Chris Ian Baker, PhD",Section on Learning and Plasticity,Iris  Groen,University of Amsterdam,EM,
"Chris Ian Baker, PhD",Section on Learning and Plasticity,"Martin  Hebart, PhD",Max Planck Institute for Human Cognitive and Brain Sciences,EM,
"Chris Ian Baker, PhD",Section on Learning and Plasticity,"Dwight Jacob Kravitz, PhD","George Washington University, Psychology",EM,
"Chris Ian Baker, PhD",Section on Learning and Plasticity,Anina  Rich,Macquarie University,EM,
"Chris Ian Baker, PhD",Section on Learning and Plasticity,Edward  Silson,University of Edinburgh,EM,
"Chris Ian Baker, PhD",Section on Learning and Plasticity,Jessica  Taubert,University of Queensland,EM,
"Chris Ian Baker, PhD",Section on Learning and Plasticity,"Bevil Richard Conway, PhD",NEI,NIH,
"Chris Ian Baker, PhD",Section on Learning and Plasticity,"Kareem Amir Zaghloul, MD, PhD, BS",NINDS,NIH,
"Christopher Michael Bartley, MD",Translational Immunopsychiatry Unit,Gena Lynne Carwile Mooneyham,Office of the Clinical Director,NIMH,"Maryland  Pao, BA, MD"
"Christopher Michael Bartley, MD",Translational Immunopsychiatry Unit,"Stefano  Marenco, MD",Human Brain Collection Core,NIMH,"Stefano  Marenco, MD"
"Christopher Michael Bartley, MD",Translational Immunopsychiatry Unit,"Pavan Kumar Auluck, MD, PhD",Human Brain Collection Core,NIMH,"Stefano  Marenco, MD"
"Christopher Michael Bartley, MD",Translational Immunopsychiatry Unit,"Kathleen R Merikangas, PhD",Section on Developmental Genetic Epidemiology,NIMH,"Kathleen R Merikangas, PhD"
"Christopher Michael Bartley, MD",Translational Immunopsychiatry Unit,"Samer Saleh Hattar, PhD",Section on Light and Circadian Rhythms,NIMH,"Samer Saleh Hattar, PhD"
"Christopher Michael Bartley, MD",Translational Immunopsychiatry Unit,Aaron  Besterman,Rady Children's Hospital-San Diego,EM,
"Christopher Michael Bartley, MD",Translational Immunopsychiatry Unit,Juan  Gallego,Northwell Health,EM,
"Christopher Michael Bartley, MD",Translational Immunopsychiatry Unit,"Matthew  Johnson, PhD",Broad Institute,EM,
"Christopher Michael Bartley, MD",Translational Immunopsychiatry Unit,"Joshua  Levin, Ph.D.",Broad Institute,EM,
"Christopher Michael Bartley, MD",Translational Immunopsychiatry Unit,Emmanuel  Mignot,Stanford University,EM,
"Christopher Michael Bartley, MD",Translational Immunopsychiatry Unit,"Alexander  Sandweiss, M.D., Ph.D.","Baylor College of Medicine, Pediatric Neurology and Developmental Neuroscience",EM,
"Christopher Michael Bartley, MD",Translational Immunopsychiatry Unit,"Jonathan D Santoro, M.D.",Children's Hospital of Los Angeles,EM,
"Christopher Michael Bartley, MD",Translational Immunopsychiatry Unit,"Michael  Wilson, MD",UCSF Benioff Children's Hospital,EM,
"Christopher Michael Bartley, MD",Translational Immunopsychiatry Unit,Anthony  Zoghbi,Baylor College of Medicine,EM,
"Christopher Michael Bartley, MD",Translational Immunopsychiatry Unit,"Avindra  Nath, MD",NINDS,NIH,
"Christopher Michael Bartley, MD",Translational Immunopsychiatry Unit,"Adriana  Marques, MD",NIAID,NIH,
"Christopher Michael Bartley, MD",Translational Immunopsychiatry Unit,Eliza Meryl Gordon-Lipkin,NHGRI,NIH,
"Christopher Michael Bartley, MD",Translational Immunopsychiatry Unit,Hussam Raid Alkaissi,NIDDK,NIH,
"Christopher Michael Bartley, MD",Translational Immunopsychiatry Unit,"Carlos Raul Ferreira, MD",NICHD,NIH,
"Christopher Michael Bartley, MD",Translational Immunopsychiatry Unit,"Steven J Jacobson, PhD",NINDS,NIH,
"Christopher Michael Bartley, MD",Translational Immunopsychiatry Unit,"Farinaz  Safavi, MD, PhD",NIAID,NIH,
"Daniel  Pine, MD",Section on Development and Affective Neuroscience,"Bruno B Averbeck, PhD",Section on Learning and Decision Making,NIMH,"Bruno B Averbeck, PhD"
"Daniel  Pine, MD",Section on Development and Affective Neuroscience,"Melissa A Brotman, PhD, BA",Unit on Neuroscience and Novel Therapeutics,NIMH,"Melissa A Brotman, PhD, BA"
"Daniel  Pine, MD",Section on Development and Affective Neuroscience,"Silvia  Lopez-Guzman, MD, PhD",Unit on Computational Decision Neuroscience,NIMH,"Silvia  Lopez-Guzman, MD, PhD"
"Daniel  Pine, MD",Section on Development and Affective Neuroscience,"Bruno B Averbeck, PhD",Section on Learning and Decision Making,NIMH,"Bruno B Averbeck, PhD"
"Daniel  Pine, MD",Section on Development and Affective Neuroscience,"Jennifer  Blackford, PhD","Creighton University Medical Center, Psychology",EM,
"Daniel  Pine, MD",Section on Development and Affective Neuroscience,"Ned H. Kalin, MD","University of Washington, Psychiatry",EM,
"Daniel  Pine, MD",Section on Development and Affective Neuroscience,"Nathan  Fox, PhD","University of Maryland, Baltimore",EM,
"Daniel  Pine, MD",Section on Development and Affective Neuroscience,"Chad  Sylvester, MD, PhD","Washington University in St. Louis School of Medicine, Psychiatry",EM,
"David A Leopold, PhD",Neurophysiology Imaging Core,Xiao  Liu,Pennsylvania State University,EM,
"David A Leopold, PhD",Neurophysiology Imaging Core,Colin  Reveley,University of Oxford,EM,
"David A Leopold, PhD",Neurophysiology Imaging Core,Hiromasa  Takemura,Osaka University,EM,
"David A Leopold, PhD",Neurophysiology Imaging Core,"Jeff H Duyn, PhD",NINDS,NIH,
"David A Leopold, PhD",Section on Cognitive Neurophysiology and Imaging,James Andrew Bourne,Section on Cellular and Cognitive Neurodevelopment,NIMH,James Andrew Bourne
"David A Leopold, PhD",Section on Cognitive Neurophysiology and Imaging,"Yogita  Chudasama, PhD",Rodent Behavioral Core,NIMH,"Yogita  Chudasama, PhD"
"David A Leopold, PhD",Section on Cognitive Neurophysiology and Imaging,"Paul Andrew Taylor, BS, PhD",Scientific and Statistical Computing Core,NIMH,"Paul Andrew Taylor, BS, PhD"
"David A Leopold, PhD",Section on Cognitive Neurophysiology and Imaging,James Andrew Bourne,Section on Cellular and Cognitive Neurodevelopment,NIMH,James Andrew Bourne
"David A Leopold, PhD",Section on Cognitive Neurophysiology and Imaging,"Yogita  Chudasama, PhD",Rodent Behavioral Core,NIMH,"Yogita  Chudasama, PhD"
"David A Leopold, PhD",Section on Cognitive Neurophysiology and Imaging,"Soohyun  Lee, PhD",Section on Functional Neural Circuits,NIMH,"Soohyun  Lee, PhD"
"David A Leopold, PhD",Section on Cognitive Neurophysiology and Imaging,"Theodore B Usdin, MD, PhD",Systems Neuroscience Imaging Resource,NIMH,"Theodore B Usdin, MD, PhD; IRP Faculty"
"David A Leopold, PhD",Section on Cognitive Neurophysiology and Imaging,"Manzar  Ashtari, PhD","University of Pennsylvania, School of Medicine",EM,
"David A Leopold, PhD",Section on Cognitive Neurophysiology and Imaging,Luca  Bonini,University of Parma,EM,
"David A Leopold, PhD",Section on Cognitive Neurophysiology and Imaging,Marco  Lanzilotto,University of Parma,EM,
"David A Leopold, PhD",Section on Cognitive Neurophysiology and Imaging,Marco  Tamietto,University of Turin,EM,
"David A Leopold, PhD",Section on Cognitive Neurophysiology and Imaging,Wim  Vanduffel,KU Leuven,EM,
"David A Leopold, PhD",Section on Cognitive Neurophysiology and Imaging,Kuan Hong  Wang,University of Rochester,EM,
"David A Leopold, PhD",Section on Cognitive Neurophysiology and Imaging,Xiao  Liu,Pennsylvania State University,EM,
"David A Leopold, PhD",Section on Cognitive Neurophysiology and Imaging,Fenna  Krienen,Princeton University,EM,
"David A Leopold, PhD",Section on Cognitive Neurophysiology and Imaging,"Cory T Miller, PhD","University of California, San Diego, Psychology",EM,
"David A Leopold, PhD",Section on Cognitive Neurophysiology and Imaging,Gaurav  Patel,Columbia University Medical Center,EM,
"David A Leopold, PhD",Section on Cognitive Neurophysiology and Imaging,Kuan Hong  Wang,University of Rochester,EM,
"David A Leopold, PhD",Section on Cognitive Neurophysiology and Imaging,"Jeff H Duyn, PhD",NINDS,NIH,
"David A Leopold, PhD",Section on Cognitive Neurophysiology and Imaging,"Richard J Krauzlis, PhD",NEI,NIH,
"David A Leopold, PhD",Section on Cognitive Neurophysiology and Imaging,"Jeff H Duyn, PhD",NINDS,NIH,
"David A Leopold, PhD",Section on Cognitive Neurophysiology and Imaging,"Christopher Thomas Richie, PhD",NIDA,NIH,
"David A Leopold, PhD",Section on Cognitive Neurophysiology and Imaging,Shahriar  SheikhBahaei,NINDS,NIH,
"Dietmar  Plenz, PhD",Section on Critical Brain Dynamics,"Michelle  Girvan, PhD","University of Maryland, College Park, Department of Physics",EM,
"Elisabeth Adams Murray, PhD",Section on Neurobiology of Learning and Memory,"Melissa A Brotman, PhD, BA",Unit on Neuroscience and Novel Therapeutics,NIMH,"Melissa A Brotman, PhD, BA"
"Elisabeth Adams Murray, PhD",Section on Neurobiology of Learning and Memory,"Bruno B Averbeck, PhD",Section on Learning and Decision Making,NIMH,"Bruno B Averbeck, PhD"
"Elisabeth Adams Murray, PhD",Section on Neurobiology of Learning and Memory,"Benjamin M Basile, PhD","Dickinson College, Psychology Department",EM,
"Elisabeth Adams Murray, PhD",Section on Neurobiology of Learning and Memory,"Ned H. Kalin, MD","University of Washington, Psychiatry",EM,
"Elisabeth Adams Murray, PhD",Section on Neurobiology of Learning and Memory,"Peter H Rudebeck, PhD","Icahn School of Medicine at Mount Sinai, Neuroscience",EM,
"Elisabeth Adams Murray, PhD",Section on Neurobiology of Learning and Memory,"Benjamin M Basile, PhD","Dickinson College, Psychology Department",EM,
"Elisabeth Adams Murray, PhD",Section on Neurobiology of Learning and Memory,"Steve  Chang, PhD","Yale University, Dept. of Psychology",EM,
"Elisabeth Adams Murray, PhD",Section on Neurobiology of Learning and Memory,"Jon  Kaas, PhD","Vanderbilt University, Psychology",EM,
"Elisabeth Adams Murray, PhD",Section on Neurobiology of Learning and Memory,"Peter  Rapp, PhD",NIA,NIH,
"Elisha Prem Merriam, PhD",Computational Neuroimaging and Perception Team,"Peter A Bandettini, BS, PhD",Section on Functional Imaging Methods,NIMH,"Peter A Bandettini, BS, PhD"
"Elisha Prem Merriam, PhD",Computational Neuroimaging and Perception Team,James Andrew Bourne,Section on Cellular and Cognitive Neurodevelopment,NIMH,James Andrew Bourne
"Elisha Prem Merriam, PhD",Computational Neuroimaging and Perception Team,Grace Carolyn Alys Edwards,Section on Learning and Plasticity,NIMH,"Chris Ian Baker, PhD"
"Elisha Prem Merriam, PhD",Computational Neuroimaging and Perception Team,"Kathleen R Merikangas, PhD",Section on Developmental Genetic Epidemiology,NIMH,"Kathleen R Merikangas, PhD"
"Elisha Prem Merriam, PhD",Computational Neuroimaging and Perception Team,"Andrew Tyler Morgan, PhD",Functional MRI Core,NIMH,"Peter A Bandettini, BS, PhD"
"Elisha Prem Merriam, PhD",Computational Neuroimaging and Perception Team,"Marisa  Carrasco, PhD","New York University, Psychology",EM,
"Elisha Prem Merriam, PhD",Computational Neuroimaging and Perception Team,"Aniruddha  Das, PhD","Columbia University, Department of Neuroscience",EM,
"Elisha Prem Merriam, PhD",Computational Neuroimaging and Perception Team,"Justin  Gardner, PhD","Stanford University, Psychology",EM,
"Elisha Prem Merriam, PhD",Computational Neuroimaging and Perception Team,"Robbe  Goris, PhD","UT Austin, Center for Theoretical and Computational Neuroscience",EM,
"Elisha Prem Merriam, PhD",Computational Neuroimaging and Perception Team,"David J. Heeger, PhD","New York University, Center for Neural Science",EM,
"Elisha Prem Merriam, PhD",Computational Neuroimaging and Perception Team,"Krystel  Huxlin, PhD","University of Rochester, Department of Ophthalmology",EM,
"Elisha Prem Merriam, PhD",Computational Neuroimaging and Perception Team,"Kendrick  Kay, PhD","University of Minnesota, Department of Radiology",EM,
"Elisha Prem Merriam, PhD",Computational Neuroimaging and Perception Team,"Tomas  Knapen, PhD","Vrije Universiteit Brussel, Department of Psychology",EM,
"Elisha Prem Merriam, PhD",Computational Neuroimaging and Perception Team,"J. Anthony  Movshon, PhD","New York University, Center for Neural Science",EM,
"Elisha Prem Merriam, PhD",Computational Neuroimaging and Perception Team,"Hendrikje  Nienborg, PhD, MD",NEI,NIH,
"Francis Joseph McMahon, MD",Section on the Genetic Basis of Mood and Anxiety Disorders,"Pavan Kumar Auluck, MD, PhD",Human Brain Collection Core,NIMH,"Stefano  Marenco, MD"
"Francis Joseph McMahon, MD",Section on the Genetic Basis of Mood and Anxiety Disorders,"Karen F Berman, MD",Clinical and Translational Neuroscience Branch,NIMH,"Karen F Berman, MD"
"Francis Joseph McMahon, MD",Section on the Genetic Basis of Mood and Anxiety Disorders,Daniel P Eisenberg,Clinical and Translational Neuroscience Branch,NIMH,"Karen F Berman, MD"
"Francis Joseph McMahon, MD",Section on the Genetic Basis of Mood and Anxiety Disorders,"Stefano  Marenco, MD",Human Brain Collection Core,NIMH,"Stefano  Marenco, MD"
"Francis Joseph McMahon, MD",Section on the Genetic Basis of Mood and Anxiety Disorders,"Armin  Raznahan, MD, PhD",Section on Developmental Neurogenomics,NIMH,"Armin  Raznahan, MD, PhD"
"Francis Joseph McMahon, MD",Section on the Genetic Basis of Mood and Anxiety Disorders,"Theodore B Usdin, MD, PhD",Systems Neuroscience Imaging Resource,NIMH,"Theodore B Usdin, MD, PhD; IRP Faculty"
"Francis Joseph McMahon, MD",Section on the Genetic Basis of Mood and Anxiety Disorders,"Kathleen R Merikangas, PhD",Section on Developmental Genetic Epidemiology,NIMH,"Kathleen R Merikangas, PhD"
"Francis Joseph McMahon, MD",Section on the Genetic Basis of Mood and Anxiety Disorders,"Theodore B Usdin, MD, PhD",Systems Neuroscience Imaging Resource,NIMH,"Theodore B Usdin, MD, PhD; IRP Faculty"
"Francis Joseph McMahon, MD",Section on the Genetic Basis of Mood and Anxiety Disorders,"Sarah Kaye Williams, PhD",Systems Neuroscience Imaging Resource,NIMH,"Theodore B Usdin, MD, PhD; IRP Faculty"
"Francis Joseph McMahon, MD",Section on the Genetic Basis of Mood and Anxiety Disorders,Mani  Yavi,Section on Neurobiology and Treatment of Mood Disorders,NIMH,"Carlos Alberto Zarate, MD"
"Francis Joseph McMahon, MD",Section on the Genetic Basis of Mood and Anxiety Disorders,"Carlos Alberto Zarate, MD",Section on Neurobiology and Treatment of Mood Disorders,NIMH,"Carlos Alberto Zarate, MD"
"Francis Joseph McMahon, MD",Section on the Genetic Basis of Mood and Anxiety Disorders,"Seth  Ament, PhD","University of Maryland, College Park",EM,
"Francis Joseph McMahon, MD",Section on the Genetic Basis of Mood and Anxiety Disorders,"Edward  Bullmore, MD",University of Cambridge,EM,
"Francis Joseph McMahon, MD",Section on the Genetic Basis of Mood and Anxiety Disorders,Carl  Sellgren,Karolinska Institutet,EM,
"Francis Joseph McMahon, MD",Section on the Genetic Basis of Mood and Anxiety Disorders,Francis  Szele,Oxford Academic Health Science Network,EM,
"Francis Joseph McMahon, MD",Section on the Genetic Basis of Mood and Anxiety Disorders,Petra  Vertes,University of Cambridge,EM,
"Francis Joseph McMahon, MD",Section on the Genetic Basis of Mood and Anxiety Disorders,"Seth  Ament, PhD","University of Maryland, College Park",EM,
"Francis Joseph McMahon, MD",Section on the Genetic Basis of Mood and Anxiety Disorders,Ole  Andreassen,Oslo University Hospital,EM,
"Francis Joseph McMahon, MD",Section on the Genetic Basis of Mood and Anxiety Disorders,David  Glahn,Harvard University,EM,
"Francis Joseph McMahon, MD",Section on the Genetic Basis of Mood and Anxiety Disorders,Thomas  Schulze,University of Göttingen,EM,
"Francis Joseph McMahon, MD",Section on the Genetic Basis of Mood and Anxiety Disorders,"Alan R Shuldiner, MD","University of Maryland, Baltimore",EM,
"Francis Joseph McMahon, MD",Section on the Genetic Basis of Mood and Anxiety Disorders,"Kory R Johnson, PhD",NINDS,NIH,
"Francis Joseph McMahon, MD",Section on the Genetic Basis of Mood and Anxiety Disorders,"Ann C.M. Smith, MA, DSc (hon)",NHGRI,NIH,
"Francis Joseph McMahon, MD",Section on the Genetic Basis of Mood and Anxiety Disorders,"Jizhong  Zou, PhD",NHLBI,NIH,
"Francis Joseph McMahon, MD",Section on the Genetic Basis of Mood and Anxiety Disorders,Morgan N Similuk,NIAID,NIH,
"Francisco  Pereira, PhD",Machine Learning Core,"Adam G Thomas, DPhil",Data Science and Sharing Team,NIMH,"Adam G Thomas, DPhil"
"Francisco  Pereira, PhD",Machine Learning Core,Martin Nikolai Hebart,Section on Learning and Plasticity,NIMH,"Chris Ian Baker, PhD"
"Francisco  Pereira, PhD",Machine Learning Core,"Chris Ian Baker, PhD",Section on Learning and Plasticity,NIMH,"Chris Ian Baker, PhD"
"Francisco  Pereira, PhD",Machine Learning Core,"Javier  Gonzalez-Castillo, PhD",Section on Functional Imaging Methods,NIMH,"Peter A Bandettini, BS, PhD"
"Francisco  Pereira, PhD",Machine Learning Core,"Ana Rita Lourenco Inacio, PhD",Section on Functional Neural Circuits,NIMH,"Soohyun  Lee, PhD"
"Francisco  Pereira, PhD",Machine Learning Core,"Soohyun  Lee, PhD",Section on Functional Neural Circuits,NIMH,"Soohyun  Lee, PhD"
"Francisco  Pereira, PhD",Machine Learning Core,"Bruno B Averbeck, PhD",Section on Learning and Decision Making,NIMH,"Bruno B Averbeck, PhD"
"Francisco  Pereira, PhD",Machine Learning Core,"Jason Aaron Avery, PhD",Section on Cognitive Neuropsychology,NIMH,"Alex  Martin, PhD"
"Francisco  Pereira, PhD",Machine Learning Core,"Elizabeth Day Ballard, PhD",Section on Neurobiology and Treatment of Mood Disorders,NIMH,"Carlos Alberto Zarate, MD"
"Francisco  Pereira, PhD",Machine Learning Core,Amaia  Benitez Andonegui,Magnetoencephalography Core,NIMH,"Allison Carol Nugent, PhD"
"Francisco  Pereira, PhD",Machine Learning Core,"Melissa A Brotman, PhD, BA",Unit on Neuroscience and Novel Therapeutics,NIMH,"Melissa A Brotman, PhD, BA"
"Francisco  Pereira, PhD",Machine Learning Core,Eric Allen Earl,Data Science and Sharing Team,NIMH,"Adam G Thomas, DPhil"
"Francisco  Pereira, PhD",Machine Learning Core,"Isabel Sofia Fernandez, BS",Section on Functional Imaging Methods,NIMH,"Peter A Bandettini, BS, PhD"
"Francisco  Pereira, PhD",Machine Learning Core,Rodolfo Jesus Flores Garcia,Unit of Neuromodulation and Synaptic Integration,NIMH,"Hugo Alejandro Tejeda, PhD"
"Francisco  Pereira, PhD",Machine Learning Core,Sunday Michelle Francis,Unit on Non-invasive Neuromodulation,NIMH,"Carlos Alberto Zarate, MD"
"Francisco  Pereira, PhD",Machine Learning Core,Samuel Erich Charles Frank,Section on Development and Affective Neuroscience,NIMH,"Daniel  Pine, MD"
"Francisco  Pereira, PhD",Machine Learning Core,Ramaris Elisa German,Unit on Neuroscience and Novel Therapeutics,NIMH,"Melissa A Brotman, PhD, BA"
"Francisco  Pereira, PhD",Machine Learning Core,Alison Byrd Gibbons,Office of the Clinical Director,NIMH,"Maryland  Pao, BA, MD"
"Francisco  Pereira, PhD",Machine Learning Core,Austin Matthew Greene,Section on Learning and Plasticity,NIMH,"Chris Ian Baker, PhD"
"Francisco  Pereira, PhD",Machine Learning Core,Simone Paula Haller,Section on Development and Affective Neuroscience,NIMH,"Daniel  Pine, MD"
"Francisco  Pereira, PhD",Machine Learning Core,"Daniel  Handwerker, PhD",Section on Functional Imaging Methods,NIMH,"Peter A Bandettini, BS, PhD"
"Francisco  Pereira, PhD",Machine Learning Core,Lauren M Henry,Unit on Neuroscience and Novel Therapeutics,NIMH,"Melissa A Brotman, PhD, BA"
"Francisco  Pereira, PhD",Machine Learning Core,"David Coulter Jangraw, PhD",Section on Development and Affective Neuroscience,NIMH,"Daniel  Pine, MD"
"Francisco  Pereira, PhD",Machine Learning Core,"Shruti A Japee, BS, MS, PhD",Section on Cognitive Neuropsychology,NIMH,"Alex  Martin, PhD"
"Francisco  Pereira, PhD",Machine Learning Core,Sharif Ismail Kronemer,Section on Functional Imaging Methods,NIMH,"Peter A Bandettini, BS, PhD"
"Francisco  Pereira, PhD",Machine Learning Core,Zoe Fu Han Laky,Unit on Neuroscience and Novel Therapeutics,NIMH,"Melissa A Brotman, PhD, BA"
"Francisco  Pereira, PhD",Machine Learning Core,Cassandra Marie Levesque,Section on Cognitive Neuropsychology,NIMH,"Alex  Martin, PhD"
"Francisco  Pereira, PhD",Machine Learning Core,"Zheng  Li, PhD",Section on Synapse Development Plasticity,NIMH,"Zheng  Li, PhD"
"Francisco  Pereira, PhD",Machine Learning Core,"Silvia  Lopez-Guzman, MD, PhD",Unit on Computational Decision Neuroscience,NIMH,"Silvia  Lopez-Guzman, MD, PhD"
"Francisco  Pereira, PhD",Machine Learning Core,"Ajeet  Mandal, PhD",Human Brain Collection Core,NIMH,"Stefano  Marenco, MD"
"Francisco  Pereira, PhD",Machine Learning Core,"Stefano  Marenco, MD",Human Brain Collection Core,NIMH,"Stefano  Marenco, MD"
"Francisco  Pereira, PhD",Machine Learning Core,"Alex  Martin, PhD",Section on Cognitive Neuropsychology,NIMH,"Alex  Martin, PhD"
"Francisco  Pereira, PhD",Machine Learning Core,"Francis Joseph McMahon, MD",Section on the Genetic Basis of Mood and Anxiety Disorders,NIMH,"Francis Joseph McMahon, MD"
"Francisco  Pereira, PhD",Machine Learning Core,"Peter James Molfese, PhD",Functional MRI Core,NIMH,"Peter A Bandettini, BS, PhD"
"Francisco  Pereira, PhD",Machine Learning Core,Reut  Naim,Unit on Neuroscience and Novel Therapeutics,NIMH,"Melissa A Brotman, PhD, BA"
"Francisco  Pereira, PhD",Machine Learning Core,Matthias  Nau,Section on Learning and Plasticity,NIMH,"Chris Ian Baker, PhD"
"Francisco  Pereira, PhD",Machine Learning Core,"Allison Carol Nugent, PhD",Magnetoencephalography Core,NIMH,"Allison Carol Nugent, PhD"
"Francisco  Pereira, PhD",Machine Learning Core,John Joseph O'malley,Section on the Neural Circuits of Emotion and Motivation,NIMH,"Mario Alexander Penzo, PhD"
"Francisco  Pereira, PhD",Machine Learning Core,"Lindsay Meredith Oberman, PhD",Unit on Non-invasive Neuromodulation,NIMH,"Carlos Alberto Zarate, MD"
"Francisco  Pereira, PhD",Machine Learning Core,"Mario Alexander Penzo, PhD",Section on the Neural Circuits of Emotion and Motivation,NIMH,"Mario Alexander Penzo, PhD"
"Francisco  Pereira, PhD",Machine Learning Core,Andrew Steven Persichetti,Section on Cognitive Neuropsychology,NIMH,"Alex  Martin, PhD"
"Francisco  Pereira, PhD",Machine Learning Core,"Daniel  Pine, MD",Section on Development and Affective Neuroscience,NIMH,"Daniel  Pine, MD"
"Francisco  Pereira, PhD",Machine Learning Core,"Armin  Raznahan, MD, PhD",Section on Developmental Neurogenomics,NIMH,"Armin  Raznahan, MD, PhD"
"Francisco  Pereira, PhD",Machine Learning Core,Corey James Richier,Section on Development and Affective Neuroscience,NIMH,"Daniel  Pine, MD"
"Francisco  Pereira, PhD",Machine Learning Core,"Neda  Sadeghi, PhD",Section on Social and Cognitive Developmental Neuroscience,NIMH,"Tonya Jo Hanson White, PhD, MD"
"Francisco  Pereira, PhD",Machine Learning Core,"Peter J Schmidt, MD",Section on Behavioral Endocrinology,NIMH,"Peter J Schmidt, MD"
"Francisco  Pereira, PhD",Machine Learning Core,Jacob Steinberg Shaw,Office of the Clinical Director,NIMH,"Maryland  Pao, BA, MD"
"Francisco  Pereira, PhD",Machine Learning Core,Megan Anne Spurney,Section on Functional Imaging Methods,NIMH,"Peter A Bandettini, BS, PhD"
"Francisco  Pereira, PhD",Machine Learning Core,Anna Lina  Teichmann,Section on Learning and Plasticity,NIMH,"Chris Ian Baker, PhD"
"Francisco  Pereira, PhD",Machine Learning Core,"Hugo Alejandro Tejeda, PhD",Unit of Neuromodulation and Synaptic Integration,NIMH,"Hugo Alejandro Tejeda, PhD"
"Francisco  Pereira, PhD",Machine Learning Core,"Audrey E Thurm, PhD",Neurodevelopmental and Behavioral Phenotyping Service,NIMH,"Audrey E Thurm, PhD"
"Francisco  Pereira, PhD",Machine Learning Core,Catherine Ruth Elizabeth Walsh,Section on Functional Imaging Methods,NIMH,"Peter A Bandettini, BS, PhD"
"Francisco  Pereira, PhD",Machine Learning Core,Shau-Ming  Wei,Section on Behavioral Endocrinology,NIMH,"Peter J Schmidt, MD"
"Francisco  Pereira, PhD",Machine Learning Core,Anderson Marcelo Winkler,Section on Development and Affective Neuroscience,NIMH,"Daniel  Pine, MD"
"Francisco  Pereira, PhD",Machine Learning Core,Ma  Xiaoyu,Clinical and Translational Neuroscience Branch,NIMH,"Karen F Berman, MD"
"Francisco  Pereira, PhD",Machine Learning Core,"Carlos Alberto Zarate, MD",Section on Neurobiology and Treatment of Mood Disorders,NIMH,"Carlos Alberto Zarate, MD"
"Francisco  Pereira, PhD",Machine Learning Core,Lu  Zhang,Section on Functional Neural Circuits,NIMH,"Soohyun  Lee, PhD"
"Francisco  Pereira, PhD",Machine Learning Core,Andre  Zugman,Section on Development and Affective Neuroscience,NIMH,"Daniel  Pine, MD"
"Francisco  Pereira, PhD",Machine Learning Core,"Hugo  Alatrista-salas, PhD","Devinci Research Center, De Vinci Research Center",EM,
"Francisco  Pereira, PhD",Machine Learning Core,"Kristen  Benito, PhD, MD","Brown University, Psychiatry and Human Behavior",EM,
"Francisco  Pereira, PhD",Machine Learning Core,Callum  Chan,"University of Ottawa, School of Electrical Engineering and Computer Science",EM,
"Francisco  Pereira, PhD",Machine Learning Core,"Martin  Hebart, PhD",Max Planck Institute for Human Cognitive and Brain Sciences,EM,
"Francisco  Pereira, PhD",Machine Learning Core,"Quentin JM Huys, MD, PhD","University College London, Division of Psychiatry",EM,
"Francisco  Pereira, PhD",Machine Learning Core,"Diana  Inkpen, PhD","University of Ottawa, School of Electrical Engineering and Computer Science",EM,
"Francisco  Pereira, PhD",Machine Learning Core,"David C Jangraw, PhD","University of Vermont, Department of Electrical and Biomedical Engineering",EM,
"Francisco  Pereira, PhD",Machine Learning Core,"Hanna  Keren, PhD","Bar-Ilan University, Azrieli Faculty of Medicine",EM,
"Francisco  Pereira, PhD",Machine Learning Core,"Karolin  Krause, PhD",Université Paris Cité,EM,
"Francisco  Pereira, PhD",Machine Learning Core,"Lok ming  Lui, PhD","The Chinese University of Hong Kong, Mathematics",EM,
"Francisco  Pereira, PhD",Machine Learning Core,"Charles J Lynch, PhD","Weill Cornell Medicine, Department of Psychiatry",EM,
"Francisco  Pereira, PhD",Machine Learning Core,"Vasileios  Mantas, MD","National and Kapodistrian University of Athens, First Department of Psychiatry",EM,
"Francisco  Pereira, PhD",Machine Learning Core,"Nick  Midgley, PhD","University College London, Research Department of Clinical, Educational and Health Psychology",EM,
"Francisco  Pereira, PhD",Machine Learning Core,Lukas  Muttenthaler,"Technical University of Berlin, Machine Learning",EM,
"Francisco  Pereira, PhD",Machine Learning Core,"Per B Sederberg, PhD","University of Virginia, Department of Psychology",EM,
"Francisco  Pereira, PhD",Machine Learning Core,"Argyris  Stringaris, MD, PhD","University College London, Division of Psychiatry",EM,
"Francisco  Pereira, PhD",Machine Learning Core,Margot  Tirole,"University College London, Sainsbury Wellcome Centre",EM,
"Francisco  Pereira, PhD",Machine Learning Core,"Yeka  Aponte, PhD",NIDA,NIH,
"Francisco  Pereira, PhD",Machine Learning Core,"Lauren Yvette Atlas, PhD",NCCIH,NIH,
"Francisco  Pereira, PhD",Machine Learning Core,"Michael Howard Baumann, BS, MS, PhD",NIDA,NIH,
"Francisco  Pereira, PhD",Machine Learning Core,"Joyce  Chung, MD",CC,NIH,
"Francisco  Pereira, PhD",Machine Learning Core,"Bevil Richard Conway, PhD",NEI,NIH,
"Francisco  Pereira, PhD",Machine Learning Core,Diana Garcia Gutierrez,NIDA,NIH,
"Francisco  Pereira, PhD",Machine Learning Core,Grant Christopher Glatfelter,NIDA,NIH,
"Francisco  Pereira, PhD",Machine Learning Core,"Bruce  Hope, PhD",NIDA,NIH,
"Francisco  Pereira, PhD",Machine Learning Core,Amy  Janes,NIDA,NIH,
"Francisco  Pereira, PhD",Machine Learning Core,"David Michael Lovinger, PhD",NIAAA,NIH,
"Francisco  Pereira, PhD",Machine Learning Core,"Rajtarun  Madangopal, PhD, MS",NIDA,NIH,
"Francisco  Pereira, PhD",Machine Learning Core,Alexander Dean Maitland,NIDA,NIH,
"Francisco  Pereira, PhD",Machine Learning Core,Ido  Maor,NIDA,NIH,
"Francisco  Pereira, PhD",Machine Learning Core,Ana Pamela  Miranda Tapia,NIDA,NIH,
"Francisco  Pereira, PhD",Machine Learning Core,Laura Mary Melissa Murray,NIDA,NIH,
"Francisco  Pereira, PhD",Machine Learning Core,"Geoffrey Mark Schoenbaum, MD",NIDA,NIH,
"Francisco  Pereira, PhD",Machine Learning Core,Rachel Lynn Weger,NCCIH,NIH,
"George Raphael Dold, MS",Section on Instrumentation,"Arash  Afraz, PhD","Unit on Neurons, Circuits and Behavior",NIMH,"Arash  Afraz, PhD"
"George Raphael Dold, MS",Section on Instrumentation,"Bruno B Averbeck, PhD",Section on Learning and Decision Making,NIMH,"Bruno B Averbeck, PhD"
"George Raphael Dold, MS",Section on Instrumentation,"Peter A Bandettini, BS, PhD",Section on Functional Imaging Methods,NIMH,"Peter A Bandettini, BS, PhD"
"George Raphael Dold, MS",Section on Instrumentation,Siani Monet Barbosa,Section on Functional Neural Circuits,NIMH,"Soohyun  Lee, PhD"
"George Raphael Dold, MS",Section on Instrumentation,"Sean Paul Bradley, PhD",Rodent Behavioral Core,NIMH,"Yogita  Chudasama, PhD"
"George Raphael Dold, MS",Section on Instrumentation,"Heather A Cameron, PhD",Section on Neuroplasticity,NIMH,"Heather A Cameron, PhD"
"George Raphael Dold, MS",Section on Instrumentation,"Yogita  Chudasama, PhD",Rodent Behavioral Core,NIMH,"Yogita  Chudasama, PhD"
"George Raphael Dold, MS",Section on Instrumentation,"Kevin  Cravedi, MS",Rodent Behavioral Core,NIMH,"Yogita  Chudasama, PhD"
"George Raphael Dold, MS",Section on Instrumentation,"Zhi-De  Deng, PhD",Unit on Non-invasive Neuromodulation,NIMH,"Carlos Alberto Zarate, MD"
"George Raphael Dold, MS",Section on Instrumentation,Alice Marie Graham,Rodent Behavioral Core,NIMH,"Yogita  Chudasama, PhD"
"George Raphael Dold, MS",Section on Instrumentation,"Jinsoo  Hong, MS, PhD",Section on PET Radiopharmaceutical Sciences,NIMH,"Victor W Pike, PhD"
"George Raphael Dold, MS",Section on Instrumentation,"Soohyun  Lee, PhD",Section on Functional Neural Circuits,NIMH,"Soohyun  Lee, PhD"
"George Raphael Dold, MS",Section on Instrumentation,"David A Leopold, PhD",Section on Cognitive Neurophysiology and Imaging,NIMH,"David A Leopold, PhD"
"George Raphael Dold, MS",Section on Instrumentation,"Elisabeth Adams Murray, PhD",Section on Neurobiology of Learning and Memory,NIMH,"Elisabeth Adams Murray, PhD"
"George Raphael Dold, MS",Section on Instrumentation,"Mario Alexander Penzo, PhD",Section on the Neural Circuits of Emotion and Motivation,NIMH,"Mario Alexander Penzo, PhD"
"George Raphael Dold, MS",Section on Instrumentation,"James M Pickel, PhD, AB",Transgenic Core,NIMH,"Susan G Amara, PhD"
"George Raphael Dold, MS",Section on Instrumentation,"Victor W Pike, PhD",Section on PET Radiopharmaceutical Sciences,NIMH,"Victor W Pike, PhD"
"George Raphael Dold, MS",Section on Instrumentation,"Dietmar  Plenz, PhD",Section on Critical Brain Dynamics,NIMH,"Dietmar  Plenz, PhD"
"George Raphael Dold, MS",Section on Instrumentation,"Barry J Richmond, MD",Section on Neural Coding and Computation,NIMH,"Barry J Richmond, MD"
"George Raphael Dold, MS",Section on Instrumentation,"Vinai  Roopchansingh, PhD",Functional MRI Core,NIMH,"Peter A Bandettini, BS, PhD"
"George Raphael Dold, MS",Section on Instrumentation,"Theodore B Usdin, MD, PhD",Systems Neuroscience Imaging Resource,NIMH,"Theodore B Usdin, MD, PhD; IRP Faculty"
"George Raphael Dold, MS",Section on Instrumentation,"Benjamin H White, PhD",Section on Neural Function,NIMH,"Benjamin H White, PhD"
"George Raphael Dold, MS",Section on Instrumentation,Ma  Xiaoyu,Clinical and Translational Neuroscience Branch,NIMH,"Karen F Berman, MD"
"George Raphael Dold, MS",Section on Instrumentation,"Daniel T Abebe, MS",NICHD,NIH,
"George Raphael Dold, MS",Section on Instrumentation,"Zane Nathan Aldworth, PhD",NICHD,NIH,
"George Raphael Dold, MS",Section on Instrumentation,"Alexander Theodore Chesler, PhD",NCCIH,NIH,
"George Raphael Dold, MS",Section on Instrumentation,"Jeffrey S Diamond, PhD",NINDS,NIH,
"George Raphael Dold, MS",Section on Instrumentation,Huayu  Ding,NINDS,NIH,
"George Raphael Dold, MS",Section on Instrumentation,"Stephen John Dodd, PhD",NINDS,NIH,
"George Raphael Dold, MS",Section on Instrumentation,"Yi  Gu, PhD",NINDS,NIH,
"George Raphael Dold, MS",Section on Instrumentation,"Miguel  Holmgren, PhD",NINDS,NIH,
"George Raphael Dold, MS",Section on Instrumentation,"Alan Paul Koretsky, PhD",NINDS,NIH,
"George Raphael Dold, MS",Section on Instrumentation,"Wei  Lu, PhD, BS",NINDS,NIH,
"George Raphael Dold, MS",Section on Instrumentation,"Chris James McBain, PhD",NICHD,NIH,
"George Raphael Dold, MS",Section on Instrumentation,"Hellmut  Merkle, PHD, MS",NINDS,NIH,
"George Raphael Dold, MS",Section on Instrumentation,"Jeeva P Munasinghe, PhD",NINDS,NIH,
"George Raphael Dold, MS",Section on Instrumentation,"Joseph  Murphy-Boesch, PhD",NINDS,NIH,
"George Raphael Dold, MS",Section on Instrumentation,"Thomas J Pohida, MS",NIBIB,NIH,
"George Raphael Dold, MS",Section on Instrumentation,"Randall Harrison Pursley, MS",NIBIB,NIH,
"George Raphael Dold, MS",Section on Instrumentation,"Mark A Stopfer, PhD",NICHD,NIH,
"George Raphael Dold, MS",Section on Instrumentation,"Kenton J Swartz, PhD",NINDS,NIH,
"George Raphael Dold, MS",Section on Instrumentation,"Ling-Gang  Wu, PhD",NINDS,NIH,
"Heather A Cameron, PhD",Section on Neuroplasticity,"Theodore B Usdin, MD, PhD",Systems Neuroscience Imaging Resource,NIMH,"Theodore B Usdin, MD, PhD; IRP Faculty"
"Heather A Cameron, PhD",Section on Neuroplasticity,"Dax A Hoffman, PhD",NICHD,NIH,
"Hugo Alejandro Tejeda, PhD",Unit of Neuromodulation and Synaptic Integration,"Bruno B Averbeck, PhD",Section on Learning and Decision Making,NIMH,"Bruno B Averbeck, PhD"
"Hugo Alejandro Tejeda, PhD",Unit of Neuromodulation and Synaptic Integration,"Yogita  Chudasama, PhD",Rodent Behavioral Core,NIMH,"Yogita  Chudasama, PhD"
"Hugo Alejandro Tejeda, PhD",Unit of Neuromodulation and Synaptic Integration,"Stefano  Marenco, MD",Human Brain Collection Core,NIMH,"Stefano  Marenco, MD"
"Hugo Alejandro Tejeda, PhD",Unit of Neuromodulation and Synaptic Integration,"Mario Alexander Penzo, PhD",Section on the Neural Circuits of Emotion and Motivation,NIMH,"Mario Alexander Penzo, PhD"
"Hugo Alejandro Tejeda, PhD",Unit of Neuromodulation and Synaptic Integration,"Francisco  Pereira, PhD",Machine Learning Core,NIMH,"Francisco  Pereira, PhD"
"Hugo Alejandro Tejeda, PhD",Unit of Neuromodulation and Synaptic Integration,"Theodore B Usdin, MD, PhD",Systems Neuroscience Imaging Resource,NIMH,"Theodore B Usdin, MD, PhD; IRP Faculty"
"Hugo Alejandro Tejeda, PhD",Unit of Neuromodulation and Synaptic Integration,Andre  Berndt,University of Washington,EM,
"Hugo Alejandro Tejeda, PhD",Unit of Neuromodulation and Synaptic Integration,Bryan  Copits,Washington University of St. Louis,EM,
"Hugo Alejandro Tejeda, PhD",Unit of Neuromodulation and Synaptic Integration,Gregory  Corder,"University of Pennsylvania School of Medicine, School of Medicine",EM,
"Hugo Alejandro Tejeda, PhD",Unit of Neuromodulation and Synaptic Integration,Karl  Deisseroth,Stanford University,EM,
"Hugo Alejandro Tejeda, PhD",Unit of Neuromodulation and Synaptic Integration,"Zachary Z Freyberg, MD,PhD","University of Pittsburgh, Department of Psychiatry",EM,
"Hugo Alejandro Tejeda, PhD",Unit of Neuromodulation and Synaptic Integration,Patrick  O'neill,"University of California, Los Angeles",EM,
"Hugo Alejandro Tejeda, PhD",Unit of Neuromodulation and Synaptic Integration,Gregory  Scherrer,University of North Carolina at Chapel Hill,EM,
"Hugo Alejandro Tejeda, PhD",Unit of Neuromodulation and Synaptic Integration,Michael  Tadross,"Duke University, Biomedical Engineering",EM,
"Hugo Alejandro Tejeda, PhD",Unit of Neuromodulation and Synaptic Integration,Lin  Tian,University of California Davis Medical Center,EM,
"Hugo Alejandro Tejeda, PhD",Unit of Neuromodulation and Synaptic Integration,Bryan  Copits,Washington University of St. Louis,EM,
"Hugo Alejandro Tejeda, PhD",Unit of Neuromodulation and Synaptic Integration,Patrick  O'neill,"University of California, Los Angeles",EM,
"Hugo Alejandro Tejeda, PhD",Unit of Neuromodulation and Synaptic Integration,"Mark A Hoon, PhD",NIDCR,NIH,
"Hugo Alejandro Tejeda, PhD",Unit of Neuromodulation and Synaptic Integration,"Paule Valery Joseph, PhD, MSN, CRNP, MBA, RN",NIAAA,NIH,
"Hugo Alejandro Tejeda, PhD",Unit of Neuromodulation and Synaptic Integration,"Claire Eliane Le Pichon, PhD",NICHD,NIH,
"Hugo Alejandro Tejeda, PhD",Unit of Neuromodulation and Synaptic Integration,"Kareem Amir Zaghloul, MD, PhD, BS",NINDS,NIH,
James Andrew Bourne,Section on Cellular and Cognitive Neurodevelopment,"David A Leopold, PhD",Section on Cognitive Neurophysiology and Imaging,NIMH,"David A Leopold, PhD"
James Andrew Bourne,Section on Cellular and Cognitive Neurodevelopment,"Stefano  Marenco, MD",Human Brain Collection Core,NIMH,"Stefano  Marenco, MD"
James Andrew Bourne,Section on Cellular and Cognitive Neurodevelopment,"Tobias David Merson, BA, BSc(Hons), PhD",Oligodendroglial Interactions Group,NIMH,"Tobias David Merson, BA, BSc(Hons), PhD"
James Andrew Bourne,Section on Cellular and Cognitive Neurodevelopment,"Theodore B Usdin, MD, PhD",Systems Neuroscience Imaging Resource,NIMH,"Theodore B Usdin, MD, PhD; IRP Faculty"
James Andrew Bourne,Section on Cellular and Cognitive Neurodevelopment,Xiaoyin  Chen,Allen Institute,EM,
James Andrew Bourne,Section on Cellular and Cognitive Neurodevelopment,"Gord  Fishell, PhD",Harvard University,EM,
James Andrew Bourne,Section on Cellular and Cognitive Neurodevelopment,"Robbe  Goris, PhD","UT Austin, Center for Theoretical and Computational Neuroscience",EM,
James Andrew Bourne,Section on Cellular and Cognitive Neurodevelopment,Jihane  Hommna-ludiye,Monash University,EM,
James Andrew Bourne,Section on Cellular and Cognitive Neurodevelopment,Krystel  Huxlin,University of Rochester,EM,
James Andrew Bourne,Section on Cellular and Cognitive Neurodevelopment,Cory  Miller,University of California - San Diego School of Medicine,EM,
James Andrew Bourne,Section on Cellular and Cognitive Neurodevelopment,Ari  Molofsky,University of San Francisco,EM,
James Andrew Bourne,Section on Cellular and Cognitive Neurodevelopment,"Afonso  Silva, PhD",University of Pittsburgh,EM,
James Andrew Bourne,Section on Cellular and Cognitive Neurodevelopment,Beth  Stevens,Harvard Medical School,EM,
James Andrew Bourne,Section on Cellular and Cognitive Neurodevelopment,Diego  Szczupack,University of Pittsburgh School of Medicine,EM,
James Andrew Bourne,Section on Cellular and Cognitive Neurodevelopment,Yating  Wang,Harvard Medical School,EM,
James Andrew Bourne,Section on Cellular and Cognitive Neurodevelopment,Yimin  Zou,UCSD,EM,
James Andrew Bourne,Section on Cellular and Cognitive Neurodevelopment,"Michael J Iadarola, PhD",CC,NIH,
James Andrew Bourne,Section on Cellular and Cognitive Neurodevelopment,"Richard J Krauzlis, PhD",NEI,NIH,
James Andrew Bourne,Section on Cellular and Cognitive Neurodevelopment,Vivek  Mahadevan,NICHD,NIH,
James Andrew Bourne,Section on Cellular and Cognitive Neurodevelopment,"Chris James McBain, PhD",NICHD,NIH,
James Andrew Bourne,Section on Cellular and Cognitive Neurodevelopment,"Kenneth  Pelkey, PhD",NICHD,NIH,
James Andrew Bourne,Section on Cellular and Cognitive Neurodevelopment,"Timothy James Petros, PhD",NICHD,NIH,
Jennifer S Wong,Office of Technology Transfer,Susan E Ano,NINDS,NIH,
Jennifer S Wong,Office of Technology Transfer,Oksana Igorevna Dukhanina,NINDS,NIH,
Jennifer S Wong,Office of Technology Transfer,Olufunmilola Olufemi,NINDS,NIH,
Jennifer S Wong,Office of Technology Transfer,Smita A Sharma,NINDS,NIH,
Jennifer S Wong,Office of Technology Transfer,Sharon R Duncombe,NINDS,NIH,
Jennifer S Wong,Office of Technology Transfer,"Anna  Solowiej, PhD",NHGRI,NIH,
Jennifer S Wong,Office of Technology Transfer,"Eggerton Anthony Campbell, PhD",NHGRI,NIH,
Jennifer S Wong,Office of Technology Transfer,"Sangeetha  Raghavan, MBA, MS",NHGRI,NIH,
Jennifer S Wong,Office of Technology Transfer,Karen  Surabian,NHGRI,NIH,
Jennifer S Wong,Office of Technology Transfer,Bao-Hanh  Ngo,NHGRI,NIH,
"Jun  Shen, PhD",Section on Magnetic Resonance Spectroscopy,"Carlos Alberto Zarate, MD",Section on Neurobiology and Treatment of Mood Disorders,NIMH,"Carlos Alberto Zarate, MD"
"Jun  Shen, PhD",Section on Magnetic Resonance Spectroscopy,Vishwajit  Nimgaonkar,University of Pittsburgh Medical Center,EM,
"Jun  Shen, PhD",Section on Magnetic Resonance Spectroscopy,"Valerie Lillian Darcey, PhD, MS, RD, BA",NIDDK,NIH,
"Jun  Shen, PhD",Section on Magnetic Resonance Spectroscopy,"Mark Richard Gilbert, MD",NCI,NIH,
"Jun  Shen, PhD",Section on Magnetic Resonance Spectroscopy,"Kevin Dennis Hall, BSc, PhD",NIDDK,NIH,
"Jun  Shen, PhD",Section on Magnetic Resonance Spectroscopy,Justin Y Kwan,NINDS,NIH,
"Jun  Shen, PhD",Section on Magnetic Resonance Spectroscopy,"Philip   Shaw, MD, PhD",NHGRI,NIH,
"Jun  Shen, PhD",Section on Magnetic Resonance Spectroscopy,"Jing  Wu, PhD, MD",NCI,NIH,
"Karen F Berman, MD",Clinical and Translational Neuroscience Branch,"Bhaskar S Kolachana, PhD",Human Brain Collection Core,NIMH,"Stefano  Marenco, MD"
"Karen F Berman, MD",Clinical and Translational Neuroscience Branch,Carolyn B Mervis,University of Louisville,EM,
"Karen F Berman, MD",Clinical and Translational Neuroscience Branch,Colleen A Morris,"University of Nevada, Las Vegas",EM,
"Karen F Berman, MD",Clinical and Translational Neuroscience Branch,"Grisel Jamira Lopez, MD",NHGRI,NIH,
"Karen F Berman, MD",Clinical and Translational Neuroscience Branch,"Ellen  Sidransky, MD",NHGRI,NIH,
"Kathleen R Merikangas, PhD",Section on Developmental Genetic Epidemiology,"Elizabeth Day Ballard, PhD",Section on Neurobiology and Treatment of Mood Disorders,NIMH,"Carlos Alberto Zarate, MD"
"Kathleen R Merikangas, PhD",Section on Developmental Genetic Epidemiology,"Francis Joseph McMahon, MD",Section on the Genetic Basis of Mood and Anxiety Disorders,NIMH,"Francis Joseph McMahon, MD"
"Kathleen R Merikangas, PhD",Section on Developmental Genetic Epidemiology,"Carlos Alberto Zarate, MD",Section on Neurobiology and Treatment of Mood Disorders,NIMH,"Carlos Alberto Zarate, MD"
"Kathleen R Merikangas, PhD",Section on Developmental Genetic Epidemiology,"Yogita  Chudasama, PhD",Rodent Behavioral Core,NIMH,"Yogita  Chudasama, PhD"
"Kathleen R Merikangas, PhD",Section on Developmental Genetic Epidemiology,"Samer Saleh Hattar, PhD",Section on Light and Circadian Rhythms,NIMH,"Samer Saleh Hattar, PhD"
"Kathleen R Merikangas, PhD",Section on Developmental Genetic Epidemiology,"Lisa Meryl Horowitz, PhD",Office of the Clinical Director,NIMH,"Maryland  Pao, BA, MD"
"Kathleen R Merikangas, PhD",Section on Developmental Genetic Epidemiology,"Ian  Hickie, MD","University of Sydney, Brain and Mind Centre",EM,
"Kathleen R Merikangas, PhD",Section on Developmental Genetic Epidemiology,"Femke  Lamers, PhD",VU University Medical Center,EM,
"Kathleen R Merikangas, PhD",Section on Developmental Genetic Epidemiology,"Andrew  Leroux, PhD",University of Colorado Denver,EM,
"Kathleen R Merikangas, PhD",Section on Developmental Genetic Epidemiology,"Alison  Merikangas, PhD",Children's Hospital of Philadelphia,EM,
"Kathleen R Merikangas, PhD",Section on Developmental Genetic Epidemiology,"Martin  Preisig, MD, MPH",University of Lausanne,EM,
"Kathleen R Merikangas, PhD",Section on Developmental Genetic Epidemiology,"Neil  Risch, PhD","University of California, San Francisco",EM,
"Kathleen R Merikangas, PhD",Section on Developmental Genetic Epidemiology,"Haochang  Shou, PhD","University of Pennsylvania, Department of Biostatistics",EM,
"Kathleen R Merikangas, PhD",Section on Developmental Genetic Epidemiology,"Peter  Szatmari, MD, MSc",Centre for Addiction and Mental Health,EM,
"Kathleen R Merikangas, PhD",Section on Developmental Genetic Epidemiology,"Celine  Vetter, PhD","Munich, Germany",EM,
"Kathleen R Merikangas, PhD",Section on Developmental Genetic Epidemiology,"Vadim  Zipunnikov, PhD",Johns Hopkins University,EM,
"Kathleen R Merikangas, PhD",Section on Developmental Genetic Epidemiology,"Lindsay  Alexander, MPH","Child Mind Institute, New York",EM,
"Kathleen R Merikangas, PhD",Section on Developmental Genetic Epidemiology,"Hilary  Blumberg, MD, PhD","Yale University, School of Medicine",EM,
"Kathleen R Merikangas, PhD",Section on Developmental Genetic Epidemiology,"Judy  Cameron, PhD",University of Pittsburgh,EM,
"Kathleen R Merikangas, PhD",Section on Developmental Genetic Epidemiology,"Jennifer  Glaus, PhD",University of Lausanne,EM,
"Kathleen R Merikangas, PhD",Section on Developmental Genetic Epidemiology,"Ian  Hickie, MD","University of Sydney, Brain and Mind Centre",EM,
"Kathleen R Merikangas, PhD",Section on Developmental Genetic Epidemiology,"Arno  Klein, PhD",Child Mind Institute,EM,
"Kathleen R Merikangas, PhD",Section on Developmental Genetic Epidemiology,"Femke  Lamers, PhD",VU University Medical Center,EM,
"Kathleen R Merikangas, PhD",Section on Developmental Genetic Epidemiology,"Andrew  Leroux, PhD",University of Colorado Denver,EM,
"Kathleen R Merikangas, PhD",Section on Developmental Genetic Epidemiology,"Nick  Martin, PhD",QIMR Berghofer Medical Research Institute,EM,
"Kathleen R Merikangas, PhD",Section on Developmental Genetic Epidemiology,"Michael  Milham, MD, PhD","Child Mind Institute, New York",EM,
"Kathleen R Merikangas, PhD",Section on Developmental Genetic Epidemiology,"Martin  Preisig, MD, MPH",University of Lausanne,EM,
"Kathleen R Merikangas, PhD",Section on Developmental Genetic Epidemiology,"Giovanni  Salum, MD, PhD","Child Mind Institute, New York",EM,
"Kathleen R Merikangas, PhD",Section on Developmental Genetic Epidemiology,"Jan  Scott, MD","Newcastle University, United Kingdom",EM,
"Kathleen R Merikangas, PhD",Section on Developmental Genetic Epidemiology,"Haochang  Shou, PhD","University of Pennsylvania, Department of Biostatistics",EM,
"Kathleen R Merikangas, PhD",Section on Developmental Genetic Epidemiology,"Marie-Pierre  Strippoli, MSc",University of Lausanne,EM,
"Kathleen R Merikangas, PhD",Section on Developmental Genetic Epidemiology,"Peter  Szatmari, MD, MSc",Centre for Addiction and Mental Health,EM,
"Kathleen R Merikangas, PhD",Section on Developmental Genetic Epidemiology,"Celine  Vetter, PhD","Munich, Germany",EM,
"Kathleen R Merikangas, PhD",Section on Developmental Genetic Epidemiology,"Yao  Xiao, BS","Child Mind Institute, New York",EM,
"Kathleen R Merikangas, PhD",Section on Developmental Genetic Epidemiology,"Phyllis  Zee, MD, PhD","Northwestern University Feinberg School of Medicine, Feinberg School of Medicine",EM,
"Kathleen R Merikangas, PhD",Section on Developmental Genetic Epidemiology,"Jihui  Zhang, MD, PhD",Chinese University of Hong Kong,EM,
"Kathleen R Merikangas, PhD",Section on Developmental Genetic Epidemiology,"Vadim  Zipunnikov, PhD",Johns Hopkins University,EM,
"Kathleen R Merikangas, PhD",Section on Developmental Genetic Epidemiology,"Susan Shur-fen Gau, MD, PhD",National Taiwan University,EM,
"Kathleen R Merikangas, PhD",Section on Developmental Genetic Epidemiology,"Katholiki  Georgiades, PhD","McMaster University, Psychiatry and Behavioral Neuroscience",EM,
"Kathleen R Merikangas, PhD",Section on Developmental Genetic Epidemiology,"Michael  Milham, MD, PhD","Child Mind Institute, New York",EM,
"Kathleen R Merikangas, PhD",Section on Developmental Genetic Epidemiology,"Giovanni  Salum, MD, PhD","Child Mind Institute, New York",EM,
"Kathleen R Merikangas, PhD",Section on Developmental Genetic Epidemiology,"Jihui  Zhang, MD, PhD",Chinese University of Hong Kong,EM,
"Kathleen R Merikangas, PhD",Section on Developmental Genetic Epidemiology,"Kong Yin Chen, PhD",NIDDK,NIH,
"Kathleen R Merikangas, PhD",Section on Developmental Genetic Epidemiology,"Paule Valery Joseph, PhD, MSN, CRNP, MBA, RN",NIAAA,NIH,
"Kathleen R Merikangas, PhD",Section on Developmental Genetic Epidemiology,"Kong Yin Chen, PhD",NIDDK,NIH,
"Kathleen R Merikangas, PhD",Section on Developmental Genetic Epidemiology,"Paule Valery Joseph, PhD, MSN, CRNP, MBA, RN",NIAAA,NIH,
"Kathleen R Merikangas, PhD",Section on Developmental Genetic Epidemiology,"Nora D Volkow, MD",NIDA,NIH,
"Krystal Heather Allen-Worthington, DVM, PhD, DACLAM",Veterinary Medicine and Resources Branch,"Arash  Afraz, PhD","Unit on Neurons, Circuits and Behavior",NIMH,"Arash  Afraz, PhD"
"Krystal Heather Allen-Worthington, DVM, PhD, DACLAM",Veterinary Medicine and Resources Branch,"Veronica Alicia Alvarez, PhD",Section on Neurobiology of Compulsive Behaviors,NIMH,"Veronica Alicia Alvarez, PhD"
"Krystal Heather Allen-Worthington, DVM, PhD, DACLAM",Veterinary Medicine and Resources Branch,"Bruno B Averbeck, PhD",Section on Learning and Decision Making,NIMH,"Bruno B Averbeck, PhD"
"Krystal Heather Allen-Worthington, DVM, PhD, DACLAM",Veterinary Medicine and Resources Branch,James Andrew Bourne,Section on Cellular and Cognitive Neurodevelopment,NIMH,James Andrew Bourne
"Krystal Heather Allen-Worthington, DVM, PhD, DACLAM",Veterinary Medicine and Resources Branch,"Heather A Cameron, PhD",Section on Neuroplasticity,NIMH,"Heather A Cameron, PhD"
"Krystal Heather Allen-Worthington, DVM, PhD, DACLAM",Veterinary Medicine and Resources Branch,"Yogita  Chudasama, PhD",Rodent Behavioral Core,NIMH,"Yogita  Chudasama, PhD"
"Krystal Heather Allen-Worthington, DVM, PhD, DACLAM",Veterinary Medicine and Resources Branch,"Lee E Eiden, PhD",Section on Molecular Neuroscience,NIMH,"Lee E Eiden, PhD"
"Krystal Heather Allen-Worthington, DVM, PhD, DACLAM",Veterinary Medicine and Resources Branch,"Charles R Gerfen, PhD",Section on Neuroanatomy,NIMH,"Charles R Gerfen, PhD"
"Krystal Heather Allen-Worthington, DVM, PhD, DACLAM",Veterinary Medicine and Resources Branch,"Samer Saleh Hattar, PhD",Section on Light and Circadian Rhythms,NIMH,"Samer Saleh Hattar, PhD"
"Krystal Heather Allen-Worthington, DVM, PhD, DACLAM",Veterinary Medicine and Resources Branch,"Mark H Histed, PhD",Unit on Neural Computation and Behavior,NIMH,"Mark H Histed, PhD"
"Krystal Heather Allen-Worthington, DVM, PhD, DACLAM",Veterinary Medicine and Resources Branch,"Robert  Innis, MD, PhD",Section on PET Neuroimaging Sciences,NIMH,"Robert  Innis, MD, PhD"
"Krystal Heather Allen-Worthington, DVM, PhD, DACLAM",Veterinary Medicine and Resources Branch,"Soohyun  Lee, PhD",Section on Functional Neural Circuits,NIMH,"Soohyun  Lee, PhD"
"Krystal Heather Allen-Worthington, DVM, PhD, DACLAM",Veterinary Medicine and Resources Branch,"David A Leopold, PhD",Section on Cognitive Neurophysiology and Imaging,NIMH,"David A Leopold, PhD"
"Krystal Heather Allen-Worthington, DVM, PhD, DACLAM",Veterinary Medicine and Resources Branch,"Zheng  Li, PhD",Section on Synapse Development Plasticity,NIMH,"Zheng  Li, PhD"
"Krystal Heather Allen-Worthington, DVM, PhD, DACLAM",Veterinary Medicine and Resources Branch,"Tobias David Merson, BA, BSc(Hons), PhD",Oligodendroglial Interactions Group,NIMH,"Tobias David Merson, BA, BSc(Hons), PhD"
"Krystal Heather Allen-Worthington, DVM, PhD, DACLAM",Veterinary Medicine and Resources Branch,"Elisabeth Adams Murray, PhD",Section on Neurobiology of Learning and Memory,NIMH,"Elisabeth Adams Murray, PhD"
"Krystal Heather Allen-Worthington, DVM, PhD, DACLAM",Veterinary Medicine and Resources Branch,"Mario Alexander Penzo, PhD",Section on the Neural Circuits of Emotion and Motivation,NIMH,"Mario Alexander Penzo, PhD"
"Krystal Heather Allen-Worthington, DVM, PhD, DACLAM",Veterinary Medicine and Resources Branch,"James M Pickel, PhD, AB",Transgenic Core,NIMH,"Susan G Amara, PhD"
"Krystal Heather Allen-Worthington, DVM, PhD, DACLAM",Veterinary Medicine and Resources Branch,"Dietmar  Plenz, PhD",Section on Critical Brain Dynamics,NIMH,"Dietmar  Plenz, PhD"
"Krystal Heather Allen-Worthington, DVM, PhD, DACLAM",Veterinary Medicine and Resources Branch,"Barry J Richmond, MD",Section on Neural Coding and Computation,NIMH,"Barry J Richmond, MD"
"Krystal Heather Allen-Worthington, DVM, PhD, DACLAM",Veterinary Medicine and Resources Branch,"Jun  Shen, PhD",Molecular Imaging Branch,NIMH,"Paul Andrew Parcon, MD, PhD"
"Krystal Heather Allen-Worthington, DVM, PhD, DACLAM",Veterinary Medicine and Resources Branch,"Hugo Alejandro Tejeda, PhD",Unit of Neuromodulation and Synaptic Integration,NIMH,"Hugo Alejandro Tejeda, PhD"
"Krystal Heather Allen-Worthington, DVM, PhD, DACLAM",Veterinary Medicine and Resources Branch,"Theodore B Usdin, MD, PhD",Systems Neuroscience Imaging Resource,NIMH,"Theodore B Usdin, MD, PhD; IRP Faculty"
"Krystal Heather Allen-Worthington, DVM, PhD, DACLAM",Veterinary Medicine and Resources Branch,"Stephen Leroy Denny, DVM",OD,NIH,
"Lee E Eiden, PhD",Section on Molecular Neuroscience,"Charles R Gerfen, PhD",Section on Neuroanatomy,NIMH,"Charles R Gerfen, PhD"
"Lee E Eiden, PhD",Section on Molecular Neuroscience,"Hugo Alejandro Tejeda, PhD",Unit of Neuromodulation and Synaptic Integration,NIMH,"Hugo Alejandro Tejeda, PhD"
"Lee E Eiden, PhD",Section on Molecular Neuroscience,"Theodore B Usdin, MD, PhD",Systems Neuroscience Imaging Resource,NIMH,"Theodore B Usdin, MD, PhD; IRP Faculty"
"Lee E Eiden, PhD",Section on Molecular Neuroscience,"Uri  Ashery, PhD","Tel Aviv University, Life Sciences Faculty, Department of Neurobiolgoy",EM,
"Lee E Eiden, PhD",Section on Molecular Neuroscience,"Guiseppe  Deganutti, PhD",Coventry University,EM,
"Lee E Eiden, PhD",Section on Molecular Neuroscience,"Francesco  Ferraguti, Ph.D.","Universität Innsbruck, Department of Pharmacology",EM,
"Lee E Eiden, PhD",Section on Molecular Neuroscience,"Ralf  Kinsherf, PhD","Philipps University of Marburg, Dept. of Anatomy",EM,
"Lee E Eiden, PhD",Section on Molecular Neuroscience,"Patrick  Sexton, PhD",Monash University,EM,
"Lee E Eiden, PhD",Section on Molecular Neuroscience,"Eberhard  Weihe, MD, PhD","Philipps University of Marburg, Institute of Anatomy and Cell Biology",EM,
"Lee E Eiden, PhD",Section on Molecular Neuroscience,"Yarimar  Carrasquillo, PhD",NCCIH,NIH,
"Lee E Eiden, PhD",Section on Molecular Neuroscience,"Abdel G Elkahloun, PhD",NHGRI,NIH,
"Lee E Eiden, PhD",Section on Molecular Neuroscience,"Mark James Henderson, PhD",NCATS,NIH,
"Lee E Eiden, PhD",Section on Molecular Neuroscience,"Xin  Hu, PhD",NCATS,NIH,
"Lee E Eiden, PhD",Section on Molecular Neuroscience,"Andrew  Lutas, PhD",NIDDK,NIH,
"Mario Alexander Penzo, PhD",Section on the Neural Circuits of Emotion and Motivation,"Veronica Alicia Alvarez, PhD",Section on Neurobiology of Compulsive Behaviors,NIMH,"Veronica Alicia Alvarez, PhD"
"Mario Alexander Penzo, PhD",Section on the Neural Circuits of Emotion and Motivation,"Bruno B Averbeck, PhD",Section on Learning and Decision Making,NIMH,"Bruno B Averbeck, PhD"
"Mario Alexander Penzo, PhD",Section on the Neural Circuits of Emotion and Motivation,"Samer Saleh Hattar, PhD",Section on Light and Circadian Rhythms,NIMH,"Samer Saleh Hattar, PhD"
"Mario Alexander Penzo, PhD",Section on the Neural Circuits of Emotion and Motivation,"Stefano  Marenco, MD",Human Brain Collection Core,NIMH,"Stefano  Marenco, MD"
"Mario Alexander Penzo, PhD",Section on the Neural Circuits of Emotion and Motivation,"Francis Joseph McMahon, MD",Section on the Genetic Basis of Mood and Anxiety Disorders,NIMH,"Francis Joseph McMahon, MD"
"Mario Alexander Penzo, PhD",Section on the Neural Circuits of Emotion and Motivation,"Hugo Alejandro Tejeda, PhD",Unit of Neuromodulation and Synaptic Integration,NIMH,"Hugo Alejandro Tejeda, PhD"
"Mario Alexander Penzo, PhD",Section on the Neural Circuits of Emotion and Motivation,Karl  Deisseroth,Stanford University,EM,
"Mario Alexander Penzo, PhD",Section on the Neural Circuits of Emotion and Motivation,Michael  Halassa,Tufts University,EM,
"Mario Alexander Penzo, PhD",Section on the Neural Circuits of Emotion and Motivation,"Andrew  Holmes, PhD",NIAAA,NIH,
"Mario Alexander Penzo, PhD",Section on the Neural Circuits of Emotion and Motivation,"Anton Marinus Jetten, PhD",NIEHS,NIH,
"Mark H Histed, PhD",Unit on Neural Computation and Behavior,"Soohyun  Lee, PhD",Section on Functional Neural Circuits,NIMH,"Soohyun  Lee, PhD"
"Mark H Histed, PhD",Unit on Neural Computation and Behavior,"Bruno B Averbeck, PhD",Section on Learning and Decision Making,NIMH,"Bruno B Averbeck, PhD"
"Mark H Histed, PhD",Unit on Neural Computation and Behavior,"Yashar  Ahmadian, PhD","Oxford Centre for Computational Neuroscience, Physiology",EM,
"Mark H Histed, PhD",Unit on Neural Computation and Behavior,"Nicolas  Brunel, PhD",Duke University,EM,
"Mark H Histed, PhD",Unit on Neural Computation and Behavior,Christopher  Kim,Howard University,EM,
"Mark H Histed, PhD",Unit on Neural Computation and Behavior,"Manuel  Beiran, PhD","Columbia University, Center for Theoretical Neuroscience",EM,
"Mark H Histed, PhD",Unit on Neural Computation and Behavior,"Nicolas  Brunel, PhD",Duke University,EM,
"Mark H Histed, PhD",Unit on Neural Computation and Behavior,Christopher  Kim,Howard University,EM,
"Mark H Histed, PhD",Unit on Neural Computation and Behavior,"Ellie  Pavlick, PhD","Brown University, Computer Science",EM,
"Mark H Histed, PhD",Unit on Neural Computation and Behavior,"Ariel Johanna Levine, MD, PhD",NINDS,NIH,
"Mark H Histed, PhD",Unit on Neural Computation and Behavior,"Andre A Nussenzweig, PhD",NCI,NIH,
"Maryland  Pao, BA, MD",Office of the Clinical Director,"Elizabeth Day Ballard, PhD",Section on Neurobiology and Treatment of Mood Disorders,NIMH,"Carlos Alberto Zarate, MD"
"Maryland  Pao, BA, MD",Office of the Clinical Director,"Peter A Bandettini, BS, PhD",Section on Functional Imaging Methods,NIMH,"Peter A Bandettini, BS, PhD"
"Maryland  Pao, BA, MD",Office of the Clinical Director,"Cristan Ann Farmer, PhD",Neurodevelopmental and Behavioral Phenotyping Service,NIMH,"Audrey E Thurm, PhD"
"Maryland  Pao, BA, MD",Office of the Clinical Director,"Jian-Ping  He, MS",Section on Developmental Genetic Epidemiology,NIMH,"Kathleen R Merikangas, PhD"
"Maryland  Pao, BA, MD",Office of the Clinical Director,"Shruti A Japee, BS, MS, PhD",Section on Cognitive Neuropsychology,NIMH,"Alex  Martin, PhD"
"Maryland  Pao, BA, MD",Office of the Clinical Director,"Alex  Martin, PhD",Section on Cognitive Neuropsychology,NIMH,"Alex  Martin, PhD"
"Maryland  Pao, BA, MD",Office of the Clinical Director,"Francis Joseph McMahon, MD",Section on the Genetic Basis of Mood and Anxiety Disorders,NIMH,"Francis Joseph McMahon, MD"
"Maryland  Pao, BA, MD",Office of the Clinical Director,"Kathleen R Merikangas, PhD",Section on Developmental Genetic Epidemiology,NIMH,"Kathleen R Merikangas, PhD"
"Maryland  Pao, BA, MD",Office of the Clinical Director,"Cheryl  Morse, BS, MS",Section on PET Radiopharmaceutical Sciences,NIMH,"Victor W Pike, PhD"
"Maryland  Pao, BA, MD",Office of the Clinical Director,"Allison Carol Nugent, PhD",Magnetoencephalography Core,NIMH,"Allison Carol Nugent, PhD"
"Maryland  Pao, BA, MD",Office of the Clinical Director,"Armin  Raznahan, MD, PhD",Section on Developmental Neurogenomics,NIMH,"Armin  Raznahan, MD, PhD"
"Maryland  Pao, BA, MD",Office of the Clinical Director,"Adam G Thomas, DPhil",Data Science and Sharing Team,NIMH,"Adam G Thomas, DPhil"
"Maryland  Pao, BA, MD",Office of the Clinical Director,"Audrey E Thurm, PhD",Neurodevelopmental and Behavioral Phenotyping Service,NIMH,"Audrey E Thurm, PhD"
"Maryland  Pao, BA, MD",Office of the Clinical Director,"John  Ackerman, PhD","Nationwide Children's Hospital, Research Institute",EM,
"Maryland  Pao, BA, MD",Office of the Clinical Director,Khalid  Afzal,University of Chicago,EM,
"Maryland  Pao, BA, MD",Office of the Clinical Director,"Joan  Asarnow, PhD","University of California, Los Angeles, Psychiatry and Behavioral Sciences",EM,
"Maryland  Pao, BA, MD",Office of the Clinical Director,"Lynsay  Ayer, PhD",RAND Corporation,EM,
"Maryland  Pao, BA, MD",Office of the Clinical Director,Erich  Batra,Penn State Health,EM,
"Maryland  Pao, BA, MD",Office of the Clinical Director,Tami  Benton,Children's Hospital of Philadelphia,EM,
"Maryland  Pao, BA, MD",Office of the Clinical Director,Mark  Berdi,Péterfy,EM,
"Maryland  Pao, BA, MD",Office of the Clinical Director,Krishna  Bista,Nepal Paediatric Society (NEPAS),EM,
"Maryland  Pao, BA, MD",Office of the Clinical Director,"G  Blaschke, MD",Oregon Health & Science University,EM,
"Maryland  Pao, BA, MD",Office of the Clinical Director,"Edwin  Boudreaux, PhD","University of Massachusetts Chan Medical School, Department of Emergency Medicine",EM,
"Maryland  Pao, BA, MD",Office of the Clinical Director,"Khyati  Brahmbhatt, MD",UCSF Benioff Children's Hospital,EM,
"Maryland  Pao, BA, MD",Office of the Clinical Director,David  Brent,University of Pittsburgh,EM,
"Maryland  Pao, BA, MD",Office of the Clinical Director,"Jeffrey  Bridge, PhD","Nationwide Children's Hospital, Research Institute",EM,
"Maryland  Pao, BA, MD",Office of the Clinical Director,Trisha  Calabrese,American Foundation for Suicide Prevention,EM,
"Maryland  Pao, BA, MD",Office of the Clinical Director,John  Campo,West Virginia University Hospitals,EM,
"Maryland  Pao, BA, MD",Office of the Clinical Director,Terrell  Carter,American Academy of Pediatrics,EM,
"Maryland  Pao, BA, MD",Office of the Clinical Director,Jungeun  Choi,MedStar Georgetown University Hospital,EM,
"Maryland  Pao, BA, MD",Office of the Clinical Director,Renee  Cruz,American Foundation for Suicide Prevention,EM,
"Maryland  Pao, BA, MD",Office of the Clinical Director,"Mary  Cwik, PhD",Johns Hopkins University,EM,
"Maryland  Pao, BA, MD",Office of the Clinical Director,Federico  Daray,University of Buenos Aires,EM,
"Maryland  Pao, BA, MD",Office of the Clinical Director,Maria  Del carmen lopez-arvizu,Kennedy Krieger Institute,EM,
"Maryland  Pao, BA, MD",Office of the Clinical Director,Muluwork  Denberu,Addis Ababa University,EM,
"Maryland  Pao, BA, MD",Office of the Clinical Director,"J  DeVylder, PhD",Fordham University,EM,
"Maryland  Pao, BA, MD",Office of the Clinical Director,"Pamela  End of horn, MSW",Indian Health Service,EM,
"Maryland  Pao, BA, MD",Office of the Clinical Director,Vera  Feuer,Northwell Health,EM,
"Maryland  Pao, BA, MD",Office of the Clinical Director,"Lia  Gaggino, MD",University of Michigan–Ann Arbor,EM,
"Maryland  Pao, BA, MD",Office of the Clinical Director,Brandon  Gaudiano,Warren Alpert Medical School of Brown University,EM,
"Maryland  Pao, BA, MD",Office of the Clinical Director,Christina  Giammarco,Nationwide Children's Hospital,EM,
"Maryland  Pao, BA, MD",Office of the Clinical Director,Lisa  Giles,University of Utah Health Care,EM,
"Maryland  Pao, BA, MD",Office of the Clinical Director,Julie  Gorzkowski,American Academy of Pediatrics,EM,
"Maryland  Pao, BA, MD",Office of the Clinical Director,"Erin  Harlow-Parker, APRN, PMHCNS-BC",Children's Healthcare of Atlanta,EM,
"Maryland  Pao, BA, MD",Office of the Clinical Director,"C  Harrington, MD",Rhode Island Hospital,EM,
"Maryland  Pao, BA, MD",Office of the Clinical Director,Jennifer  Hughes,Nationwide Children's Hospital,EM,
"Maryland  Pao, BA, MD",Office of the Clinical Director,Ramkumar  Jayagopalan,South Carolina Quality through Technology and Innovation in Pediatrics,EM,
"Maryland  Pao, BA, MD",Office of the Clinical Director,"David  Jobes, PhD","Catholic University of America, Department of Psychology",EM,
"Maryland  Pao, BA, MD",Office of the Clinical Director,M  Joseph,University of Florida,EM,
"Maryland  Pao, BA, MD",Office of the Clinical Director,Alex  Kemper,Nationwide Children's Hospital,EM,
"Maryland  Pao, BA, MD",Office of the Clinical Director,Mary  Lecloux Christensen,West Virginia University,EM,
"Maryland  Pao, BA, MD",Office of the Clinical Director,John  Lester,Indian Health Service,EM,
"Maryland  Pao, BA, MD",Office of the Clinical Director,"Paul  Lipkin, MD",Kennedy Krieger Institute,EM,
"Maryland  Pao, BA, MD",Office of the Clinical Director,Virna  Little,Concert Health,EM,
"Maryland  Pao, BA, MD",Office of the Clinical Director,Brenda  Maddox,University of North Carolina at Chapel Hill,EM,
"Maryland  Pao, BA, MD",Office of the Clinical Director,Christin  Mcdonald-fix,Nationwide Children's Hospital,EM,
"Maryland  Pao, BA, MD",Office of the Clinical Director,Emily  Moubray,Nationwide Children's Hospital,EM,
"Maryland  Pao, BA, MD",Office of the Clinical Director,Christine  Moutier,American Foundation for Suicide Prevention,EM,
"Maryland  Pao, BA, MD",Office of the Clinical Director,Diego  Mungo,University of Catania,EM,
"Maryland  Pao, BA, MD",Office of the Clinical Director,Eliana  Papavero,University of Buenos Aires,EM,
"Maryland  Pao, BA, MD",Office of the Clinical Director,Janna  Patterson,American Academy of Pediatrics,EM,
"Maryland  Pao, BA, MD",Office of the Clinical Director,Daman  Poudel,Nepal Paediatric Society,EM,
"Maryland  Pao, BA, MD",Office of the Clinical Director,"Daniel  Powel, MD",MedStar Georgetown University Hospital,EM,
"Maryland  Pao, BA, MD",Office of the Clinical Director,Kimberly  Roaten,The University of Texas Southwestern Medical Center,EM,
"Maryland  Pao, BA, MD",Office of the Clinical Director,Ana  Robasco,Warren Alpert Medical School of Brown University,EM,
"Maryland  Pao, BA, MD",Office of the Clinical Director,Demain  Rodante,University of Buenos Aires,EM,
"Maryland  Pao, BA, MD",Office of the Clinical Director,Donna  Ruch,Nationwide Children's Hospital,EM,
"Maryland  Pao, BA, MD",Office of the Clinical Director,"Suzanne  Rybczynski, MD",Kennedy Krieger Institute,EM,
"Maryland  Pao, BA, MD",Office of the Clinical Director,Arun  Sharma,Nepal Paediatric Society,EM,
"Maryland  Pao, BA, MD",Office of the Clinical Director,Arielle  Sheftall,Nationwide Children's Hospital,EM,
"Maryland  Pao, BA, MD",Office of the Clinical Director,Sherry  Smith,American Academy of Pediatrics,EM,
"Maryland  Pao, BA, MD",Office of the Clinical Director,Adam  Spector,Foot and Ankle Specialists of the Mid-Atlantic,EM,
"Maryland  Pao, BA, MD",Office of the Clinical Director,Corbin  Standley,Ameican Foundation for Suicide Prevention,EM,
"Maryland  Pao, BA, MD",Office of the Clinical Director,Nathalie  Szilagyi,"Yale Child Study Center, Yale Child Study Center",EM,
"Maryland  Pao, BA, MD",Office of the Clinical Director,Karen  Tabern,Nationwide Children's Hospital,EM,
"Maryland  Pao, BA, MD",Office of the Clinical Director,"Elizabeth  Wharff, MSW, PhD","Boston Children's Hospital, Dept of Emergency Psychiatry",EM,
"Maryland  Pao, BA, MD",Office of the Clinical Director,Holly  Wilcox,Johns Hopkins University,EM,
"Maryland  Pao, BA, MD",Office of the Clinical Director,Bogale  Worku,Ethiopian Pediatrics Society,EM,
"Maryland  Pao, BA, MD",Office of the Clinical Director,Jacquie  Wynn,Nationwide Children's Hospital,EM,
"Maryland  Pao, BA, MD",Office of the Clinical Director,"Guang  Yang, MD",University of Utah Health Care,EM,
"Maryland  Pao, BA, MD",Office of the Clinical Director,"Manfred  Boehm, MD",NHLBI,NIH,
"Maryland  Pao, BA, MD",Office of the Clinical Director,"Alison Marie Boyce, MD",NIDCR,NIH,
"Maryland  Pao, BA, MD",Office of the Clinical Director,"Michael T Collins, MD",NIDCR,NIH,
"Maryland  Pao, BA, MD",Office of the Clinical Director,"Irene Claudia Maria Cortese, MD",NINDS,NIH,
"Maryland  Pao, BA, MD",Office of the Clinical Director,"Patricia R Driscoll, RN, MSN",NIAID,NIH,
"Maryland  Pao, BA, MD",Office of the Clinical Director,Debra Judi Ehrlich,NINDS,NIH,
"Maryland  Pao, BA, MD",Office of the Clinical Director,"Alison  Han, MD, MS",NIAID,NIH,
"Maryland  Pao, BA, MD",Office of the Clinical Director,"Steven M Holland, MD",NIAID,NIH,
"Maryland  Pao, BA, MD",Office of the Clinical Director,"Wendy Jewell Introne, MD",NHGRI,NIH,
"Maryland  Pao, BA, MD",Office of the Clinical Director,"Barbara Ann Jordan, DNP",CC,NIH,
"Maryland  Pao, BA, MD",Office of the Clinical Director,"Yogendra  Kanthi, MD",NHLBI,NIH,
"Maryland  Pao, BA, MD",Office of the Clinical Director,Julie J Kohn-Godbout,CC,NIH,
"Maryland  Pao, BA, MD",Office of the Clinical Director,"Andra Valentina Krauze, MD",NCI,NIH,
"Maryland  Pao, BA, MD",Office of the Clinical Director,"David Michael Lang, MD, MPH",CC,NIH,
"Maryland  Pao, BA, MD",Office of the Clinical Director,"Eirini  Manoli, MD",NHGRI,NIH,
"Maryland  Pao, BA, MD",Office of the Clinical Director,"Beatriz Elena Marciano, MD",NIAID,NIH,
"Maryland  Pao, BA, MD",Office of the Clinical Director,Helen S Mayberry,CC,NIH,
"Maryland  Pao, BA, MD",Office of the Clinical Director,"Avindra  Nath, MD",NINDS,NIH,
"Maryland  Pao, BA, MD",Office of the Clinical Director,John  Pollack,CC,NIH,
"Maryland  Pao, BA, MD",Office of the Clinical Director,Sarah Elizabeth Sheppard,NICHD,NIH,
"Maryland  Pao, BA, MD",Office of the Clinical Director,"Ann C.M. Smith, MA, DSc (hon)",NHGRI,NIH,
"Maryland  Pao, BA, MD",Office of the Clinical Director,Linda A Tondreau,CC,NIH,
"Maryland  Pao, BA, MD",Office of the Clinical Director,"Charles Paul Venditti, BS, MD, PhD",NHGRI,NIH,
"Maryland  Pao, BA, MD",Office of the Clinical Director,"Brian T Walitt, MD, MPH",NINDS,NIH,
"Maryland  Pao, BA, MD",Office of the Clinical Director,"Lori  Wiener, PhD",NCI,NIH,
"Maryland  Pao, BA, MD",Office of the Clinical Director,"Peter Richard Williamson, MD, PhD",NIAID,NIH,
"Maryland  Pao, BA, MD",Office of the Clinical Director,Sima Lehimgar Zadeh,NCI,NIH,
"Maryland  Pao, BA, MD",Office of the Clinical Director,"Christa  Zerbe, MD",NIAID,NIH,
"Maryland  Pao, BA, MD",Psychiatry Clinical Research Training,"Karen F Berman, MD",Clinical and Translational Neuroscience Branch,NIMH,"Karen F Berman, MD"
"Maryland  Pao, BA, MD",Psychiatry Clinical Research Training,"Silvia  Lopez-Guzman, MD, PhD",Unit on Computational Decision Neuroscience,NIMH,"Silvia  Lopez-Guzman, MD, PhD"
"Maryland  Pao, BA, MD",Psychiatry Clinical Research Training,"Daniel  Pine, MD",Section on Development and Affective Neuroscience,NIMH,"Daniel  Pine, MD"
"Maryland  Pao, BA, MD",Psychiatry Clinical Research Training,"William Thomas Regenold, MD",Unit on Non-invasive Neuromodulation,NIMH,"Carlos Alberto Zarate, MD"
"Maryland  Pao, BA, MD",Psychiatry Clinical Research Training,"Tonya Jo Hanson White, PhD, MD",Section on Social and Cognitive Developmental Neuroscience,NIMH,"Tonya Jo Hanson White, PhD, MD"
"Maryland  Pao, BA, MD",Psychiatry Clinical Research Training,"Carlos Alberto Zarate, MD",Section on Neurobiology and Treatment of Mood Disorders,NIMH,"Carlos Alberto Zarate, MD"
"Maryland  Pao, BA, MD",Psychiatry Clinical Research Training,"Waseem  Abdullah, MD",MedStar Washington Hospital Center,EM,
"Maryland  Pao, BA, MD",Psychiatry Clinical Research Training,"Martekuor  Dodoo, MD",MedStar Washington Hospital Center,EM,
"Maryland  Pao, BA, MD",Psychiatry Clinical Research Training,"S  Epstein, MD",MedStar Washington Hospital Center,EM,
"Maryland  Pao, BA, MD",Psychiatry Clinical Research Training,"Ted  Liao, MD","Georgetown University Medical Center, Psychiatry",EM,
"Maryland  Pao, BA, MD",Psychiatry Clinical Research Training,Paul  Noufi,MedStar Harbor Hospital,EM,
"Maryland  Pao, BA, MD",Psychiatry Clinical Research Training,"Mok-Chung Jennifer Chow Cheng, MD",CC,NIH,
"Maryland  Pao, BA, MD",Psychiatry Clinical Research Training,"Philip   Shaw, MD, PhD",NHGRI,NIH,
"Melissa A Brotman, PhD, BA",Unit on Neuroscience and Novel Therapeutics,"Elisabeth Adams Murray, PhD",Section on Neurobiology of Learning and Memory,NIMH,"Elisabeth Adams Murray, PhD"
"Melissa A Brotman, PhD, BA",Unit on Neuroscience and Novel Therapeutics,"Francisco  Pereira, PhD",Machine Learning Core,NIMH,"Francisco  Pereira, PhD"
"Melissa A Brotman, PhD, BA",Unit on Neuroscience and Novel Therapeutics,"Daniel  Pine, MD",Section on Development and Affective Neuroscience,NIMH,"Daniel  Pine, MD"
"Melissa A Brotman, PhD, BA",Unit on Neuroscience and Novel Therapeutics,"Ned H. Kalin, MD","University of Washington, Psychiatry",EM,
"Melissa A Brotman, PhD, BA",Unit on Neuroscience and Novel Therapeutics,Joel  Stoddard,"University of Colorado Denver, Psychiatry",EM,
"Melissa A Brotman, PhD, BA",Unit on Neuroscience and Novel Therapeutics,"Wan-Ling  Tseng, PhD","Yale University, Child Study Center",EM,
"Melissa A Brotman, PhD, BA",Unit on Neuroscience and Novel Therapeutics,"Jillian  Wiggins, PhD","San Diego State University, Psychology",EM,
"Melissa A Brotman, PhD, BA",Unit on Neuroscience and Novel Therapeutics,"Philip   Shaw, MD, PhD",NHGRI,NIH,
"Paul Andrew Parcon, MD, PhD",Molecular Imaging Branch,"Robert  Innis, MD, PhD",Section on PET Neuroimaging Sciences,NIMH,"Robert  Innis, MD, PhD"
"Paul Andrew Taylor, BS, PhD",Scientific and Statistical Computing Core,"Chris Ian Baker, PhD",Section on Learning and Plasticity,NIMH,"Chris Ian Baker, PhD"
"Paul Andrew Taylor, BS, PhD",Scientific and Statistical Computing Core,"Peter A Bandettini, BS, PhD",Section on Functional Imaging Methods,NIMH,"Peter A Bandettini, BS, PhD"
"Paul Andrew Taylor, BS, PhD",Scientific and Statistical Computing Core,"Karen F Berman, MD",Clinical and Translational Neuroscience Branch,NIMH,"Karen F Berman, MD"
"Paul Andrew Taylor, BS, PhD",Scientific and Statistical Computing Core,"Melissa A Brotman, PhD, BA",Unit on Neuroscience and Novel Therapeutics,NIMH,"Melissa A Brotman, PhD, BA"
"Paul Andrew Taylor, BS, PhD",Scientific and Statistical Computing Core,"Yogita  Chudasama, PhD",Rodent Behavioral Core,NIMH,"Yogita  Chudasama, PhD"
"Paul Andrew Taylor, BS, PhD",Scientific and Statistical Computing Core,"David A Leopold, PhD",Section on Cognitive Neurophysiology and Imaging,NIMH,"David A Leopold, PhD"
"Paul Andrew Taylor, BS, PhD",Scientific and Statistical Computing Core,"Stefano  Marenco, MD",Human Brain Collection Core,NIMH,"Stefano  Marenco, MD"
"Paul Andrew Taylor, BS, PhD",Scientific and Statistical Computing Core,"Francisco  Pereira, PhD",Machine Learning Core,NIMH,"Francisco  Pereira, PhD"
"Paul Andrew Taylor, BS, PhD",Scientific and Statistical Computing Core,"Daniel  Pine, MD",Section on Development and Affective Neuroscience,NIMH,"Daniel  Pine, MD"
"Paul Andrew Taylor, BS, PhD",Scientific and Statistical Computing Core,"Barry J Richmond, MD",Section on Neural Coding and Computation,NIMH,"Barry J Richmond, MD"
"Paul Andrew Taylor, BS, PhD",Scientific and Statistical Computing Core,"Adam G Thomas, DPhil",Data Science and Sharing Team,NIMH,"Adam G Thomas, DPhil"
"Paul Andrew Taylor, BS, PhD",Scientific and Statistical Computing Core,"Tonya Jo Hanson White, PhD, MD",Section on Social and Cognitive Developmental Neuroscience,NIMH,"Tonya Jo Hanson White, PhD, MD"
"Paul Andrew Taylor, BS, PhD",Scientific and Statistical Computing Core,Marlene  Berhmann,Carnegie Mellon University,EM,
"Paul Andrew Taylor, BS, PhD",Scientific and Statistical Computing Core,Todd  Braver,Washington University in St. Louis,EM,
"Paul Andrew Taylor, BS, PhD",Scientific and Statistical Computing Core,Cesar  Caballero-gaudes,"Basque Center on Cognition, Brain and Language",EM,
"Paul Andrew Taylor, BS, PhD",Scientific and Statistical Computing Core,Zhengchen  Cai,McGill University,EM,
"Paul Andrew Taylor, BS, PhD",Scientific and Statistical Computing Core,Ki sueng  Choi,Icahn School of Medicine at Mount Sinai,EM,
"Paul Andrew Taylor, BS, PhD",Scientific and Statistical Computing Core,Rutvik  Desai,University of South Carolina,EM,
"Paul Andrew Taylor, BS, PhD",Scientific and Statistical Computing Core,Boadie  Dunlop,Emory University,EM,
"Paul Andrew Taylor, BS, PhD",Scientific and Statistical Computing Core,Jo  Etzel,Washington University in St. Louis,EM,
"Paul Andrew Taylor, BS, PhD",Scientific and Statistical Computing Core,Chuanji  Gao,Nanjing Normal University,EM,
"Paul Andrew Taylor, BS, PhD",Scientific and Statistical Computing Core,Eduardo  Garza-villarreal,"National Autonomous University of Mexico, ENES Juriquilla",EM,
"Paul Andrew Taylor, BS, PhD",Scientific and Statistical Computing Core,Jean  Gotman,McGill University,EM,
"Paul Andrew Taylor, BS, PhD",Scientific and Statistical Computing Core,Taylor  Hanayik,Virdx,EM,
"Paul Andrew Taylor, BS, PhD",Scientific and Statistical Computing Core,Johanna  Jarcho,Temple University,EM,
"Paul Andrew Taylor, BS, PhD",Scientific and Statistical Computing Core,Philippa  Johnson,Cornell University,EM,
"Paul Andrew Taylor, BS, PhD",Scientific and Statistical Computing Core,Jian  Kang,University of Michigan,EM,
"Paul Andrew Taylor, BS, PhD",Scientific and Statistical Computing Core,Mark  Lowe,Cleveland Clinic,EM,
"Paul Andrew Taylor, BS, PhD",Scientific and Statistical Computing Core,Daniele  Marinazzo,University of Ghent,EM,
"Paul Andrew Taylor, BS, PhD",Scientific and Statistical Computing Core,Helen  Mayberg,Icahn School of Medicine at Mount Sinai,EM,
"Paul Andrew Taylor, BS, PhD",Scientific and Statistical Computing Core,"Ernesta  Meintjes, PhD",University of Cape Town,EM,
"Paul Andrew Taylor, BS, PhD",Scientific and Statistical Computing Core,"Thomas E Nichols, PhD","University of Oxford, Nuffield Dept. of Population Health",EM,
"Paul Andrew Taylor, BS, PhD",Scientific and Statistical Computing Core,Anqi  Qiu,Hong Kong Polytechnic University,EM,
"Paul Andrew Taylor, BS, PhD",Scientific and Statistical Computing Core,Chris  Rorden,University of South Carolina,EM,
"Paul Andrew Taylor, BS, PhD",Scientific and Statistical Computing Core,Ziad  Saad,"Johnson & Johnson, Biomarker Signatures and Global Imaging",EM,
"Paul Andrew Taylor, BS, PhD",Scientific and Statistical Computing Core,"Kristina  Simonyan, MD, PhD","Massachusetts General Hospital, Neurology",EM,
"Paul Andrew Taylor, BS, PhD",Scientific and Statistical Computing Core,John  Spencer,University of East Anglia,EM,
"Paul Andrew Taylor, BS, PhD",Scientific and Statistical Computing Core,Salvatore  Torrisi,"University of California, San Francisco",EM,
"Paul Andrew Taylor, BS, PhD",Scientific and Statistical Computing Core,"Jillian  Wiggins, PhD","San Diego State University, Psychology",EM,
"Paul Andrew Taylor, BS, PhD",Scientific and Statistical Computing Core,"Lauren Yvette Atlas, PhD",NCCIH,NIH,
"Paul Andrew Taylor, BS, PhD",Scientific and Statistical Computing Core,"Peter Joel Basser, AB, SM, PhD",NICHD,NIH,
"Paul Andrew Taylor, BS, PhD",Scientific and Statistical Computing Core,"Alan Paul Koretsky, PhD",NINDS,NIH,
"Paul Andrew Taylor, BS, PhD",Scientific and Statistical Computing Core,"Reza  Momenan, PhD",NIAAA,NIH,
"Paul Andrew Taylor, BS, PhD",Scientific and Statistical Computing Core,"Carlo  Pierpaoli, MD, PhD",NIBIB,NIH,
"Paul Andrew Taylor, BS, PhD",Scientific and Statistical Computing Core,"Kadharbatcha Syed Saleem, PhD",NICHD,NIH,
"Paul Andrew Taylor, BS, PhD",Scientific and Statistical Computing Core,"Eric M Wassermann, MA, MD",NINDS,NIH,
"Peter A Bandettini, BS, PhD",Functional MRI Core,"Chris Ian Baker, PhD",Section on Learning and Plasticity,NIMH,"Chris Ian Baker, PhD"
"Peter A Bandettini, BS, PhD",Functional MRI Core,"Karen F Berman, MD",Clinical and Translational Neuroscience Branch,NIMH,"Karen F Berman, MD"
"Peter A Bandettini, BS, PhD",Functional MRI Core,Lysianne Cynthia Diane Beynel,Unit on Non-invasive Neuromodulation,NIMH,"Carlos Alberto Zarate, MD"
"Peter A Bandettini, BS, PhD",Functional MRI Core,"Jennifer Wai Evans, PhD",Section on Neurobiology and Treatment of Mood Disorders,NIMH,"Carlos Alberto Zarate, MD"
"Peter A Bandettini, BS, PhD",Functional MRI Core,"Silvia  Lopez-Guzman, MD, PhD",Unit on Computational Decision Neuroscience,NIMH,"Silvia  Lopez-Guzman, MD, PhD"
"Peter A Bandettini, BS, PhD",Functional MRI Core,"Alex  Martin, PhD",Section on Cognitive Neuropsychology,NIMH,"Alex  Martin, PhD"
"Peter A Bandettini, BS, PhD",Functional MRI Core,"Elisha Prem Merriam, PhD",Computational Neuroimaging and Perception Team,NIMH,"Elisha Prem Merriam, PhD"
"Peter A Bandettini, BS, PhD",Functional MRI Core,"Daniel  Pine, MD",Section on Development and Affective Neuroscience,NIMH,"Daniel  Pine, MD"
"Peter A Bandettini, BS, PhD",Functional MRI Core,"Armin  Raznahan, MD, PhD",Section on Developmental Neurogenomics,NIMH,"Armin  Raznahan, MD, PhD"
"Peter A Bandettini, BS, PhD",Functional MRI Core,John Brendan Welsh Ritchie,Section on Learning and Plasticity,NIMH,"Chris Ian Baker, PhD"
"Peter A Bandettini, BS, PhD",Functional MRI Core,"Peter J Schmidt, MD",Section on Behavioral Endocrinology,NIMH,"Peter J Schmidt, MD"
"Peter A Bandettini, BS, PhD",Functional MRI Core,"Jun  Shen, PhD",Molecular Imaging Branch,NIMH,"Paul Andrew Parcon, MD, PhD"
"Peter A Bandettini, BS, PhD",Functional MRI Core,"Tonya Jo Hanson White, PhD, MD",Section on Social and Cognitive Developmental Neuroscience,NIMH,"Tonya Jo Hanson White, PhD, MD"
"Peter A Bandettini, BS, PhD",Functional MRI Core,"Carlos Alberto Zarate, MD",Section on Neurobiology and Treatment of Mood Disorders,NIMH,"Carlos Alberto Zarate, MD"
"Peter A Bandettini, BS, PhD",Functional MRI Core,"N  Blockley, Ph.D.",University of Nottingham,EM,
"Peter A Bandettini, BS, PhD",Functional MRI Core,"Y  Chai, PhD",University of Illinois Urbana-Champaign,EM,
"Peter A Bandettini, BS, PhD",Functional MRI Core,F. Sayako  Earl,University of Delaware,EM,
"Peter A Bandettini, BS, PhD",Functional MRI Core,"T  Ernst, PhD",University of Minnesota,EM,
"Peter A Bandettini, BS, PhD",Functional MRI Core,"D  Feinberg, PhD","University of California, Berkeley",EM,
"Peter A Bandettini, BS, PhD",Functional MRI Core,Adrian  Gilmore,University of Delaware,EM,
"Peter A Bandettini, BS, PhD",Functional MRI Core,"S  Moeller, PhD",University of Minnesota,EM,
"Peter A Bandettini, BS, PhD",Functional MRI Core,"J  Nielsen, PhD",University of Michigan–Ann Arbor,EM,
"Peter A Bandettini, BS, PhD",Functional MRI Core,"J  Polimeni, PhD",Massachusetts General Hospital,EM,
"Peter A Bandettini, BS, PhD",Functional MRI Core,"B  Poser, PhD",Maastricht University,EM,
"Peter A Bandettini, BS, PhD",Functional MRI Core,"S  Reidy, PhD",Walter Reed Army Institute of Research,EM,
"Peter A Bandettini, BS, PhD",Functional MRI Core,Samantha  Riedy,Walter Reed Army Institute of Research,EM,
"Peter A Bandettini, BS, PhD",Functional MRI Core,"B  Rutt, PhD",Stanford University,EM,
"Peter A Bandettini, BS, PhD",Functional MRI Core,K  Setsompop,"Stanford University, PhD",EM,
"Peter A Bandettini, BS, PhD",Functional MRI Core,"R  Stirnberg, PhD",German Center for Neurodegenerative Diseases,EM,
"Peter A Bandettini, BS, PhD",Functional MRI Core,"E  Yacoub, PhD",University of Minnesota,EM,
"Peter A Bandettini, BS, PhD",Functional MRI Core,"M  Zaitsev, PhD",University of Freiburg,EM,
"Peter A Bandettini, BS, PhD",Functional MRI Core,"Lauren Yvette Atlas, PhD",NCCIH,NIH,
"Peter A Bandettini, BS, PhD",Functional MRI Core,"Peter Joel Basser, AB, SM, PhD",NICHD,NIH,
"Peter A Bandettini, BS, PhD",Functional MRI Core,"Bibiana  Bielekova, MD",NIAID,NIH,
"Peter A Bandettini, BS, PhD",Functional MRI Core,"Leonardo G Cohen, MD",NINDS,NIH,
"Peter A Bandettini, BS, PhD",Functional MRI Core,"Jeff H Duyn, PhD",NINDS,NIH,
"Peter A Bandettini, BS, PhD",Functional MRI Core,"Silvina  Horovitz, PhD",NINDS,NIH,
"Peter A Bandettini, BS, PhD",Functional MRI Core,"Alan Paul Koretsky, PhD",NINDS,NIH,
"Peter A Bandettini, BS, PhD",Functional MRI Core,"Reza  Momenan, PhD",NIAAA,NIH,
"Peter A Bandettini, BS, PhD",Functional MRI Core,"Avindra  Nath, MD",NINDS,NIH,
"Peter A Bandettini, BS, PhD",Functional MRI Core,"Carlo  Pierpaoli, MD, PhD",NIBIB,NIH,
"Peter A Bandettini, BS, PhD",Functional MRI Core,"Daniel S Reich, MD",NINDS,NIH,
"Peter A Bandettini, BS, PhD",Functional MRI Core,"Joelle  Sarlls, PhD",NINDS,NIH,
"Peter A Bandettini, BS, PhD",Functional MRI Core,"Philip   Shaw, MD, PhD",NHGRI,NIH,
"Peter A Bandettini, BS, PhD",Functional MRI Core,"Sardha Lalith Talagala, PhD",NINDS,NIH,
"Peter A Bandettini, BS, PhD",Functional MRI Core,"William Harold Theodore, MD",NINDS,NIH,
"Peter A Bandettini, BS, PhD",Functional MRI Core,"Dardo G Tomasi, PhD",NIAAA,NIH,
"Peter A Bandettini, BS, PhD",Functional MRI Core,"Nora D Volkow, MD",NIDA,NIH,
"Peter A Bandettini, BS, PhD",Section on Functional Imaging Methods,"Chris Ian Baker, PhD",Section on Learning and Plasticity,NIMH,"Chris Ian Baker, PhD"
"Peter A Bandettini, BS, PhD",Section on Functional Imaging Methods,"Elizabeth Day Ballard, PhD",Section on Neurobiology and Treatment of Mood Disorders,NIMH,"Carlos Alberto Zarate, MD"
"Peter A Bandettini, BS, PhD",Section on Functional Imaging Methods,"Gang  Chen, PhD",Scientific and Statistical Computing Core,NIMH,"Paul Andrew Taylor, BS, PhD"
"Peter A Bandettini, BS, PhD",Section on Functional Imaging Methods,"Silvia  Lopez-Guzman, MD, PhD",Unit on Computational Decision Neuroscience,NIMH,"Silvia  Lopez-Guzman, MD, PhD"
"Peter A Bandettini, BS, PhD",Section on Functional Imaging Methods,"Elisha Prem Merriam, PhD",Computational Neuroimaging and Perception Team,NIMH,"Elisha Prem Merriam, PhD"
"Peter A Bandettini, BS, PhD",Section on Functional Imaging Methods,"Francisco  Pereira, PhD",Machine Learning Core,NIMH,"Francisco  Pereira, PhD"
"Peter A Bandettini, BS, PhD",Section on Functional Imaging Methods,Andrew Steven Persichetti,Section on Cognitive Neuropsychology,NIMH,"Alex  Martin, PhD"
"Peter A Bandettini, BS, PhD",Section on Functional Imaging Methods,"Paul Andrew Taylor, BS, PhD",Scientific and Statistical Computing Core,NIMH,"Paul Andrew Taylor, BS, PhD"
"Peter A Bandettini, BS, PhD",Section on Functional Imaging Methods,"Adam G Thomas, DPhil",Data Science and Sharing Team,NIMH,"Adam G Thomas, DPhil"
"Peter A Bandettini, BS, PhD",Section on Functional Imaging Methods,David  Abbott,Flory Institute,EM,
"Peter A Bandettini, BS, PhD",Section on Functional Imaging Methods,Jason  Avery,Oklahoma State University Medical Center,EM,
"Peter A Bandettini, BS, PhD",Section on Functional Imaging Methods,Richard  Betzel,University of Minnesota,EM,
"Peter A Bandettini, BS, PhD",Section on Functional Imaging Methods,"C  Caballero Gaudes, PhD","Basque Center on Cognition, Brain and Language",EM,
"Peter A Bandettini, BS, PhD",Section on Functional Imaging Methods,Nadine  Dijkstra,University College London,EM,
"Peter A Bandettini, BS, PhD",Section on Functional Imaging Methods,Jozien  Goense,University of Illinois Urbana-Champaign,EM,
"Peter A Bandettini, BS, PhD",Section on Functional Imaging Methods,Sarah  Goodale,Vanderbilt University,EM,
"Peter A Bandettini, BS, PhD",Section on Functional Imaging Methods,"Emily  Jacobs, PhD","University of California Santa Barbara, Psychological and Brain Sciences",EM,
"Peter A Bandettini, BS, PhD",Section on Functional Imaging Methods,"Julia  Kam, PhD","University of Calgary, Psychology",EM,
"Peter A Bandettini, BS, PhD",Section on Functional Imaging Methods,"Kathryn  Lamar-Bruno, Ph.D.","University of California, San Diego",EM,
"Peter A Bandettini, BS, PhD",Section on Functional Imaging Methods,Thomas  Liu,University of California San Diego Medical Center,EM,
"Peter A Bandettini, BS, PhD",Section on Functional Imaging Methods,Tina  Liu,Georgetown University,EM,
"Peter A Bandettini, BS, PhD",Section on Functional Imaging Methods,Lars  Muckli,University of Glasgow,EM,
"Peter A Bandettini, BS, PhD",Section on Functional Imaging Methods,Harri  Piitulainen,University of Jyvaskyla,EM,
"Peter A Bandettini, BS, PhD",Section on Functional Imaging Methods,Jon  Polimeni,Stanford University School of Medicine,EM,
"Peter A Bandettini, BS, PhD",Section on Functional Imaging Methods,"B  Poser, PhD",Maastricht University,EM,
"Peter A Bandettini, BS, PhD",Section on Functional Imaging Methods,Laura  Pritschet,University of Pennsylvania,EM,
"Peter A Bandettini, BS, PhD",Section on Functional Imaging Methods,Neha  Reddy,Northwestern University,EM,
"Peter A Bandettini, BS, PhD",Section on Functional Imaging Methods,Samantha  Riedy,Walter Reed Army Institute of Research,EM,
"Peter A Bandettini, BS, PhD",Section on Functional Imaging Methods,Max  Riesenhuber,Georgetown University,EM,
"Peter A Bandettini, BS, PhD",Section on Functional Imaging Methods,Taylor  Salo,University of Pennsylvania,EM,
"Peter A Bandettini, BS, PhD",Section on Functional Imaging Methods,Olaf  Sporns,Indiana University Bloomington,EM,
"Peter A Bandettini, BS, PhD",Section on Functional Imaging Methods,R.  Stirnberg,German Center for Neurodegenerative Diseases,EM,
"Peter A Bandettini, BS, PhD",Section on Functional Imaging Methods,"Eneko  Urunuela, PhD","Basque Center on Cognition, Brain and Language",EM,
"Peter A Bandettini, BS, PhD",Section on Functional Imaging Methods,Luca  Vizioli,University of Minnesota,EM,
"Peter A Bandettini, BS, PhD",Section on Functional Imaging Methods,"Lauren Yvette Atlas, PhD",NCCIH,NIH,
"Peter A Bandettini, BS, PhD",Section on Functional Imaging Methods,"Miroslav  Backonja, MD",NCCIH,NIH,
"Peter A Bandettini, BS, PhD",Section on Functional Imaging Methods,"Jeff H Duyn, PhD",NINDS,NIH,
"Peter A Bandettini, BS, PhD",Section on Functional Imaging Methods,"Joshua M Levy, MD, MPH, MS",NIDCD,NIH,
"Peter A Bandettini, BS, PhD",Section on Functional Imaging Methods,"Eric M Wassermann, MA, MD",NINDS,NIH,
"Peter J Schmidt, MD",Section on Behavioral Endocrinology,"Karen F Berman, MD",Clinical and Translational Neuroscience Branch,NIMH,"Karen F Berman, MD"
"Peter J Schmidt, MD",Section on Behavioral Endocrinology,"Stefano  Marenco, MD",Human Brain Collection Core,NIMH,"Stefano  Marenco, MD"
"Peter J Schmidt, MD",Section on Behavioral Endocrinology,"Francisco  Pereira, PhD",Machine Learning Core,NIMH,"Francisco  Pereira, PhD"
"Peter J Schmidt, MD",Section on Behavioral Endocrinology,"Karen F Berman, MD",Clinical and Translational Neuroscience Branch,NIMH,"Karen F Berman, MD"
"Peter J Schmidt, MD",Section on Behavioral Endocrinology,"Francisco  Pereira, PhD",Machine Learning Core,NIMH,"Francisco  Pereira, PhD"
"Peter J Schmidt, MD",Section on Behavioral Endocrinology,"Veerle  Bergink, Md, PhD",Mount Sinai Medical Center,EM,
"Peter J Schmidt, MD",Section on Behavioral Endocrinology,Elizabeth  Bertone- Johnson,"University of Massachusets, Amhurst",EM,
"Peter J Schmidt, MD",Section on Behavioral Endocrinology,"Susan  Girdler, PhD","University of North Carolina at Chapel Hill, Department of Psychiatry",EM,
"Peter J Schmidt, MD",Section on Behavioral Endocrinology,"Jennifer  Gordon, PhD",University of North Carolina at Chapel Hill,EM,
"Peter J Schmidt, MD",Section on Behavioral Endocrinology,Marija  Kundakovic,Fordham University,EM,
"Peter J Schmidt, MD",Section on Behavioral Endocrinology,"David R Rubinow, MD","University of North Carolina at Chapel Hill, Department of Psychiatry",EM,
"Peter J Schmidt, MD",Section on Behavioral Endocrinology,"Veerle  Bergink, Md, PhD",Mount Sinai Medical Center,EM,
"Peter J Schmidt, MD",Section on Behavioral Endocrinology,Elizabeth  Bertone- Johnson,"University of Massachusets, Amhurst",EM,
"Peter J Schmidt, MD",Section on Behavioral Endocrinology,Donghao  Lu,Karolinska Institutet,EM,
"Peter J Schmidt, MD",Section on Behavioral Endocrinology,Jamie  Maguire,"Tufts University, School of Medicine , School of Medicine",EM,
"Peter J Schmidt, MD",Section on Behavioral Endocrinology,Samantha  Meltzer- Brody,"University of North Carolina at Chapel Hill, Department of Psychiatry",EM,
"Peter J Schmidt, MD",Section on Behavioral Endocrinology,"Leslie  Morrow, PhD","University of North Carolina System, Department of Psychiatry and Pharmacology",EM,
"Peter J Schmidt, MD",Section on Behavioral Endocrinology,"David R Rubinow, MD","University of North Carolina at Chapel Hill, Department of Psychiatry",EM,
"Peter J Schmidt, MD",Section on Behavioral Endocrinology,"Lynnette K Nieman, MD",NIDDK,NIH,
"Peter J Schmidt, MD",Section on Behavioral Endocrinology,"David  Goldman, MD",NIAAA,NIH,
"Peter J Schmidt, MD",Section on Behavioral Endocrinology,"Veronica  Gomez-Lobo, MD",NICHD,NIH,
"Peter J Schmidt, MD",Section on Behavioral Endocrinology,"Ronna P Hertzano, MD",NIDCD,NIH,
"Peter J Schmidt, MD",Section on Behavioral Endocrinology,"Jack A Yanovski, MD, PhD",NICHD,NIH,
"Peter J Schmidt, MD",Section on Behavioral Endocrinology,"David  Goldman, MD",NIAAA,NIH,
"Peter J Schmidt, MD",Section on Behavioral Endocrinology,"Lynnette K Nieman, MD",NIDDK,NIH,
"Peter J Schmidt, MD",Section on Behavioral Endocrinology,"David  Goldman, MD",NIAAA,NIH,
"Peter J Schmidt, MD",Section on Behavioral Endocrinology,"Veronica  Gomez-Lobo, MD",NICHD,NIH,
"Peter J Schmidt, MD",Section on Behavioral Endocrinology,"Lynnette K Nieman, MD",NIDDK,NIH,
"Peter J Schmidt, MD",Section on Behavioral Endocrinology,"Baris  Turkbey, MD",NCI,NIH,
"Peter J Schmidt, MD",Section on Behavioral Endocrinology,"Jack A Yanovski, MD, PhD",NICHD,NIH,
"Robert  Innis, MD, PhD",Section on PET Neuroimaging Sciences,"Barry J Richmond, MD",Section on Neural Coding and Computation,NIMH,"Barry J Richmond, MD"
"Robert  Innis, MD, PhD",Section on PET Neuroimaging Sciences,"Carlos Alberto Zarate, MD",Section on Neurobiology and Treatment of Mood Disorders,NIMH,"Carlos Alberto Zarate, MD"
"Robert  Innis, MD, PhD",Section on PET Neuroimaging Sciences,"Stefano  Marenco, MD",Human Brain Collection Core,NIMH,"Stefano  Marenco, MD"
"Robert  Innis, MD, PhD",Section on PET Neuroimaging Sciences,"Carlos Alberto Zarate, MD",Section on Neurobiology and Treatment of Mood Disorders,NIMH,"Carlos Alberto Zarate, MD"
"Robert  Innis, MD, PhD",Section on PET Neuroimaging Sciences,"Adam G Thomas, DPhil",Data Science and Sharing Team,NIMH,"Adam G Thomas, DPhil"
"Robert  Innis, MD, PhD",Section on PET Neuroimaging Sciences,"Jacob  Hooker, PhD",Harvard University,EM,
"Robert  Innis, MD, PhD",Section on PET Neuroimaging Sciences,"Garth  Terry, MD, PhD","Universiy of Washington, Seattle",EM,
"Robert  Innis, MD, PhD",Section on PET Neuroimaging Sciences,Vincent  Calhoun,Georgia State University,EM,
"Robert  Innis, MD, PhD",Section on PET Neuroimaging Sciences,"Douglas  Greve, PhD","Massachusetts General Hospital, Martinos Center",EM,
"Robert  Innis, MD, PhD",Section on PET Neuroimaging Sciences,"Gitte  Knudsen, MD, PhD","University of Copenhagen, Neurobiology Research Unit",EM,
"Robert  Innis, MD, PhD",Section on PET Neuroimaging Sciences,Martin  Norgaard,Stanford University,EM,
"Robert  Innis, MD, PhD",Section on PET Neuroimaging Sciences,"Russel A Poldrack, PhD","Stanford University, Dept. of Psychology",EM,
"Robert  Innis, MD, PhD",Section on PET Neuroimaging Sciences,"Michael  Michaelides, BS, PhD",NIDA,NIH,
"Robert  Innis, MD, PhD",Section on PET Neuroimaging Sciences,"Nora D Volkow, MD",NIAAA,NIH,
"Robert  Innis, MD, PhD",Section on PET Neuroimaging Sciences,"Peter  Herscovitch, MD",CC,NIH,
"Samer Saleh Hattar, PhD",Section on Light and Circadian Rhythms,"Yogita  Chudasama, PhD",Rodent Behavioral Core,NIMH,"Yogita  Chudasama, PhD"
"Samer Saleh Hattar, PhD",Section on Light and Circadian Rhythms,"Stefano  Marenco, MD",Human Brain Collection Core,NIMH,"Stefano  Marenco, MD"
"Samer Saleh Hattar, PhD",Section on Light and Circadian Rhythms,"Kathleen R Merikangas, PhD",Section on Developmental Genetic Epidemiology,NIMH,"Kathleen R Merikangas, PhD"
"Samer Saleh Hattar, PhD",Section on Light and Circadian Rhythms,"Mario Alexander Penzo, PhD",Section on the Neural Circuits of Emotion and Motivation,NIMH,"Mario Alexander Penzo, PhD"
"Samer Saleh Hattar, PhD",Section on Light and Circadian Rhythms,"Hugo Alejandro Tejeda, PhD",Unit of Neuromodulation and Synaptic Integration,NIMH,"Hugo Alejandro Tejeda, PhD"
"Samer Saleh Hattar, PhD",Section on Light and Circadian Rhythms,David  Berson,Brown University,EM,
"Samer Saleh Hattar, PhD",Section on Light and Circadian Rhythms,S  Blackshaw,Johns Hopkins University,EM,
"Samer Saleh Hattar, PhD",Section on Light and Circadian Rhythms,R  Brown,Washington State University,EM,
"Samer Saleh Hattar, PhD",Section on Light and Circadian Rhythms,M  Cayouette,Montreal Clinical Research Institute,EM,
"Samer Saleh Hattar, PhD",Section on Light and Circadian Rhythms,S  Chen,National Taiwan University,EM,
"Samer Saleh Hattar, PhD",Section on Light and Circadian Rhythms,A  Guler,University of Virginia,EM,
"Samer Saleh Hattar, PhD",Section on Light and Circadian Rhythms,R  Johnston,Johns Hopkins University,EM,
"Samer Saleh Hattar, PhD",Section on Light and Circadian Rhythms,"Alex  Kolodkin, PhD","Johns Hopkins Medicine, The Solomon H. Snyder Department of Neuroscience",EM,
"Samer Saleh Hattar, PhD",Section on Light and Circadian Rhythms,"Rejji  Kuruvilla, PhD",Johns Hopkins University,EM,
"Samer Saleh Hattar, PhD",Section on Light and Circadian Rhythms,I  Provencio,University of Virginia,EM,
"Samer Saleh Hattar, PhD",Section on Light and Circadian Rhythms,G  Prusky,Burke Medical Research Institute,EM,
"Samer Saleh Hattar, PhD",Section on Light and Circadian Rhythms,"Phyllis  Robinson, PhD","University of Maryland, Baltimore County, Biological Sciences",EM,
"Samer Saleh Hattar, PhD",Section on Light and Circadian Rhythms,H  Zhao,Johns Hopkins University,EM,
"Samer Saleh Hattar, PhD",Section on Light and Circadian Rhythms,"Jeffrey S Diamond, PhD",NINDS,NIH,
"Samer Saleh Hattar, PhD",Section on Light and Circadian Rhythms,"Wei  Li, MD, PhD",NEI,NIH,
"Samer Saleh Hattar, PhD",Section on Light and Circadian Rhythms,"Jurgen  Wess, PhD",NIDDK,NIH,
"Silvia  Lopez-Guzman, MD, PhD",Unit on Computational Decision Neuroscience,"Daniel  Pine, MD",Section on Development and Affective Neuroscience,NIMH,"Daniel  Pine, MD"
"Silvia  Lopez-Guzman, MD, PhD",Unit on Computational Decision Neuroscience,Corey Richard James Plate,Section on Learning and Decision Making,NIMH,"Bruno B Averbeck, PhD"
"Silvia  Lopez-Guzman, MD, PhD",Unit on Computational Decision Neuroscience,"Charles Yang Zheng, PhD",Machine Learning Core,NIMH,"Francisco  Pereira, PhD"
"Silvia  Lopez-Guzman, MD, PhD",Unit on Computational Decision Neuroscience,"Rany  Abend, PhD","Reichman University, Psychology",EM,
"Silvia  Lopez-Guzman, MD, PhD",Unit on Computational Decision Neuroscience,"Quentin JM Huys, MD, PhD","University College London, Division of Psychiatry",EM,
"Silvia  Lopez-Guzman, MD, PhD",Unit on Computational Decision Neuroscience,Miguel  Barretto-garcia,Washington University in St. Louis School of Medicine,EM,
"Silvia  Lopez-Guzman, MD, PhD",Unit on Computational Decision Neuroscience,"Michael  Grubb, PhD","Trinity College, Psychology",EM,
"Silvia  Lopez-Guzman, MD, PhD",Unit on Computational Decision Neuroscience,"Catherine  Hartley, PhD",New York University,EM,
"Silvia  Lopez-Guzman, MD, PhD",Unit on Computational Decision Neuroscience,"Lauren Yvette Atlas, PhD",NCCIH,NIH,
"Silvia  Lopez-Guzman, MD, PhD",Unit on Computational Decision Neuroscience,Amy  Janes,NIDA,NIH,
"Silvia  Lopez-Guzman, MD, PhD",Unit on Computational Decision Neuroscience,"Kareem Amir Zaghloul, MD, PhD, BS",NINDS,NIH,
"Silvia  Lopez-Guzman, MD, PhD",Unit on Computational Decision Neuroscience,Corey Macneil Ziemba,NEI,NIH,
"Soohyun  Lee, PhD",Section on Functional Neural Circuits,"Charles R Gerfen, PhD",Section on Neuroanatomy,NIMH,"Charles R Gerfen, PhD"
"Soohyun  Lee, PhD",Section on Functional Neural Circuits,"Theodore B Usdin, MD, PhD",Systems Neuroscience Imaging Resource,NIMH,"Theodore B Usdin, MD, PhD; IRP Faculty"
"Soohyun  Lee, PhD",Section on Functional Neural Circuits,"Francisco  Pereira, PhD",Machine Learning Core,NIMH,"Francisco  Pereira, PhD"
"Soohyun  Lee, PhD",Section on Functional Neural Circuits,"Christopher Michael Bartley, MD",Translational Immunopsychiatry Unit,NIMH,"Christopher Michael Bartley, MD"
"Soohyun  Lee, PhD",Section on Functional Neural Circuits,"George Raphael Dold, MS",Section on Instrumentation,NIMH,"George Raphael Dold, MS"
"Soohyun  Lee, PhD",Section on Functional Neural Circuits,"Seong-gi  Kim, PhD","Institute for Basic Science, Center for Neuroscience Imaging Research (CNIR)",EM,
"Soohyun  Lee, PhD",Section on Functional Neural Circuits,"Dominique  Pritchett, PhD","Howard University, Biology",EM,
"Soohyun  Lee, PhD",Section on Functional Neural Circuits,"Timothy James Petros, PhD",NICHD,NIH,
"Stefano  Marenco, MD",Human Brain Collection Core,"Christopher Michael Bartley, MD",Translational Immunopsychiatry Unit,NIMH,"Christopher Michael Bartley, MD"
"Stefano  Marenco, MD",Human Brain Collection Core,"Karen F Berman, MD",Clinical and Translational Neuroscience Branch,NIMH,"Karen F Berman, MD"
"Stefano  Marenco, MD",Human Brain Collection Core,"Robert  Innis, MD, PhD",Molecular Imaging Branch,NIMH,"Paul Andrew Parcon, MD, PhD"
"Stefano  Marenco, MD",Human Brain Collection Core,"Francis Joseph McMahon, MD",Section on the Genetic Basis of Mood and Anxiety Disorders,NIMH,"Francis Joseph McMahon, MD"
"Stefano  Marenco, MD",Human Brain Collection Core,"Mario Alexander Penzo, PhD",Section on the Neural Circuits of Emotion and Motivation,NIMH,"Mario Alexander Penzo, PhD"
"Stefano  Marenco, MD",Human Brain Collection Core,"Armin  Raznahan, MD, PhD",Section on Developmental Neurogenomics,NIMH,"Armin  Raznahan, MD, PhD"
"Stefano  Marenco, MD",Human Brain Collection Core,"Hugo Alejandro Tejeda, PhD",Unit of Neuromodulation and Synaptic Integration,NIMH,"Hugo Alejandro Tejeda, PhD"
"Stefano  Marenco, MD",Human Brain Collection Core,"Schahram  Akbarian, MD, PhD",Icahn School of Medicine at Mount Sinai,EM,
"Stefano  Marenco, MD",Human Brain Collection Core,Maura  Boldrini,Columbia University,EM,
"Stefano  Marenco, MD",Human Brain Collection Core,Paolo  Brambilla,universita' di milano,EM,
"Stefano  Marenco, MD",Human Brain Collection Core,"Guoping  Feng, PhD","Massachusetts Institute of Technology, McGovern Institute for Brain Research",EM,
"Stefano  Marenco, MD",Human Brain Collection Core,Myriam  Heiman,Massachusetts Institute of Technology,EM,
"Stefano  Marenco, MD",Human Brain Collection Core,Jeffrey  Iliff,University of Washington,EM,
"Stefano  Marenco, MD",Human Brain Collection Core,Mbemba  Jabbi,The University of Texas at Austin,EM,
"Stefano  Marenco, MD",Human Brain Collection Core,Marija  Kundakovic,Fordham University,EM,
"Stefano  Marenco, MD",Human Brain Collection Core,Evan  Macosko,Broad Institute,EM,
"Stefano  Marenco, MD",Human Brain Collection Core,Steven  Mccarrol,Harvard University,EM,
"Stefano  Marenco, MD",Human Brain Collection Core,Richard  Mccombie,Cold Spring Harbor Laboratory,EM,
"Stefano  Marenco, MD",Human Brain Collection Core,Corina  Nagy,McGill University,EM,
"Stefano  Marenco, MD",Human Brain Collection Core,Peter  Penzes,Northwestern University,EM,
"Stefano  Marenco, MD",Human Brain Collection Core,Ana  Pereira,Icahn School of Medicine at Mount Sinai,EM,
"Stefano  Marenco, MD",Human Brain Collection Core,Panagiotis  Roussos,Icahn School of Medicine at Mount Sinai,EM,
"Stefano  Marenco, MD",Human Brain Collection Core,"Philip  Shaw, MD, PhD",King's College London,EM,
"Stefano  Marenco, MD",Human Brain Collection Core,"Tarjinder  Singh, PhD",Columbia University,EM,
"Stefano  Marenco, MD",Human Brain Collection Core,Srinivas  Sriramula,East Carolina University,EM,
"Stefano  Marenco, MD",Human Brain Collection Core,"Alexander  Urban, PhD",Stanford Medicine,EM,
"Stefano  Marenco, MD",Human Brain Collection Core,Consuelo  Walls-Bass,UT Houston,EM,
"Stefano  Marenco, MD",Human Brain Collection Core,Yunyu  Xiao,Weill Cornell Medicine,EM,
"Stefano  Marenco, MD",Human Brain Collection Core,Bruce  Yankner,Harvard Medical School,EM,
"Stefano  Marenco, MD",Human Brain Collection Core,"Dan H Benjamini, PhD",NIA,NIH,
"Stefano  Marenco, MD",Human Brain Collection Core,"Kimberley Jayne Billingsley, MRES",NIA,NIH,
"Stefano  Marenco, MD",Human Brain Collection Core,"Jeffrey  Cohen, MD",NIAID,NIH,
"Stefano  Marenco, MD",Human Brain Collection Core,"Mark Robert Cookson, PhD",NIA,NIH,
"Stefano  Marenco, MD",Human Brain Collection Core,"Irene Claudia Maria Cortese, MD",NINDS,NIH,
"Stefano  Marenco, MD",Human Brain Collection Core,"Alexandra Rae Decasien, PhD",NIA,NIH,
"Stefano  Marenco, MD",Human Brain Collection Core,"David  Goldman, MD",NIAAA,NIH,
"Stefano  Marenco, MD",Human Brain Collection Core,"Michael J Iadarola, PhD",CC,NIH,
"Stefano  Marenco, MD",Human Brain Collection Core,"Ashok Balkrishna Kulkarni, PhD",NIDCR,NIH,
"Stefano  Marenco, MD",Human Brain Collection Core,"Falk  Lohoff, MD",NIAAA,NIH,
"Stefano  Marenco, MD",Human Brain Collection Core,"Wei  Lu, PhD, BS",NINDS,NIH,
"Stefano  Marenco, MD",Human Brain Collection Core,"Dorian  McGavern, PhD",NINDS,NIH,
"Stefano  Marenco, MD",Human Brain Collection Core,"Naoko  Mizuno, PhD",NHLBI,NIH,
"Stefano  Marenco, MD",Human Brain Collection Core,"Govind  Nair, PhD",NINDS,NIH,
"Stefano  Marenco, MD",Human Brain Collection Core,"Avindra  Nath, MD",NINDS,NIH,
"Stefano  Marenco, MD",Human Brain Collection Core,"Daniel S Reich, MD",NINDS,NIH,
"Stefano  Marenco, MD",Human Brain Collection Core,"Matthew Robert Sapio, PhD",CC,NIH,
"Stefano  Marenco, MD",Human Brain Collection Core,"Richard Harvey Scheuermann, PhD",NLM,NIH,
"Stefano  Marenco, MD",Human Brain Collection Core,"Philip   Shaw, MD, PhD",NHGRI,NIH,
"Stefano  Marenco, MD",Human Brain Collection Core,"Ellen  Sidransky, MD",NHGRI,NIH,
"Stefano  Marenco, MD",Human Brain Collection Core,"Anish  Thomas, MD",NCI,NIH,
"Stefano  Marenco, MD",Human Brain Collection Core,"Li  Zhang, MD",NIAAA,NIH,
"Stefano  Marenco, MD",Human Brain Collection Core,"Yun  Zhang, PhD",NLM,NIH,
"Susan G Amara, PhD",Laboratory of Molecular and Cellular Neurobiology,"Oluwarotimi  Folorunso, PhD","Mass General Brigham, Psychiatry",EM,
"Susan G Amara, PhD",Laboratory of Molecular and Cellular Neurobiology,"Susan L Ingram, PhD","University of Colorado Anschutz Medical Campus, Anesthesiology",EM,
"Susan G Amara, PhD",Laboratory of Molecular and Cellular Neurobiology,"Alexander G Zestos, PhD","American University, Chemistry",EM,
"Susan G Amara, PhD",Laboratory of Molecular and Cellular Neurobiology,"Brandon K Harvey, PhD",NIDA,NIH,
"Susan G Amara, PhD",Laboratory of Molecular and Cellular Neurobiology,"Timothy James Petros, PhD",NICHD,NIH,
"Susan G Amara, PhD",Transgenic Core,"Lee E Eiden, PhD",Section on Molecular Neuroscience,NIMH,"Lee E Eiden, PhD"
"Susan G Amara, PhD",Transgenic Core,"Charles R Gerfen, PhD",Section on Neuroanatomy,NIMH,"Charles R Gerfen, PhD"
"Susan G Amara, PhD",Transgenic Core,"Samer Saleh Hattar, PhD",Section on Light and Circadian Rhythms,NIMH,"Samer Saleh Hattar, PhD"
"Susan G Amara, PhD",Transgenic Core,"Zheng  Li, PhD",Section on Synapse Development Plasticity,NIMH,"Zheng  Li, PhD"
"Susan G Amara, PhD",Transgenic Core,"Tobias David Merson, BA, BSc(Hons), PhD",Oligodendroglial Interactions Group,NIMH,"Tobias David Merson, BA, BSc(Hons), PhD"
"Susan G Amara, PhD",Transgenic Core,"Mario Alexander Penzo, PhD",Section on the Neural Circuits of Emotion and Motivation,NIMH,"Mario Alexander Penzo, PhD"
"Theodore B Usdin, MD, PhD; IRP Faculty",Systems Neuroscience Imaging Resource,"Charles R Gerfen, PhD",Section on Neuroanatomy,NIMH,"Charles R Gerfen, PhD"
"Theodore B Usdin, MD, PhD; IRP Faculty",Systems Neuroscience Imaging Resource,"David A Leopold, PhD",Section on Cognitive Neurophysiology and Imaging,NIMH,"David A Leopold, PhD"
"Theodore B Usdin, MD, PhD; IRP Faculty",Systems Neuroscience Imaging Resource,James Andrew Bourne,Section on Cellular and Cognitive Neurodevelopment,NIMH,James Andrew Bourne
"Theodore B Usdin, MD, PhD; IRP Faculty",Systems Neuroscience Imaging Resource,"Heather A Cameron, PhD",Section on Neuroplasticity,NIMH,"Heather A Cameron, PhD"
"Theodore B Usdin, MD, PhD; IRP Faculty",Systems Neuroscience Imaging Resource,"Samer Saleh Hattar, PhD",Section on Light and Circadian Rhythms,NIMH,"Samer Saleh Hattar, PhD"
"Theodore B Usdin, MD, PhD; IRP Faculty",Systems Neuroscience Imaging Resource,"Francis Joseph McMahon, MD",Section on the Genetic Basis of Mood and Anxiety Disorders,NIMH,"Francis Joseph McMahon, MD"
"Theodore B Usdin, MD, PhD; IRP Faculty",Systems Neuroscience Imaging Resource,"Tobias David Merson, BA, BSc(Hons), PhD",Oligodendroglial Interactions Group,NIMH,"Tobias David Merson, BA, BSc(Hons), PhD"
"Theodore B Usdin, MD, PhD; IRP Faculty",Systems Neuroscience Imaging Resource,"Hugo Alejandro Tejeda, PhD",Unit of Neuromodulation and Synaptic Integration,NIMH,"Hugo Alejandro Tejeda, PhD"
"Theodore B Usdin, MD, PhD; IRP Faculty",Systems Neuroscience Imaging Resource,"Carlos Alberto Zarate, MD",Section on Neurobiology and Treatment of Mood Disorders,NIMH,"Carlos Alberto Zarate, MD"
"Theodore B Usdin, MD, PhD; IRP Faculty",Systems Neuroscience Imaging Resource,"Falk  Lohoff, MD",NIAAA,NIH,
"Theodore B Usdin, MD, PhD; IRP Faculty",Systems Neuroscience Imaging Resource,"David Michael Lovinger, PhD",NIAAA,NIH,
"Theodore B Usdin, MD, PhD; IRP Faculty",Systems Neuroscience Imaging Resource,Harshad Dilip Vishwasrao,NIBIB,NIH,
"Theodore B Usdin, MD, PhD; IRP Faculty",Systems Neuroscience Imaging Resource,"Jerrel Louis Yakel, PhD",NIEHS,NIH,
"Tobias David Merson, BA, BSc(Hons), PhD",Oligodendroglial Interactions Group,"Theodore B Usdin, MD, PhD",Systems Neuroscience Imaging Resource,NIMH,"Theodore B Usdin, MD, PhD; IRP Faculty"
"Tobias David Merson, BA, BSc(Hons), PhD",Oligodendroglial Interactions Group,"Sarah Kaye Williams, PhD",Systems Neuroscience Imaging Resource,NIMH,"Theodore B Usdin, MD, PhD; IRP Faculty"
"Tobias David Merson, BA, BSc(Hons), PhD",Oligodendroglial Interactions Group,Vitaly P Boyko,Systems Neuroscience Imaging Resource,NIMH,"Theodore B Usdin, MD, PhD; IRP Faculty"
"Tobias David Merson, BA, BSc(Hons), PhD",Oligodendroglial Interactions Group,"Yogita  Chudasama, PhD",Rodent Behavioral Core,NIMH,"Yogita  Chudasama, PhD"
"Tobias David Merson, BA, BSc(Hons), PhD",Oligodendroglial Interactions Group,"Christopher Michael Bartley, MD",Translational Immunopsychiatry Unit,NIMH,"Christopher Michael Bartley, MD"
"Tobias David Merson, BA, BSc(Hons), PhD",Oligodendroglial Interactions Group,"George Raphael Dold, MS",Section on Instrumentation,NIMH,"George Raphael Dold, MS"
"Tobias David Merson, BA, BSc(Hons), PhD",Oligodendroglial Interactions Group,"Snehashis  Roy, PhD",Systems Neuroscience Imaging Resource,NIMH,"Theodore B Usdin, MD, PhD; IRP Faculty"
"Tobias David Merson, BA, BSc(Hons), PhD",Oligodendroglial Interactions Group,Eric Browning Saglio,Section on Instrumentation,NIMH,"George Raphael Dold, MS"
"Tobias David Merson, BA, BSc(Hons), PhD",Oligodendroglial Interactions Group,"Claudia K Petritsch, BS, MS, PhD","Stanford University School of Medicine, Department of Neurosurgery",EM,
"Tobias David Merson, BA, BSc(Hons), PhD",Oligodendroglial Interactions Group,"Stacie Mcaloose Anderson, BS",NHGRI,NIH,
"Tobias David Merson, BA, BSc(Hons), PhD",Oligodendroglial Interactions Group,"Abdel G Elkahloun, PhD",NHGRI,NIH,
"Tobias David Merson, BA, BSc(Hons), PhD",Oligodendroglial Interactions Group,Artiom  Gruzdev,NIEHS,NIH,
"Tobias David Merson, BA, BSc(Hons), PhD",Oligodendroglial Interactions Group,Li  Jiang,NINDS,NIH,
"Tobias David Merson, BA, BSc(Hons), PhD",Oligodendroglial Interactions Group,Martha R Kirby,NHGRI,NIH,
"Tobias David Merson, BA, BSc(Hons), PhD",Oligodendroglial Interactions Group,Yuesheng  Li,NHLBI,NIH,
"Tobias David Merson, BA, BSc(Hons), PhD",Oligodendroglial Interactions Group,Bertrand Lucotte,NIBIB,NIH,
"Tobias David Merson, BA, BSc(Hons), PhD",Oligodendroglial Interactions Group,"Jeeva P Munasinghe, PhD",NINDS,NIH,
"Tobias David Merson, BA, BSc(Hons), PhD",Oligodendroglial Interactions Group,"Kenneth  Pelkey, PhD",NICHD,NIH,
"Tobias David Merson, BA, BSc(Hons), PhD",Oligodendroglial Interactions Group,"Zulfeqhar Ali Syed, PhD",NHLBI,NIH,
"Tobias David Merson, BA, BSc(Hons), PhD",Oligodendroglial Interactions Group,Harshad Dilip Vishwasrao,NIBIB,NIH,
"Tonya Jo Hanson White, PhD, MD",Section on Social and Cognitive Developmental Neuroscience,"Peter A Bandettini, BS, PhD",Functional MRI Core,NIMH,"Peter A Bandettini, BS, PhD"
"Tonya Jo Hanson White, PhD, MD",Section on Social and Cognitive Developmental Neuroscience,"Ashura  Buckley, MD",Sleep and Neurodevelopment Service,NIMH,"Ashura  Buckley, MD"
"Tonya Jo Hanson White, PhD, MD",Section on Social and Cognitive Developmental Neuroscience,Dustin Eaton Moraczewski,Data Science and Sharing Team,NIMH,"Adam G Thomas, DPhil"
"Tonya Jo Hanson White, PhD, MD",Section on Social and Cognitive Developmental Neuroscience,"Lindsay Meredith Oberman, PhD",Unit on Non-invasive Neuromodulation,NIMH,"Carlos Alberto Zarate, MD"
"Tonya Jo Hanson White, PhD, MD",Section on Social and Cognitive Developmental Neuroscience,"Adam G Thomas, DPhil",Data Science and Sharing Team,NIMH,"Adam G Thomas, DPhil"
"Tonya Jo Hanson White, PhD, MD",Section on Social and Cognitive Developmental Neuroscience,"Audrey E Thurm, PhD",Neurodevelopmental and Behavioral Phenotyping Service,NIMH,"Audrey E Thurm, PhD"
"Tonya Jo Hanson White, PhD, MD",Section on Social and Cognitive Developmental Neuroscience,Bradley  Baker,"Tri-institutional Center for Translational Research in Neuroimaging and Data Science (TReNDS, Georgia State, Georgia Tech, Emory",EM,
"Tonya Jo Hanson White, PhD, MD",Section on Social and Cognitive Developmental Neuroscience,"Ishaan  Batta, PhD",Douglas Mental Health University Institute,EM,
"Tonya Jo Hanson White, PhD, MD",Section on Social and Cognitive Developmental Neuroscience,Vincent  Calhoun,Georgia State University,EM,
"Tonya Jo Hanson White, PhD, MD",Section on Social and Cognitive Developmental Neuroscience,"Mallar  Chakravarty, PhD",Douglas Mental Health University Institute,EM,
"Tonya Jo Hanson White, PhD, MD",Section on Social and Cognitive Developmental Neuroscience,"Gwen  Dieleman, MD, PhD",Erasmus MC,EM,
"Tonya Jo Hanson White, PhD, MD",Section on Social and Cognitive Developmental Neuroscience,"Sarah  Genon, PhD",Forschungszentrum,EM,
"Tonya Jo Hanson White, PhD, MD",Section on Social and Cognitive Developmental Neuroscience,"Akhgar  Ghassabian, PhD","New York University Langone Medical Center, Departments of Pediatrics, Environmental Medicine",EM,
"Tonya Jo Hanson White, PhD, MD",Section on Social and Cognitive Developmental Neuroscience,"Rogier  Kievit, PhD",Radboud University Nijmegen Medical Centre,EM,
"Tonya Jo Hanson White, PhD, MD",Section on Social and Cognitive Developmental Neuroscience,"Ethan  Mccormick, PhD",Radboud University Nijmegen Medical Centre,EM,
"Tonya Jo Hanson White, PhD, MD",Section on Social and Cognitive Developmental Neuroscience,"Lea  Michel, MSc",Radboud University Nijmegen Medical Centre,EM,
"Tonya Jo Hanson White, PhD, MD",Section on Social and Cognitive Developmental Neuroscience,"J bruce  Morton, PhD",University of Western Ontario,EM,
"Tonya Jo Hanson White, PhD, MD",Section on Social and Cognitive Developmental Neuroscience,"Predrag  Petrovic, MD, PhD",Karolinska Institutet,EM,
"Tonya Jo Hanson White, PhD, MD",Section on Social and Cognitive Developmental Neuroscience,"Anna  Plachti, PhD",Forschungszentrum Jülich,EM,
"Tonya Jo Hanson White, PhD, MD",Section on Social and Cognitive Developmental Neuroscience,"Elizabeth  Prom-Wormley, PhD, MPH",Virginia Commonwealth University,EM,
"Tonya Jo Hanson White, PhD, MD",Section on Social and Cognitive Developmental Neuroscience,"Masoud  Seraji, MSc","Tri-Instional Center for Translational Research in Neuroimaging and Data Science (TReNDS), Georgia State, Georgia Tech, Emory",EM,
"Tonya Jo Hanson White, PhD, MD",Section on Social and Cognitive Developmental Neuroscience,"Philip  Shaw, MD, PhD",King's College London,EM,
"Tonya Jo Hanson White, PhD, MD",Section on Social and Cognitive Developmental Neuroscience,"Rogers  Silva, PhD","Tri-Instional Center for Translational Research in Neuroimaging and Data Science (TReNDS), Georgia State, Georgia Tech, Emory",EM,
"Tonya Jo Hanson White, PhD, MD",Section on Social and Cognitive Developmental Neuroscience,"Najme  Soleimani, PhD","Tri-Instional Center for Translational Research in Neuroimaging and Data Science (TReNDS), Georgia State, Georgia Tech, Emory",EM,
"Tonya Jo Hanson White, PhD, MD",Section on Social and Cognitive Developmental Neuroscience,"Oystein  Sorensen, PhD",University of Oslo,EM,
"Tonya Jo Hanson White, PhD, MD",Section on Social and Cognitive Developmental Neuroscience,"Emma  Sprooten, PhD",Radboud University Nijmegen Medical Centre,EM,
"Tonya Jo Hanson White, PhD, MD",Section on Social and Cognitive Developmental Neuroscience,"Meike  Vernooij, MD, PhD",Erasmus MC,EM,
"Tonya Jo Hanson White, PhD, MD",Section on Social and Cognitive Developmental Neuroscience,"Ashley  Wazana, MD",McGill University,EM,
"Tonya Jo Hanson White, PhD, MD",Section on Social and Cognitive Developmental Neuroscience,"Zi-xuan  Zhou, PhD",Beijing Normal University,EM,
"Tonya Jo Hanson White, PhD, MD",Section on Social and Cognitive Developmental Neuroscience,"Xi-nian  Zuo, PhD",Beijing Normal University,EM,
"Veronica Alicia Alvarez, PhD",Section on Neurobiology of Compulsive Behaviors,"Bruno B Averbeck, PhD",Section on Learning and Decision Making,NIMH,"Bruno B Averbeck, PhD"
"Veronica Alicia Alvarez, PhD",Section on Neurobiology of Compulsive Behaviors,Michael  Bruchas,University of Washington,EM,
"Veronica Alicia Alvarez, PhD",Section on Neurobiology of Compulsive Behaviors,Myriam  Heiman,Massachusetts Institute of Technology,EM,
"Veronica Alicia Alvarez, PhD",Section on Neurobiology of Compulsive Behaviors,"Christoph B Kellendonk, PhD","Columbia University Medical Center, Department of Pharmacology",EM,
"Veronica Alicia Alvarez, PhD",Section on Neurobiology of Compulsive Behaviors,Manolis   Kellis,Broad Institute,EM,
"Veronica Alicia Alvarez, PhD",Section on Neurobiology of Compulsive Behaviors,"Jose  Moron-Concepcion, PhD","George Washington University, Anesthesiology",EM,
"Veronica Alicia Alvarez, PhD",Section on Neurobiology of Compulsive Behaviors,"Dorit  Ron, PhD","University of California, San Francisco, Neurology",EM,
"Veronica Alicia Alvarez, PhD",Section on Neurobiology of Compulsive Behaviors,"Marcelo  Rubinstein, PhD","University of Buenos Aires, Inst Invest Genet & Biol Mol",EM,
"Veronica Alicia Alvarez, PhD",Section on Neurobiology of Compulsive Behaviors,Lin  Tian,University of California Davis Medical Center,EM,
"Veronica Alicia Alvarez, PhD",Section on Neurobiology of Compulsive Behaviors,"Andres  Buonanno, PhD",NICHD,NIH,
"Veronica Alicia Alvarez, PhD",Section on Neurobiology of Compulsive Behaviors,"Mark Robert Cookson, PhD",NIA,NIH,
"Veronica Alicia Alvarez, PhD",Section on Neurobiology of Compulsive Behaviors,"Zayd M Khaliq, PhD",NINDS,NIH,
"Veronica Alicia Alvarez, PhD",Section on Neurobiology of Compulsive Behaviors,"Chris James McBain, PhD",NICHD,NIH,
"Veronica Alicia Alvarez, PhD",Section on Neurobiology of Compulsive Behaviors,"Michael  Michaelides, BS, PhD",NIDA,NIH,
"Veronica Alicia Alvarez, PhD",Section on Neurobiology of Compulsive Behaviors,"Amy  Newman, PhD",NIDA,NIH,
"Victor W Pike, PhD",Section on PET Radiopharmaceutical Sciences,"George Raphael Dold, MS",Section on Instrumentation,NIMH,"George Raphael Dold, MS"
"Victor W Pike, PhD",Section on PET Radiopharmaceutical Sciences,"Robert  Innis, MD, PhD",Section on PET Neuroimaging Sciences,NIMH,"Robert  Innis, MD, PhD"
"Victor W Pike, PhD",Section on PET Radiopharmaceutical Sciences,"Barry J Richmond, MD",Section on Neural Coding and Computation,NIMH,"Barry J Richmond, MD"
"Victor W Pike, PhD",Section on PET Radiopharmaceutical Sciences,"Richard E. Carson, PhD","Yale University, PET Center",EM,
"Victor W Pike, PhD",Section on PET Radiopharmaceutical Sciences,"Yu-Shin  Ding, PhD","New York University, Yale PET Center",EM,
"Victor W Pike, PhD",Section on PET Radiopharmaceutical Sciences,Daniel  Guendel,"Helmholtz Centrum, Heidelberg, Helmholtz-Zentrum",EM,
"Victor W Pike, PhD",Section on PET Radiopharmaceutical Sciences,"Jacob  Hooker, PhD",Harvard University,EM,
"Victor W Pike, PhD",Section on PET Radiopharmaceutical Sciences,Alan  Kozikowski,University of Illinois at Chicago,EM,
"Victor W Pike, PhD",Section on PET Radiopharmaceutical Sciences,"Zibo  Li, PhD",University of North Carolina at Chapel Hill,EM,
"Victor W Pike, PhD",Section on PET Radiopharmaceutical Sciences,"Wei  Liu, PhD",University of Cincinnati,EM,
"Victor W Pike, PhD",Section on PET Radiopharmaceutical Sciences,"Brian  Marron, PhD",Tetra Therapeutics (United States),EM,
"Victor W Pike, PhD",Section on PET Radiopharmaceutical Sciences,"Garth  Terry, MD, PhD","Universiy of Washington, Seattle",EM,
"Victor W Pike, PhD",Section on PET Radiopharmaceutical Sciences,"Neil  Vasdev, PhD","University of Toronto, CAMPH",EM,
"Victor W Pike, PhD",Section on PET Radiopharmaceutical Sciences,"Changning  Wang, PhD",Harvard Medical School,EM,
"Victor W Pike, PhD",Section on PET Radiopharmaceutical Sciences,"Sung Won  Kim, PhD",NIAAA,NIH,
"Victor W Pike, PhD",Section on PET Radiopharmaceutical Sciences,"Yong Sok  Lee, PhD",NIAID,NIH,
"Victor W Pike, PhD",Section on PET Radiopharmaceutical Sciences,"Michael  Michaelides, BS, PhD",NIDA,NIH,
"Yogita  Chudasama, PhD",Rodent Behavioral Core,"George Raphael Dold, MS",Section on Instrumentation,NIMH,"George Raphael Dold, MS"
"Yogita  Chudasama, PhD",Rodent Behavioral Core,"Samer Saleh Hattar, PhD",Section on Light and Circadian Rhythms,NIMH,"Samer Saleh Hattar, PhD"
"Yogita  Chudasama, PhD",Rodent Behavioral Core,"David A Leopold, PhD",Section on Cognitive Neurophysiology and Imaging,NIMH,"David A Leopold, PhD"
"Yogita  Chudasama, PhD",Rodent Behavioral Core,"Mario Alexander Penzo, PhD",Section on the Neural Circuits of Emotion and Motivation,NIMH,"Mario Alexander Penzo, PhD"
"Yogita  Chudasama, PhD",Rodent Behavioral Core,Eric Browning Saglio,Section on Instrumentation,NIMH,"George Raphael Dold, MS"
"Yogita  Chudasama, PhD",Rodent Behavioral Core,"Hugo Alejandro Tejeda, PhD",Unit of Neuromodulation and Synaptic Integration,NIMH,"Hugo Alejandro Tejeda, PhD"
"Yogita  Chudasama, PhD",Rodent Behavioral Core,"Audrey E Thurm, PhD",Neurodevelopmental and Behavioral Phenotyping Service,NIMH,"Audrey E Thurm, PhD"
"Yogita  Chudasama, PhD",Rodent Behavioral Core,"Joseph D Buxbaum, PhD","Icahn School of Medicine at Mount Sinai, Department of Psychiatry",EM,
"Yogita  Chudasama, PhD",Rodent Behavioral Core,Konstantinos  Meletis,Karolinska Institutet,EM,
"Yogita  Chudasama, PhD",Rodent Behavioral Core,"Fany  Messanvi, PhD",American University,EM,
"Yogita  Chudasama, PhD",Rodent Behavioral Core,Shahriar  Sheikhbahaei,Stony Brook University,EM,
"Yogita  Chudasama, PhD",Rodent Behavioral Core,Jill  Silverman,"UC Davis School of Medicine, School of Medicine",EM,
"Yogita  Chudasama, PhD",Rodent Behavioral Core,"Wenjing  Wang, PhD",University of Michigan,EM,
"Yogita  Chudasama, PhD",Rodent Behavioral Core,"Michael  Bustin, PhD",NCI,NIH,
"Yogita  Chudasama, PhD",Rodent Behavioral Core,"Thomas B Friedman, PhD",NIDCD,NIH,
"Yogita  Chudasama, PhD",Rodent Behavioral Core,"Chris James McBain, PhD",NICHD,NIH,
"Yogita  Chudasama, PhD",Rodent Behavioral Core,"Thomas J Pohida, MS",NIBIB,NIH,
"Yogita  Chudasama, PhD",Section on Behavioral Neuroscience,"Karen F Berman, MD",Clinical and Translational Neuroscience Branch,NIMH,"Karen F Berman, MD"
"Yogita  Chudasama, PhD",Section on Behavioral Neuroscience,"George Raphael Dold, MS",Section on Instrumentation,NIMH,"George Raphael Dold, MS"
"Yogita  Chudasama, PhD",Section on Behavioral Neuroscience,"Samer Saleh Hattar, PhD",Section on Light and Circadian Rhythms,NIMH,"Samer Saleh Hattar, PhD"
"Yogita  Chudasama, PhD",Section on Behavioral Neuroscience,"David A Leopold, PhD",Section on Cognitive Neurophysiology and Imaging,NIMH,"David A Leopold, PhD"
"Yogita  Chudasama, PhD",Section on Behavioral Neuroscience,"Kathleen R Merikangas, PhD",Section on Developmental Genetic Epidemiology,NIMH,"Kathleen R Merikangas, PhD"
"Yogita  Chudasama, PhD",Section on Behavioral Neuroscience,Eric Browning Saglio,Section on Instrumentation,NIMH,"George Raphael Dold, MS"
"Yogita  Chudasama, PhD",Section on Behavioral Neuroscience,"Peter J Schmidt, MD",Section on Behavioral Endocrinology,NIMH,"Peter J Schmidt, MD"
"Yogita  Chudasama, PhD",Section on Behavioral Neuroscience,"Hugo Alejandro Tejeda, PhD",Unit of Neuromodulation and Synaptic Integration,NIMH,"Hugo Alejandro Tejeda, PhD"
"Yogita  Chudasama, PhD",Section on Behavioral Neuroscience,"Audrey E Thurm, PhD",Neurodevelopmental and Behavioral Phenotyping Service,NIMH,"Audrey E Thurm, PhD"
"Yogita  Chudasama, PhD",Section on Behavioral Neuroscience,Konstantinos  Meletis,Karolinska Institutet,EM,
"Yogita  Chudasama, PhD",Section on Behavioral Neuroscience,Shahriar  Sheikhbahaei,Stony Brook University,EM,
"Zheng  Li, PhD",Section on Synapse Development Plasticity,"Daniel  Pine, MD",Section on Development and Affective Neuroscience,NIMH,"Daniel  Pine, MD"
"Zheng  Li, PhD",Section on Synapse Development Plasticity,"Wan-Ling  Tseng, PhD","Yale University, Child Study Center",EM,
"Zheng  Li, PhD",Section on Synapse Development Plasticity,Jiji  Chen,NIBIB,NIH,
