YEAR,IC,PMID,grp
2021,CC,32198075,restIRP
2021,CC,32818422,restIRP
2021,CC,33052363,restIRP
2021,CC,33080426,restIRP
2021,CC,33165614,restIRP
2021,CC,33195983,restIRP
2021,CC,33262219,restIRP
2021,CC,33356838,restIRP
2021,CC,33501968,restIRP
2021,CC,32515862,restIRP
2021,CC,32672866,restIRP
2021,CC,33259376,restIRP
2021,CC,34145719,restIRP
2021,CC,33031942,restIRP
2021,CC,33227508,restIRP
2021,CC,33424545,restIRP
2021,CC,33892151,restIRP
2021,CC,34499774,restIRP
2021,CC,31915907,restIRP
2021,CC,31930156,restIRP
2021,CC,31996388,restIRP
2021,CC,32070947,restIRP
2021,CC,32107125,restIRP
2021,CC,32130814,restIRP
2021,CC,32143993,restIRP
2021,CC,32190560,restIRP
2021,CC,32211948,restIRP
2021,CC,32214365,restIRP
2021,CC,32300896,restIRP
2021,CC,32307270,restIRP
2021,CC,32314228,restIRP
2021,CC,32352918,restIRP
2021,CC,32376643,restIRP
2021,CC,32434040,restIRP
2021,CC,32478955,restIRP
2021,CC,32499157,restIRP
2021,CC,32532513,restIRP
2021,CC,32633674,restIRP
2021,CC,32654028,restIRP
2021,CC,32679272,restIRP
2021,CC,32716685,restIRP
2021,CC,32734314,restIRP
2021,CC,32755168,restIRP
2021,CC,32755355,restIRP
2021,CC,32771771,restIRP
2021,CC,32796848,restIRP
2021,CC,32803282,restIRP
2021,CC,32877244,restIRP
2021,CC,33146796,restIRP
2021,CC,33442676,restIRP
2021,CC,33601166,restIRP
2021,CC,33767213,restIRP
2021,CC,34021380,restIRP
2021,CC,34036187,restIRP
2021,CC,34100010,restIRP
2021,CC,34250326,restIRP
2021,CC,34355163,restIRP
2021,CC,34800622,restIRP
2021,CC,32441594,restIRP
2021,CC,34011832,restIRP
2021,CC,31963118,restIRP
2021,CC,32013784,restIRP
2021,CC,32053790,restIRP
2021,CC,32222812,restIRP
2021,CC,32224769,restIRP
2021,CC,32427334,restIRP
2021,CC,32560095,restIRP
2021,CC,33089311,restIRP
2021,CC,33232303,restIRP
2021,CC,33367731,restIRP
2021,CC,33767405,restIRP
2021,CC,34247526,restIRP
2021,CC,32094223,restIRP
2021,CC,32432944,restIRP
2021,CC,32783108,restIRP
2021,CC,32970800,restIRP
2021,CC,33191271,restIRP
2021,CC,33672268,restIRP
2021,CC,33711246,restIRP
2021,CC,33766558,restIRP
2021,CC,34166557,restIRP
2021,CC,31526779,restIRP
2021,CC,31959992,restIRP
2021,CC,32167176,restIRP
2021,CC,32286905,restIRP
2021,CC,32384903,restIRP
2021,CC,32612991,restIRP
2021,CC,32796275,restIRP
2021,CC,33054091,restIRP
2021,CC,33232788,restIRP
2021,CC,33284949,restIRP
2021,CC,33823169,restIRP
2021,CC,33956057,restIRP
2021,CC,33993466,restIRP
2021,CC,32233115,restIRP
2021,CC,32394875,restIRP
2021,CC,32636140,restIRP
2021,CC,32806931,restIRP
2021,CC,33334920,restIRP
2021,CC,33416657,restIRP
2021,CC,33455521,restIRP
2021,CC,34144034,restIRP
2021,CC,34196501,restIRP
2021,CC,32153376,restIRP
2021,CC,34107523,restIRP
2021,CC,33710014,restIRP
2021,CC,34001896,restIRP
2021,CC,31402520,restIRP
2021,CC,31834811,restIRP
2021,CC,32505943,restIRP
2021,CC,31947749,restIRP
2021,CC,32462335,restIRP
2021,CC,32991533,restIRP
2021,CC,32915202,restIRP
2021,CC,33276734,restIRP
2021,CC,33872328,restIRP
2021,CC,33959672,restIRP
2021,CC,32202637,restIRP
2021,CC,32808680,restIRP
2021,CC,33316460,restIRP
2021,CC,33653216,restIRP
2021,CC,34836627,restIRP
2021,CC,34157896,restIRP
2021,CC,32033171,restIRP
2021,CC,32850728,restIRP
2021,CC,32982680,restIRP
2021,CC,33067927,restIRP
2021,CC,33245345,restIRP
2021,CC,31827281,restIRP
2021,CC,32402279,restIRP
2021,CC,32681206,restIRP
2021,CC,33006108,restIRP
2021,CC,33007327,restIRP
2021,CC,33122583,restIRP
2021,CC,33140240,restIRP
2021,CC,31412146,restIRP
2021,CC,31439674,restIRP
2021,CC,31874111,restIRP
2021,CC,31944498,restIRP
2021,CC,32109194,restIRP
2021,CC,32285757,restIRP
2021,CC,32330244,restIRP
2021,CC,32556286,restIRP
2021,CC,32736380,restIRP
2021,CC,32755330,restIRP
2021,CC,33108101,restIRP
2021,CC,33246985,restIRP
2021,CC,33256377,restIRP
2021,CC,33314777,restIRP
2021,CC,33369023,restIRP
2021,CC,33554406,restIRP
2021,CC,33785481,restIRP
2021,CC,33965189,restIRP
2021,CC,34258102,restIRP
2021,CC,34427584,restIRP
2021,CC,32217288,restIRP
2021,CC,32228304,restIRP
2021,CC,32339483,restIRP
2021,CC,32641529,restIRP
2021,CC,33235999,restIRP
2021,CC,34249330,restIRP
2021,CC,33088581,restIRP
2021,CC,32020483,restIRP
2021,CC,34009385,restIRP
2021,CC,32505231,restIRP
2021,CC,32780005,restIRP
2021,CC,32864598,restIRP
2021,CC,32958429,restIRP
2021,CC,33219145,restIRP
2021,CC,33264714,restIRP
2021,CC,33523805,restIRP
2021,CC,33874734,restIRP
2021,CC,33997112,restIRP
2021,CC,34350410,restIRP
2021,CC,33351033,restIRP
2021,CC,32501108,restIRP
2021,CC,33687917,restIRP
2021,CC,33989079,restIRP
2021,CC,32411244,restIRP
2021,CC,33888584,restIRP
2021,CC,32027394,restIRP
2021,CC,32086819,restIRP
2021,CC,32163599,restIRP
2021,CC,32637902,restIRP
2021,CC,32688055,restIRP
2021,CC,33043462,restIRP
2021,CC,33256371,restIRP
2021,CC,32203497,restIRP
2021,CC,32533970,restIRP
2021,CC,32569795,restIRP
2021,CC,32927249,restIRP
2021,CC,33661274,restIRP
2021,CC,33831782,restIRP
2022,CC,33336253,restIRP
2022,CC,34198050,restIRP
2022,CC,34321532,restIRP
2022,CC,34700378,restIRP
2022,CC,35156077,restIRP
2022,CC,35313731,restIRP
2022,CC,35568028,restIRP
2022,CC,33219548,restIRP
2022,CC,33504591,restIRP
2022,CC,33753341,restIRP
2022,CC,33898213,restIRP
2022,CC,34252298,restIRP
2022,CC,34684228,restIRP
2022,CC,34526307,restIRP
2022,CC,35304484,restIRP
2022,CC,35706427,restIRP
2022,CC,35772961,restIRP
2022,CC,35875671,restIRP
2022,CC,35903541,restIRP
2022,CC,34406794,restIRP
2022,CC,33529138,restIRP
2022,CC,34268520,restIRP
2022,CC,34467402,restIRP
2022,CC,35132612,restIRP
2022,CC,33436734,restIRP
2022,CC,33537772,restIRP
2022,CC,33687146,restIRP
2022,CC,33707581,restIRP
2022,CC,33728278,restIRP
2022,CC,33842890,restIRP
2022,CC,33846112,restIRP
2022,CC,33847515,restIRP
2022,CC,33867045,restIRP
2022,CC,34003127,restIRP
2022,CC,34171743,restIRP
2022,CC,34181465,restIRP
2022,CC,34216724,restIRP
2022,CC,34433302,restIRP
2022,CC,34526699,restIRP
2022,CC,34581627,restIRP
2022,CC,34584862,restIRP
2022,CC,34733603,restIRP
2022,CC,34898541,restIRP
2022,CC,34916246,restIRP
2022,CC,34971530,restIRP
2022,CC,35065205,restIRP
2022,CC,35274717,restIRP
2022,CC,35349838,restIRP
2022,CC,35523680,restIRP
2022,CC,35633863,restIRP
2022,CC,35647400,restIRP
2022,CC,36223450,restIRP
2022,CC,33831133,restIRP
2022,CC,34764490,restIRP
2022,CC,35262093,restIRP
2022,CC,35350206,restIRP
2022,CC,35617976,restIRP
2022,CC,35816430,restIRP
2022,CC,33647315,restIRP
2022,CC,33558725,restIRP
2022,CC,33764809,restIRP
2022,CC,34302788,restIRP
2022,CC,34819105,restIRP
2022,CC,34961881,restIRP
2022,CC,35176501,restIRP
2022,CC,33708139,restIRP
2022,CC,32943333,restIRP
2022,CC,35049965,restIRP
2022,CC,35385353,restIRP
2022,CC,34778782,restIRP
2022,CC,32816535,restIRP
2022,CC,34562716,restIRP
2022,CC,34749164,restIRP
2022,CC,34755359,restIRP
2022,CC,34566715,restIRP
2022,CC,34529025,restIRP
2022,CC,35338023,restIRP
2022,CC,33836561,restIRP
2022,CC,33829156,restIRP
2022,CC,33870238,restIRP
2022,CC,34868681,restIRP
2022,CC,35852491,restIRP
2022,CC,35876604,restIRP
2022,CC,36056625,restIRP
2022,CC,33391495,restIRP
2022,CC,33462481,restIRP
2022,CC,33801627,restIRP
2022,CC,33906946,restIRP
2022,CC,33686174,restIRP
2022,CC,34017984,restIRP
2022,CC,35736127,restIRP
2022,CC,33954879,restIRP
2022,CC,34087243,restIRP
2022,CC,34155405,restIRP
2022,CC,34529785,restIRP
2022,CC,34580862,restIRP
2022,CC,34607348,restIRP
2022,CC,34734209,restIRP
2022,CC,35312200,restIRP
2022,CC,31519111,restIRP
2022,CC,32844594,restIRP
2022,CC,35302510,restIRP
2022,CC,35694445,restIRP
2022,CC,32654436,restIRP
2022,CC,34051093,restIRP
2022,CC,34625127,restIRP
2022,CC,34836988,restIRP
2022,CC,35064269,restIRP
2022,CC,35134860,restIRP
2022,CC,33870325,restIRP
2022,CC,35512254,restIRP
2022,CC,32107536,restIRP
2022,CC,32916100,restIRP
2022,CC,34224257,restIRP
2022,CC,34351392,restIRP
2022,CC,35097154,restIRP
2022,CC,35051899,restIRP
2022,CC,35156216,restIRP
2022,CC,35314627,restIRP
2022,CC,35380492,restIRP
2022,CC,35607354,restIRP
2022,CC,35761820,restIRP
2022,CC,32374861,restIRP
2022,CC,32798221,restIRP
2022,CC,33786449,restIRP
2022,CC,33909072,restIRP
2022,CC,34314131,restIRP
2022,CC,34775876,restIRP
2022,CC,34990440,restIRP
2022,CC,33530713,restIRP
2022,CC,33544766,restIRP
2022,CC,34341150,restIRP
2022,CC,34400207,restIRP
2022,CC,35026471,restIRP
2022,CC,35045892,restIRP
2022,CC,35348360,restIRP
2022,CC,35846634,restIRP
2022,CC,35898632,restIRP
2022,CC,33403122,restIRP
2022,CC,34222356,restIRP
2022,CC,34260404,restIRP
2022,CC,34794498,restIRP
2022,CC,35045743,restIRP
2022,CC,33098316,restIRP
2022,CC,33270227,restIRP
2022,CC,33544617,restIRP
2022,CC,33590501,restIRP
2022,CC,33667181,restIRP
2022,CC,33782178,restIRP
2022,CC,33899963,restIRP
2022,CC,33962485,restIRP
2022,CC,34039276,restIRP
2022,CC,34060094,restIRP
2022,CC,34323306,restIRP
2022,CC,34494027,restIRP
2022,CC,34724566,restIRP
2022,CC,34791087,restIRP
2022,CC,34792200,restIRP
2022,CC,34878316,restIRP
2022,CC,35366607,restIRP
2023,CC,36197094,restIRP
2023,CC,37221835,restIRP
2023,CC,35316695,restIRP
2023,CC,35504570,restIRP
2023,CC,36975616,restIRP
2023,CC,37009203,restIRP
2023,CC,36688643,restIRP
2023,CC,36853008,restIRP
2023,CC,36912659,restIRP
2023,CC,34783391,restIRP
2023,CC,36598976,restIRP
2023,CC,36801946,restIRP
2023,CC,30106347,restIRP
2023,CC,30667329,restIRP
2023,CC,31468153,restIRP
2023,CC,31509508,restIRP
2023,CC,34598869,restIRP
2023,CC,34854746,restIRP
2023,CC,35099572,restIRP
2023,CC,35183438,restIRP
2023,CC,36072945,restIRP
2023,CC,36103448,restIRP
2023,CC,36126402,restIRP
2023,CC,36156419,restIRP
2023,CC,36173542,restIRP
2023,CC,36309550,restIRP
2023,CC,36535979,restIRP
2023,CC,36754451,restIRP
2023,CC,36875636,restIRP
2023,CC,36914240,restIRP
2023,CC,36966070,restIRP
2023,CC,37015418,restIRP
2023,CC,37129493,restIRP
2023,CC,37540658,restIRP
2023,CC,37608564,restIRP
2023,CC,35259317,restIRP
2023,CC,37409220,restIRP
2023,CC,37417919,restIRP
2023,CC,37516828,restIRP
2023,CC,33655255,restIRP
2023,CC,34956207,restIRP
2023,CC,35301181,restIRP
2023,CC,35852866,restIRP
2023,CC,36517603,restIRP
2023,CC,37474251,restIRP
2023,CC,37529105,restIRP
2023,CC,35307353,restIRP
2023,CC,36253497,restIRP
2023,CC,36766826,restIRP
2023,CC,36791195,restIRP
2023,CC,35534047,restIRP
2023,CC,35902861,restIRP
2023,CC,36099324,restIRP
2023,CC,36510222,restIRP
2023,CC,36935289,restIRP
2023,CC,37394115,restIRP
2023,CC,35502918,restIRP
2023,CC,36176143,restIRP
2023,CC,37245498,restIRP
2023,CC,31345243,restIRP
2023,CC,35730393,restIRP
2023,CC,37383565,restIRP
2023,CC,33560694,restIRP
2023,CC,37352497,restIRP
2023,CC,36115844,restIRP
2023,CC,36170795,restIRP
2023,CC,36652685,restIRP
2023,CC,36848636,restIRP
2023,CC,37166923,restIRP
2023,CC,36516544,restIRP
2023,CC,37036346,restIRP
2023,CC,36836334,restIRP
2023,CC,34270823,restIRP
2023,CC,35095905,restIRP
2023,CC,35714307,restIRP
2023,CC,35767897,restIRP
2023,CC,35793467,restIRP
2023,CC,35896822,restIRP
2023,CC,36455197,restIRP
2023,CC,37084382,restIRP
2023,CC,37458302,restIRP
2023,CC,37477595,restIRP
2023,CC,36004627,restIRP
2023,CC,36029517,restIRP
2023,CC,36458542,restIRP
2023,CC,37318422,restIRP
2023,CC,35043674,restIRP
2023,CC,37039367,restIRP
2023,CC,36165792,restIRP
2023,CC,36204542,restIRP
2023,CC,36283115,restIRP
2023,CC,36988164,restIRP
2023,CC,37124052,restIRP
2023,CC,37191484,restIRP
2023,CC,37453304,restIRP
2023,CC,36004317,restIRP
2023,CC,36107788,restIRP
2023,CC,36466046,restIRP
2023,CC,37034120,restIRP
2023,CC,37436751,restIRP
2023,CC,37531612,restIRP
2023,CC,37639273,restIRP
2023,CC,36637251,restIRP
2023,CC,35687490,restIRP
2023,CC,36884218,restIRP
2023,CC,37277074,restIRP
2023,CC,28835518,restIRP
2023,CC,29044202,restIRP
2023,CC,36619973,restIRP
2023,CC,35464155,restIRP
2023,CC,35757680,restIRP
2023,CC,36156264,restIRP
2023,CC,37465939,restIRP
2023,CC,36191299,restIRP
2023,CC,37336294,restIRP
2021,CIT,32176487,restIRP
2021,CIT,32534527,restIRP
2021,CIT,33087575,restIRP
2021,CIT,33189678,restIRP
2021,CIT,33410847,restIRP
2021,CIT,33601544,restIRP
2021,CIT,33601596,restIRP
2021,CIT,33752368,restIRP
2021,CIT,34241169,restIRP
2021,CIT,34271681,restIRP
2021,CIT,34293906,restIRP
2021,CIT,31402520,restIRP
2021,NCATS,33812994,restIRP
2021,NCATS,32902275,restIRP
2021,NCATS,33290830,restIRP
2021,NCATS,33483532,restIRP
2021,NCATS,33822623,restIRP
2021,NCATS,33910017,restIRP
2021,NCATS,33941937,restIRP
2021,NCATS,33965046,restIRP
2021,NCATS,34110797,restIRP
2021,NCATS,33129109,restIRP
2021,NCATS,33158997,restIRP
2021,NCATS,33271120,restIRP
2021,NCATS,33801811,restIRP
2021,NCATS,33848478,restIRP
2021,NCATS,33859356,restIRP
2021,NCATS,33945878,restIRP
2021,NCATS,32511355,restIRP
2021,NCATS,32511420,restIRP
2021,NCATS,32993373,restIRP
2021,NCATS,33010822,restIRP
2021,NCATS,33333292,restIRP
2021,NCATS,33610792,restIRP
2021,NCATS,33623157,restIRP
2021,NCATS,33689873,restIRP
2021,NCATS,33708112,restIRP
2021,NCATS,33762619,restIRP
2021,NCATS,33831697,restIRP
2021,NCATS,31898878,restIRP
2021,NCATS,32074470,restIRP
2021,NCATS,32119531,restIRP
2021,NCATS,32759684,restIRP
2021,NCATS,32839771,restIRP
2021,NCATS,32870474,restIRP
2021,NCATS,33137173,restIRP
2021,NCATS,33151287,restIRP
2021,NCATS,33156327,restIRP
2021,NCATS,33173863,restIRP
2021,NCATS,33183351,restIRP
2021,NCATS,33230156,restIRP
2021,NCATS,33244000,restIRP
2021,NCATS,33430980,restIRP
2021,NCATS,33431020,restIRP
2021,NCATS,33533614,restIRP
2021,NCATS,33742785,restIRP
2021,NCATS,33795649,restIRP
2021,NCATS,33889934,restIRP
2021,NCATS,33929906,restIRP
2021,NCATS,34423274,restIRP
2021,NCATS,34128205,restIRP
2021,NCATS,32240171,restIRP
2021,NCATS,32459468,restIRP
2021,NCATS,32051227,restIRP
2021,NCATS,32128386,restIRP
2021,NCATS,32144388,restIRP
2021,NCATS,33304752,restIRP
2021,NCATS,33536335,restIRP
2021,NCATS,33863777,restIRP
2021,NCATS,33979606,restIRP
2021,NCATS,32059197,restIRP
2021,NCATS,32154236,restIRP
2021,NCATS,32676161,restIRP
2021,NCATS,33052350,restIRP
2021,NCATS,34013274,restIRP
2021,NCATS,32577632,restIRP
2021,NCATS,32596694,restIRP
2021,NCATS,32637956,restIRP
2021,NCATS,34111271,restIRP
2021,NCATS,34144038,restIRP
2021,NCATS,34408078,restIRP
2021,NCATS,33078696,restIRP
2021,NCATS,33251791,restIRP
2021,NCATS,33333074,restIRP
2021,NCATS,33508353,restIRP
2021,NCATS,33844597,restIRP
2021,NCATS,34047186,restIRP
2021,NCATS,34124783,restIRP
2021,NCATS,33073193,restIRP
2021,NCATS,33705358,restIRP
2021,NCATS,33347312,restIRP
2021,NCATS,33513003,restIRP
2021,NCATS,33967751,restIRP
2021,NCATS,34013260,restIRP
2021,NCATS,34033658,restIRP
2021,NCATS,34269114,restIRP
2021,NCATS,32839777,restIRP
2021,NCATS,32998994,restIRP
2021,NCATS,33257936,restIRP
2021,NCATS,33330843,restIRP
2021,NCATS,33344893,restIRP
2021,NCATS,33346633,restIRP
2021,NCATS,33397956,restIRP
2021,NCATS,33725211,restIRP
2021,NCATS,34136758,restIRP
2021,NCATS,34158410,restIRP
2021,NCATS,34432237,restIRP
2021,NCATS,33744514,restIRP
2021,NCATS,34323400,restIRP
2021,NCATS,31444471,restIRP
2021,NCATS,32114296,restIRP
2021,NCATS,32487192,restIRP
2021,NCATS,32532853,restIRP
2021,NCATS,32536017,restIRP
2021,NCATS,33038742,restIRP
2021,NCATS,33111489,restIRP
2021,NCATS,33361760,restIRP
2021,NCATS,33375166,restIRP
2021,NCATS,33424801,restIRP
2021,NCATS,33468482,restIRP
2021,NCATS,33731741,restIRP
2021,NCATS,34023384,restIRP
2021,NCATS,34051448,restIRP
2021,NCATS,34087995,restIRP
2021,NCATS,34088014,restIRP
2021,NCATS,34619643,restIRP
2021,NCATS,32868923,restIRP
2021,NCATS,33298900,restIRP
2021,NCATS,33992989,restIRP
2021,NCATS,34184537,restIRP
2022,NCATS,34662221,restIRP
2022,NCATS,35947606,restIRP
2022,NCATS,34075120,restIRP
2022,NCATS,34608449,restIRP
2022,NCATS,35119255,restIRP
2022,NCATS,35239443,restIRP
2022,NCATS,35313579,restIRP
2022,NCATS,35435491,restIRP
2022,NCATS,35696646,restIRP
2022,NCATS,35754433,restIRP
2022,NCATS,35847040,restIRP
2022,NCATS,34491744,restIRP
2022,NCATS,35333353,restIRP
2022,NCATS,34778802,restIRP
2022,NCATS,35030628,restIRP
2022,NCATS,35113535,restIRP
2022,NCATS,35194167,restIRP
2022,NCATS,35501309,restIRP
2022,NCATS,35511749,restIRP
2022,NCATS,35584006,restIRP
2022,NCATS,35702394,restIRP
2022,NCATS,35754026,restIRP
2022,NCATS,36223450,restIRP
2022,NCATS,33062952,restIRP
2022,NCATS,34394844,restIRP
2022,NCATS,35012356,restIRP
2022,NCATS,35036857,restIRP
2022,NCATS,35086793,restIRP
2022,NCATS,35169799,restIRP
2022,NCATS,35169800,restIRP
2022,NCATS,35275639,restIRP
2022,NCATS,35404596,restIRP
2022,NCATS,35440680,restIRP
2022,NCATS,35476528,restIRP
2022,NCATS,35648838,restIRP
2022,NCATS,36052127,restIRP
2022,NCATS,34570764,restIRP
2022,NCATS,34648031,restIRP
2022,NCATS,34722266,restIRP
2022,NCATS,34794473,restIRP
2022,NCATS,34811964,restIRP
2022,NCATS,34861164,restIRP
2022,NCATS,35264870,restIRP
2022,NCATS,35667088,restIRP
2022,NCATS,35969485,restIRP
2022,NCATS,34757806,restIRP
2022,NCATS,34273979,restIRP
2022,NCATS,35178190,restIRP
2022,NCATS,34010142,restIRP
2022,NCATS,35041689,restIRP
2022,NCATS,34923765,restIRP
2022,NCATS,35058177,restIRP
2022,NCATS,35108274,restIRP
2022,NCATS,35205076,restIRP
2022,NCATS,35294750,restIRP
2022,NCATS,35294751,restIRP
2022,NCATS,35294752,restIRP
2022,NCATS,35294753,restIRP
2022,NCATS,35294755,restIRP
2022,NCATS,35294756,restIRP
2022,NCATS,35294757,restIRP
2022,NCATS,35294758,restIRP
2022,NCATS,35579950,restIRP
2022,NCATS,36302175,restIRP
2022,NCATS,35294762,restIRP
2022,NCATS,35092840,restIRP
2022,NCATS,35176168,restIRP
2022,NCATS,35438992,restIRP
2022,NCATS,34139597,restIRP
2022,NCATS,34198154,restIRP
2022,NCATS,34411609,restIRP
2022,NCATS,34954894,restIRP
2022,NCATS,34990619,restIRP
2022,NCATS,35399514,restIRP
2022,NCATS,36043792,restIRP
2022,NCATS,36439493,restIRP
2022,NCATS,36449624,restIRP
2023,NCATS,35904259,restIRP
2023,NCATS,35922689,restIRP
2023,NCATS,35975669,restIRP
2023,NCATS,36065186,restIRP
2023,NCATS,36333465,restIRP
2023,NCATS,36709665,restIRP
2023,NCATS,36790955,restIRP
2023,NCATS,37113753,restIRP
2023,NCATS,37129573,restIRP
2023,NCATS,36398590,restIRP
2023,NCATS,37056373,restIRP
2023,NCATS,37451260,restIRP
2023,NCATS,36074076,restIRP
2023,NCATS,36268125,restIRP
2023,NCATS,37054948,restIRP
2023,NCATS,36883564,restIRP
2023,NCATS,37054779,restIRP
2023,NCATS,37095531,restIRP
2023,NCATS,37121274,restIRP
2023,NCATS,37140427,restIRP
2023,NCATS,37141112,restIRP
2023,NCATS,37216280,restIRP
2023,NCATS,37353483,restIRP
2023,NCATS,37356470,restIRP
2023,NCATS,37380628,restIRP
2023,NCATS,36694456,restIRP
2023,NCATS,36062265,restIRP
2023,NCATS,36150479,restIRP
2023,NCATS,36318785,restIRP
2023,NCATS,36373969,restIRP
2023,NCATS,36624666,restIRP
2023,NCATS,36845315,restIRP
2023,NCATS,36855134,restIRP
2023,NCATS,36922980,restIRP
2023,NCATS,37004072,restIRP
2023,NCATS,37025303,restIRP
2023,NCATS,37207367,restIRP
2023,NCATS,37374908,restIRP
2023,NCATS,36400200,restIRP
2023,NCATS,36049119,restIRP
2023,NCATS,35665018,restIRP
2023,NCATS,35988584,restIRP
2023,NCATS,36102902,restIRP
2023,NCATS,36172177,restIRP
2023,NCATS,36469580,restIRP
2023,NCATS,36619290,restIRP
2023,NCATS,36786055,restIRP
2023,NCATS,37200814,restIRP
2023,NCATS,37315744,restIRP
2023,NCATS,37321325,restIRP
2023,NCATS,37388277,restIRP
2023,NCATS,36371462,restIRP
2023,NCATS,36506591,restIRP
2023,NCATS,36800930,restIRP
2023,NCATS,37044067,restIRP
2023,NCATS,37105315,restIRP
2023,NCATS,37244126,restIRP
2023,NCATS,37348462,restIRP
2023,NCATS,37428210,restIRP
2023,NCATS,36589922,restIRP
2023,NCATS,36875753,restIRP
2023,NCATS,36975211,restIRP
2023,NCATS,37298526,restIRP
2023,NCATS,37610273,restIRP
2023,NCATS,37890331,restIRP
2021,NCCIH,31968264,restIRP
2021,NCCIH,32379225,restIRP
2021,NCCIH,32402292,restIRP
2021,NCCIH,32561714,restIRP
2021,NCCIH,33057202,restIRP
2021,NCCIH,33186546,restIRP
2021,NCCIH,31009537,restIRP
2021,NCCIH,32925593,restIRP
2021,NCCIH,33510158,restIRP
2021,NCCIH,32015487,restIRP
2021,NCCIH,33288781,restIRP
2021,NCCIH,33667782,restIRP
2021,NCCIH,33703868,restIRP
2021,NCCIH,34126294,restIRP
2021,NCCIH,34213859,restIRP
2021,NCCIH,34301969,restIRP
2021,NCCIH,34800622,restIRP
2021,NCCIH,34837385,restIRP
2021,NCCIH,33188006,restIRP
2021,NCCIH,34101729,restIRP
2022,NCCIH,33220232,restIRP
2022,NCCIH,33591273,restIRP
2022,NCCIH,34671781,restIRP
2022,NCCIH,35036479,restIRP
2022,NCCIH,35189353,restIRP
2022,NCCIH,35500023,restIRP
2023,NCCIH,36139481,restIRP
2023,NCCIH,36382883,restIRP
2023,NCCIH,36634173,restIRP
2023,NCCIH,37541196,restIRP
2023,NCCIH,37169581,restIRP
2023,NCCIH,36317867,restIRP
2023,NCCIH,36525362,restIRP
2023,NCCIH,37293681,restIRP
2023,NCCIH,37390595,restIRP
2023,NCCIH,35559931,restIRP
2023,NCCIH,36269044,restIRP
2023,NCCIH,36473754,restIRP
2023,NCCIH,37542159,restIRP
2021,NCI,32054861,restIRP
2021,NCI,32681068,restIRP
2021,NCI,32944614,restIRP
2021,NCI,33023952,restIRP
2021,NCI,33027083,restIRP
2021,NCI,33422353,restIRP
2021,NCI,33575208,restIRP
2021,NCI,33785256,restIRP
2021,NCI,33899001,restIRP
2021,NCI,32091594,restIRP
2021,NCI,32287068,restIRP
2021,NCI,32620889,restIRP
2021,NCI,32713678,restIRP
2021,NCI,32758451,restIRP
2021,NCI,32785640,restIRP
2021,NCI,32851660,restIRP
2021,NCI,32887990,restIRP
2021,NCI,33022221,restIRP
2021,NCI,33140823,restIRP
2021,NCI,33160309,restIRP
2021,NCI,33261561,restIRP
2021,NCI,33326576,restIRP
2021,NCI,33460452,restIRP
2021,NCI,33471991,restIRP
2021,NCI,33495599,restIRP
2021,NCI,33500318,restIRP
2021,NCI,33588869,restIRP
2021,NCI,33737296,restIRP
2021,NCI,33753454,restIRP
2021,NCI,33769540,restIRP
2021,NCI,33827983,restIRP
2021,NCI,34049357,restIRP
2021,NCI,34143885,restIRP
2021,NCI,34146516,restIRP
2021,NCI,34234117,restIRP
2021,NCI,34301922,restIRP
2021,NCI,34349265,restIRP
2021,NCI,34446472,restIRP
2021,NCI,32252233,restIRP
2021,NCI,32817318,restIRP
2021,NCI,33197463,restIRP
2021,NCI,33809689,restIRP
2021,NCI,31964738,restIRP
2021,NCI,32084246,restIRP
2021,NCI,33112230,restIRP
2021,NCI,33270927,restIRP
2021,NCI,33518406,restIRP
2021,NCI,34319781,restIRP
2021,NCI,32697622,restIRP
2021,NCI,33158997,restIRP
2021,NCI,32385863,restIRP
2021,NCI,32418327,restIRP
2021,NCI,32981130,restIRP
2021,NCI,33060684,restIRP
2021,NCI,33171880,restIRP
2021,NCI,33510133,restIRP
2021,NCI,33708401,restIRP
2021,NCI,33953926,restIRP
2021,NCI,32321756,restIRP
2021,NCI,32612609,restIRP
2021,NCI,31925935,restIRP
2021,NCI,32283231,restIRP
2021,NCI,32614957,restIRP
2021,NCI,32926120,restIRP
2021,NCI,33090998,restIRP
2021,NCI,34728343,restIRP
2021,NCI,31949145,restIRP
2021,NCI,32118579,restIRP
2021,NCI,32350255,restIRP
2021,NCI,33135727,restIRP
2021,NCI,31054214,restIRP
2021,NCI,32072624,restIRP
2021,NCI,32657348,restIRP
2021,NCI,32657349,restIRP
2021,NCI,32833021,restIRP
2021,NCI,32915234,restIRP
2021,NCI,32942303,restIRP
2021,NCI,33010161,restIRP
2021,NCI,33011212,restIRP
2021,NCI,33073922,restIRP
2021,NCI,33181833,restIRP
2021,NCI,33181839,restIRP
2021,NCI,33187970,restIRP
2021,NCI,33316174,restIRP
2021,NCI,33347809,restIRP
2021,NCI,33392786,restIRP
2021,NCI,33395353,restIRP
2021,NCI,33431958,restIRP
2021,NCI,33473166,restIRP
2021,NCI,33554351,restIRP
2021,NCI,33661398,restIRP
2021,NCI,33704460,restIRP
2021,NCI,33752181,restIRP
2021,NCI,33820799,restIRP
2021,NCI,33917779,restIRP
2021,NCI,34153328,restIRP
2021,NCI,34160068,restIRP
2021,NCI,34244895,restIRP
2021,NCI,34280845,restIRP
2021,NCI,34289968,restIRP
2021,NCI,34301443,restIRP
2021,NCI,34351497,restIRP
2021,NCI,34479949,restIRP
2021,NCI,32049048,restIRP
2021,NCI,32117739,restIRP
2021,NCI,32158544,restIRP
2021,NCI,32666679,restIRP
2021,NCI,33427378,restIRP
2021,NCI,34137164,restIRP
2021,NCI,34077540,restIRP
2021,NCI,32051414,restIRP
2021,NCI,32057297,restIRP
2021,NCI,32169821,restIRP
2021,NCI,32253233,restIRP
2021,NCI,32352380,restIRP
2021,NCI,32359443,restIRP
2021,NCI,32484965,restIRP
2021,NCI,32727902,restIRP
2021,NCI,32999459,restIRP
2021,NCI,33767446,restIRP
2021,NCI,33857404,restIRP
2021,NCI,34140467,restIRP
2021,NCI,34144978,restIRP
2021,NCI,31998480,restIRP
2021,NCI,32101306,restIRP
2021,NCI,32552295,restIRP
2021,NCI,32645282,restIRP
2021,NCI,32798517,restIRP
2021,NCI,32915679,restIRP
2021,NCI,33037118,restIRP
2021,NCI,33219092,restIRP
2021,NCI,33262136,restIRP
2021,NCI,33657295,restIRP
2021,NCI,33874734,restIRP
2021,NCI,33907694,restIRP
2021,NCI,34140245,restIRP
2021,NCI,34292953,restIRP
2021,NCI,32432544,restIRP
2021,NCI,32243306,restIRP
2021,NCI,32948633,restIRP
2021,NCI,32988395,restIRP
2021,NCI,33000953,restIRP
2021,NCI,33048127,restIRP
2021,NCI,33110968,restIRP
2021,NCI,33121389,restIRP
2021,NCI,33403483,restIRP
2021,NCI,33449802,restIRP
2021,NCI,33449824,restIRP
2021,NCI,33542199,restIRP
2021,NCI,33624066,restIRP
2021,NCI,33667677,restIRP
2021,NCI,33689906,restIRP
2021,NCI,33731409,restIRP
2021,NCI,33737303,restIRP
2021,NCI,33767101,restIRP
2021,NCI,33783379,restIRP
2021,NCI,34299799,restIRP
2021,NCI,34545022,restIRP
2021,NCI,32066627,restIRP
2021,NCI,32464188,restIRP
2021,NCI,33028646,restIRP
2021,NCI,33086069,restIRP
2021,NCI,33504652,restIRP
2021,NCI,33848478,restIRP
2021,NCI,34045232,restIRP
2021,NCI,34162872,restIRP
2021,NCI,31964772,restIRP
2021,NCI,32609900,restIRP
2021,NCI,34103600,restIRP
2021,NCI,34193462,restIRP
2021,NCI,34216724,restIRP
2021,NCI,31981407,restIRP
2021,NCI,32004714,restIRP
2021,NCI,32132976,restIRP
2021,NCI,32202644,restIRP
2021,NCI,32753377,restIRP
2021,NCI,33273183,restIRP
2021,NCI,33630047,restIRP
2021,NCI,34021380,restIRP
2021,NCI,32483558,restIRP
2021,NCI,32041821,restIRP
2021,NCI,33334821,restIRP
2021,NCI,33444453,restIRP
2021,NCI,32265924,restIRP
2021,NCI,33452106,restIRP
2021,NCI,33692548,restIRP
2021,NCI,32130229,restIRP
2021,NCI,32402293,restIRP
2021,NCI,32461349,restIRP
2021,NCI,32967951,restIRP
2021,NCI,33087466,restIRP
2021,NCI,33260775,restIRP
2021,NCI,33554060,restIRP
2021,NCI,33920489,restIRP
2021,NCI,34053848,restIRP
2021,NCI,34228762,restIRP
2021,NCI,34352226,restIRP
2021,NCI,32070947,restIRP
2021,NCI,32130814,restIRP
2021,NCI,32143993,restIRP
2021,NCI,32190560,restIRP
2021,NCI,32192942,restIRP
2021,NCI,32211948,restIRP
2021,NCI,32269146,restIRP
2021,NCI,32307270,restIRP
2021,NCI,32330067,restIRP
2021,NCI,32352918,restIRP
2021,NCI,32372384,restIRP
2021,NCI,32478955,restIRP
2021,NCI,32633674,restIRP
2021,NCI,32679272,restIRP
2021,NCI,32696213,restIRP
2021,NCI,32716685,restIRP
2021,NCI,32747013,restIRP
2021,NCI,32755168,restIRP
2021,NCI,32755355,restIRP
2021,NCI,32795972,restIRP
2021,NCI,32796848,restIRP
2021,NCI,32815519,restIRP
2021,NCI,32877244,restIRP
2021,NCI,32884130,restIRP
2021,NCI,32919899,restIRP
2021,NCI,32922840,restIRP
2021,NCI,33018306,restIRP
2021,NCI,33052737,restIRP
2021,NCI,33146796,restIRP
2021,NCI,33351753,restIRP
2021,NCI,33356479,restIRP
2021,NCI,33392016,restIRP
2021,NCI,33442676,restIRP
2021,NCI,33537772,restIRP
2021,NCI,33551992,restIRP
2021,NCI,33554406,restIRP
2021,NCI,33566638,restIRP
2021,NCI,33568190,restIRP
2021,NCI,33601166,restIRP
2021,NCI,33707581,restIRP
2021,NCI,33767213,restIRP
2021,NCI,33846112,restIRP
2021,NCI,33847515,restIRP
2021,NCI,33867045,restIRP
2021,NCI,33904992,restIRP
2021,NCI,33991226,restIRP
2021,NCI,34003127,restIRP
2021,NCI,34170972,restIRP
2021,NCI,34171743,restIRP
2021,NCI,34181465,restIRP
2021,NCI,32048336,restIRP
2021,NCI,32253639,restIRP
2021,NCI,32282873,restIRP
2021,NCI,32616597,restIRP
2021,NCI,32939802,restIRP
2021,NCI,32944979,restIRP
2021,NCI,32976571,restIRP
2021,NCI,32976668,restIRP
2021,NCI,33006810,restIRP
2021,NCI,33071484,restIRP
2021,NCI,33227430,restIRP
2021,NCI,33272927,restIRP
2021,NCI,33402335,restIRP
2021,NCI,33686613,restIRP
2021,NCI,33778356,restIRP
2021,NCI,33836139,restIRP
2021,NCI,33845514,restIRP
2021,NCI,34162655,restIRP
2021,NCI,34325938,restIRP
2021,NCI,32037447,restIRP
2021,NCI,32078832,restIRP
2021,NCI,32105068,restIRP
2021,NCI,32223208,restIRP
2021,NCI,32649211,restIRP
2021,NCI,33021790,restIRP
2021,NCI,33126420,restIRP
2021,NCI,33169510,restIRP
2021,NCI,33226219,restIRP
2021,NCI,33251157,restIRP
2021,NCI,33263997,restIRP
2021,NCI,33848174,restIRP
2021,NCI,33882749,restIRP
2021,NCI,34038132,restIRP
2021,NCI,34200174,restIRP
2021,NCI,34208349,restIRP
2021,NCI,31898340,restIRP
2021,NCI,32747423,restIRP
2021,NCI,32858886,restIRP
2021,NCI,32923678,restIRP
2021,NCI,33066043,restIRP
2021,NCI,33950553,restIRP
2021,NCI,32869517,restIRP
2021,NCI,32989268,restIRP
2021,NCI,33087503,restIRP
2021,NCI,33597508,restIRP
2021,NCI,33875804,restIRP
2021,NCI,32376643,restIRP
2021,NCI,32499157,restIRP
2021,NCI,32654028,restIRP
2021,NCI,32166218,restIRP
2021,NCI,33872627,restIRP
2021,NCI,34195677,restIRP
2021,NCI,32931935,restIRP
2021,NCI,33352384,restIRP
2021,NCI,31913576,restIRP
2021,NCI,31917677,restIRP
2021,NCI,31943534,restIRP
2021,NCI,32052421,restIRP
2021,NCI,32089640,restIRP
2021,NCI,32152628,restIRP
2021,NCI,32187457,restIRP
2021,NCI,32448901,restIRP
2021,NCI,32601387,restIRP
2021,NCI,32939452,restIRP
2021,NCI,32943455,restIRP
2021,NCI,33289920,restIRP
2021,NCI,33442015,restIRP
2021,NCI,33507822,restIRP
2021,NCI,33536190,restIRP
2021,NCI,33615670,restIRP
2021,NCI,33978635,restIRP
2021,NCI,34230196,restIRP
2021,NCI,34230202,restIRP
2021,NCI,32151748,restIRP
2021,NCI,32200271,restIRP
2021,NCI,32476596,restIRP
2021,NCI,34155954,restIRP
2021,NCI,32967989,restIRP
2021,NCI,33789138,restIRP
2021,NCI,34156301,restIRP
2021,NCI,32060262,restIRP
2021,NCI,32116708,restIRP
2021,NCI,32401122,restIRP
2021,NCI,34289065,restIRP
2021,NCI,34322387,restIRP
2021,NCI,32083993,restIRP
2021,NCI,32259323,restIRP
2021,NCI,33165095,restIRP
2021,NCI,33242557,restIRP
2021,NCI,33527590,restIRP
2021,NCI,33675279,restIRP
2021,NCI,32853711,restIRP
2021,NCI,33968750,restIRP
2021,NCI,32959873,restIRP
2021,NCI,33578791,restIRP
2021,NCI,33826706,restIRP
2021,NCI,33889934,restIRP
2021,NCI,33991295,restIRP
2021,NCI,34010397,restIRP
2021,NCI,34020444,restIRP
2021,NCI,34103643,restIRP
2021,NCI,34110584,restIRP
2021,NCI,34310489,restIRP
2021,NCI,34334719,restIRP
2021,NCI,34376486,restIRP
2021,NCI,34465647,restIRP
2021,NCI,34465649,restIRP
2021,NCI,34476340,restIRP
2021,NCI,32367248,restIRP
2021,NCI,32675224,restIRP
2021,NCI,33051549,restIRP
2021,NCI,33381095,restIRP
2021,NCI,33595662,restIRP
2021,NCI,33633342,restIRP
2021,NCI,33661412,restIRP
2021,NCI,33692136,restIRP
2021,NCI,33918470,restIRP
2021,NCI,34099001,restIRP
2021,NCI,34103707,restIRP
2021,NCI,33177089,restIRP
2021,NCI,32018194,restIRP
2021,NCI,32514006,restIRP
2021,NCI,32775824,restIRP
2021,NCI,33359152,restIRP
2021,NCI,33615058,restIRP
2021,NCI,33674766,restIRP
2021,NCI,33901548,restIRP
2021,NCI,34039309,restIRP
2021,NCI,34172013,restIRP
2021,NCI,33689082,restIRP
2021,NCI,33766833,restIRP
2021,NCI,34022824,restIRP
2021,NCI,34037709,restIRP
2021,NCI,34106490,restIRP
2021,NCI,34244153,restIRP
2021,NCI,34404683,restIRP
2021,NCI,34465588,restIRP
2021,NCI,31959727,restIRP
2021,NCI,33323462,restIRP
2021,NCI,33558725,restIRP
2021,NCI,33741731,restIRP
2021,NCI,32504577,restIRP
2021,NCI,32963096,restIRP
2021,NCI,33084569,restIRP
2021,NCI,33377023,restIRP
2021,NCI,33485405,restIRP
2021,NCI,32139508,restIRP
2021,NCI,32391824,restIRP
2021,NCI,32524995,restIRP
2021,NCI,32566918,restIRP
2021,NCI,33023152,restIRP
2021,NCI,33075312,restIRP
2021,NCI,33404254,restIRP
2021,NCI,33893140,restIRP
2021,NCI,34142550,restIRP
2021,NCI,34197114,restIRP
2021,NCI,31928422,restIRP
2021,NCI,31986064,restIRP
2021,NCI,32074015,restIRP
2021,NCI,32398324,restIRP
2021,NCI,32473857,restIRP
2021,NCI,32575908,restIRP
2021,NCI,32601431,restIRP
2021,NCI,32637350,restIRP
2021,NCI,32972783,restIRP
2021,NCI,33081832,restIRP
2021,NCI,33334024,restIRP
2021,NCI,33490865,restIRP
2021,NCI,34088893,restIRP
2021,NCI,32611684,restIRP
2021,NCI,32870522,restIRP
2021,NCI,33476708,restIRP
2021,NCI,33780268,restIRP
2021,NCI,32371575,restIRP
2021,NCI,32908120,restIRP
2021,NCI,33216382,restIRP
2021,NCI,32014111,restIRP
2021,NCI,33505708,restIRP
2021,NCI,33593981,restIRP
2021,NCI,33999949,restIRP
2021,NCI,34083435,restIRP
2021,NCI,31190050,restIRP
2021,NCI,31493539,restIRP
2021,NCI,33010430,restIRP
2021,NCI,33576783,restIRP
2021,NCI,33657221,restIRP
2021,NCI,33864019,restIRP
2021,NCI,34124796,restIRP
2021,NCI,33561422,restIRP
2021,NCI,32448264,restIRP
2021,NCI,33220232,restIRP
2021,NCI,33901180,restIRP
2021,NCI,34287641,restIRP
2021,NCI,31979226,restIRP
2021,NCI,32152203,restIRP
2021,NCI,32224866,restIRP
2021,NCI,32312817,restIRP
2021,NCI,32575619,restIRP
2021,NCI,33504762,restIRP
2021,NCI,32381040,restIRP
2021,NCI,32726133,restIRP
2021,NCI,33996251,restIRP
2021,NCI,34137798,restIRP
2021,NCI,32188703,restIRP
2021,NCI,32373533,restIRP
2021,NCI,33669155,restIRP
2021,NCI,33747894,restIRP
2021,NCI,33762322,restIRP
2021,NCI,32610081,restIRP
2021,NCI,32004448,restIRP
2021,NCI,32220507,restIRP
2021,NCI,33097667,restIRP
2021,NCI,33104252,restIRP
2021,NCI,33219235,restIRP
2021,NCI,33397942,restIRP
2021,NCI,33542131,restIRP
2021,NCI,32839292,restIRP
2021,NCI,32937240,restIRP
2021,NCI,33038939,restIRP
2021,NCI,33713608,restIRP
2021,NCI,33761896,restIRP
2021,NCI,33818291,restIRP
2021,NCI,32774853,restIRP
2021,NCI,33805301,restIRP
2021,NCI,34108512,restIRP
2021,NCI,32019928,restIRP
2021,NCI,32292401,restIRP
2021,NCI,32812866,restIRP
2021,NCI,35223446,restIRP
2021,NCI,35586249,restIRP
2021,NCI,33137094,restIRP
2021,NCI,33861718,restIRP
2021,NCI,33979654,restIRP
2021,NCI,32250353,restIRP
2021,NCI,32619898,restIRP
2021,NCI,32641865,restIRP
2021,NCI,32993545,restIRP
2021,NCI,33859337,restIRP
2021,NCI,33883133,restIRP
2021,NCI,34155340,restIRP
2021,NCI,33244322,restIRP
2021,NCI,33244513,restIRP
2021,NCI,33415696,restIRP
2021,NCI,32701508,restIRP
2021,NCI,32766543,restIRP
2021,NCI,32779242,restIRP
2021,NCI,32869840,restIRP
2021,NCI,32892374,restIRP
2021,NCI,32920226,restIRP
2021,NCI,33007507,restIRP
2021,NCI,33125080,restIRP
2021,NCI,33173839,restIRP
2021,NCI,33204823,restIRP
2021,NCI,33259165,restIRP
2021,NCI,33354866,restIRP
2021,NCI,33555168,restIRP
2021,NCI,33621209,restIRP
2021,NCI,33638875,restIRP
2021,NCI,33743541,restIRP
2021,NCI,33767405,restIRP
2021,NCI,33852720,restIRP
2021,NCI,33888584,restIRP
2021,NCI,33899326,restIRP
2021,NCI,33956074,restIRP
2021,NCI,34006921,restIRP
2021,NCI,34048594,restIRP
2021,NCI,34084591,restIRP
2021,NCI,34138521,restIRP
2021,NCI,34302839,restIRP
2021,NCI,34321421,restIRP
2021,NCI,31912614,restIRP
2021,NCI,31968015,restIRP
2021,NCI,32051227,restIRP
2021,NCI,32265226,restIRP
2021,NCI,32526205,restIRP
2021,NCI,32568231,restIRP
2021,NCI,32631902,restIRP
2021,NCI,32819190,restIRP
2021,NCI,33531477,restIRP
2021,NCI,32482868,restIRP
2021,NCI,32527935,restIRP
2021,NCI,32715994,restIRP
2021,NCI,33005010,restIRP
2021,NCI,33081394,restIRP
2021,NCI,33784308,restIRP
2021,NCI,34163656,restIRP
2021,NCI,32927122,restIRP
2021,NCI,32690948,restIRP
2021,NCI,33785741,restIRP
2021,NCI,31996388,restIRP
2021,NCI,32695883,restIRP
2021,NCI,33385497,restIRP
2021,NCI,33792717,restIRP
2021,NCI,32191460,restIRP
2021,NCI,33495197,restIRP
2021,NCI,34158349,restIRP
2021,NCI,33087407,restIRP
2021,NCI,33506540,restIRP
2021,NCI,33667782,restIRP
2021,NCI,34139591,restIRP
2021,NCI,34302788,restIRP
2021,NCI,33884377,restIRP
2021,NCI,33947857,restIRP
2021,NCI,32878631,restIRP
2021,NCI,32919779,restIRP
2021,NCI,33104910,restIRP
2021,NCI,33219755,restIRP
2021,NCI,33433939,restIRP
2021,NCI,33722709,restIRP
2021,NCI,33964859,restIRP
2021,NCI,33974712,restIRP
2021,NCI,34214881,restIRP
2021,NCI,34255071,restIRP
2021,NCI,34477829,restIRP
2021,NCI,32105293,restIRP
2021,NCI,32556286,restIRP
2021,NCI,32585411,restIRP
2021,NCI,33369023,restIRP
2021,NCI,33965189,restIRP
2021,NCI,34089740,restIRP
2021,NCI,33035310,restIRP
2021,NCI,33240931,restIRP
2021,NCI,32042153,restIRP
2021,NCI,32979284,restIRP
2021,NCI,33007034,restIRP
2021,NCI,32091596,restIRP
2021,NCI,32502860,restIRP
2021,NCI,32606003,restIRP
2021,NCI,32786189,restIRP
2021,NCI,33200359,restIRP
2021,NCI,33271093,restIRP
2021,NCI,32781289,restIRP
2021,NCI,31903638,restIRP
2021,NCI,32049308,restIRP
2021,NCI,32232430,restIRP
2021,NCI,32432645,restIRP
2021,NCI,32791068,restIRP
2021,NCI,32976576,restIRP
2021,NCI,33526918,restIRP
2021,NCI,32045544,restIRP
2021,NCI,32054999,restIRP
2021,NCI,32453640,restIRP
2021,NCI,32554995,restIRP
2021,NCI,32555149,restIRP
2021,NCI,32711931,restIRP
2021,NCI,32914098,restIRP
2021,NCI,32929178,restIRP
2021,NCI,33046520,restIRP
2021,NCI,33211828,restIRP
2021,NCI,33324951,restIRP
2021,NCI,33377129,restIRP
2021,NCI,33720337,restIRP
2021,NCI,33827897,restIRP
2021,NCI,33951889,restIRP
2021,NCI,31992617,restIRP
2021,NCI,32216326,restIRP
2021,NCI,32751510,restIRP
2021,NCI,33644537,restIRP
2021,NCI,34468722,restIRP
2021,NCI,32273392,restIRP
2021,NCI,32291285,restIRP
2021,NCI,32430080,restIRP
2021,NCI,32442659,restIRP
2021,NCI,32511349,restIRP
2021,NCI,32938764,restIRP
2021,NCI,33396594,restIRP
2021,NCI,33532773,restIRP
2021,NCI,33727347,restIRP
2021,NCI,33863979,restIRP
2021,NCI,34318308,restIRP
2021,NCI,32217664,restIRP
2021,NCI,33239785,restIRP
2021,NCI,34131120,restIRP
2021,NCI,33053355,restIRP
2021,NCI,33059440,restIRP
2021,NCI,33397688,restIRP
2021,NCI,33997662,restIRP
2021,NCI,32060274,restIRP
2021,NCI,32163288,restIRP
2021,NCI,32360601,restIRP
2021,NCI,32707573,restIRP
2021,NCI,32718996,restIRP
2021,NCI,32729248,restIRP
2021,NCI,32816858,restIRP
2021,NCI,32937365,restIRP
2021,NCI,33083810,restIRP
2021,NCI,33438800,restIRP
2021,NCI,33498690,restIRP
2021,NCI,33500247,restIRP
2021,NCI,33523837,restIRP
2021,NCI,33532779,restIRP
2021,NCI,33674593,restIRP
2021,NCI,33731925,restIRP
2021,NCI,33857424,restIRP
2021,NCI,33941922,restIRP
2021,NCI,34038737,restIRP
2021,NCI,34313216,restIRP
2021,NCI,33242395,restIRP
2021,NCI,33277396,restIRP
2021,NCI,33891265,restIRP
2021,NCI,34014767,restIRP
2021,NCI,34287731,restIRP
2021,NCI,31932588,restIRP
2021,NCI,31948482,restIRP
2021,NCI,32075905,restIRP
2021,NCI,32116078,restIRP
2021,NCI,32148125,restIRP
2021,NCI,32160915,restIRP
2021,NCI,32171179,restIRP
2021,NCI,32189192,restIRP
2021,NCI,32289751,restIRP
2021,NCI,32315292,restIRP
2021,NCI,32553626,restIRP
2021,NCI,32561593,restIRP
2021,NCI,32641987,restIRP
2021,NCI,32648321,restIRP
2021,NCI,32711050,restIRP
2021,NCI,32750744,restIRP
2021,NCI,32755412,restIRP
2021,NCI,32761352,restIRP
2021,NCI,32835833,restIRP
2021,NCI,32992072,restIRP
2021,NCI,33051382,restIRP
2021,NCI,33052228,restIRP
2021,NCI,33083279,restIRP
2021,NCI,33175530,restIRP
2021,NCI,33203882,restIRP
2021,NCI,33218896,restIRP
2021,NCI,33436590,restIRP
2021,NCI,33574236,restIRP
2021,NCI,33629115,restIRP
2021,NCI,33662127,restIRP
2021,NCI,33719500,restIRP
2021,NCI,33777678,restIRP
2021,NCI,33798787,restIRP
2021,NCI,33896016,restIRP
2021,NCI,33904622,restIRP
2021,NCI,33938457,restIRP
2021,NCI,33980856,restIRP
2021,NCI,34081128,restIRP
2021,NCI,34081146,restIRP
2021,NCI,31298273,restIRP
2021,NCI,31991737,restIRP
2021,NCI,32017709,restIRP
2021,NCI,32050449,restIRP
2021,NCI,32683881,restIRP
2021,NCI,33251022,restIRP
2021,NCI,33826675,restIRP
2021,NCI,33946976,restIRP
2021,NCI,31903112,restIRP
2021,NCI,32086240,restIRP
2021,NCI,32434040,restIRP
2021,NCI,32646879,restIRP
2021,NCI,33083641,restIRP
2021,NCI,33374953,restIRP
2021,NCI,34163647,restIRP
2021,NCI,34175980,restIRP
2021,NCI,32227455,restIRP
2021,NCI,32422580,restIRP
2021,NCI,32533970,restIRP
2021,NCI,32618667,restIRP
2021,NCI,32641156,restIRP
2021,NCI,32934208,restIRP
2021,NCI,33005041,restIRP
2021,NCI,33276030,restIRP
2021,NCI,33589519,restIRP
2021,NCI,33913590,restIRP
2021,NCI,34166228,restIRP
2021,NCI,32068070,restIRP
2021,NCI,32188490,restIRP
2021,NCI,32870257,restIRP
2021,NCI,33315984,restIRP
2021,NCI,31896599,restIRP
2021,NCI,32163525,restIRP
2021,NCI,33288704,restIRP
2021,NCI,34092254,restIRP
2021,NCI,33752225,restIRP
2021,NCI,33921938,restIRP
2021,NCI,32649884,restIRP
2021,NCI,33141508,restIRP
2021,NCI,33592464,restIRP
2021,NCI,32632165,restIRP
2021,NCI,32661409,restIRP
2021,NCI,32841340,restIRP
2021,NCI,32843491,restIRP
2021,NCI,32894202,restIRP
2021,NCI,33323397,restIRP
2021,NCI,33453153,restIRP
2021,NCI,33468624,restIRP
2021,NCI,33497366,restIRP
2021,NCI,32393833,restIRP
2021,NCI,33627472,restIRP
2021,NCI,34102002,restIRP
2021,NCI,32760736,restIRP
2021,NCI,33839684,restIRP
2021,NCI,32284588,restIRP
2021,NCI,32657358,restIRP
2021,NCI,33024267,restIRP
2021,NCI,33414132,restIRP
2021,NCI,33568347,restIRP
2021,NCI,33888600,restIRP
2021,NCI,32018941,restIRP
2021,NCI,33510451,restIRP
2021,NCI,33561389,restIRP
2021,NCI,33592625,restIRP
2021,NCI,33790284,restIRP
2021,NCI,33157038,restIRP
2021,NCI,33303615,restIRP
2021,NCI,34157301,restIRP
2021,NCI,32504913,restIRP
2021,NCI,33112220,restIRP
2021,NCI,33268348,restIRP
2021,NCI,33638889,restIRP
2021,NCI,32590342,restIRP
2021,NCI,33060108,restIRP
2021,NCI,34049974,restIRP
2021,NCI,31959990,restIRP
2021,NCI,32327584,restIRP
2021,NCI,33208503,restIRP
2021,NCI,33212154,restIRP
2021,NCI,33551026,restIRP
2021,NCI,34155414,restIRP
2021,NCI,34252398,restIRP
2021,NCI,34936382,restIRP
2021,NCI,32080249,restIRP
2021,NCI,32084506,restIRP
2021,NCI,32348139,restIRP
2021,NCI,32606378,restIRP
2021,NCI,32820005,restIRP
2021,NCI,32879218,restIRP
2021,NCI,33062180,restIRP
2021,NCI,33333207,restIRP
2021,NCI,33386259,restIRP
2021,NCI,33664294,restIRP
2021,NCI,33692457,restIRP
2021,NCI,33815322,restIRP
2021,NCI,33851157,restIRP
2021,NCI,34076480,restIRP
2021,NCI,34140350,restIRP
2021,NCI,33098858,restIRP
2021,NCI,34171358,restIRP
2021,NCI,31953245,restIRP
2021,NCI,32123080,restIRP
2021,NCI,32326079,restIRP
2021,NCI,32496557,restIRP
2021,NCI,32579795,restIRP
2021,NCI,32637840,restIRP
2021,NCI,32832029,restIRP
2021,NCI,32927646,restIRP
2021,NCI,32937841,restIRP
2021,NCI,33322807,restIRP
2021,NCI,33462372,restIRP
2021,NCI,33502869,restIRP
2021,NCI,33543819,restIRP
2021,NCI,33574087,restIRP
2021,NCI,33844539,restIRP
2021,NCI,33933782,restIRP
2021,NCI,33996199,restIRP
2021,NCI,33997271,restIRP
2021,NCI,34101947,restIRP
2021,NCI,34134087,restIRP
2021,NCI,32658296,restIRP
2021,NCI,32855555,restIRP
2021,NCI,32925169,restIRP
2021,NCI,33087256,restIRP
2021,NCI,33379198,restIRP
2021,NCI,33723418,restIRP
2021,NCI,33972783,restIRP
2021,NCI,34003679,restIRP
2021,NCI,32792568,restIRP
2021,NCI,33462110,restIRP
2021,NCI,31944549,restIRP
2021,NCI,32077130,restIRP
2021,NCI,32194667,restIRP
2021,NCI,33137336,restIRP
2021,NCI,33262421,restIRP
2021,NCI,33627164,restIRP
2021,NCI,34030585,restIRP
2021,NCI,32401271,restIRP
2021,NCI,32414862,restIRP
2021,NCI,32753470,restIRP
2021,NCI,33362774,restIRP
2021,NCI,33800889,restIRP
2021,NCI,34193920,restIRP
2021,NCI,32271878,restIRP
2021,NCI,33350495,restIRP
2021,NCI,33983387,restIRP
2021,NCI,34085228,restIRP
2021,NCI,33020271,restIRP
2021,NCI,33237303,restIRP
2021,NCI,33662400,restIRP
2021,NCI,32049011,restIRP
2021,NCI,32787454,restIRP
2021,NCI,33838214,restIRP
2021,NCI,34063570,restIRP
2021,NCI,33021872,restIRP
2021,NCI,34391887,restIRP
2021,NCI,34413159,restIRP
2021,NCI,32008376,restIRP
2021,NCI,32134701,restIRP
2021,NCI,32152150,restIRP
2021,NCI,32314030,restIRP
2021,NCI,32337366,restIRP
2021,NCI,32428030,restIRP
2021,NCI,32810389,restIRP
2021,NCI,32933072,restIRP
2021,NCI,33001475,restIRP
2021,NCI,33057660,restIRP
2021,NCI,33093487,restIRP
2021,NCI,33095286,restIRP
2021,NCI,33144915,restIRP
2021,NCI,33216844,restIRP
2021,NCI,33217343,restIRP
2021,NCI,33414553,restIRP
2021,NCI,33419780,restIRP
2021,NCI,33659039,restIRP
2021,NCI,33681459,restIRP
2021,NCI,33863809,restIRP
2021,NCI,33928209,restIRP
2021,NCI,34001007,restIRP
2021,NCI,34039392,restIRP
2021,NCI,34059739,restIRP
2021,NCI,34180036,restIRP
2021,NCI,34290074,restIRP
2021,NCI,32173464,restIRP
2021,NCI,32238470,restIRP
2021,NCI,32297436,restIRP
2021,NCI,32327394,restIRP
2021,NCI,32633234,restIRP
2021,NCI,32641320,restIRP
2021,NCI,32849281,restIRP
2021,NCI,32907924,restIRP
2021,NCI,32969563,restIRP
2021,NCI,33219091,restIRP
2021,NCI,33310772,restIRP
2021,NCI,33330104,restIRP
2021,NCI,33432346,restIRP
2021,NCI,33520712,restIRP
2021,NCI,33594772,restIRP
2021,NCI,33608378,restIRP
2021,NCI,33664086,restIRP
2021,NCI,34116956,restIRP
2021,NCI,34172517,restIRP
2021,NCI,31941907,restIRP
2021,NCI,31959992,restIRP
2021,NCI,32361219,restIRP
2021,NCI,33129371,restIRP
2021,NCI,33287637,restIRP
2021,NCI,34259446,restIRP
2021,NCI,32345623,restIRP
2021,NCI,32439799,restIRP
2021,NCI,33355290,restIRP
2021,NCI,33602696,restIRP
2021,NCI,34244306,restIRP
2021,NCI,32338606,restIRP
2021,NCI,33996223,restIRP
2021,NCI,31969338,restIRP
2021,NCI,32022992,restIRP
2021,NCI,32510664,restIRP
2021,NCI,32709712,restIRP
2021,NCI,33203644,restIRP
2021,NCI,33306414,restIRP
2021,NCI,33438318,restIRP
2021,NCI,33569311,restIRP
2021,NCI,34088830,restIRP
2021,NCI,34357781,restIRP
2021,NCI,32103145,restIRP
2021,NCI,32152202,restIRP
2021,NCI,32416589,restIRP
2021,NCI,32744500,restIRP
2021,NCI,32796005,restIRP
2021,NCI,32881892,restIRP
2021,NCI,33151696,restIRP
2021,NCI,33246985,restIRP
2021,NCI,33299109,restIRP
2021,NCI,33302115,restIRP
2021,NCI,33420019,restIRP
2021,NCI,33468559,restIRP
2021,NCI,33627785,restIRP
2021,NCI,33741711,restIRP
2021,NCI,34095712,restIRP
2021,NCI,34166060,restIRP
2021,NCI,32219267,restIRP
2021,NCI,32796024,restIRP
2021,NCI,33142797,restIRP
2021,NCI,33232788,restIRP
2021,NCI,33544111,restIRP
2021,NCI,33908897,restIRP
2021,NCI,34149696,restIRP
2021,NCI,33083799,restIRP
2021,NCI,33325683,restIRP
2021,NCI,34138941,restIRP
2021,NCI,32554612,restIRP
2021,NCI,32651586,restIRP
2021,NCI,33651712,restIRP
2021,NCI,33996267,restIRP
2021,NCI,34145272,restIRP
2021,NCI,31958756,restIRP
2021,NCI,32128070,restIRP
2021,NCI,32476280,restIRP
2021,NCI,32885720,restIRP
2021,NCI,32936529,restIRP
2021,NCI,33198254,restIRP
2021,NCI,33332760,restIRP
2021,NCI,33433994,restIRP
2021,NCI,33508126,restIRP
2021,NCI,33133483,restIRP
2021,NCI,33649228,restIRP
2021,NCI,31939811,restIRP
2021,NCI,32221037,restIRP
2021,NCI,32929084,restIRP
2021,NCI,33786615,restIRP
2021,NCI,32437829,restIRP
2021,NCI,33077916,restIRP
2021,NCI,33753867,restIRP
2021,NCI,34226613,restIRP
2021,NCI,34293285,restIRP
2021,NCI,32176288,restIRP
2021,NCI,32595210,restIRP
2021,NCI,33060404,restIRP
2021,NCI,33201123,restIRP
2021,NCI,34662808,restIRP
2021,NCI,34766362,restIRP
2021,NCI,32265227,restIRP
2021,NCI,33945523,restIRP
2021,NCI,32166308,restIRP
2021,NCI,32642716,restIRP
2021,NCI,33085768,restIRP
2021,NCI,33785481,restIRP
2021,NCI,34277024,restIRP
2021,NCI,32812339,restIRP
2021,NCI,33175531,restIRP
2021,NCI,33469530,restIRP
2021,NCI,33590757,restIRP
2021,NCI,33806346,restIRP
2021,NCI,32635247,restIRP
2021,NCI,32944138,restIRP
2021,NCI,33804755,restIRP
2021,NCI,32358059,restIRP
2021,NCI,34210965,restIRP
2021,NCI,32703985,restIRP
2021,NCI,33591953,restIRP
2021,NCI,33708626,restIRP
2021,NCI,34010628,restIRP
2021,NCI,33451778,restIRP
2021,NCI,33853825,restIRP
2021,NCI,31940495,restIRP
2021,NCI,32795418,restIRP
2021,NCI,32286905,restIRP
2021,NCI,32398945,restIRP
2021,NCI,33040274,restIRP
2021,NCI,33483374,restIRP
2021,NCI,33762304,restIRP
2021,NCI,33822776,restIRP
2021,NCI,33203851,restIRP
2021,NCI,31326265,restIRP
2021,NCI,31925595,restIRP
2021,NCI,31944498,restIRP
2021,NCI,32175112,restIRP
2021,NCI,32189170,restIRP
2021,NCI,32399263,restIRP
2021,NCI,32437494,restIRP
2021,NCI,32510655,restIRP
2021,NCI,32703677,restIRP
2021,NCI,32705611,restIRP
2021,NCI,32783204,restIRP
2021,NCI,33057943,restIRP
2021,NCI,33206267,restIRP
2021,NCI,33220657,restIRP
2021,NCI,33239787,restIRP
2021,NCI,33345554,restIRP
2021,NCI,33376221,restIRP
2021,NCI,33786456,restIRP
2021,NCI,33819849,restIRP
2021,NCI,33932537,restIRP
2021,NCI,33933279,restIRP
2021,NCI,34012620,restIRP
2021,NCI,32998896,restIRP
2021,NCI,32250583,restIRP
2021,NCI,32550998,restIRP
2021,NCI,32555463,restIRP
2021,NCI,32820045,restIRP
2021,NCI,32961073,restIRP
2021,NCI,33275333,restIRP
2021,NCI,33373188,restIRP
2021,NCI,33772246,restIRP
2021,NCI,34141066,restIRP
2021,NCI,32518203,restIRP
2021,NCI,32968428,restIRP
2021,NCI,33823555,restIRP
2021,NCI,34276603,restIRP
2021,NCI,33305610,restIRP
2021,NCI,32144749,restIRP
2021,NCI,32208441,restIRP
2021,NCI,32210392,restIRP
2021,NCI,32393513,restIRP
2021,NCI,32791329,restIRP
2021,NCI,33377089,restIRP
2021,NCI,34054809,restIRP
2021,NCI,34129058,restIRP
2021,NCI,32647134,restIRP
2021,NCI,32790492,restIRP
2021,NCI,32998994,restIRP
2021,NCI,33020472,restIRP
2021,NCI,32030867,restIRP
2021,NCI,32301236,restIRP
2021,NCI,32592453,restIRP
2021,NCI,33739339,restIRP
2021,NCI,32371590,restIRP
2021,NCI,32817374,restIRP
2021,NCI,33159050,restIRP
2021,NCI,34112784,restIRP
2021,NCI,34223906,restIRP
2021,NCI,34193610,restIRP
2021,NCI,32154928,restIRP
2021,NCI,32182224,restIRP
2021,NCI,32242226,restIRP
2021,NCI,32307792,restIRP
2021,NCI,32415265,restIRP
2021,NCI,32572265,restIRP
2021,NCI,32678879,restIRP
2021,NCI,32839486,restIRP
2021,NCI,33025139,restIRP
2021,NCI,33319313,restIRP
2021,NCI,33367753,restIRP
2021,NCI,33740099,restIRP
2021,NCI,33853689,restIRP
2021,NCI,33876327,restIRP
2021,NCI,33914057,restIRP
2021,NCI,33970242,restIRP
2021,NCI,34000245,restIRP
2021,NCI,31439674,restIRP
2021,NCI,33155181,restIRP
2021,NCI,34105807,restIRP
2021,NCI,32463822,restIRP
2021,NCI,32513899,restIRP
2021,NCI,33340488,restIRP
2021,NCI,33958486,restIRP
2021,NCI,31987963,restIRP
2021,NCI,32702730,restIRP
2021,NCI,32755458,restIRP
2021,NCI,32838071,restIRP
2021,NCI,32882873,restIRP
2021,NCI,32960814,restIRP
2021,NCI,33057920,restIRP
2021,NCI,33158243,restIRP
2021,NCI,33163985,restIRP
2021,NCI,33317726,restIRP
2021,NCI,33647370,restIRP
2021,NCI,33672628,restIRP
2021,NCI,33939204,restIRP
2021,NCI,33981223,restIRP
2021,NCI,34158343,restIRP
2021,NCI,34263489,restIRP
2021,NCI,32362127,restIRP
2021,NCI,33378379,restIRP
2021,NCI,33704064,restIRP
2021,NCI,33839681,restIRP
2021,NCI,32157086,restIRP
2021,NCI,32160516,restIRP
2021,NCI,32783951,restIRP
2021,NCI,33101674,restIRP
2021,NCI,33521680,restIRP
2021,NCI,32152252,restIRP
2021,NCI,33142063,restIRP
2021,NCI,33208041,restIRP
2021,NCI,33323015,restIRP
2021,NCI,34083229,restIRP
2021,NCI,32967863,restIRP
2021,NCI,33574088,restIRP
2021,NCI,34222791,restIRP
2021,NCI,34258619,restIRP
2021,NCI,32029571,restIRP
2021,NCI,33930088,restIRP
2021,NCI,34086743,restIRP
2021,NCI,32084172,restIRP
2021,NCI,32917726,restIRP
2021,NCI,31987035,restIRP
2021,NCI,32123114,restIRP
2021,NCI,32902275,restIRP
2021,NCI,33428418,restIRP
2021,NCI,33764710,restIRP
2021,NCI,33016969,restIRP
2021,NCI,33390521,restIRP
2021,NCI,34050261,restIRP
2021,NCI,31882362,restIRP
2021,NCI,32327658,restIRP
2021,NCI,32984439,restIRP
2021,NCI,33238113,restIRP
2021,NCI,33268499,restIRP
2021,NCI,33359475,restIRP
2021,NCI,34098567,restIRP
2021,NCI,34099679,restIRP
2021,NCI,34321320,restIRP
2021,NCI,32040482,restIRP
2021,NCI,32109194,restIRP
2021,NCI,33290916,restIRP
2021,NCI,33527979,restIRP
2021,NCI,34283064,restIRP
2021,NCI,31911655,restIRP
2021,NCI,32393514,restIRP
2021,NCI,32415063,restIRP
2021,NCI,32675111,restIRP
2021,NCI,32946136,restIRP
2021,NCI,33108271,restIRP
2021,NCI,33112233,restIRP
2021,NCI,33188014,restIRP
2021,NCI,33536335,restIRP
2021,NCI,33863777,restIRP
2021,NCI,32711123,restIRP
2021,NCI,32748495,restIRP
2021,NCI,32840939,restIRP
2021,NCI,32865470,restIRP
2021,NCI,33010337,restIRP
2021,NCI,33271834,restIRP
2021,NCI,33306002,restIRP
2021,NCI,33350874,restIRP
2021,NCI,33392772,restIRP
2021,NCI,33641691,restIRP
2021,NCI,33648612,restIRP
2021,NCI,33689675,restIRP
2021,NCI,33775813,restIRP
2021,NCI,33794302,restIRP
2021,NCI,33808881,restIRP
2021,NCI,33886433,restIRP
2021,NCI,33937910,restIRP
2021,NCI,34103377,restIRP
2021,NCI,32127472,restIRP
2021,NCI,32289277,restIRP
2021,NCI,32619424,restIRP
2021,NCI,33271120,restIRP
2021,NCI,33299181,restIRP
2021,NCI,33691108,restIRP
2021,NCI,33856277,restIRP
2021,NCI,33942292,restIRP
2021,NCI,32027495,restIRP
2021,NCI,32043883,restIRP
2021,NCI,32539385,restIRP
2021,NCI,33177514,restIRP
2021,NCI,33276504,restIRP
2021,NCI,33292568,restIRP
2021,NCI,33533614,restIRP
2021,NCI,32284756,restIRP
2021,NCI,32368293,restIRP
2021,NCI,32562921,restIRP
2021,NCI,33148256,restIRP
2021,NCI,33665124,restIRP
2021,NCI,33016924,restIRP
2021,NCI,33086340,restIRP
2021,NCI,34168045,restIRP
2021,NCI,32998886,restIRP
2021,NCI,33210795,restIRP
2021,NCI,32244588,restIRP
2021,NCI,32537491,restIRP
2021,NCI,32907848,restIRP
2021,NCI,33210601,restIRP
2021,NCI,32503877,restIRP
2021,NCI,33909455,restIRP
2021,NCI,33189686,restIRP
2021,NCI,33709018,restIRP
2021,NCI,34199348,restIRP
2021,NCI,33072178,restIRP
2021,NCI,33072179,restIRP
2021,NCI,33106753,restIRP
2021,NCI,33257839,restIRP
2021,NCI,33464997,restIRP
2021,NCI,34293382,restIRP
2021,NCI,32337341,restIRP
2021,NCI,32668278,restIRP
2021,NCI,33741265,restIRP
2021,NCI,33744914,restIRP
2021,NCI,34164613,restIRP
2021,NCI,33305870,restIRP
2021,NCI,33316757,restIRP
2021,NCI,33534525,restIRP
2021,NCI,33588041,restIRP
2021,NCI,34165589,restIRP
2021,NCI,32060305,restIRP
2021,NCI,32275153,restIRP
2021,NCI,32594743,restIRP
2021,NCI,34123014,restIRP
2021,NCI,31131858,restIRP
2021,NCI,32479188,restIRP
2021,NCI,32483623,restIRP
2021,NCI,32511339,restIRP
2021,NCI,32721383,restIRP
2021,NCI,32848246,restIRP
2021,NCI,33165540,restIRP
2021,NCI,33608536,restIRP
2021,NCI,33616658,restIRP
2021,NCI,33635845,restIRP
2021,NCI,33748696,restIRP
2021,NCI,33815410,restIRP
2021,NCI,33852009,restIRP
2021,NCI,34025670,restIRP
2021,NCI,34171305,restIRP
2021,NCI,34260940,restIRP
2021,NCI,34265281,restIRP
2021,NCI,34282422,restIRP
2021,NCI,32686825,restIRP
2021,NCI,33016926,restIRP
2021,NCI,33436439,restIRP
2021,NCI,33832973,restIRP
2021,NCI,34176496,restIRP
2021,NCI,34202310,restIRP
2021,NCI,32202637,restIRP
2021,NCI,32808680,restIRP
2021,NCI,32830879,restIRP
2021,NCI,33211080,restIRP
2021,NCI,33653216,restIRP
2021,NCI,33734005,restIRP
2021,NCI,33764809,restIRP
2021,NCI,33863719,restIRP
2021,NCI,32053966,restIRP
2021,NCI,32375686,restIRP
2021,NCI,32880016,restIRP
2021,NCI,32943547,restIRP
2021,NCI,33765443,restIRP
2021,NCI,32918910,restIRP
2021,NCI,33156012,restIRP
2021,NCI,32179749,restIRP
2021,NCI,32286289,restIRP
2021,NCI,32762296,restIRP
2021,NCI,33976222,restIRP
2021,NCI,32540865,restIRP
2021,NCI,34453891,restIRP
2021,NCI,31972222,restIRP
2021,NCI,32471192,restIRP
2021,NCI,33059318,restIRP
2021,NCI,33129114,restIRP
2021,NCI,33168729,restIRP
2021,NCI,32817529,restIRP
2021,NCI,33003953,restIRP
2021,NCI,33568644,restIRP
2021,NCI,33835023,restIRP
2021,NCI,33050528,restIRP
2021,NCI,33632416,restIRP
2021,NCI,34048235,restIRP
2021,NCI,32321568,restIRP
2021,NCI,32344376,restIRP
2021,NCI,33028635,restIRP
2021,NCI,33196823,restIRP
2021,NCI,33539925,restIRP
2021,NCI,33857330,restIRP
2021,NCI,34103496,restIRP
2021,NCI,34171797,restIRP
2021,NCI,32060001,restIRP
2021,NCI,32671329,restIRP
2021,NCI,32746924,restIRP
2021,NCI,33420124,restIRP
2021,NCI,33664415,restIRP
2021,NCI,33833049,restIRP
2021,NCI,32032354,restIRP
2021,NCI,32111629,restIRP
2021,NCI,32295767,restIRP
2021,NCI,33147102,restIRP
2021,NCI,33620383,restIRP
2021,NCI,33751052,restIRP
2021,NCI,34162742,restIRP
2021,NCI,32245793,restIRP
2021,NCI,32501614,restIRP
2021,NCI,32697878,restIRP
2021,NCI,33837042,restIRP
2021,NCI,32784501,restIRP
2021,NCI,31961825,restIRP
2021,NCI,32793218,restIRP
2021,NCI,32818241,restIRP
2021,NCI,32958757,restIRP
2021,NCI,33260618,restIRP
2021,NCI,33535038,restIRP
2021,NCI,33570622,restIRP
2021,NCI,33690842,restIRP
2021,NCI,34021930,restIRP
2021,NCI,32062700,restIRP
2021,NCI,32130200,restIRP
2021,NCI,32220437,restIRP
2021,NCI,32228502,restIRP
2021,NCI,32478669,restIRP
2021,NCI,32698142,restIRP
2021,NCI,32706863,restIRP
2021,NCI,32943182,restIRP
2021,NCI,33220975,restIRP
2021,NCI,33305158,restIRP
2021,NCI,33644619,restIRP
2021,NCI,33814188,restIRP
2021,NCI,33939050,restIRP
2021,NCI,34033261,restIRP
2021,NCI,32127464,restIRP
2021,NCI,33043516,restIRP
2021,NCI,31941826,restIRP
2021,NCI,32088366,restIRP
2021,NCI,32092138,restIRP
2021,NCI,32147534,restIRP
2021,NCI,32355289,restIRP
2021,NCI,32883871,restIRP
2021,NCI,32959985,restIRP
2021,NCI,33049203,restIRP
2021,NCI,33206937,restIRP
2021,NCI,33496756,restIRP
2021,NCI,33823169,restIRP
2021,NCI,33865804,restIRP
2021,NCI,34266886,restIRP
2021,NCI,34309174,restIRP
2021,NCI,34312556,restIRP
2021,NCI,32936898,restIRP
2021,NCI,33767914,restIRP
2021,NCI,32832595,restIRP
2021,NCI,32270710,restIRP
2021,NCI,32386414,restIRP
2021,NCI,33443114,restIRP
2021,NCI,31924649,restIRP
2021,NCI,34162842,restIRP
2021,NCI,31939655,restIRP
2021,NCI,31996461,restIRP
2021,NCI,32751549,restIRP
2021,NCI,33213278,restIRP
2021,NCI,33318291,restIRP
2021,NCI,33725478,restIRP
2021,NCI,33830019,restIRP
2021,NCI,32571843,restIRP
2021,NCI,31952464,restIRP
2021,NCI,32019188,restIRP
2021,NCI,32586373,restIRP
2021,NCI,32642296,restIRP
2021,NCI,33063919,restIRP
2021,NCI,34321240,restIRP
2021,NCI,34004145,restIRP
2021,NCI,32102694,restIRP
2021,NCI,32728046,restIRP
2021,NCI,33385331,restIRP
2021,NCI,33589424,restIRP
2021,NCI,31930156,restIRP
2021,NCI,32071877,restIRP
2021,NCI,32109495,restIRP
2021,NCI,32300896,restIRP
2021,NCI,32315265,restIRP
2021,NCI,32958429,restIRP
2021,NCI,33102128,restIRP
2021,NCI,33676851,restIRP
2021,NCI,32620764,restIRP
2021,NCI,31302638,restIRP
2021,NCI,31896725,restIRP
2021,NCI,32060216,restIRP
2021,NCI,32074455,restIRP
2021,NCI,32360452,restIRP
2021,NCI,32609570,restIRP
2021,NCI,32659786,restIRP
2021,NCI,33063132,restIRP
2021,NCI,33351110,restIRP
2021,NCI,33940087,restIRP
2021,NCI,31218344,restIRP
2021,NCI,32637961,restIRP
2021,NCI,33370777,restIRP
2021,NCI,33632898,restIRP
2021,NCI,33318203,restIRP
2021,NCI,33688985,restIRP
2021,NCI,32193376,restIRP
2021,NCI,32830375,restIRP
2021,NCI,33601339,restIRP
2021,NCI,33972733,restIRP
2021,NCI,33989604,restIRP
2021,NCI,32868318,restIRP
2021,NCI,32938465,restIRP
2021,NCI,33128203,restIRP
2021,NCI,33326609,restIRP
2021,NCI,33481137,restIRP
2021,NCI,33615447,restIRP
2021,NCI,33772152,restIRP
2021,NCI,33785324,restIRP
2021,NCI,33877513,restIRP
2021,NCI,34110438,restIRP
2021,NCI,34135472,restIRP
2021,NCI,34240714,restIRP
2021,NCI,34382747,restIRP
2021,NCI,31927166,restIRP
2021,NCI,32897402,restIRP
2021,NCI,31959941,restIRP
2021,NCI,33508001,restIRP
2021,NCI,33815354,restIRP
2021,NCI,31924652,restIRP
2021,NCI,33128870,restIRP
2021,NCI,33293517,restIRP
2021,NCI,31974162,restIRP
2021,NCI,32333192,restIRP
2021,NCI,33241122,restIRP
2021,NCI,33751371,restIRP
2021,NCI,34058714,restIRP
2021,NCI,31992839,restIRP
2021,NCI,32755330,restIRP
2021,NCI,33754642,restIRP
2021,NCI,34202156,restIRP
2021,NCI,31951641,restIRP
2021,NCI,32276276,restIRP
2021,NCI,32609814,restIRP
2021,NCI,32747824,restIRP
2021,NCI,33411730,restIRP
2021,NCI,34211736,restIRP
2021,NCI,34399606,restIRP
2021,NCI,31925335,restIRP
2021,NCI,32128025,restIRP
2021,NCI,32213122,restIRP
2021,NCI,32854115,restIRP
2021,NCI,33060293,restIRP
2021,NCI,33294494,restIRP
2021,NCI,32000903,restIRP
2021,NCI,33633313,restIRP
2021,NCI,34129817,restIRP
2021,NCI,33225987,restIRP
2021,NCI,31931009,restIRP
2021,NCI,31970984,restIRP
2021,NCI,31971579,restIRP
2021,NCI,32061934,restIRP
2021,NCI,32101536,restIRP
2021,NCI,32257057,restIRP
2021,NCI,32402244,restIRP
2021,NCI,32752665,restIRP
2021,NCI,32754617,restIRP
2021,NCI,32918948,restIRP
2021,NCI,32991803,restIRP
2021,NCI,33157083,restIRP
2021,NCI,33283987,restIRP
2021,NCI,33347888,restIRP
2021,NCI,33416857,restIRP
2021,NCI,33472892,restIRP
2021,NCI,33514395,restIRP
2021,NCI,33557368,restIRP
2021,NCI,33683130,restIRP
2021,NCI,33711246,restIRP
2021,NCI,33757283,restIRP
2021,NCI,33775637,restIRP
2021,NCI,33848152,restIRP
2021,NCI,33978412,restIRP
2021,NCI,34113810,restIRP
2021,NCI,34123272,restIRP
2021,NCI,32469055,restIRP
2021,NCI,33357439,restIRP
2021,NCI,32001571,restIRP
2021,NCI,32518228,restIRP
2021,NCI,32640056,restIRP
2021,NCI,33202746,restIRP
2021,NCI,33622728,restIRP
2021,NCI,32503875,restIRP
2021,NCI,33199204,restIRP
2021,NCI,34381034,restIRP
2021,NCI,33053450,restIRP
2021,NCI,33836872,restIRP
2021,NCI,31977311,restIRP
2021,NCI,32453730,restIRP
2021,NCI,33110146,restIRP
2021,NCI,33267733,restIRP
2021,NCI,33479369,restIRP
2021,NCI,33633251,restIRP
2021,NCI,34010151,restIRP
2021,NCI,34236051,restIRP
2021,NCI,33452234,restIRP
2021,NCI,33534128,restIRP
2021,NCI,33947861,restIRP
2021,NCI,33574613,restIRP
2021,NCI,34035174,restIRP
2021,NCI,32488030,restIRP
2021,NCI,33729437,restIRP
2021,NCI,31911550,restIRP
2021,NCI,31931447,restIRP
2021,NCI,31940494,restIRP
2021,NCI,32393398,restIRP
2021,NCI,32393813,restIRP
2021,NCI,32641407,restIRP
2021,NCI,33235920,restIRP
2021,NCI,33293522,restIRP
2021,NCI,33314489,restIRP
2021,NCI,33742095,restIRP
2021,NCI,34315768,restIRP
2021,NCI,33305329,restIRP
2021,NCI,33591981,restIRP
2021,NCI,33770080,restIRP
2021,NCI,31999304,restIRP
2021,NCI,34202500,restIRP
2021,NCI,32678881,restIRP
2021,NCI,32338277,restIRP
2021,NCI,32824235,restIRP
2021,NCI,33293340,restIRP
2021,NCI,32001521,restIRP
2021,NCI,32151239,restIRP
2021,NCI,32601157,restIRP
2021,NCI,32743937,restIRP
2021,NCI,33686850,restIRP
2021,NCI,33958444,restIRP
2021,NCI,32821950,restIRP
2021,NCI,32134744,restIRP
2021,NCI,32759296,restIRP
2021,NCI,31911546,restIRP
2021,NCI,31992715,restIRP
2021,NCI,32068253,restIRP
2021,NCI,32086276,restIRP
2021,NCI,32107047,restIRP
2021,NCI,32316112,restIRP
2021,NCI,32411819,restIRP
2021,NCI,32502310,restIRP
2021,NCI,32762616,restIRP
2021,NCI,32835732,restIRP
2021,NCI,32867573,restIRP
2021,NCI,32964115,restIRP
2021,NCI,32974155,restIRP
2021,NCI,33089311,restIRP
2021,NCI,33103210,restIRP
2021,NCI,33228719,restIRP
2021,NCI,33481911,restIRP
2021,NCI,33526872,restIRP
2021,NCI,33536203,restIRP
2021,NCI,33834359,restIRP
2021,NCI,33851061,restIRP
2021,NCI,34071938,restIRP
2021,NCI,34253580,restIRP
2021,NCI,34255745,restIRP
2021,NCI,32461371,restIRP
2021,NCI,33523889,restIRP
2021,NCI,31899796,restIRP
2021,NCI,32255769,restIRP
2021,NCI,32737446,restIRP
2021,NCI,33686249,restIRP
2021,NCI,33839317,restIRP
2021,NCI,33938655,restIRP
2021,NCI,34026202,restIRP
2021,NCI,34100901,restIRP
2021,NCI,34147469,restIRP
2021,NCI,34217703,restIRP
2021,NCI,32218435,restIRP
2021,NCI,32902247,restIRP
2021,NCI,33547668,restIRP
2021,NCI,31889490,restIRP
2021,NCI,32992516,restIRP
2021,NCI,33143469,restIRP
2021,NCI,33406226,restIRP
2021,NCI,33947961,restIRP
2021,NCI,34166614,restIRP
2021,NCI,32058803,restIRP
2021,NCI,32109676,restIRP
2021,NCI,32160033,restIRP
2021,NCI,33117968,restIRP
2021,NCI,33831375,restIRP
2021,NCI,31940916,restIRP
2021,NCI,32064159,restIRP
2021,NCI,32347726,restIRP
2021,NCI,32477943,restIRP
2021,NCI,32634436,restIRP
2021,NCI,32899268,restIRP
2021,NCI,33469044,restIRP
2021,NCI,33658942,restIRP
2021,NCI,33713643,restIRP
2021,NCI,33799403,restIRP
2021,NCI,33807514,restIRP
2021,NCI,33844464,restIRP
2021,NCI,32716926,restIRP
2021,NCI,34210798,restIRP
2021,NCI,31896583,restIRP
2021,NCI,32156757,restIRP
2021,NCI,32111885,restIRP
2021,NCI,33555295,restIRP
2021,NCI,32708832,restIRP
2021,NCI,33619770,restIRP
2021,NCI,32353019,restIRP
2021,NCI,32970049,restIRP
2021,NCI,32705457,restIRP
2021,NCI,33515019,restIRP
2021,NCI,33580238,restIRP
2021,NCI,33647972,restIRP
2021,NCI,34007966,restIRP
2021,NCI,32038741,restIRP
2021,NCI,32954953,restIRP
2021,NCI,33321083,restIRP
2021,NCI,33482093,restIRP
2021,NCI,33707772,restIRP
2021,NCI,34233304,restIRP
2021,NCI,32143838,restIRP
2021,NCI,32275165,restIRP
2021,NCI,32299816,restIRP
2021,NCI,32628161,restIRP
2021,NCI,32977157,restIRP
2021,NCI,33129109,restIRP
2021,NCI,33139544,restIRP
2021,NCI,33184494,restIRP
2021,NCI,33649200,restIRP
2021,NCI,33883258,restIRP
2021,NCI,33980611,restIRP
2021,NCI,32365785,restIRP
2021,NCI,32416097,restIRP
2021,NCI,32522886,restIRP
2021,NCI,33087752,restIRP
2021,NCI,33318582,restIRP
2021,NCI,33422939,restIRP
2021,NCI,34034815,restIRP
2021,NCI,33119750,restIRP
2021,NCI,33010248,restIRP
2021,NCI,33024922,restIRP
2021,NCI,33490900,restIRP
2021,NCI,33811727,restIRP
2021,NCI,34013212,restIRP
2021,NCI,34033968,restIRP
2021,NCI,33226141,restIRP
2021,NCI,33788831,restIRP
2021,NCI,32185484,restIRP
2021,NCI,32619635,restIRP
2021,NCI,33405090,restIRP
2021,NCI,34079928,restIRP
2021,NCI,34376576,restIRP
2021,NCI,34075120,restIRP
2021,NCI,33924956,restIRP
2021,NCI,32094182,restIRP
2021,NCI,32132202,restIRP
2021,NCI,32496609,restIRP
2021,NCI,32796062,restIRP
2021,NCI,33172997,restIRP
2021,NCI,33221337,restIRP
2021,NCI,33498923,restIRP
2021,NCI,33649225,restIRP
2021,NCI,32994325,restIRP
2021,NCI,32997983,restIRP
2021,NCI,33649557,restIRP
2021,NCI,32005981,restIRP
2021,NCI,32260189,restIRP
2021,NCI,32576667,restIRP
2021,NCI,32661090,restIRP
2021,NCI,33289546,restIRP
2021,NCI,33542373,restIRP
2021,NCI,33828295,restIRP
2021,NCI,34316326,restIRP
2021,NCI,32644137,restIRP
2021,NCI,32652468,restIRP
2021,NCI,33676569,restIRP
2021,NCI,34050002,restIRP
2021,NCI,31894347,restIRP
2021,NCI,31899823,restIRP
2021,NCI,32103952,restIRP
2021,NCI,32306101,restIRP
2021,NCI,32309806,restIRP
2021,NCI,32437018,restIRP
2021,NCI,32554434,restIRP
2021,NCI,32677118,restIRP
2021,NCI,32844710,restIRP
2021,NCI,32929408,restIRP
2021,NCI,33046181,restIRP
2021,NCI,33310190,restIRP
2021,NCI,33323380,restIRP
2021,NCI,33387494,restIRP
2021,NCI,33632874,restIRP
2021,NCI,33756448,restIRP
2021,NCI,34031488,restIRP
2021,NCI,34197743,restIRP
2021,NCI,34209265,restIRP
2021,NCI,34333820,restIRP
2021,NCI,32702237,restIRP
2021,NCI,32930385,restIRP
2021,NCI,33664730,restIRP
2021,NCI,32503806,restIRP
2021,NCI,32516092,restIRP
2021,NCI,34258585,restIRP
2021,NCI,32049013,restIRP
2021,NCI,32140418,restIRP
2021,NCI,32255415,restIRP
2021,NCI,32359162,restIRP
2021,NCI,32970633,restIRP
2021,NCI,33303379,restIRP
2021,NCI,33547292,restIRP
2021,NCI,33831400,restIRP
2021,NCI,33904762,restIRP
2021,NCI,33974442,restIRP
2021,NCI,34058014,restIRP
2021,NCI,34083449,restIRP
2021,NCI,32232481,restIRP
2021,NCI,33236943,restIRP
2021,NCI,34294911,restIRP
2021,NCI,31188495,restIRP
2021,NCI,31941754,restIRP
2021,NCI,32209440,restIRP
2021,NCI,32487192,restIRP
2021,NCI,32873799,restIRP
2021,NCI,32908997,restIRP
2021,NCI,32933994,restIRP
2021,NCI,33256802,restIRP
2021,NCI,32817092,restIRP
2021,NCI,33214838,restIRP
2021,NCI,32097625,restIRP
2021,NCI,32954931,restIRP
2021,NCI,33617899,restIRP
2021,NCI,33837287,restIRP
2021,NCI,33238161,restIRP
2021,NCI,33741944,restIRP
2021,NCI,33786462,restIRP
2021,NCI,32170115,restIRP
2021,NCI,32527012,restIRP
2021,NCI,33097595,restIRP
2021,NCI,33125970,restIRP
2021,NCI,33188780,restIRP
2021,NCI,33740421,restIRP
2021,NCI,32366944,restIRP
2021,NCI,32585597,restIRP
2021,NCI,32845012,restIRP
2021,NCI,33570638,restIRP
2021,NCI,34001954,restIRP
2021,NCI,33103111,restIRP
2021,NCI,33571639,restIRP
2021,NCI,33741910,restIRP
2021,NCI,34023896,restIRP
2021,NCI,34194289,restIRP
2021,NCI,34235229,restIRP
2021,NCI,34258013,restIRP
2021,NCI,32075943,restIRP
2021,NCI,32209474,restIRP
2021,NCI,32430490,restIRP
2021,NCI,32474729,restIRP
2021,NCI,32513688,restIRP
2021,NCI,33218331,restIRP
2021,NCI,33378676,restIRP
2021,NCI,33446567,restIRP
2021,NCI,33513156,restIRP
2021,NCI,33629685,restIRP
2021,NCI,33631697,restIRP
2021,NCI,33658195,restIRP
2021,NCI,33794318,restIRP
2021,NCI,33811160,restIRP
2021,NCI,33839584,restIRP
2021,NCI,34008967,restIRP
2021,NCI,31935881,restIRP
2021,NCI,32011210,restIRP
2021,NCI,32235007,restIRP
2021,NCI,32274306,restIRP
2021,NCI,32342332,restIRP
2021,NCI,32427851,restIRP
2021,NCI,32462735,restIRP
2021,NCI,32708903,restIRP
2021,NCI,33049075,restIRP
2021,NCI,33497361,restIRP
2021,NCI,33556161,restIRP
2021,NCI,33575476,restIRP
2021,NCI,33776908,restIRP
2021,NCI,33855601,restIRP
2021,NCI,34145313,restIRP
2021,NCI,31905218,restIRP
2021,NCI,33436409,restIRP
2021,NCI,34343212,restIRP
2022,NCI,34415294,restIRP
2022,NCI,34568716,restIRP
2022,NCI,34911936,restIRP
2022,NCI,35078018,restIRP
2022,NCI,35082166,restIRP
2022,NCI,35131873,restIRP
2022,NCI,35189151,restIRP
2022,NCI,35227084,restIRP
2022,NCI,35695870,restIRP
2022,NCI,32970968,restIRP
2022,NCI,33492023,restIRP
2022,NCI,33736682,restIRP
2022,NCI,33823007,restIRP
2022,NCI,33952648,restIRP
2022,NCI,33981950,restIRP
2022,NCI,34174935,restIRP
2022,NCI,34407845,restIRP
2022,NCI,34535742,restIRP
2022,NCI,34611289,restIRP
2022,NCI,34651101,restIRP
2022,NCI,34711612,restIRP
2022,NCI,34956490,restIRP
2022,NCI,35583697,restIRP
2022,NCI,35701440,restIRP
2022,NCI,35759080,restIRP
2022,NCI,35933885,restIRP
2022,NCI,33880473,restIRP
2022,NCI,35872070,restIRP
2022,NCI,35293859,restIRP
2022,NCI,34342281,restIRP
2022,NCI,34551020,restIRP
2022,NCI,34871450,restIRP
2022,NCI,35000237,restIRP
2022,NCI,35048450,restIRP
2022,NCI,35348349,restIRP
2022,NCI,35523960,restIRP
2022,NCI,33536423,restIRP
2022,NCI,34070849,restIRP
2022,NCI,34255164,restIRP
2022,NCI,34879065,restIRP
2022,NCI,35639484,restIRP
2022,NCI,33748835,restIRP
2022,NCI,33788925,restIRP
2022,NCI,33822002,restIRP
2022,NCI,33888599,restIRP
2022,NCI,34421988,restIRP
2022,NCI,34430511,restIRP
2022,NCI,34533571,restIRP
2022,NCI,34606321,restIRP
2022,NCI,35348718,restIRP
2022,NCI,35660203,restIRP
2022,NCI,36201743,restIRP
2022,NCI,36595676,restIRP
2022,NCI,34216463,restIRP
2022,NCI,34570764,restIRP
2022,NCI,34952927,restIRP
2022,NCI,35106480,restIRP
2022,NCI,34477552,restIRP
2022,NCI,34503990,restIRP
2022,NCI,34569598,restIRP
2022,NCI,35216668,restIRP
2022,NCI,35575473,restIRP
2022,NCI,35031545,restIRP
2022,NCI,35032437,restIRP
2022,NCI,35228264,restIRP
2022,NCI,35347124,restIRP
2022,NCI,35474866,restIRP
2022,NCI,35688173,restIRP
2022,NCI,35875611,restIRP
2022,NCI,35817504,restIRP
2022,NCI,33378696,restIRP
2022,NCI,34326133,restIRP
2022,NCI,34650170,restIRP
2022,NCI,35388076,restIRP
2022,NCI,35698854,restIRP
2022,NCI,35835627,restIRP
2022,NCI,35291693,restIRP
2022,NCI,35749347,restIRP
2022,NCI,36223450,restIRP
2022,NCI,34534680,restIRP
2022,NCI,35440132,restIRP
2022,NCI,35830858,restIRP
2022,NCI,35727825,restIRP
2022,NCI,35274717,restIRP
2022,NCI,35102814,restIRP
2022,NCI,34514444,restIRP
2022,NCI,35380721,restIRP
2022,NCI,35793869,restIRP
2022,NCI,35104452,restIRP
2022,NCI,35231585,restIRP
2022,NCI,35274990,restIRP
2022,NCI,34721405,restIRP
2022,NCI,34726730,restIRP
2022,NCI,34507066,restIRP
2022,NCI,34578426,restIRP
2022,NCI,34674297,restIRP
2022,NCI,34799399,restIRP
2022,NCI,34899762,restIRP
2022,NCI,35693807,restIRP
2022,NCI,34100010,restIRP
2022,NCI,34355163,restIRP
2022,NCI,34433302,restIRP
2022,NCI,34526699,restIRP
2022,NCI,34529025,restIRP
2022,NCI,34603979,restIRP
2022,NCI,34661083,restIRP
2022,NCI,34733603,restIRP
2022,NCI,34916246,restIRP
2022,NCI,34971530,restIRP
2022,NCI,35111607,restIRP
2022,NCI,35183438,restIRP
2022,NCI,35242446,restIRP
2022,NCI,35284265,restIRP
2022,NCI,35349838,restIRP
2022,NCI,35523680,restIRP
2022,NCI,35633863,restIRP
2022,NCI,35647400,restIRP
2022,NCI,35782272,restIRP
2022,NCI,33553996,restIRP
2022,NCI,33795646,restIRP
2022,NCI,33831946,restIRP
2022,NCI,33913183,restIRP
2022,NCI,34162683,restIRP
2022,NCI,34504346,restIRP
2022,NCI,34504347,restIRP
2022,NCI,34917079,restIRP
2022,NCI,35096197,restIRP
2022,NCI,31379005,restIRP
2022,NCI,34436255,restIRP
2022,NCI,34677966,restIRP
2022,NCI,35051209,restIRP
2022,NCI,35178612,restIRP
2022,NCI,34876184,restIRP
2022,NCI,34964999,restIRP
2022,NCI,34036187,restIRP
2022,NCI,34928588,restIRP
2022,NCI,35322150,restIRP
2022,NCI,35628521,restIRP
2022,NCI,35852863,restIRP
2022,NCI,34377779,restIRP
2022,NCI,34383370,restIRP
2022,NCI,34464388,restIRP
2022,NCI,34479925,restIRP
2022,NCI,34898541,restIRP
2022,NCI,35467749,restIRP
2022,NCI,35740711,restIRP
2022,NCI,35791896,restIRP
2022,NCI,35882475,restIRP
2022,NCI,34819091,restIRP
2022,NCI,34825213,restIRP
2022,NCI,35217309,restIRP
2022,NCI,35802683,restIRP
2022,NCI,33067352,restIRP
2022,NCI,35469800,restIRP
2022,NCI,35754026,restIRP
2022,NCI,35530414,restIRP
2022,NCI,34970500,restIRP
2022,NCI,35340265,restIRP
2022,NCI,34541456,restIRP
2022,NCI,34380889,restIRP
2022,NCI,34286237,restIRP
2022,NCI,34513880,restIRP
2022,NCI,34572357,restIRP
2022,NCI,35100591,restIRP
2022,NCI,35155868,restIRP
2022,NCI,35257059,restIRP
2022,NCI,35257060,restIRP
2022,NCI,35358541,restIRP
2022,NCI,35497797,restIRP
2022,NCI,35787257,restIRP
2022,NCI,35834496,restIRP
2022,NCI,35967115,restIRP
2022,NCI,34525122,restIRP
2022,NCI,35169767,restIRP
2022,NCI,35224031,restIRP
2022,NCI,34554412,restIRP
2022,NCI,34302796,restIRP
2022,NCI,34423271,restIRP
2022,NCI,34423272,restIRP
2022,NCI,34751572,restIRP
2022,NCI,35167877,restIRP
2022,NCI,35372040,restIRP
2022,NCI,34877804,restIRP
2022,NCI,35523008,restIRP
2022,NCI,34425496,restIRP
2022,NCI,34469647,restIRP
2022,NCI,34646575,restIRP
2022,NCI,34739918,restIRP
2022,NCI,34428556,restIRP
2022,NCI,34551064,restIRP
2022,NCI,34584240,restIRP
2022,NCI,34587551,restIRP
2022,NCI,34657151,restIRP
2022,NCI,35242129,restIRP
2022,NCI,35527712,restIRP
2022,NCI,35819449,restIRP
2022,NCI,34509474,restIRP
2022,NCI,34559995,restIRP
2022,NCI,34787650,restIRP
2022,NCI,35201641,restIRP
2022,NCI,35767367,restIRP
2022,NCI,34871362,restIRP
2022,NCI,35303419,restIRP
2022,NCI,37436991,restIRP
2022,NCI,34415331,restIRP
2022,NCI,34430349,restIRP
2022,NCI,34556833,restIRP
2022,NCI,34790904,restIRP
2022,NCI,35104158,restIRP
2022,NCI,34439097,restIRP
2022,NCI,35230974,restIRP
2022,NCI,35764364,restIRP
2022,NCI,33555093,restIRP
2022,NCI,34864821,restIRP
2022,NCI,35027437,restIRP
2022,NCI,35716965,restIRP
2022,NCI,35838048,restIRP
2022,NCI,34344832,restIRP
2022,NCI,34642183,restIRP
2022,NCI,35204265,restIRP
2022,NCI,34707698,restIRP
2022,NCI,34829933,restIRP
2022,NCI,34841476,restIRP
2022,NCI,32270862,restIRP
2022,NCI,32557834,restIRP
2022,NCI,32607686,restIRP
2022,NCI,33559089,restIRP
2022,NCI,33728278,restIRP
2022,NCI,33840726,restIRP
2022,NCI,33895359,restIRP
2022,NCI,34087243,restIRP
2022,NCI,34340996,restIRP
2022,NCI,34400337,restIRP
2022,NCI,34670043,restIRP
2022,NCI,34698347,restIRP
2022,NCI,34953957,restIRP
2022,NCI,34956207,restIRP
2022,NCI,34975916,restIRP
2022,NCI,35074471,restIRP
2022,NCI,35302256,restIRP
2022,NCI,35310936,restIRP
2022,NCI,35384045,restIRP
2022,NCI,35427375,restIRP
2022,NCI,35443665,restIRP
2022,NCI,35578388,restIRP
2022,NCI,34890565,restIRP
2022,NCI,35188541,restIRP
2022,NCI,35084050,restIRP
2022,NCI,35196489,restIRP
2022,NCI,35027481,restIRP
2022,NCI,35073400,restIRP
2022,NCI,35158337,restIRP
2022,NCI,35438186,restIRP
2022,NCI,35046094,restIRP
2022,NCI,35078985,restIRP
2022,NCI,35202574,restIRP
2022,NCI,35672316,restIRP
2022,NCI,32944748,restIRP
2022,NCI,33385923,restIRP
2022,NCI,33435473,restIRP
2022,NCI,33483586,restIRP
2022,NCI,33689822,restIRP
2022,NCI,33729798,restIRP
2022,NCI,33736677,restIRP
2022,NCI,33801661,restIRP
2022,NCI,34202037,restIRP
2022,NCI,34379524,restIRP
2022,NCI,34560324,restIRP
2022,NCI,35778467,restIRP
2022,NCI,33737297,restIRP
2022,NCI,33740060,restIRP
2022,NCI,34324127,restIRP
2022,NCI,34469508,restIRP
2022,NCI,34529785,restIRP
2022,NCI,34580862,restIRP
2022,NCI,34537245,restIRP
2022,NCI,34971573,restIRP
2022,NCI,34688663,restIRP
2022,NCI,34890234,restIRP
2022,NCI,34727930,restIRP
2022,NCI,34857420,restIRP
2022,NCI,34862367,restIRP
2022,NCI,35285688,restIRP
2022,NCI,35351898,restIRP
2022,NCI,35640980,restIRP
2022,NCI,35700704,restIRP
2022,NCI,35709811,restIRP
2022,NCI,35749366,restIRP
2022,NCI,33782093,restIRP
2022,NCI,33835855,restIRP
2022,NCI,33916078,restIRP
2022,NCI,34019708,restIRP
2022,NCI,34043628,restIRP
2022,NCI,34308104,restIRP
2022,NCI,34687993,restIRP
2022,NCI,34805717,restIRP
2022,NCI,34964002,restIRP
2022,NCI,35923690,restIRP
2022,NCI,36302175,restIRP
2022,NCI,37622161,restIRP
2022,NCI,34555175,restIRP
2022,NCI,35103816,restIRP
2022,NCI,34432874,restIRP
2022,NCI,34485830,restIRP
2022,NCI,35143622,restIRP
2022,NCI,35482342,restIRP
2022,NCI,35609565,restIRP
2022,NCI,35653592,restIRP
2022,NCI,33692109,restIRP
2022,NCI,34428449,restIRP
2022,NCI,34520227,restIRP
2022,NCI,34872357,restIRP
2022,NCI,35727067,restIRP
2022,NCI,35124007,restIRP
2022,NCI,34887419,restIRP
2022,NCI,34652056,restIRP
2022,NCI,35461718,restIRP
2022,NCI,34518534,restIRP
2022,NCI,34525183,restIRP
2022,NCI,34556645,restIRP
2022,NCI,34594031,restIRP
2022,NCI,34709707,restIRP
2022,NCI,34763675,restIRP
2022,NCI,34764240,restIRP
2022,NCI,34819275,restIRP
2022,NCI,34983745,restIRP
2022,NCI,34994632,restIRP
2022,NCI,35062724,restIRP
2022,NCI,35196484,restIRP
2022,NCI,35338126,restIRP
2022,NCI,35385572,restIRP
2022,NCI,35502318,restIRP
2022,NCI,35597871,restIRP
2022,NCI,35610202,restIRP
2022,NCI,35632392,restIRP
2022,NCI,35744754,restIRP
2022,NCI,35158792,restIRP
2022,NCI,34330739,restIRP
2022,NCI,34431366,restIRP
2022,NCI,34475242,restIRP
2022,NCI,35618479,restIRP
2022,NCI,34179020,restIRP
2022,NCI,34211180,restIRP
2022,NCI,34277122,restIRP
2022,NCI,34303710,restIRP
2022,NCI,34319859,restIRP
2022,NCI,34376812,restIRP
2022,NCI,34380035,restIRP
2022,NCI,34381883,restIRP
2022,NCI,34387904,restIRP
2022,NCI,34420370,restIRP
2022,NCI,34615341,restIRP
2022,NCI,34628937,restIRP
2022,NCI,34644426,restIRP
2022,NCI,34758869,restIRP
2022,NCI,34856412,restIRP
2022,NCI,34861291,restIRP
2022,NCI,34995708,restIRP
2022,NCI,35283114,restIRP
2022,NCI,35414769,restIRP
2022,NCI,35423513,restIRP
2022,NCI,35454993,restIRP
2022,NCI,35460276,restIRP
2022,NCI,35479397,restIRP
2022,NCI,35646522,restIRP
2022,NCI,35857504,restIRP
2022,NCI,34460416,restIRP
2022,NCI,34477118,restIRP
2022,NCI,34723625,restIRP
2022,NCI,34762600,restIRP
2022,NCI,35080914,restIRP
2022,NCI,35848510,restIRP
2022,NCI,35670495,restIRP
2022,NCI,35947946,restIRP
2022,NCI,34386729,restIRP
2022,NCI,34976830,restIRP
2022,NCI,35158790,restIRP
2022,NCI,35441778,restIRP
2022,NCI,35452896,restIRP
2022,NCI,34775986,restIRP
2022,NCI,35363834,restIRP
2022,NCI,35775490,restIRP
2022,NCI,34556879,restIRP
2022,NCI,35377924,restIRP
2022,NCI,35602479,restIRP
2022,NCI,34384539,restIRP
2022,NCI,35446847,restIRP
2022,NCI,35353576,restIRP
2022,NCI,35428779,restIRP
2022,NCI,35764396,restIRP
2022,NCI,35819192,restIRP
2022,NCI,34193182,restIRP
2022,NCI,34417593,restIRP
2022,NCI,34941392,restIRP
2022,NCI,35228752,restIRP
2022,NCI,35657352,restIRP
2022,NCI,35489200,restIRP
2022,NCI,35694213,restIRP
2022,NCI,34725321,restIRP
2022,NCI,34282258,restIRP
2022,NCI,34343493,restIRP
2022,NCI,34433909,restIRP
2022,NCI,35317524,restIRP
2022,NCI,35501486,restIRP
2022,NCI,34375333,restIRP
2022,NCI,34748223,restIRP
2022,NCI,34691060,restIRP
2022,NCI,34752140,restIRP
2022,NCI,35474218,restIRP
2022,NCI,35605184,restIRP
2022,NCI,33105052,restIRP
2022,NCI,34607348,restIRP
2022,NCI,34920453,restIRP
2022,NCI,35534047,restIRP
2022,NCI,35733248,restIRP
2022,NCI,34516245,restIRP
2022,NCI,34528437,restIRP
2022,NCI,34641337,restIRP
2022,NCI,34818068,restIRP
2022,NCI,34819514,restIRP
2022,NCI,34978889,restIRP
2022,NCI,35136096,restIRP
2022,NCI,35170223,restIRP
2022,NCI,35475215,restIRP
2022,NCI,35702154,restIRP
2022,NCI,35941265,restIRP
2022,NCI,34916494,restIRP
2022,NCI,35550909,restIRP
2022,NCI,35617919,restIRP
2022,NCI,34518299,restIRP
2022,NCI,35003897,restIRP
2022,NCI,35013765,restIRP
2022,NCI,35158887,restIRP
2022,NCI,35403125,restIRP
2022,NCI,35723065,restIRP
2022,NCI,35788695,restIRP
2022,NCI,34521758,restIRP
2022,NCI,35108539,restIRP
2022,NCI,34253615,restIRP
2022,NCI,35312769,restIRP
2022,NCI,35499461,restIRP
2022,NCI,35512094,restIRP
2022,NCI,35675429,restIRP
2022,NCI,35404385,restIRP
2022,NCI,34644558,restIRP
2022,NCI,34883252,restIRP
2022,NCI,35260537,restIRP
2022,NCI,35523073,restIRP
2022,NCI,35113651,restIRP
2022,NCI,35247926,restIRP
2022,NCI,35452604,restIRP
2022,NCI,34158060,restIRP
2022,NCI,34429404,restIRP
2022,NCI,34676045,restIRP
2022,NCI,34829628,restIRP
2022,NCI,35263120,restIRP
2022,NCI,35333495,restIRP
2022,NCI,35472132,restIRP
2022,NCI,35475145,restIRP
2022,NCI,34462327,restIRP
2022,NCI,34593595,restIRP
2022,NCI,34895481,restIRP
2022,NCI,35017151,restIRP
2022,NCI,35079115,restIRP
2022,NCI,35144482,restIRP
2022,NCI,35274710,restIRP
2022,NCI,35314627,restIRP
2022,NCI,35418484,restIRP
2022,NCI,35640474,restIRP
2022,NCI,35727629,restIRP
2022,NCI,35793866,restIRP
2022,NCI,34940844,restIRP
2022,NCI,35835866,restIRP
2022,NCI,34563945,restIRP
2022,NCI,34819039,restIRP
2022,NCI,34258103,restIRP
2022,NCI,34462275,restIRP
2022,NCI,34485806,restIRP
2022,NCI,34580037,restIRP
2022,NCI,34610968,restIRP
2022,NCI,34818552,restIRP
2022,NCI,34836971,restIRP
2022,NCI,34885201,restIRP
2022,NCI,34895138,restIRP
2022,NCI,35464627,restIRP
2022,NCI,35128358,restIRP
2022,NCI,35873792,restIRP
2022,NCI,34469031,restIRP
2022,NCI,34807735,restIRP
2022,NCI,35687881,restIRP
2022,NCI,35865361,restIRP
2022,NCI,34262794,restIRP
2022,NCI,34446712,restIRP
2022,NCI,34033842,restIRP
2022,NCI,35095905,restIRP
2022,NCI,34062334,restIRP
2022,NCI,34663879,restIRP
2022,NCI,35727842,restIRP
2022,NCI,34873293,restIRP
2022,NCI,35273141,restIRP
2022,NCI,35480112,restIRP
2022,NCI,34355204,restIRP
2022,NCI,35835913,restIRP
2022,NCI,33574564,restIRP
2022,NCI,34183723,restIRP
2022,NCI,35324659,restIRP
2022,NCI,35678016,restIRP
2022,NCI,35863434,restIRP
2022,NCI,35904997,restIRP
2022,NCI,35142534,restIRP
2022,NCI,34753924,restIRP
2022,NCI,34423482,restIRP
2022,NCI,34960770,restIRP
2022,NCI,34714084,restIRP
2022,NCI,36130486,restIRP
2022,NCI,34590141,restIRP
2022,NCI,34615874,restIRP
2022,NCI,35341740,restIRP
2022,NCI,35516001,restIRP
2022,NCI,35756372,restIRP
2022,NCI,35148393,restIRP
2022,NCI,34873037,restIRP
2022,NCI,35365640,restIRP
2022,NCI,35775482,restIRP
2022,NCI,34117578,restIRP
2022,NCI,34643667,restIRP
2022,NCI,35817563,restIRP
2022,NCI,33572119,restIRP
2022,NCI,33989625,restIRP
2022,NCI,34319145,restIRP
2022,NCI,34461377,restIRP
2022,NCI,35123967,restIRP
2022,NCI,34794079,restIRP
2022,NCI,35021075,restIRP
2022,NCI,35180432,restIRP
2022,NCI,34963888,restIRP
2022,NCI,35538051,restIRP
2022,NCI,35568254,restIRP
2022,NCI,35896750,restIRP
2022,NCI,34781692,restIRP
2022,NCI,34549726,restIRP
2022,NCI,34747370,restIRP
2022,NCI,34971407,restIRP
2022,NCI,35021100,restIRP
2022,NCI,35243383,restIRP
2022,NCI,35523942,restIRP
2022,NCI,35778600,restIRP
2022,NCI,35917514,restIRP
2022,NCI,34921178,restIRP
2022,NCI,35614362,restIRP
2022,NCI,34428097,restIRP
2022,NCI,35511749,restIRP
2022,NCI,35740680,restIRP
2022,NCI,34915239,restIRP
2022,NCI,35393570,restIRP
2022,NCI,34355256,restIRP
2022,NCI,34496929,restIRP
2022,NCI,34508644,restIRP
2022,NCI,34524458,restIRP
2022,NCI,34589661,restIRP
2022,NCI,34614192,restIRP
2022,NCI,34618539,restIRP
2022,NCI,34734147,restIRP
2022,NCI,34791428,restIRP
2022,NCI,34910220,restIRP
2022,NCI,35012690,restIRP
2022,NCI,35144680,restIRP
2022,NCI,35175291,restIRP
2022,NCI,35275197,restIRP
2022,NCI,35440587,restIRP
2022,NCI,35649412,restIRP
2022,NCI,35849035,restIRP
2022,NCI,35921407,restIRP
2022,NCI,34627174,restIRP
2022,NCI,34903738,restIRP
2022,NCI,34554724,restIRP
2022,NCI,34618712,restIRP
2022,NCI,34856072,restIRP
2022,NCI,35260696,restIRP
2022,NCI,35732578,restIRP
2022,NCI,35065768,restIRP
2022,NCI,35000205,restIRP
2022,NCI,34837016,restIRP
2022,NCI,35029981,restIRP
2022,NCI,34911937,restIRP
2022,NCI,35481781,restIRP
2022,NCI,34376581,restIRP
2022,NCI,34481829,restIRP
2022,NCI,34606726,restIRP
2022,NCI,34675120,restIRP
2022,NCI,35018216,restIRP
2022,NCI,35060082,restIRP
2022,NCI,35108506,restIRP
2022,NCI,35857355,restIRP
2022,NCI,34433916,restIRP
2022,NCI,34638991,restIRP
2022,NCI,35173254,restIRP
2022,NCI,35012904,restIRP
2022,NCI,34622145,restIRP
2022,NCI,34489406,restIRP
2022,NCI,35301275,restIRP
2022,NCI,35321093,restIRP
2022,NCI,34316033,restIRP
2022,NCI,34408146,restIRP
2022,NCI,34938960,restIRP
2022,NCI,35438787,restIRP
2022,NCI,35524559,restIRP
2022,NCI,35687698,restIRP
2022,NCI,35761366,restIRP
2022,NCI,34921668,restIRP
2022,NCI,34936929,restIRP
2022,NCI,34424958,restIRP
2022,NCI,34625792,restIRP
2022,NCI,34739844,restIRP
2022,NCI,34778802,restIRP
2022,NCI,34818414,restIRP
2022,NCI,35145086,restIRP
2022,NCI,35353559,restIRP
2022,NCI,34405000,restIRP
2022,NCI,35081118,restIRP
2022,NCI,34927080,restIRP
2022,NCI,34493867,restIRP
2022,NCI,34737198,restIRP
2022,NCI,35459782,restIRP
2022,NCI,34781807,restIRP
2022,NCI,35167655,restIRP
2022,NCI,34336705,restIRP
2022,NCI,34521765,restIRP
2022,NCI,34725696,restIRP
2022,NCI,35219065,restIRP
2022,NCI,35387667,restIRP
2022,NCI,35571987,restIRP
2022,NCI,35757676,restIRP
2022,NCI,33678235,restIRP
2022,NCI,34339628,restIRP
2022,NCI,34662368,restIRP
2022,NCI,34770976,restIRP
2022,NCI,32475718,restIRP
2022,NCI,32532458,restIRP
2022,NCI,34536193,restIRP
2022,NCI,35314072,restIRP
2022,NCI,34321699,restIRP
2022,NCI,34345667,restIRP
2022,NCI,34606673,restIRP
2022,NCI,34659703,restIRP
2022,NCI,34676539,restIRP
2022,NCI,34752112,restIRP
2022,NCI,35675401,restIRP
2022,NCI,35876604,restIRP
2022,NCI,34471285,restIRP
2022,NCI,34581306,restIRP
2022,NCI,34611364,restIRP
2022,NCI,34781719,restIRP
2022,NCI,34793581,restIRP
2022,NCI,34810222,restIRP
2022,NCI,34910552,restIRP
2022,NCI,35090584,restIRP
2022,NCI,35202566,restIRP
2022,NCI,35223535,restIRP
2022,NCI,35639875,restIRP
2022,NCI,35857584,restIRP
2022,NCI,35858344,restIRP
2022,NCI,35858580,restIRP
2022,NCI,34127980,restIRP
2022,NCI,34374761,restIRP
2022,NCI,34685559,restIRP
2022,NCI,35062308,restIRP
2022,NCI,35511031,restIRP
2022,NCI,35674431,restIRP
2022,NCI,35031598,restIRP
2022,NCI,34534377,restIRP
2022,NCI,34624222,restIRP
2022,NCI,35406404,restIRP
2022,NCI,35651829,restIRP
2022,NCI,34709608,restIRP
2022,NCI,35197580,restIRP
2022,NCI,35354951,restIRP
2022,NCI,34597136,restIRP
2022,NCI,35876814,restIRP
2022,NCI,34533562,restIRP
2022,NCI,35258320,restIRP
2022,NCI,35294859,restIRP
2022,NCI,34645815,restIRP
2022,NCI,34828271,restIRP
2022,NCI,35217604,restIRP
2022,NCI,35463463,restIRP
2022,NCI,34514330,restIRP
2022,NCI,34661061,restIRP
2022,NCI,34725191,restIRP
2022,NCI,34751270,restIRP
2022,NCI,35476528,restIRP
2022,NCI,35714364,restIRP
2022,NCI,34432494,restIRP
2022,NCI,35234920,restIRP
2022,NCI,34173268,restIRP
2022,NCI,34813142,restIRP
2022,NCI,35353577,restIRP
2022,NCI,33406813,restIRP
2022,NCI,34503088,restIRP
2022,NCI,34531250,restIRP
2022,NCI,34731632,restIRP
2022,NCI,35040907,restIRP
2022,NCI,35338726,restIRP
2022,NCI,35357082,restIRP
2022,NCI,35047826,restIRP
2022,NCI,35639772,restIRP
2022,NCI,34871037,restIRP
2022,NCI,34687939,restIRP
2022,NCI,34767461,restIRP
2022,NCI,35007127,restIRP
2022,NCI,35148417,restIRP
2022,NCI,35395068,restIRP
2022,NCI,35482927,restIRP
2022,NCI,35500285,restIRP
2022,NCI,35705177,restIRP
2022,NCI,35834728,restIRP
2022,NCI,34388376,restIRP
2022,NCI,35326576,restIRP
2022,NCI,35390166,restIRP
2022,NCI,34354115,restIRP
2022,NCI,34364390,restIRP
2022,NCI,34435232,restIRP
2022,NCI,35241721,restIRP
2022,NCI,35101336,restIRP
2022,NCI,34674701,restIRP
2022,NCI,35143843,restIRP
2022,NCI,34321276,restIRP
2022,NCI,37258038,restIRP
2022,NCI,35256781,restIRP
2022,NCI,35303054,restIRP
2022,NCI,35920299,restIRP
2022,NCI,35118177,restIRP
2022,NCI,34950905,restIRP
2022,NCI,35196107,restIRP
2022,NCI,35732734,restIRP
2022,NCI,34319949,restIRP
2022,NCI,34448031,restIRP
2022,NCI,35349039,restIRP
2022,NCI,35631423,restIRP
2022,NCI,35650265,restIRP
2022,NCI,35658513,restIRP
2022,NCI,35699495,restIRP
2022,NCI,34572502,restIRP
2022,NCI,35252351,restIRP
2022,NCI,34661178,restIRP
2022,NCI,34343338,restIRP
2022,NCI,34818478,restIRP
2022,NCI,35140121,restIRP
2022,NCI,34293352,restIRP
2022,NCI,34503205,restIRP
2022,NCI,34862247,restIRP
2022,NCI,33664017,restIRP
2022,NCI,33768963,restIRP
2022,NCI,35211426,restIRP
2022,NCI,35220877,restIRP
2022,NCI,34792530,restIRP
2022,NCI,35707543,restIRP
2022,NCI,34516045,restIRP
2022,NCI,35213144,restIRP
2022,NCI,35320434,restIRP
2022,NCI,35835218,restIRP
2022,NCI,35026411,restIRP
2022,NCI,35851312,restIRP
2022,NCI,35481284,restIRP
2022,NCI,34889385,restIRP
2022,NCI,35562811,restIRP
2022,NCI,34688968,restIRP
2022,NCI,34875023,restIRP
2022,NCI,35114411,restIRP
2022,NCI,35747850,restIRP
2022,NCI,35863822,restIRP
2022,NCI,34188782,restIRP
2022,NCI,34215961,restIRP
2022,NCI,34864889,restIRP
2022,NCI,35003591,restIRP
2022,NCI,35030014,restIRP
2022,NCI,35121655,restIRP
2022,NCI,35411337,restIRP
2022,NCI,35508574,restIRP
2022,NCI,35651316,restIRP
2022,NCI,35125242,restIRP
2022,NCI,34793239,restIRP
2022,NCI,35412353,restIRP
2022,NCI,35201883,restIRP
2022,NCI,35336801,restIRP
2022,NCI,35560026,restIRP
2022,NCI,33775617,restIRP
2022,NCI,34083495,restIRP
2022,NCI,34294836,restIRP
2022,NCI,35679869,restIRP
2022,NCI,34638305,restIRP
2022,NCI,34761120,restIRP
2022,NCI,34831219,restIRP
2022,NCI,35188062,restIRP
2022,NCI,36071058,restIRP
2022,NCI,34772932,restIRP
2022,NCI,35504930,restIRP
2022,NCI,34270548,restIRP
2022,NCI,35844595,restIRP
2022,NCI,34479891,restIRP
2022,NCI,35929764,restIRP
2022,NCI,34493599,restIRP
2022,NCI,35198898,restIRP
2022,NCI,34264335,restIRP
2022,NCI,34341513,restIRP
2022,NCI,34439226,restIRP
2022,NCI,34706928,restIRP
2022,NCI,35365620,restIRP
2022,NCI,35468990,restIRP
2022,NCI,35554533,restIRP
2022,NCI,35801699,restIRP
2022,NCI,34359745,restIRP
2022,NCI,34697063,restIRP
2022,NCI,34858420,restIRP
2022,NCI,34932384,restIRP
2022,NCI,35262093,restIRP
2022,NCI,35351966,restIRP
2022,NCI,35383277,restIRP
2022,NCI,35816430,restIRP
2022,NCI,34266885,restIRP
2022,NCI,34651586,restIRP
2022,NCI,35648703,restIRP
2022,NCI,34335560,restIRP
2022,NCI,34380090,restIRP
2022,NCI,35005541,restIRP
2022,NCI,35522969,restIRP
2022,NCI,34570382,restIRP
2022,NCI,34850632,restIRP
2022,NCI,35036684,restIRP
2022,NCI,35038191,restIRP
2022,NCI,34297621,restIRP
2022,NCI,34450045,restIRP
2022,NCI,34859247,restIRP
2022,NCI,35134542,restIRP
2022,NCI,35452844,restIRP
2022,NCI,34709706,restIRP
2022,NCI,35445907,restIRP
2022,NCI,35671392,restIRP
2022,NCI,34717915,restIRP
2022,NCI,34830383,restIRP
2022,NCI,34939198,restIRP
2022,NCI,35070633,restIRP
2022,NCI,35090310,restIRP
2022,NCI,35135547,restIRP
2022,NCI,35152062,restIRP
2022,NCI,35565470,restIRP
2022,NCI,35104863,restIRP
2022,NCI,35977544,restIRP
2022,NCI,33432152,restIRP
2022,NCI,33758081,restIRP
2022,NCI,33772889,restIRP
2022,NCI,33931760,restIRP
2022,NCI,34040256,restIRP
2022,NCI,34143799,restIRP
2022,NCI,34242558,restIRP
2022,NCI,34625558,restIRP
2022,NCI,34880232,restIRP
2022,NCI,34880419,restIRP
2022,NCI,35031611,restIRP
2022,NCI,35446127,restIRP
2022,NCI,34841225,restIRP
2022,NCI,34657154,restIRP
2022,NCI,36051621,restIRP
2022,NCI,33898047,restIRP
2022,NCI,34302487,restIRP
2022,NCI,34655326,restIRP
2022,NCI,35534067,restIRP
2022,NCI,35547250,restIRP
2022,NCI,35601968,restIRP
2022,NCI,34458868,restIRP
2022,NCI,35243657,restIRP
2022,NCI,35476603,restIRP
2022,NCI,34330751,restIRP
2022,NCI,34654688,restIRP
2022,NCI,35030628,restIRP
2022,NCI,35101947,restIRP
2022,NCI,35475910,restIRP
2022,NCI,34266888,restIRP
2022,NCI,34282768,restIRP
2022,NCI,34289030,restIRP
2022,NCI,34612714,restIRP
2022,NCI,34782638,restIRP
2022,NCI,34104639,restIRP
2022,NCI,34518290,restIRP
2022,NCI,35198900,restIRP
2022,NCI,35378172,restIRP
2022,NCI,33323470,restIRP
2022,NCI,35133277,restIRP
2022,NCI,35696646,restIRP
2022,NCI,35754433,restIRP
2022,NCI,34934004,restIRP
2022,NCI,35017636,restIRP
2022,NCI,34873042,restIRP
2022,NCI,35012348,restIRP
2022,NCI,35736240,restIRP
2022,NCI,35005542,restIRP
2022,NCI,35304442,restIRP
2022,NCI,34370406,restIRP
2022,NCI,34919348,restIRP
2022,NCI,35563684,restIRP
2022,NCI,34390503,restIRP
2022,NCI,34632931,restIRP
2022,NCI,34648187,restIRP
2022,NCI,34669981,restIRP
2022,NCI,34889205,restIRP
2022,NCI,35129066,restIRP
2022,NCI,35129071,restIRP
2022,NCI,35285979,restIRP
2022,NCI,35385429,restIRP
2022,NCI,35484114,restIRP
2022,NCI,34381247,restIRP
2022,NCI,34428424,restIRP
2022,NCI,34638439,restIRP
2022,NCI,35333496,restIRP
2022,NCI,34549489,restIRP
2022,NCI,35070081,restIRP
2022,NCI,35396773,restIRP
2022,NCI,35874919,restIRP
2022,NCI,35512254,restIRP
2022,NCI,34793870,restIRP
2022,NCI,34950780,restIRP
2022,NCI,35367211,restIRP
2022,NCI,35723626,restIRP
2022,NCI,35829618,restIRP
2022,NCI,35235361,restIRP
2022,NCI,35628290,restIRP
2022,NCI,35908024,restIRP
2022,NCI,34810256,restIRP
2022,NCI,35042581,restIRP
2022,NCI,35513371,restIRP
2022,NCI,35137150,restIRP
2022,NCI,35481647,restIRP
2022,NCI,35676274,restIRP
2022,NCI,34413127,restIRP
2022,NCI,34551432,restIRP
2022,NCI,34693224,restIRP
2022,NCI,34746125,restIRP
2022,NCI,34808009,restIRP
2022,NCI,34837071,restIRP
2022,NCI,34923887,restIRP
2022,NCI,35013228,restIRP
2022,NCI,35013556,restIRP
2022,NCI,35189384,restIRP
2022,NCI,35349486,restIRP
2022,NCI,35439320,restIRP
2022,NCI,35603503,restIRP
2022,NCI,35794238,restIRP
2022,NCI,35719728,restIRP
2022,NCI,34335453,restIRP
2022,NCI,34546977,restIRP
2022,NCI,34638252,restIRP
2022,NCI,35373177,restIRP
2022,NCI,34670863,restIRP
2022,NCI,34787459,restIRP
2022,NCI,35038914,restIRP
2022,NCI,35545047,restIRP
2022,NCI,35834586,restIRP
2023,NCI,36179684,restIRP
2023,NCI,36181613,restIRP
2023,NCI,36511483,restIRP
2023,NCI,37220531,restIRP
2023,NCI,34157104,restIRP
2023,NCI,34341517,restIRP
2023,NCI,34487234,restIRP
2023,NCI,34532991,restIRP
2023,NCI,34663616,restIRP
2023,NCI,34737209,restIRP
2023,NCI,34753492,restIRP
2023,NCI,34983606,restIRP
2023,NCI,34992224,restIRP
2023,NCI,35027648,restIRP
2023,NCI,35047861,restIRP
2023,NCI,35081987,restIRP
2023,NCI,35333343,restIRP
2023,NCI,35418701,restIRP
2023,NCI,35511145,restIRP
2023,NCI,35575389,restIRP
2023,NCI,35583138,restIRP
2023,NCI,35585550,restIRP
2023,NCI,35608110,restIRP
2023,NCI,35657343,restIRP
2023,NCI,35700037,restIRP
2023,NCI,35700419,restIRP
2023,NCI,35764133,restIRP
2023,NCI,35842229,restIRP
2023,NCI,36068634,restIRP
2023,NCI,36113532,restIRP
2023,NCI,36179753,restIRP
2023,NCI,36216206,restIRP
2023,NCI,36271417,restIRP
2023,NCI,36303815,restIRP
2023,NCI,36328784,restIRP
2023,NCI,36544264,restIRP
2023,NCI,36688720,restIRP
2023,NCI,36688725,restIRP
2023,NCI,36790075,restIRP
2023,NCI,36991516,restIRP
2023,NCI,37029916,restIRP
2023,NCI,37399095,restIRP
2023,NCI,36409124,restIRP
2023,NCI,36759615,restIRP
2023,NCI,37474505,restIRP
2023,NCI,36264642,restIRP
2023,NCI,31886477,restIRP
2023,NCI,33270907,restIRP
2023,NCI,33616159,restIRP
2023,NCI,33624757,restIRP
2023,NCI,33768525,restIRP
2023,NCI,33940642,restIRP
2023,NCI,34139223,restIRP
2023,NCI,34510499,restIRP
2023,NCI,34548329,restIRP
2023,NCI,34671108,restIRP
2023,NCI,34718676,restIRP
2023,NCI,34800530,restIRP
2023,NCI,34816788,restIRP
2023,NCI,34960113,restIRP
2023,NCI,35349912,restIRP
2023,NCI,35377195,restIRP
2023,NCI,35377867,restIRP
2023,NCI,35536285,restIRP
2023,NCI,35622390,restIRP
2023,NCI,35759030,restIRP
2023,NCI,35816955,restIRP
2023,NCI,35872590,restIRP
2023,NCI,36184587,restIRP
2023,NCI,36222982,restIRP
2023,NCI,36325251,restIRP
2023,NCI,36526967,restIRP
2023,NCI,36534828,restIRP
2023,NCI,36540783,restIRP
2023,NCI,36633307,restIRP
2023,NCI,36746112,restIRP
2023,NCI,36875691,restIRP
2023,NCI,36964712,restIRP
2023,NCI,37200525,restIRP
2023,NCI,37236969,restIRP
2023,NCI,37451576,restIRP
2023,NCI,37477495,restIRP
2023,NCI,36232729,restIRP
2023,NCI,36343842,restIRP
2023,NCI,36959291,restIRP
2023,NCI,34262154,restIRP
2023,NCI,34320204,restIRP
2023,NCI,34709361,restIRP
2023,NCI,34780712,restIRP
2023,NCI,34880297,restIRP
2023,NCI,34906508,restIRP
2023,NCI,35077220,restIRP
2023,NCI,35183552,restIRP
2023,NCI,35352025,restIRP
2023,NCI,35417938,restIRP
2023,NCI,35545680,restIRP
2023,NCI,35643189,restIRP
2023,NCI,35751643,restIRP
2023,NCI,35762214,restIRP
2023,NCI,35805029,restIRP
2023,NCI,36040809,restIRP
2023,NCI,36203093,restIRP
2023,NCI,36269225,restIRP
2023,NCI,36409970,restIRP
2023,NCI,36424733,restIRP
2023,NCI,36723440,restIRP
2023,NCI,36788424,restIRP
2023,NCI,36876055,restIRP
2023,NCI,37174042,restIRP
2023,NCI,37246069,restIRP
2023,NCI,37347242,restIRP
2023,NCI,37406454,restIRP
2023,NCI,37478397,restIRP
2023,NCI,37585199,restIRP
2023,NCI,35900159,restIRP
2023,NCI,37149030,restIRP
2023,NCI,33549870,restIRP
2023,NCI,34121594,restIRP
2023,NCI,34519790,restIRP
2023,NCI,34559904,restIRP
2023,NCI,34678077,restIRP
2023,NCI,34861035,restIRP
2023,NCI,34874300,restIRP
2023,NCI,35029169,restIRP
2023,NCI,35044839,restIRP
2023,NCI,35059962,restIRP
2023,NCI,35071980,restIRP
2023,NCI,35078347,restIRP
2023,NCI,35098020,restIRP
2023,NCI,35101413,restIRP
2023,NCI,35107712,restIRP
2023,NCI,35275285,restIRP
2023,NCI,35315916,restIRP
2023,NCI,35510728,restIRP
2023,NCI,35587341,restIRP
2023,NCI,35788262,restIRP
2023,NCI,35976647,restIRP
2023,NCI,36126024,restIRP
2023,NCI,36174935,restIRP
2023,NCI,36201196,restIRP
2023,NCI,36227603,restIRP
2023,NCI,36240805,restIRP
2023,NCI,36413032,restIRP
2023,NCI,36445023,restIRP
2023,NCI,36622937,restIRP
2023,NCI,36716027,restIRP
2023,NCI,36746336,restIRP
2023,NCI,36804133,restIRP
2023,NCI,36922419,restIRP
2023,NCI,36943362,restIRP
2023,NCI,36961501,restIRP
2023,NCI,37074947,restIRP
2023,NCI,37202001,restIRP
2023,NCI,37289449,restIRP
2023,NCI,37365010,restIRP
2023,NCI,37492080,restIRP
2023,NCI,36309101,restIRP
2023,NCI,37253167,restIRP
2023,NCI,36430631,restIRP
2023,NCI,36702125,restIRP
2023,NCI,36603175,restIRP
2023,NCI,34897212,restIRP
2023,NCI,35954353,restIRP
2023,NCI,36061260,restIRP
2023,NCI,36171577,restIRP
2023,NCI,36260312,restIRP
2023,NCI,36434483,restIRP
2023,NCI,36643765,restIRP
2023,NCI,36915446,restIRP
2023,NCI,36950857,restIRP
2023,NCI,34623926,restIRP
2023,NCI,34648946,restIRP
2023,NCI,34718588,restIRP
2023,NCI,34766475,restIRP
2023,NCI,34819160,restIRP
2023,NCI,35244716,restIRP
2023,NCI,35260709,restIRP
2023,NCI,35433219,restIRP
2023,NCI,35472727,restIRP
2023,NCI,35489023,restIRP
2023,NCI,35642317,restIRP
2023,NCI,35678331,restIRP
2023,NCI,35745234,restIRP
2023,NCI,35863453,restIRP
2023,NCI,36214797,restIRP
2023,NCI,36379677,restIRP
2023,NCI,36404827,restIRP
2023,NCI,36773182,restIRP
2023,NCI,36900799,restIRP
2023,NCI,37552966,restIRP
2023,NCI,35267598,restIRP
2023,NCI,35674284,restIRP
2023,NCI,36325065,restIRP
2023,NCI,36381660,restIRP
2023,NCI,36411318,restIRP
2023,NCI,36715552,restIRP
2023,NCI,36769639,restIRP
2023,NCI,37010988,restIRP
2023,NCI,37227187,restIRP
2023,NCI,37296157,restIRP
2023,NCI,37224815,restIRP
2023,NCI,37452065,restIRP
2023,NCI,36582974,restIRP
2023,NCI,36801811,restIRP
2023,NCI,36342127,restIRP
2023,NCI,35154097,restIRP
2023,NCI,36411380,restIRP
2023,NCI,36842431,restIRP
2023,NCI,35935984,restIRP
2023,NCI,36497296,restIRP
2023,NCI,36685042,restIRP
2023,NCI,37207227,restIRP
2023,NCI,37399208,restIRP
2023,NCI,36408543,restIRP
2023,NCI,37343766,restIRP
2023,NCI,35124828,restIRP
2023,NCI,35229049,restIRP
2023,NCI,35365950,restIRP
2023,NCI,35484638,restIRP
2023,NCI,35839466,restIRP
2023,NCI,35960613,restIRP
2023,NCI,35988658,restIRP
2023,NCI,36208844,restIRP
2023,NCI,36712480,restIRP
2023,NCI,36828809,restIRP
2023,NCI,36878686,restIRP
2023,NCI,36943385,restIRP
2023,NCI,36966234,restIRP
2023,NCI,37425211,restIRP
2023,NCI,37552302,restIRP
2023,NCI,37582239,restIRP
2023,NCI,36853940,restIRP
2023,NCI,36936303,restIRP
2023,NCI,37054948,restIRP
2023,NCI,37082750,restIRP
2023,NCI,37163243,restIRP
2023,NCI,36369285,restIRP
2023,NCI,36883564,restIRP
2023,NCI,36926457,restIRP
2023,NCI,37356470,restIRP
2023,NCI,34598869,restIRP
2023,NCI,35099572,restIRP
2023,NCI,36156419,restIRP
2023,NCI,36966070,restIRP
2023,NCI,35389618,restIRP
2023,NCI,36400786,restIRP
2023,NCI,37163614,restIRP
2023,NCI,36497438,restIRP
2023,NCI,36583617,restIRP
2023,NCI,36724001,restIRP
2023,NCI,36799629,restIRP
2023,NCI,37029730,restIRP
2023,NCI,37115514,restIRP
2023,NCI,37267580,restIRP
2023,NCI,37398992,restIRP
2023,NCI,34748952,restIRP
2023,NCI,35604875,restIRP
2023,NCI,35775227,restIRP
2023,NCI,35902885,restIRP
2023,NCI,36130211,restIRP
2023,NCI,36196007,restIRP
2023,NCI,36352820,restIRP
2023,NCI,36243768,restIRP
2023,NCI,36598365,restIRP
2023,NCI,36631162,restIRP
2023,NCI,36455002,restIRP
2023,NCI,36513625,restIRP
2023,NCI,36672409,restIRP
2023,NCI,36987696,restIRP
2023,NCI,37095531,restIRP
2023,NCI,37331486,restIRP
2023,NCI,36693842,restIRP
2023,NCI,36860875,restIRP
2023,NCI,37173920,restIRP
2023,NCI,37249733,restIRP
2023,NCI,34791348,restIRP
2023,NCI,34897522,restIRP
2023,NCI,35064432,restIRP
2023,NCI,35072698,restIRP
2023,NCI,35247352,restIRP
2023,NCI,35331274,restIRP
2023,NCI,35583137,restIRP
2023,NCI,36113023,restIRP
2023,NCI,36557227,restIRP
2023,NCI,36828228,restIRP
2023,NCI,37276937,restIRP
2023,NCI,34697062,restIRP
2023,NCI,34878432,restIRP
2023,NCI,34913949,restIRP
2023,NCI,35026839,restIRP
2023,NCI,35292820,restIRP
2023,NCI,35876653,restIRP
2023,NCI,36922393,restIRP
2023,NCI,37278097,restIRP
2023,NCI,37366802,restIRP
2023,NCI,35945902,restIRP
2023,NCI,37224019,restIRP
2023,NCI,34428282,restIRP
2023,NCI,34537881,restIRP
2023,NCI,34642734,restIRP
2023,NCI,34687542,restIRP
2023,NCI,34965548,restIRP
2023,NCI,35213725,restIRP
2023,NCI,35226216,restIRP
2023,NCI,35301522,restIRP
2023,NCI,35394411,restIRP
2023,NCI,35767189,restIRP
2023,NCI,36068261,restIRP
2023,NCI,36136740,restIRP
2023,NCI,36161867,restIRP
2023,NCI,36366807,restIRP
2023,NCI,36763540,restIRP
2023,NCI,34652432,restIRP
2023,NCI,34738070,restIRP
2023,NCI,34789471,restIRP
2023,NCI,34906633,restIRP
2023,NCI,35112050,restIRP
2023,NCI,35131882,restIRP
2023,NCI,35365600,restIRP
2023,NCI,35412943,restIRP
2023,NCI,35421712,restIRP
2023,NCI,35512400,restIRP
2023,NCI,35579976,restIRP
2023,NCI,35603848,restIRP
2023,NCI,36037472,restIRP
2023,NCI,36496451,restIRP
2023,NCI,36515492,restIRP
2023,NCI,36593337,restIRP
2023,NCI,36734402,restIRP
2023,NCI,36958379,restIRP
2023,NCI,37260165,restIRP
2023,NCI,37382561,restIRP
2023,NCI,36426970,restIRP
2023,NCI,36573441,restIRP
2023,NCI,37178120,restIRP
2023,NCI,36099324,restIRP
2023,NCI,36291783,restIRP
2023,NCI,36831656,restIRP
2023,NCI,36991390,restIRP
2023,NCI,37175530,restIRP
2023,NCI,37279797,restIRP
2023,NCI,37409892,restIRP
2023,NCI,36208017,restIRP
2023,NCI,37538977,restIRP
2023,NCI,37081771,restIRP
2023,NCI,36764908,restIRP
2023,NCI,36543999,restIRP
2023,NCI,36595377,restIRP
2023,NCI,36630564,restIRP
2023,NCI,36997024,restIRP
2023,NCI,37350974,restIRP
2023,NCI,35611837,restIRP
2023,NCI,36648507,restIRP
2023,NCI,37018064,restIRP
2023,NCI,36410696,restIRP
2023,NCI,36630955,restIRP
2023,NCI,36449053,restIRP
2023,NCI,37322488,restIRP
2023,NCI,36404344,restIRP
2023,NCI,36765047,restIRP
2023,NCI,36040304,restIRP
2023,NCI,36375380,restIRP
2023,NCI,37169743,restIRP
2023,NCI,37308721,restIRP
2023,NCI,36762421,restIRP
2023,NCI,36790144,restIRP
2023,NCI,36970749,restIRP
2023,NCI,36105746,restIRP
2023,NCI,36107309,restIRP
2023,NCI,36355119,restIRP
2023,NCI,36768931,restIRP
2023,NCI,35839129,restIRP
2023,NCI,35973149,restIRP
2023,NCI,36055226,restIRP
2023,NCI,36152763,restIRP
2023,NCI,36204530,restIRP
2023,NCI,36209823,restIRP
2023,NCI,36243062,restIRP
2023,NCI,36247383,restIRP
2023,NCI,36252717,restIRP
2023,NCI,36277737,restIRP
2023,NCI,36368598,restIRP
2023,NCI,36461941,restIRP
2023,NCI,36517603,restIRP
2023,NCI,36528237,restIRP
2023,NCI,36600603,restIRP
2023,NCI,36702356,restIRP
2023,NCI,36724127,restIRP
2023,NCI,36754451,restIRP
2023,NCI,36932076,restIRP
2023,NCI,36963628,restIRP
2023,NCI,37030592,restIRP
2023,NCI,37089591,restIRP
2023,NCI,37132021,restIRP
2023,NCI,37184524,restIRP
2023,NCI,37208598,restIRP
2023,NCI,37250872,restIRP
2023,NCI,37513779,restIRP
2023,NCI,36459711,restIRP
2023,NCI,36640333,restIRP
2023,NCI,36435799,restIRP
2023,NCI,36607839,restIRP
2023,NCI,36724259,restIRP
2023,NCI,36382923,restIRP
2023,NCI,36692218,restIRP
2023,NCI,36892768,restIRP
2023,NCI,36270982,restIRP
2023,NCI,36378541,restIRP
2023,NCI,36713582,restIRP
2023,NCI,36754859,restIRP
2023,NCI,36860703,restIRP
2023,NCI,36870293,restIRP
2023,NCI,35847548,restIRP
2023,NCI,36060633,restIRP
2023,NCI,36101738,restIRP
2023,NCI,36173617,restIRP
2023,NCI,36420197,restIRP
2023,NCI,36763093,restIRP
2023,NCI,37104748,restIRP
2023,NCI,36347258,restIRP
2023,NCI,34039759,restIRP
2023,NCI,34331495,restIRP
2023,NCI,34606590,restIRP
2023,NCI,34625802,restIRP
2023,NCI,35312764,restIRP
2023,NCI,35504721,restIRP
2023,NCI,35609672,restIRP
2023,NCI,37458713,restIRP
2023,NCI,36705597,restIRP
2023,NCI,34741009,restIRP
2023,NCI,34797564,restIRP
2023,NCI,35197557,restIRP
2023,NCI,35322169,restIRP
2023,NCI,35360933,restIRP
2023,NCI,35726641,restIRP
2023,NCI,36280842,restIRP
2023,NCI,36344807,restIRP
2023,NCI,36516224,restIRP
2023,NCI,36539618,restIRP
2023,NCI,36576985,restIRP
2023,NCI,36653422,restIRP
2023,NCI,36882504,restIRP
2023,NCI,37041301,restIRP
2023,NCI,35999252,restIRP
2023,NCI,36094106,restIRP
2023,NCI,36455197,restIRP
2023,NCI,36514310,restIRP
2023,NCI,36968141,restIRP
2023,NCI,37236355,restIRP
2023,NCI,36857449,restIRP
2023,NCI,36423642,restIRP
2023,NCI,37040086,restIRP
2023,NCI,34407489,restIRP
2023,NCI,34547770,restIRP
2023,NCI,35314376,restIRP
2023,NCI,35609150,restIRP
2023,NCI,36669145,restIRP
2023,NCI,36899395,restIRP
2023,NCI,34474081,restIRP
2023,NCI,35021084,restIRP
2023,NCI,35945463,restIRP
2023,NCI,36029520,restIRP
2023,NCI,36271929,restIRP
2023,NCI,36490308,restIRP
2023,NCI,36759899,restIRP
2023,NCI,35371100,restIRP
2023,NCI,35544408,restIRP
2023,NCI,35980678,restIRP
2023,NCI,36001803,restIRP
2023,NCI,36264007,restIRP
2023,NCI,36412627,restIRP
2023,NCI,36354340,restIRP
2023,NCI,36624347,restIRP
2023,NCI,36871077,restIRP
2023,NCI,37330292,restIRP
2023,NCI,37406092,restIRP
2023,NCI,37406093,restIRP
2023,NCI,36373674,restIRP
2023,NCI,36179402,restIRP
2023,NCI,36268125,restIRP
2023,NCI,36473845,restIRP
2023,NCI,37460791,restIRP
2023,NCI,36873924,restIRP
2023,NCI,36454826,restIRP
2023,NCI,35866568,restIRP
2023,NCI,35917881,restIRP
2023,NCI,35991901,restIRP
2023,NCI,36196594,restIRP
2023,NCI,36261549,restIRP
2023,NCI,36288692,restIRP
2023,NCI,36528023,restIRP
2023,NCI,36779417,restIRP
2023,NCI,37005411,restIRP
2023,NCI,37151873,restIRP
2023,NCI,37219858,restIRP
2023,NCI,37239961,restIRP
2023,NCI,37328648,restIRP
2023,NCI,36072945,restIRP
2023,NCI,36680108,restIRP
2023,NCI,37252967,restIRP
2023,NCI,37322122,restIRP
2023,NCI,36367894,restIRP
2023,NCI,36705550,restIRP
2023,NCI,37153742,restIRP
2023,NCI,36322002,restIRP
2023,NCI,37146302,restIRP
2023,NCI,36763778,restIRP
2023,NCI,36732510,restIRP
2023,NCI,36976017,restIRP
2023,NCI,37024617,restIRP
2023,NCI,37153584,restIRP
2023,NCI,37253062,restIRP
2023,NCI,35867253,restIRP
2023,NCI,36243969,restIRP
2023,NCI,37094694,restIRP
2023,NCI,37129573,restIRP
2023,NCI,37210724,restIRP
2023,NCI,37219077,restIRP
2023,NCI,35976997,restIRP
2023,NCI,36562201,restIRP
2023,NCI,36584051,restIRP
2023,NCI,37177862,restIRP
2023,NCI,37286305,restIRP
2023,NCI,35225292,restIRP
2023,NCI,36799129,restIRP
2023,NCI,37736700,restIRP
2023,NCI,36757813,restIRP
2023,NCI,36347238,restIRP
2023,NCI,36824269,restIRP
2023,NCI,35882235,restIRP
2023,NCI,36344675,restIRP
2023,NCI,36464162,restIRP
2023,NCI,36657670,restIRP
2023,NCI,37315128,restIRP
2023,NCI,37463106,restIRP
2023,NCI,36191000,restIRP
2023,NCI,36520890,restIRP
2023,NCI,37295816,restIRP
2023,NCI,37394115,restIRP
2023,NCI,36219096,restIRP
2023,NCI,36314907,restIRP
2023,NCI,36338434,restIRP
2023,NCI,36690803,restIRP
2023,NCI,36738797,restIRP
2023,NCI,36841831,restIRP
2023,NCI,36933835,restIRP
2023,NCI,37265996,restIRP
2023,NCI,37436982,restIRP
2023,NCI,36402773,restIRP
2023,NCI,37419875,restIRP
2023,NCI,36185287,restIRP
2023,NCI,36223542,restIRP
2023,NCI,36418422,restIRP
2023,NCI,36791566,restIRP
2023,NCI,37910044,restIRP
2023,NCI,36029718,restIRP
2023,NCI,36042351,restIRP
2023,NCI,36330506,restIRP
2023,NCI,36809715,restIRP
2023,NCI,37185821,restIRP
2023,NCI,36688643,restIRP
2023,NCI,36670115,restIRP
2023,NCI,36049065,restIRP
2023,NCI,36409889,restIRP
2023,NCI,36572741,restIRP
2023,NCI,36753564,restIRP
2023,NCI,36911670,restIRP
2023,NCI,36170207,restIRP
2023,NCI,36253079,restIRP
2023,NCI,36831373,restIRP
2023,NCI,37051681,restIRP
2023,NCI,37055579,restIRP
2023,NCI,34450618,restIRP
2023,NCI,34524425,restIRP
2023,NCI,35964611,restIRP
2023,NCI,35982453,restIRP
2023,NCI,36068285,restIRP
2023,NCI,36525371,restIRP
2023,NCI,36662819,restIRP
2023,NCI,36870109,restIRP
2023,NCI,36960342,restIRP
2023,NCI,37330147,restIRP
2023,NCI,36571770,restIRP
2023,NCI,36576431,restIRP
2023,NCI,36598437,restIRP
2023,NCI,36918225,restIRP
2023,NCI,36211806,restIRP
2023,NCI,36338744,restIRP
2023,NCI,36564129,restIRP
2023,NCI,37166485,restIRP
2023,NCI,36398439,restIRP
2023,NCI,37140427,restIRP
2023,NCI,35877472,restIRP
2023,NCI,36346688,restIRP
2023,NCI,36773602,restIRP
2023,NCI,36951526,restIRP
2023,NCI,37121274,restIRP
2023,NCI,37020550,restIRP
2023,NCI,36087840,restIRP
2023,NCI,36640137,restIRP
2023,NCI,36821354,restIRP
2023,NCI,37059104,restIRP
2023,NCI,37134294,restIRP
2023,NCI,37234190,restIRP
2023,NCI,37236636,restIRP
2023,NCI,36279417,restIRP
2023,NCI,36790924,restIRP
2023,NCI,37228754,restIRP
2023,NCI,37285317,restIRP
2023,NCI,37339170,restIRP
2023,NCI,34793442,restIRP
2023,NCI,35614099,restIRP
2023,NCI,35712076,restIRP
2023,NCI,35915169,restIRP
2023,NCI,36423637,restIRP
2023,NCI,36659972,restIRP
2023,NCI,37342060,restIRP
2023,NCI,35124270,restIRP
2023,NCI,36358697,restIRP
2023,NCI,36384474,restIRP
2023,NCI,37840351,restIRP
2023,NCI,36799863,restIRP
2023,NCI,37491298,restIRP
2023,NCI,36041994,restIRP
2023,NCI,36124322,restIRP
2023,NCI,36388423,restIRP
2023,NCI,36820236,restIRP
2023,NCI,36884201,restIRP
2023,NCI,36096344,restIRP
2023,NCI,36105325,restIRP
2023,NCI,37570703,restIRP
2023,NCI,36598417,restIRP
2023,NCI,36658307,restIRP
2023,NCI,36584293,restIRP
2023,NCI,36995904,restIRP
2023,NCI,36056624,restIRP
2023,NCI,34117572,restIRP
2023,NCI,34117573,restIRP
2023,NCI,34132951,restIRP
2023,NCI,34471985,restIRP
2023,NCI,34671883,restIRP
2023,NCI,34783947,restIRP
2023,NCI,34994893,restIRP
2023,NCI,35061122,restIRP
2023,NCI,35229218,restIRP
2023,NCI,35258767,restIRP
2023,NCI,35412204,restIRP
2023,NCI,35451728,restIRP
2023,NCI,35524087,restIRP
2023,NCI,35527328,restIRP
2023,NCI,35668307,restIRP
2023,NCI,36476645,restIRP
2023,NCI,33963087,restIRP
2023,NCI,34270795,restIRP
2023,NCI,34895098,restIRP
2023,NCI,35152487,restIRP
2023,NCI,35170729,restIRP
2023,NCI,35369114,restIRP
2023,NCI,35626036,restIRP
2023,NCI,35639382,restIRP
2023,NCI,35688626,restIRP
2023,NCI,35702502,restIRP
2023,NCI,35731645,restIRP
2023,NCI,35940867,restIRP
2023,NCI,36352422,restIRP
2023,NCI,36629488,restIRP
2023,NCI,36709846,restIRP
2023,NCI,37087683,restIRP
2023,NCI,37418114,restIRP
2023,NCI,36127124,restIRP
2023,NCI,36190452,restIRP
2023,NCI,36914634,restIRP
2023,NCI,37216869,restIRP
2023,NCI,37443284,restIRP
2023,NCI,36104343,restIRP
2023,NCI,36224341,restIRP
2023,NCI,36059196,restIRP
2023,NCI,36894684,restIRP
2023,NCI,35725026,restIRP
2023,NCI,36127149,restIRP
2023,NCI,36585129,restIRP
2023,NCI,35976058,restIRP
2023,NCI,35994156,restIRP
2023,NCI,36070143,restIRP
2023,NCI,36367829,restIRP
2023,NCI,36497367,restIRP
2023,NCI,36933012,restIRP
2023,NCI,36964296,restIRP
2023,NCI,37075315,restIRP
2023,NCI,37093270,restIRP
2023,NCI,37164978,restIRP
2023,NCI,37284154,restIRP
2023,NCI,37284162,restIRP
2023,NCI,37287579,restIRP
2023,NCI,37316351,restIRP
2023,NCI,37432627,restIRP
2023,NCI,37474126,restIRP
2023,NCI,36103153,restIRP
2023,NCI,36702897,restIRP
2023,NCI,35452608,restIRP
2023,NCI,36827983,restIRP
2023,NCI,37022617,restIRP
2023,NCI,37354974,restIRP
2023,NCI,37438348,restIRP
2023,NCI,37433832,restIRP
2023,NCI,35398288,restIRP
2023,NCI,37315375,restIRP
2023,NCI,37091547,restIRP
2023,NCI,37262072,restIRP
2023,NCI,36973439,restIRP
2023,NCI,36274950,restIRP
2023,NCI,36514120,restIRP
2023,NCI,35162406,restIRP
2023,NCI,36151863,restIRP
2023,NCI,37295583,restIRP
2023,NCI,36417863,restIRP
2023,NCI,36978267,restIRP
2023,NCI,36174715,restIRP
2023,NCI,36467586,restIRP
2023,NCI,37348754,restIRP
2023,NCI,35306154,restIRP
2023,NCI,37141112,restIRP
2023,NCI,36007524,restIRP
2023,NCI,37037613,restIRP
2023,NCI,37368077,restIRP
2023,NCI,34402912,restIRP
2023,NCI,35140399,restIRP
2023,NCI,36543010,restIRP
2023,NCI,36649430,restIRP
2023,NCI,36299794,restIRP
2023,NCI,36353533,restIRP
2023,NCI,36757281,restIRP
2023,NCI,37421295,restIRP
2023,NCI,34217415,restIRP
2023,NCI,34668736,restIRP
2023,NCI,34734483,restIRP
2023,NCI,34789470,restIRP
2023,NCI,34800038,restIRP
2023,NCI,35176161,restIRP
2023,NCI,35325073,restIRP
2023,NCI,35467443,restIRP
2023,NCI,35666530,restIRP
2023,NCI,35686564,restIRP
2023,NCI,35793241,restIRP
2023,NCI,36187721,restIRP
2023,NCI,36455190,restIRP
2023,NCI,35973038,restIRP
2023,NCI,36266134,restIRP
2023,NCI,36901936,restIRP
2023,NCI,36137483,restIRP
2023,NCI,36174110,restIRP
2023,NCI,36745536,restIRP
2023,NCI,37003294,restIRP
2023,NCI,37163228,restIRP
2023,NCI,35862190,restIRP
2023,NCI,35906236,restIRP
2023,NCI,36099881,restIRP
2023,NCI,36596305,restIRP
2023,NCI,36695358,restIRP
2023,NCI,36707444,restIRP
2023,NCI,36877848,restIRP
2023,NCI,37454979,restIRP
2023,NCI,36911658,restIRP
2023,NCI,37126090,restIRP
2023,NCI,37530525,restIRP
2023,NCI,37079217,restIRP
2023,NCI,34006962,restIRP
2023,NCI,36975192,restIRP
2023,NCI,37071789,restIRP
2023,NCI,37037607,restIRP
2023,NCI,37225965,restIRP
2023,NCI,37402364,restIRP
2023,NCI,37159663,restIRP
2023,NCI,37377887,restIRP
2023,NCI,36508468,restIRP
2023,NCI,36696440,restIRP
2023,NCI,34994387,restIRP
2023,NCI,36344581,restIRP
2023,NCI,36368157,restIRP
2023,NCI,36594750,restIRP
2023,NCI,36691969,restIRP
2023,NCI,36997331,restIRP
2023,NCI,37031249,restIRP
2023,NCI,36924503,restIRP
2023,NCI,37436802,restIRP
2023,NCI,37182134,restIRP
2023,NCI,36248829,restIRP
2023,NCI,36790505,restIRP
2023,NCI,37307458,restIRP
2023,NCI,37313400,restIRP
2023,NCI,35999087,restIRP
2023,NCI,36010880,restIRP
2023,NCI,36077665,restIRP
2023,NCI,36111275,restIRP
2023,NCI,36151566,restIRP
2023,NCI,35902861,restIRP
2023,NCI,35939781,restIRP
2023,NCI,36058548,restIRP
2023,NCI,36620075,restIRP
2023,NCI,36906275,restIRP
2023,NCI,36989488,restIRP
2023,NCI,37389815,restIRP
2023,NCI,36049655,restIRP
2023,NCI,36402833,restIRP
2023,NCI,36383380,restIRP
2023,NCI,36912773,restIRP
2023,NCI,36311348,restIRP
2023,NCI,36758799,restIRP
2023,NCI,37045473,restIRP
2023,NCI,36712882,restIRP
2023,NCI,37147424,restIRP
2023,NCI,37353483,restIRP
2023,NCI,36575212,restIRP
2023,NCI,36732531,restIRP
2023,NCI,34724140,restIRP
2023,NCI,34854746,restIRP
2023,NCI,36517408,restIRP
2023,NCI,36875636,restIRP
2023,NCI,36907691,restIRP
2023,NCI,37015418,restIRP
2023,NCI,37129493,restIRP
2023,NCI,36330381,restIRP
2023,NCI,37267435,restIRP
2023,NCI,37083495,restIRP
2023,NCI,36169564,restIRP
2023,NCI,36465486,restIRP
2023,NCI,36482431,restIRP
2023,NCI,37296383,restIRP
2023,NCI,34523990,restIRP
2023,NCI,34605056,restIRP
2023,NCI,34809575,restIRP
2023,NCI,35388877,restIRP
2023,NCI,35699209,restIRP
2023,NCI,35929779,restIRP
2023,NCI,36525653,restIRP
2023,NCI,36649143,restIRP
2023,NCI,37299414,restIRP
2023,NCI,37328109,restIRP
2023,NCI,37341612,restIRP
2023,NCI,37501016,restIRP
2023,NCI,36310638,restIRP
2023,NCI,36704840,restIRP
2023,NCI,36632565,restIRP
2023,NCI,33624091,restIRP
2023,NCI,34590122,restIRP
2023,NCI,34737258,restIRP
2023,NCI,35603841,restIRP
2023,NCI,36001316,restIRP
2023,NCI,36041172,restIRP
2023,NCI,36045142,restIRP
2023,NCI,36102938,restIRP
2023,NCI,36306403,restIRP
2023,NCI,36610232,restIRP
2023,NCI,36811575,restIRP
2023,NCI,37237952,restIRP
2023,NCI,36937405,restIRP
2023,NCI,36948505,restIRP
2023,NCI,36450247,restIRP
2023,NCI,36070610,restIRP
2023,NCI,36108341,restIRP
2023,NCI,37059834,restIRP
2023,NCI,36590793,restIRP
2023,NCI,36805886,restIRP
2023,NCI,36804936,restIRP
2023,NCI,36248870,restIRP
2023,NCI,36075914,restIRP
2023,NCI,35759728,restIRP
2023,NCI,36815703,restIRP
2023,NCI,36115844,restIRP
2023,NCI,36396453,restIRP
2023,NCI,36781286,restIRP
2023,NCI,36708073,restIRP
2023,NCI,37153622,restIRP
2023,NCI,34852175,restIRP
2023,NCI,34929494,restIRP
2023,NCI,35585300,restIRP
2023,NCI,35776903,restIRP
2023,NCI,35798233,restIRP
2023,NCI,36075929,restIRP
2023,NCI,36116037,restIRP
2023,NCI,36219480,restIRP
2023,NCI,37118904,restIRP
2023,NCI,35822558,restIRP
2023,NCI,36046792,restIRP
2023,NCI,36103385,restIRP
2023,NCI,36939877,restIRP
2023,NCI,36375792,restIRP
2023,NCI,36719093,restIRP
2023,NCI,36796505,restIRP
2023,NCI,36064597,restIRP
2023,NCI,36952545,restIRP
2023,NCI,36060076,restIRP
2023,NCI,36509773,restIRP
2023,NCI,36941605,restIRP
2023,NCI,37046820,restIRP
2023,NCI,37167059,restIRP
2023,NCI,36388465,restIRP
2023,NCI,36470425,restIRP
2023,NCI,37063293,restIRP
2023,NCI,36653713,restIRP
2023,NCI,36207498,restIRP
2023,NCI,36662526,restIRP
2023,NCI,36830680,restIRP
2023,NCI,36869333,restIRP
2023,NCI,36872133,restIRP
2023,NCI,36922933,restIRP
2023,NCI,36980755,restIRP
2023,NCI,36230818,restIRP
2023,NCI,35852866,restIRP
2023,NCI,36111273,restIRP
2023,NCI,36264172,restIRP
2023,NCI,36279295,restIRP
2023,NCI,36695611,restIRP
2023,NCI,36790955,restIRP
2023,NCI,36869703,restIRP
2023,NCI,37205196,restIRP
2023,NCI,36518078,restIRP
2023,NCI,36289220,restIRP
2023,NCI,37146968,restIRP
2023,NCI,37407814,restIRP
2023,NCI,36229646,restIRP
2023,NCI,36322878,restIRP
2023,NCI,36348353,restIRP
2023,NCI,37129971,restIRP
2023,NCI,37444569,restIRP
2023,NCI,36572186,restIRP
2023,NCI,36265467,restIRP
2023,NCI,36307411,restIRP
2023,NCI,36657977,restIRP
2023,NCI,35987350,restIRP
2023,NCI,36456360,restIRP
2023,NCI,36456361,restIRP
2023,NCI,37042921,restIRP
2023,NCI,36361555,restIRP
2023,NCI,36370844,restIRP
2023,NCI,36678803,restIRP
2023,NCI,36830622,restIRP
2023,NCI,36226957,restIRP
2023,NCI,37343699,restIRP
2023,NCI,37414772,restIRP
2023,NCI,36203006,restIRP
2023,NCI,36967193,restIRP
2023,NCI,36771093,restIRP
2023,NCI,36913882,restIRP
2023,NCI,37181631,restIRP
2023,NCI,37478179,restIRP
2023,NCI,35982947,restIRP
2023,NCI,36386035,restIRP
2023,NCI,36741001,restIRP
2023,NCI,36754634,restIRP
2023,NCI,36944930,restIRP
2023,NCI,36191226,restIRP
2023,NCI,36206323,restIRP
2023,NCI,36587184,restIRP
2023,NCI,36715691,restIRP
2023,NCI,37347978,restIRP
2023,NCI,36175037,restIRP
2023,NCI,37770128,restIRP
2023,NCI,36932059,restIRP
2023,NCI,37174654,restIRP
2023,NCI,37190294,restIRP
2023,NCI,37449212,restIRP
2023,NCI,36036631,restIRP
2023,NCI,36943880,restIRP
2023,NCI,36202818,restIRP
2023,NCI,37355754,restIRP
2023,NCI,37414787,restIRP
2023,NCI,36601386,restIRP
2023,NCI,37043028,restIRP
2023,NCI,36051614,restIRP
2023,NCI,36054985,restIRP
2023,NCI,36145680,restIRP
2023,NCI,36624662,restIRP
2023,NCI,36821823,restIRP
2023,NCI,37126770,restIRP
2023,NCI,37162497,restIRP
2023,NCI,37163617,restIRP
2023,NCI,37196527,restIRP
2023,NCI,37095886,restIRP
2023,NCI,35681624,restIRP
2023,NCI,36093377,restIRP
2023,NCI,36495949,restIRP
2023,NCI,36563681,restIRP
2023,NCI,36935552,restIRP
2023,NCI,37037679,restIRP
2023,NCI,37182269,restIRP
2023,NCI,36696540,restIRP
2023,NCI,36799072,restIRP
2023,NCI,36263161,restIRP
2023,NCI,36598996,restIRP
2023,NCI,36797475,restIRP
2023,NCI,36906109,restIRP
2023,NCI,37595566,restIRP
2023,NCI,36820301,restIRP
2023,NCI,37253356,restIRP
2023,NCI,37116496,restIRP
2023,NCI,35870650,restIRP
2023,NCI,36754959,restIRP
2023,NCI,37327775,restIRP
2023,NCI,36063900,restIRP
2023,NCI,36241625,restIRP
2023,NCI,35830799,restIRP
2023,NCI,35903760,restIRP
2023,NCI,35945419,restIRP
2023,NCI,36030054,restIRP
2023,NCI,36213114,restIRP
2023,NCI,36273330,restIRP
2023,NCI,36897562,restIRP
2023,NCI,36932053,restIRP
2023,NCI,36972660,restIRP
2023,NCI,37024461,restIRP
2023,NCI,37216280,restIRP
2023,NCI,36703228,restIRP
2023,NCI,35813464,restIRP
2023,NCI,36572976,restIRP
2023,NCI,37030115,restIRP
2023,NCI,37339049,restIRP
2023,NCI,37342258,restIRP
2023,NCI,37434263,restIRP
2021,NEI,32174751,restIRP
2021,NEI,32191319,restIRP
2021,NEI,32214115,restIRP
2021,NEI,32246154,restIRP
2021,NEI,32285025,restIRP
2021,NEI,32285590,restIRP
2021,NEI,32320661,restIRP
2021,NEI,32476814,restIRP
2021,NEI,32634473,restIRP
2021,NEI,32635833,restIRP
2021,NEI,32728670,restIRP
2021,NEI,32754720,restIRP
2021,NEI,32858063,restIRP
2021,NEI,32870927,restIRP
2021,NEI,33088174,restIRP
2021,NEI,33362196,restIRP
2021,NEI,32075760,restIRP
2021,NEI,33202253,restIRP
2021,NEI,33483324,restIRP
2021,NEI,34038035,restIRP
2021,NEI,32434002,restIRP
2021,NEI,32561725,restIRP
2021,NEI,33089500,restIRP
2021,NEI,34111268,restIRP
2021,NEI,34331386,restIRP
2021,NEI,32602904,restIRP
2021,NEI,32695844,restIRP
2021,NEI,33601057,restIRP
2021,NEI,32547555,restIRP
2021,NEI,33004854,restIRP
2021,NEI,33383587,restIRP
2021,NEI,33970195,restIRP
2021,NEI,31899035,restIRP
2021,NEI,31974142,restIRP
2021,NEI,32574780,restIRP
2021,NEI,32598950,restIRP
2021,NEI,32904246,restIRP
2021,NEI,33045457,restIRP
2021,NEI,33075546,restIRP
2021,NEI,33311586,restIRP
2021,NEI,33348086,restIRP
2021,NEI,33792724,restIRP
2021,NEI,34003914,restIRP
2021,NEI,34325054,restIRP
2021,NEI,34419554,restIRP
2021,NEI,33803144,restIRP
2021,NEI,34204305,restIRP
2021,NEI,34228964,restIRP
2021,NEI,33010223,restIRP
2021,NEI,33657395,restIRP
2021,NEI,33767446,restIRP
2021,NEI,34347289,restIRP
2021,NEI,31923239,restIRP
2021,NEI,32071204,restIRP
2021,NEI,33100974,restIRP
2021,NEI,33156341,restIRP
2021,NEI,33661941,restIRP
2021,NEI,33986362,restIRP
2021,NEI,34294703,restIRP
2021,NEI,32248360,restIRP
2021,NEI,32355443,restIRP
2021,NEI,32361183,restIRP
2021,NEI,32411380,restIRP
2021,NEI,32569302,restIRP
2021,NEI,32839555,restIRP
2021,NEI,33634751,restIRP
2021,NEI,33145588,restIRP
2021,NEI,33507868,restIRP
2021,NEI,33767618,restIRP
2021,NEI,33796365,restIRP
2021,NEI,31714897,restIRP
2021,NEI,33516934,restIRP
2021,NEI,32463363,restIRP
2021,NEI,32917726,restIRP
2021,NEI,32987832,restIRP
2021,NEI,33135183,restIRP
2021,NEI,34257417,restIRP
2021,NEI,32234210,restIRP
2021,NEI,33449859,restIRP
2021,NEI,32312986,restIRP
2021,NEI,32516719,restIRP
2021,NEI,32531286,restIRP
2021,NEI,32984816,restIRP
2021,NEI,33468673,restIRP
2021,NEI,33980480,restIRP
2021,NEI,33211074,restIRP
2021,NEI,34226280,restIRP
2021,NEI,32593472,restIRP
2021,NEI,33088168,restIRP
2021,NEI,33106495,restIRP
2021,NEI,34133756,restIRP
2021,NEI,32216169,restIRP
2021,NEI,32253361,restIRP
2021,NEI,32940607,restIRP
2021,NEI,32976807,restIRP
2021,NEI,33338395,restIRP
2021,NEI,31816153,restIRP
2021,NEI,32022389,restIRP
2021,NEI,32531846,restIRP
2021,NEI,32770643,restIRP
2021,NEI,32783359,restIRP
2021,NEI,32864823,restIRP
2021,NEI,32866347,restIRP
2021,NEI,32893963,restIRP
2021,NEI,33001157,restIRP
2021,NEI,33203948,restIRP
2021,NEI,33219631,restIRP
2021,NEI,33334823,restIRP
2021,NEI,33425925,restIRP
2021,NEI,33495304,restIRP
2021,NEI,33532808,restIRP
2021,NEI,33719903,restIRP
2021,NEI,33737949,restIRP
2021,NEI,34015078,restIRP
2021,NEI,34040189,restIRP
2021,NEI,34185059,restIRP
2021,NEI,34396082,restIRP
2021,NEI,33019822,restIRP
2021,NEI,33605986,restIRP
2021,NEI,32875152,restIRP
2021,NEI,33117917,restIRP
2021,NEI,34162842,restIRP
2021,NEI,33107904,restIRP
2021,NEI,32997561,restIRP
2021,NEI,33569054,restIRP
2021,NEI,33649316,restIRP
2021,NEI,33712461,restIRP
2021,NEI,34245014,restIRP
2021,NEI,34223797,restIRP
2021,NEI,32084268,restIRP
2021,NEI,32879010,restIRP
2021,NEI,34253851,restIRP
2021,NEI,32019134,restIRP
2021,NEI,33450959,restIRP
2021,NEI,33458560,restIRP
2021,NEI,33627831,restIRP
2021,NEI,33889793,restIRP
2021,NEI,34239035,restIRP
2021,NEI,34360537,restIRP
2022,NEI,33513359,restIRP
2022,NEI,34518365,restIRP
2022,NEI,34722527,restIRP
2022,NEI,34928367,restIRP
2022,NEI,35075486,restIRP
2022,NEI,35307029,restIRP
2022,NEI,36084637,restIRP
2022,NEI,36207300,restIRP
2022,NEI,35115511,restIRP
2022,NEI,35749129,restIRP
2022,NEI,32753397,restIRP
2022,NEI,33345678,restIRP
2022,NEI,33504991,restIRP
2022,NEI,35021041,restIRP
2022,NEI,35076026,restIRP
2022,NEI,35312150,restIRP
2022,NEI,35353811,restIRP
2022,NEI,35627310,restIRP
2022,NEI,30325876,restIRP
2022,NEI,32152145,restIRP
2022,NEI,33005041,restIRP
2022,NEI,33520392,restIRP
2022,NEI,34166655,restIRP
2022,NEI,35015028,restIRP
2022,NEI,34603297,restIRP
2022,NEI,34782464,restIRP
2022,NEI,34652576,restIRP
2022,NEI,34692955,restIRP
2022,NEI,33229343,restIRP
2022,NEI,33359681,restIRP
2022,NEI,33442737,restIRP
2022,NEI,33497361,restIRP
2022,NEI,34549489,restIRP
2022,NEI,34625432,restIRP
2022,NEI,34758100,restIRP
2022,NEI,34990643,restIRP
2022,NEI,35308963,restIRP
2022,NEI,35360552,restIRP
2022,NEI,35381392,restIRP
2022,NEI,35662803,restIRP
2022,NEI,35781941,restIRP
2022,NEI,34847148,restIRP
2022,NEI,35341744,restIRP
2022,NEI,34644563,restIRP
2022,NEI,35303419,restIRP
2022,NEI,35417234,restIRP
2022,NEI,34548657,restIRP
2022,NEI,35816042,restIRP
2022,NEI,34528698,restIRP
2022,NEI,34662339,restIRP
2022,NEI,34787639,restIRP
2022,NEI,35096838,restIRP
2022,NEI,35343376,restIRP
2022,NEI,35391798,restIRP
2022,NEI,35412582,restIRP
2022,NEI,34504903,restIRP
2022,NEI,35464297,restIRP
2022,NEI,35774328,restIRP
2022,NEI,35900727,restIRP
2022,NEI,34831174,restIRP
2022,NEI,34887495,restIRP
2022,NEI,34911940,restIRP
2022,NEI,35041689,restIRP
2022,NEI,35328338,restIRP
2022,NEI,35522714,restIRP
2022,NEI,35121733,restIRP
2022,NEI,35534528,restIRP
2022,NEI,33713679,restIRP
2022,NEI,33945821,restIRP
2022,NEI,34967835,restIRP
2022,NEI,34982279,restIRP
2022,NEI,35067607,restIRP
2022,NEI,35381204,restIRP
2022,NEI,35664992,restIRP
2022,NEI,35868845,restIRP
2022,NEI,35877095,restIRP
2022,NEI,33569048,restIRP
2022,NEI,34874579,restIRP
2022,NEI,35536012,restIRP
2022,NEI,35897732,restIRP
2022,NEI,35951427,restIRP
2022,NEI,35044435,restIRP
2022,NEI,35169189,restIRP
2022,NEI,35289268,restIRP
2022,NEI,34751129,restIRP
2022,NEI,35266249,restIRP
2022,NEI,35456481,restIRP
2022,NEI,34750957,restIRP
2022,NEI,35181508,restIRP
2022,NEI,35887093,restIRP
2022,NEI,35146209,restIRP
2022,NEI,34206213,restIRP
2022,NEI,35026233,restIRP
2022,NEI,35352678,restIRP
2022,NEI,35471186,restIRP
2022,NEI,35662215,restIRP
2022,NEI,34638544,restIRP
2022,NEI,35473441,restIRP
2023,NEI,35776116,restIRP
2023,NEI,35783089,restIRP
2023,NEI,35997788,restIRP
2023,NEI,36180221,restIRP
2023,NEI,36226585,restIRP
2023,NEI,36481221,restIRP
2023,NEI,36975211,restIRP
2023,NEI,37153444,restIRP
2023,NEI,37488009,restIRP
2023,NEI,37519633,restIRP
2023,NEI,37585292,restIRP
2023,NEI,35905738,restIRP
2023,NEI,36077335,restIRP
2023,NEI,36306781,restIRP
2023,NEI,36506320,restIRP
2023,NEI,37288665,restIRP
2023,NEI,36326727,restIRP
2023,NEI,36339947,restIRP
2023,NEI,36393906,restIRP
2023,NEI,37211138,restIRP
2023,NEI,35020440,restIRP
2023,NEI,37334383,restIRP
2023,NEI,36413359,restIRP
2023,NEI,35653117,restIRP
2023,NEI,35660417,restIRP
2023,NEI,35940477,restIRP
2023,NEI,36846105,restIRP
2023,NEI,36939084,restIRP
2023,NEI,37018064,restIRP
2023,NEI,37511618,restIRP
2023,NEI,37548612,restIRP
2023,NEI,36338188,restIRP
2023,NEI,36361898,restIRP
2023,NEI,36982411,restIRP
2023,NEI,35246225,restIRP
2023,NEI,36011372,restIRP
2023,NEI,36075891,restIRP
2023,NEI,36241656,restIRP
2023,NEI,36670602,restIRP
2023,NEI,36881408,restIRP
2023,NEI,36917121,restIRP
2023,NEI,37033725,restIRP
2023,NEI,37097228,restIRP
2023,NEI,36100689,restIRP
2023,NEI,36594026,restIRP
2023,NEI,36698662,restIRP
2023,NEI,36227606,restIRP
2023,NEI,36927955,restIRP
2023,NEI,36934843,restIRP
2023,NEI,37591201,restIRP
2023,NEI,37614226,restIRP
2023,NEI,36284107,restIRP
2023,NEI,37085491,restIRP
2023,NEI,35880133,restIRP
2023,NEI,36758675,restIRP
2023,NEI,37080596,restIRP
2023,NEI,37202508,restIRP
2023,NEI,35327965,restIRP
2023,NEI,35470760,restIRP
2023,NEI,35475888,restIRP
2023,NEI,35679059,restIRP
2023,NEI,36007554,restIRP
2023,NEI,36332842,restIRP
2023,NEI,36413568,restIRP
2023,NEI,36689233,restIRP
2023,NEI,36951427,restIRP
2023,NEI,36467689,restIRP
2023,NEI,35074784,restIRP
2023,NEI,36223603,restIRP
2023,NEI,36366285,restIRP
2023,NEI,36538113,restIRP
2023,NEI,36547953,restIRP
2023,NEI,36963628,restIRP
2023,NEI,36977910,restIRP
2023,NEI,36265895,restIRP
2023,NEI,36575190,restIRP
2023,NEI,35046529,restIRP
2023,NEI,36745553,restIRP
2023,NEI,36412553,restIRP
2023,NEI,36614088,restIRP
2023,NEI,37327787,restIRP
2021,NHGRI,33411714,restIRP
2021,NHGRI,33486153,restIRP
2021,NHGRI,33616082,restIRP
2021,NHGRI,34371135,restIRP
2021,NHGRI,33089966,restIRP
2021,NHGRI,33408411,restIRP
2021,NHGRI,33542373,restIRP
2021,NHGRI,33828295,restIRP
2021,NHGRI,33910227,restIRP
2021,NHGRI,33910595,restIRP
2021,NHGRI,33911078,restIRP
2021,NHGRI,33911273,restIRP
2021,NHGRI,34409936,restIRP
2021,NHGRI,32518111,restIRP
2021,NHGRI,31967935,restIRP
2021,NHGRI,31967946,restIRP
2021,NHGRI,31996359,restIRP
2021,NHGRI,32218991,restIRP
2021,NHGRI,32663838,restIRP
2021,NHGRI,32386298,restIRP
2021,NHGRI,34048573,restIRP
2021,NHGRI,31893087,restIRP
2021,NHGRI,32077592,restIRP
2021,NHGRI,32376980,restIRP
2021,NHGRI,32511434,restIRP
2021,NHGRI,32804429,restIRP
2021,NHGRI,32814065,restIRP
2021,NHGRI,32943637,restIRP
2021,NHGRI,33108101,restIRP
2021,NHGRI,32993552,restIRP
2021,NHGRI,33005041,restIRP
2021,NHGRI,33465815,restIRP
2021,NHGRI,33905568,restIRP
2021,NHGRI,31841133,restIRP
2021,NHGRI,31871193,restIRP
2021,NHGRI,32084179,restIRP
2021,NHGRI,32158702,restIRP
2021,NHGRI,32172619,restIRP
2021,NHGRI,32207403,restIRP
2021,NHGRI,32315356,restIRP
2021,NHGRI,32601469,restIRP
2021,NHGRI,32898326,restIRP
2021,NHGRI,33116287,restIRP
2021,NHGRI,33193594,restIRP
2021,NHGRI,33225922,restIRP
2021,NHGRI,33258447,restIRP
2021,NHGRI,32976669,restIRP
2021,NHGRI,32993373,restIRP
2021,NHGRI,33388420,restIRP
2021,NHGRI,33473358,restIRP
2021,NHGRI,33625768,restIRP
2021,NHGRI,33820958,restIRP
2021,NHGRI,34007002,restIRP
2021,NHGRI,34169115,restIRP
2021,NHGRI,34407999,restIRP
2021,NHGRI,34014933,restIRP
2021,NHGRI,20301397,restIRP
2021,NHGRI,24156116,restIRP
2021,NHGRI,31704340,restIRP
2021,NHGRI,32143456,restIRP
2021,NHGRI,32179479,restIRP
2021,NHGRI,32477883,restIRP
2021,NHGRI,32544203,restIRP
2021,NHGRI,32746863,restIRP
2021,NHGRI,32753397,restIRP
2021,NHGRI,33093671,restIRP
2021,NHGRI,33523931,restIRP
2021,NHGRI,33807817,restIRP
2021,NHGRI,32222457,restIRP
2021,NHGRI,32638197,restIRP
2021,NHGRI,32666380,restIRP
2021,NHGRI,32892503,restIRP
2021,NHGRI,33006108,restIRP
2021,NHGRI,33021335,restIRP
2021,NHGRI,33436947,restIRP
2021,NHGRI,33619160,restIRP
2021,NHGRI,33892719,restIRP
2021,NHGRI,34004258,restIRP
2021,NHGRI,34337120,restIRP
2021,NHGRI,34363755,restIRP
2021,NHGRI,34427584,restIRP
2021,NHGRI,34492165,restIRP
2021,NHGRI,33872388,restIRP
2021,NHGRI,32132109,restIRP
2021,NHGRI,32186706,restIRP
2021,NHGRI,32386542,restIRP
2021,NHGRI,33788948,restIRP
2021,NHGRI,31920502,restIRP
2021,NHGRI,33098770,restIRP
2021,NHGRI,33225453,restIRP
2021,NHGRI,33455521,restIRP
2021,NHGRI,33766516,restIRP
2021,NHGRI,34399111,restIRP
2021,NHGRI,32071439,restIRP
2021,NHGRI,32209086,restIRP
2021,NHGRI,32226005,restIRP
2021,NHGRI,32409115,restIRP
2021,NHGRI,32554701,restIRP
2021,NHGRI,32619550,restIRP
2021,NHGRI,32868416,restIRP
2021,NHGRI,32911491,restIRP
2021,NHGRI,32242941,restIRP
2021,NHGRI,32471800,restIRP
2021,NHGRI,32764102,restIRP
2021,NHGRI,33043079,restIRP
2021,NHGRI,33183916,restIRP
2021,NHGRI,33676819,restIRP
2021,NHGRI,33711910,restIRP
2021,NHGRI,34076298,restIRP
2021,NHGRI,34202076,restIRP
2021,NHGRI,34234814,restIRP
2021,NHGRI,32999275,restIRP
2021,NHGRI,33389762,restIRP
2021,NHGRI,33408413,restIRP
2021,NHGRI,33707773,restIRP
2021,NHGRI,33740447,restIRP
2021,NHGRI,33849996,restIRP
2021,NHGRI,34038741,restIRP
2021,NHGRI,34059833,restIRP
2021,NHGRI,34081913,restIRP
2021,NHGRI,34453483,restIRP
2021,NHGRI,33336253,restIRP
2021,NHGRI,33681653,restIRP
2021,NHGRI,33832433,restIRP
2021,NHGRI,34155414,restIRP
2021,NHGRI,34246199,restIRP
2021,NHGRI,34296265,restIRP
2021,NHGRI,34346704,restIRP
2021,NHGRI,34355505,restIRP
2021,NHGRI,32800727,restIRP
2021,NHGRI,32870266,restIRP
2021,NHGRI,33594163,restIRP
2021,NHGRI,33853833,restIRP
2021,NHGRI,34241624,restIRP
2021,NHGRI,32541925,restIRP
2021,NHGRI,33175840,restIRP
2021,NHGRI,33712848,restIRP
2021,NHGRI,33749793,restIRP
2021,NHGRI,34061827,restIRP
2021,NHGRI,32327584,restIRP
2021,NHGRI,33208503,restIRP
2021,NHGRI,33212154,restIRP
2021,NHGRI,33338684,restIRP
2021,NHGRI,33453153,restIRP
2021,NHGRI,32892676,restIRP
2021,NHGRI,33081832,restIRP
2021,NHGRI,33420235,restIRP
2021,NHGRI,34215221,restIRP
2021,NHGRI,29304203,restIRP
2021,NHGRI,32745591,restIRP
2021,NHGRI,32994442,restIRP
2021,NHGRI,33025459,restIRP
2021,NHGRI,32266521,restIRP
2021,NHGRI,33544972,restIRP
2021,NHGRI,20301619,restIRP
2021,NHGRI,32030847,restIRP
2021,NHGRI,32040961,restIRP
2021,NHGRI,32624263,restIRP
2021,NHGRI,32861507,restIRP
2021,NHGRI,32914583,restIRP
2021,NHGRI,32994107,restIRP
2021,NHGRI,33005710,restIRP
2021,NHGRI,33030203,restIRP
2021,NHGRI,33108757,restIRP
2021,NHGRI,33554391,restIRP
2021,NHGRI,33676403,restIRP
2021,NHGRI,33767344,restIRP
2021,NHGRI,33876469,restIRP
2021,NHGRI,34282422,restIRP
2021,NHGRI,32686688,restIRP
2021,NHGRI,33479156,restIRP
2021,NHGRI,33741997,restIRP
2021,NHGRI,31624376,restIRP
2021,NHGRI,32883883,restIRP
2021,NHGRI,32929473,restIRP
2021,NHGRI,33569577,restIRP
2021,NHGRI,33661592,restIRP
2021,NHGRI,33894177,restIRP
2021,NHGRI,34166225,restIRP
2021,NHGRI,34233450,restIRP
2021,NHGRI,32283081,restIRP
2021,NHGRI,33960148,restIRP
2021,NHGRI,34086483,restIRP
2021,NHGRI,32724039,restIRP
2021,NHGRI,33172906,restIRP
2021,NHGRI,34162668,restIRP
2021,NHGRI,34256011,restIRP
2021,NHGRI,32131811,restIRP
2021,NHGRI,32439486,restIRP
2021,NHGRI,32742149,restIRP
2021,NHGRI,33895243,restIRP
2021,NHGRI,33948907,restIRP
2021,NHGRI,31890731,restIRP
2021,NHGRI,32576936,restIRP
2021,NHGRI,32779569,restIRP
2021,NHGRI,32781981,restIRP
2021,NHGRI,33140053,restIRP
2021,NHGRI,33768091,restIRP
2021,NHGRI,33958989,restIRP
2021,NHGRI,34172899,restIRP
2021,NHGRI,34193512,restIRP
2021,NHGRI,31953449,restIRP
2021,NHGRI,32781082,restIRP
2021,NHGRI,32944009,restIRP
2021,NHGRI,33196082,restIRP
2021,NHGRI,33839147,restIRP
2021,NHGRI,33044907,restIRP
2021,NHGRI,32152089,restIRP
2021,NHGRI,32395830,restIRP
2021,NHGRI,33097395,restIRP
2021,NHGRI,33105479,restIRP
2021,NHGRI,33119105,restIRP
2021,NHGRI,33219145,restIRP
2021,NHGRI,33239752,restIRP
2021,NHGRI,33969317,restIRP
2021,NHGRI,34089226,restIRP
2021,NHGRI,34256816,restIRP
2021,NHGRI,34277935,restIRP
2021,NHGRI,31348921,restIRP
2021,NHGRI,31668555,restIRP
2022,NHGRI,34518542,restIRP
2022,NHGRI,34829933,restIRP
2022,NHGRI,35841324,restIRP
2022,NHGRI,35020798,restIRP
2022,NHGRI,35042802,restIRP
2022,NHGRI,35042810,restIRP
2022,NHGRI,35357911,restIRP
2022,NHGRI,35357915,restIRP
2022,NHGRI,35357917,restIRP
2022,NHGRI,35357919,restIRP
2022,NHGRI,35357925,restIRP
2022,NHGRI,35357935,restIRP
2022,NHGRI,35361931,restIRP
2022,NHGRI,35361932,restIRP
2022,NHGRI,36223450,restIRP
2022,NHGRI,36302175,restIRP
2022,NHGRI,35608899,restIRP
2022,NHGRI,35047844,restIRP
2022,NHGRI,35480315,restIRP
2022,NHGRI,34355424,restIRP
2022,NHGRI,34882836,restIRP
2022,NHGRI,32372009,restIRP
2022,NHGRI,33051549,restIRP
2022,NHGRI,33542123,restIRP
2022,NHGRI,33603002,restIRP
2022,NHGRI,33713608,restIRP
2022,NHGRI,33729508,restIRP
2022,NHGRI,34117260,restIRP
2022,NHGRI,34126128,restIRP
2022,NHGRI,34196372,restIRP
2022,NHGRI,34887591,restIRP
2022,NHGRI,20301503,restIRP
2022,NHGRI,34485611,restIRP
2022,NHGRI,34901307,restIRP
2022,NHGRI,35104841,restIRP
2022,NHGRI,35107211,restIRP
2022,NHGRI,35613279,restIRP
2022,NHGRI,35868241,restIRP
2022,NHGRI,33387233,restIRP
2022,NHGRI,34315336,restIRP
2022,NHGRI,35092647,restIRP
2022,NHGRI,35982159,restIRP
2022,NHGRI,34906458,restIRP
2022,NHGRI,34450229,restIRP
2022,NHGRI,34815299,restIRP
2022,NHGRI,35144859,restIRP
2022,NHGRI,34797715,restIRP
2022,NHGRI,35095905,restIRP
2022,NHGRI,35587511,restIRP
2022,NHGRI,35621220,restIRP
2022,NHGRI,35793467,restIRP
2022,NHGRI,35868845,restIRP
2022,NHGRI,35081118,restIRP
2022,NHGRI,34492681,restIRP
2022,NHGRI,35350206,restIRP
2022,NHGRI,33863806,restIRP
2022,NHGRI,33983928,restIRP
2022,NHGRI,34070911,restIRP
2022,NHGRI,34745336,restIRP
2022,NHGRI,33589841,restIRP
2022,NHGRI,34762337,restIRP
2022,NHGRI,34652576,restIRP
2022,NHGRI,35347128,restIRP
2022,NHGRI,35551307,restIRP
2022,NHGRI,34936382,restIRP
2022,NHGRI,34952941,restIRP
2022,NHGRI,35272717,restIRP
2022,NHGRI,35274497,restIRP
2022,NHGRI,35537115,restIRP
2022,NHGRI,35716026,restIRP
2022,NHGRI,34321704,restIRP
2022,NHGRI,34504056,restIRP
2022,NHGRI,34698770,restIRP
2022,NHGRI,35022715,restIRP
2022,NHGRI,35138370,restIRP
2022,NHGRI,35563467,restIRP
2022,NHGRI,35627201,restIRP
2022,NHGRI,35655316,restIRP
2022,NHGRI,35915169,restIRP
2022,NHGRI,33420026,restIRP
2022,NHGRI,33534346,restIRP
2022,NHGRI,33853351,restIRP
2022,NHGRI,34014961,restIRP
2022,NHGRI,34097045,restIRP
2022,NHGRI,34302236,restIRP
2022,NHGRI,34982132,restIRP
2022,NHGRI,35013250,restIRP
2022,NHGRI,35199555,restIRP
2022,NHGRI,35218343,restIRP
2022,NHGRI,35500537,restIRP
2022,NHGRI,35600119,restIRP
2022,NHGRI,35701404,restIRP
2022,NHGRI,35886906,restIRP
2022,NHGRI,33385336,restIRP
2022,NHGRI,34252398,restIRP
2022,NHGRI,34469647,restIRP
2022,NHGRI,34582748,restIRP
2022,NHGRI,35649365,restIRP
2022,NHGRI,33777396,restIRP
2022,NHGRI,33996396,restIRP
2022,NHGRI,34233327,restIRP
2022,NHGRI,35645289,restIRP
2022,NHGRI,35813870,restIRP
2022,NHGRI,34656763,restIRP
2022,NHGRI,34861173,restIRP
2022,NHGRI,30853189,restIRP
2022,NHGRI,32035943,restIRP
2022,NHGRI,33719903,restIRP
2022,NHGRI,33753828,restIRP
2022,NHGRI,33887195,restIRP
2022,NHGRI,33987754,restIRP
2022,NHGRI,34040190,restIRP
2022,NHGRI,34059901,restIRP
2022,NHGRI,34105192,restIRP
2022,NHGRI,34433902,restIRP
2022,NHGRI,34480685,restIRP
2022,NHGRI,34649967,restIRP
2022,NHGRI,34887311,restIRP
2022,NHGRI,34955381,restIRP
2022,NHGRI,35036505,restIRP
2022,NHGRI,35441778,restIRP
2022,NHGRI,35461279,restIRP
2022,NHGRI,35835913,restIRP
2022,NHGRI,35849058,restIRP
2022,NHGRI,35635730,restIRP
2022,NHGRI,35708944,restIRP
2022,NHGRI,35896530,restIRP
2022,NHGRI,36332927,restIRP
2022,NHGRI,33574619,restIRP
2022,NHGRI,34559564,restIRP
2022,NHGRI,34644563,restIRP
2022,NHGRI,35350208,restIRP
2022,NHGRI,35500221,restIRP
2022,NHGRI,33173195,restIRP
2022,NHGRI,35739508,restIRP
2022,NHGRI,34489643,restIRP
2022,NHGRI,34542605,restIRP
2022,NHGRI,35042807,restIRP
2022,NHGRI,35192612,restIRP
2022,NHGRI,35789323,restIRP
2022,NHGRI,34800913,restIRP
2022,NHGRI,34886689,restIRP
2022,NHGRI,34939352,restIRP
2022,NHGRI,35103881,restIRP
2022,NHGRI,33964094,restIRP
2022,NHGRI,34079627,restIRP
2022,NHGRI,34229325,restIRP
2022,NHGRI,34870278,restIRP
2022,NHGRI,35106043,restIRP
2022,NHGRI,35659933,restIRP
2022,NHGRI,33413482,restIRP
2022,NHGRI,34257421,restIRP
2022,NHGRI,34323400,restIRP
2022,NHGRI,34382076,restIRP
2022,NHGRI,34439280,restIRP
2022,NHGRI,34723967,restIRP
2022,NHGRI,34878901,restIRP
2022,NHGRI,35716054,restIRP
2022,NHGRI,35800887,restIRP
2022,NHGRI,35848209,restIRP
2022,NHGRI,35913761,restIRP
2022,NHGRI,35140266,restIRP
2023,NHGRI,36142581,restIRP
2023,NHGRI,36212030,restIRP
2023,NHGRI,37018064,restIRP
2023,NHGRI,36161920,restIRP
2023,NHGRI,36167554,restIRP
2023,NHGRI,36208288,restIRP
2023,NHGRI,36261518,restIRP
2023,NHGRI,36344967,restIRP
2023,NHGRI,36797493,restIRP
2023,NHGRI,37013528,restIRP
2023,NHGRI,37165241,restIRP
2023,NHGRI,37165242,restIRP
2023,NHGRI,37603771,restIRP
2023,NHGRI,35509004,restIRP
2023,NHGRI,36819663,restIRP
2023,NHGRI,37365004,restIRP
2023,NHGRI,36380233,restIRP
2023,NHGRI,36639202,restIRP
2023,NHGRI,36782149,restIRP
2023,NHGRI,35854274,restIRP
2023,NHGRI,36093861,restIRP
2023,NHGRI,36779427,restIRP
2023,NHGRI,35015074,restIRP
2023,NHGRI,35314805,restIRP
2023,NHGRI,35588128,restIRP
2023,NHGRI,35657990,restIRP
2023,NHGRI,35836279,restIRP
2023,NHGRI,35931049,restIRP
2023,NHGRI,36071172,restIRP
2023,NHGRI,36347891,restIRP
2023,NHGRI,36544485,restIRP
2023,NHGRI,36575460,restIRP
2023,NHGRI,36868199,restIRP
2023,NHGRI,37004336,restIRP
2023,NHGRI,36186952,restIRP
2023,NHGRI,36694456,restIRP
2023,NHGRI,36700853,restIRP
2023,NHGRI,36709532,restIRP
2023,NHGRI,36897941,restIRP
2023,NHGRI,35696333,restIRP
2023,NHGRI,36223753,restIRP
2023,NHGRI,36332842,restIRP
2023,NHGRI,36494621,restIRP
2023,NHGRI,36692560,restIRP
2023,NHGRI,36926348,restIRP
2023,NHGRI,36941081,restIRP
2023,NHGRI,37084382,restIRP
2023,NHGRI,37256972,restIRP
2023,NHGRI,37586319,restIRP
2023,NHGRI,36602162,restIRP
2023,NHGRI,37074246,restIRP
2023,NHGRI,37409892,restIRP
2023,NHGRI,35090588,restIRP
2023,NHGRI,35482674,restIRP
2023,NHGRI,35502722,restIRP
2023,NHGRI,35575082,restIRP
2023,NHGRI,35580182,restIRP
2023,NHGRI,36439482,restIRP
2023,NHGRI,36493753,restIRP
2023,NHGRI,36867701,restIRP
2023,NHGRI,36980922,restIRP
2023,NHGRI,37246949,restIRP
2023,NHGRI,36757889,restIRP
2023,NHGRI,37291194,restIRP
2023,NHGRI,37386251,restIRP
2023,NHGRI,37603758,restIRP
2023,NHGRI,37054678,restIRP
2023,NHGRI,37070724,restIRP
2023,NHGRI,37127330,restIRP
2023,NHGRI,37327787,restIRP
2023,NHGRI,37429841,restIRP
2023,NHGRI,37483601,restIRP
2023,NHGRI,33611730,restIRP
2023,NHGRI,34128970,restIRP
2023,NHGRI,35157022,restIRP
2023,NHGRI,35226188,restIRP
2023,NHGRI,35446370,restIRP
2023,NHGRI,35590255,restIRP
2023,NHGRI,36033590,restIRP
2023,NHGRI,36173112,restIRP
2023,NHGRI,37096581,restIRP
2023,NHGRI,37150941,restIRP
2023,NHGRI,37196047,restIRP
2023,NHGRI,37208468,restIRP
2023,NHGRI,36179219,restIRP
2023,NHGRI,35620936,restIRP
2023,NHGRI,35925717,restIRP
2023,NHGRI,36123662,restIRP
2023,NHGRI,35679801,restIRP
2023,NHGRI,36402890,restIRP
2023,NHGRI,36774100,restIRP
2023,NHGRI,37117635,restIRP
2023,NHGRI,37663545,restIRP
2023,NHGRI,35839129,restIRP
2023,NHGRI,36062894,restIRP
2023,NHGRI,36806333,restIRP
2023,NHGRI,37606238,restIRP
2023,NHGRI,35389781,restIRP
2023,NHGRI,35452566,restIRP
2023,NHGRI,36477308,restIRP
2023,NHGRI,36716083,restIRP
2023,NHGRI,36862625,restIRP
2023,NHGRI,37321640,restIRP
2023,NHGRI,36326816,restIRP
2023,NHGRI,36800387,restIRP
2023,NHGRI,35030356,restIRP
2023,NHGRI,35513726,restIRP
2023,NHGRI,35690058,restIRP
2023,NHGRI,35145086,restIRP
2023,NHGRI,37225965,restIRP
2023,NHGRI,37491298,restIRP
2023,NHGRI,37536952,restIRP
2023,NHGRI,35635577,restIRP
2023,NHGRI,36201931,restIRP
2023,NHGRI,36336785,restIRP
2023,NHGRI,37104980,restIRP
2023,NHGRI,37208779,restIRP
2023,NHGRI,33558680,restIRP
2023,NHGRI,36085199,restIRP
2023,NHGRI,36609028,restIRP
2023,NHGRI,37132649,restIRP
2023,NHGRI,36450981,restIRP
2023,NHGRI,36933558,restIRP
2023,NHGRI,36621267,restIRP
2023,NHGRI,37120583,restIRP
2023,NHGRI,35725582,restIRP
2023,NHGRI,36935165,restIRP
2023,NHGRI,35021041,restIRP
2023,NHGRI,35102814,restIRP
2023,NHGRI,35312150,restIRP
2023,NHGRI,35790351,restIRP
2023,NHGRI,35835062,restIRP
2023,NHGRI,35843134,restIRP
2023,NHGRI,36046236,restIRP
2023,NHGRI,36181424,restIRP
2023,NHGRI,36302964,restIRP
2023,NHGRI,36339947,restIRP
2023,NHGRI,36513625,restIRP
2023,NHGRI,36719165,restIRP
2023,NHGRI,36765070,restIRP
2023,NHGRI,36774715,restIRP
2023,NHGRI,36935719,restIRP
2023,NHGRI,36965478,restIRP
2023,NHGRI,36968585,restIRP
2023,NHGRI,37038090,restIRP
2023,NHGRI,37448631,restIRP
2021,NHLBI,32795418,restIRP
2021,NHLBI,33376189,restIRP
2021,NHLBI,33855846,restIRP
2021,NHLBI,34086271,restIRP
2021,NHLBI,34937911,restIRP
2021,NHLBI,31895698,restIRP
2021,NHLBI,32040482,restIRP
2021,NHLBI,32054731,restIRP
2021,NHLBI,32103491,restIRP
2021,NHLBI,32202637,restIRP
2021,NHLBI,32508208,restIRP
2021,NHLBI,32688395,restIRP
2021,NHLBI,32726539,restIRP
2021,NHLBI,32755330,restIRP
2021,NHLBI,32808680,restIRP
2021,NHLBI,33026937,restIRP
2021,NHLBI,33653216,restIRP
2021,NHLBI,33734005,restIRP
2021,NHLBI,33735912,restIRP
2021,NHLBI,33963002,restIRP
2021,NHLBI,34158358,restIRP
2021,NHLBI,32291845,restIRP
2021,NHLBI,32423456,restIRP
2021,NHLBI,33309924,restIRP
2021,NHLBI,33347642,restIRP
2021,NHLBI,33529138,restIRP
2021,NHLBI,33860962,restIRP
2021,NHLBI,33952312,restIRP
2021,NHLBI,34038035,restIRP
2021,NHLBI,34080253,restIRP
2021,NHLBI,34116134,restIRP
2021,NHLBI,34250492,restIRP
2021,NHLBI,31784345,restIRP
2021,NHLBI,31893124,restIRP
2021,NHLBI,31941718,restIRP
2021,NHLBI,31996466,restIRP
2021,NHLBI,32073411,restIRP
2021,NHLBI,32097464,restIRP
2021,NHLBI,32222278,restIRP
2021,NHLBI,32292609,restIRP
2021,NHLBI,32737203,restIRP
2021,NHLBI,32907987,restIRP
2021,NHLBI,33442570,restIRP
2021,NHLBI,34097448,restIRP
2021,NHLBI,31985806,restIRP
2021,NHLBI,32889151,restIRP
2021,NHLBI,33309880,restIRP
2021,NHLBI,33322084,restIRP
2021,NHLBI,33810313,restIRP
2021,NHLBI,34450041,restIRP
2021,NHLBI,32336198,restIRP
2021,NHLBI,32649856,restIRP
2021,NHLBI,32754618,restIRP
2021,NHLBI,32781905,restIRP
2021,NHLBI,32888493,restIRP
2021,NHLBI,33057201,restIRP
2021,NHLBI,33512453,restIRP
2021,NHLBI,33568140,restIRP
2021,NHLBI,33568819,restIRP
2021,NHLBI,33861317,restIRP
2021,NHLBI,33876560,restIRP
2021,NHLBI,33887194,restIRP
2021,NHLBI,34050697,restIRP
2021,NHLBI,34131117,restIRP
2021,NHLBI,34175748,restIRP
2021,NHLBI,34210154,restIRP
2021,NHLBI,32527859,restIRP
2021,NHLBI,32765493,restIRP
2021,NHLBI,32848178,restIRP
2021,NHLBI,32002778,restIRP
2021,NHLBI,32002779,restIRP
2021,NHLBI,32060677,restIRP
2021,NHLBI,32414239,restIRP
2021,NHLBI,32770927,restIRP
2021,NHLBI,32872113,restIRP
2021,NHLBI,32891108,restIRP
2021,NHLBI,33003739,restIRP
2021,NHLBI,33112147,restIRP
2021,NHLBI,33444979,restIRP
2021,NHLBI,33557541,restIRP
2021,NHLBI,33620194,restIRP
2021,NHLBI,33620214,restIRP
2021,NHLBI,33705760,restIRP
2021,NHLBI,33722046,restIRP
2021,NHLBI,33939083,restIRP
2021,NHLBI,33990140,restIRP
2021,NHLBI,34214541,restIRP
2021,NHLBI,34470363,restIRP
2021,NHLBI,33111505,restIRP
2021,NHLBI,33482682,restIRP
2021,NHLBI,33497361,restIRP
2021,NHLBI,34050321,restIRP
2021,NHLBI,34223172,restIRP
2021,NHLBI,34402430,restIRP
2021,NHLBI,31925293,restIRP
2021,NHLBI,31968253,restIRP
2021,NHLBI,32017711,restIRP
2021,NHLBI,32114296,restIRP
2021,NHLBI,32321991,restIRP
2021,NHLBI,32544461,restIRP
2021,NHLBI,32583739,restIRP
2021,NHLBI,32637623,restIRP
2021,NHLBI,32709745,restIRP
2021,NHLBI,33020907,restIRP
2021,NHLBI,33372138,restIRP
2021,NHLBI,32375181,restIRP
2021,NHLBI,33831782,restIRP
2021,NHLBI,31688919,restIRP
2021,NHLBI,31952533,restIRP
2021,NHLBI,32123114,restIRP
2021,NHLBI,32128025,restIRP
2021,NHLBI,32601220,restIRP
2021,NHLBI,32632289,restIRP
2021,NHLBI,32646751,restIRP
2021,NHLBI,32709902,restIRP
2021,NHLBI,32732874,restIRP
2021,NHLBI,32868297,restIRP
2021,NHLBI,33157038,restIRP
2021,NHLBI,33177079,restIRP
2021,NHLBI,33598517,restIRP
2021,NHLBI,33629936,restIRP
2021,NHLBI,33661274,restIRP
2021,NHLBI,33674590,restIRP
2021,NHLBI,33853959,restIRP
2021,NHLBI,32924005,restIRP
2021,NHLBI,33010430,restIRP
2021,NHLBI,33030517,restIRP
2021,NHLBI,33054127,restIRP
2021,NHLBI,33108101,restIRP
2021,NHLBI,33755090,restIRP
2021,NHLBI,33775615,restIRP
2021,NHLBI,33784346,restIRP
2021,NHLBI,34036237,restIRP
2021,NHLBI,34258102,restIRP
2021,NHLBI,32079144,restIRP
2021,NHLBI,32170015,restIRP
2021,NHLBI,33058779,restIRP
2021,NHLBI,33326251,restIRP
2021,NHLBI,34031242,restIRP
2021,NHLBI,34122445,restIRP
2021,NHLBI,34260278,restIRP
2021,NHLBI,32988843,restIRP
2021,NHLBI,33827897,restIRP
2021,NHLBI,32105293,restIRP
2021,NHLBI,32200120,restIRP
2021,NHLBI,32289161,restIRP
2021,NHLBI,32458066,restIRP
2021,NHLBI,33054091,restIRP
2021,NHLBI,31582555,restIRP
2021,NHLBI,32034075,restIRP
2021,NHLBI,32330244,restIRP
2021,NHLBI,32659786,restIRP
2021,NHLBI,32700830,restIRP
2021,NHLBI,33256377,restIRP
2021,NHLBI,33284949,restIRP
2021,NHLBI,33351110,restIRP
2021,NHLBI,33738325,restIRP
2021,NHLBI,34174439,restIRP
2021,NHLBI,31282290,restIRP
2021,NHLBI,31768073,restIRP
2021,NHLBI,31818907,restIRP
2021,NHLBI,31877415,restIRP
2021,NHLBI,31896779,restIRP
2021,NHLBI,31941368,restIRP
2021,NHLBI,32439900,restIRP
2021,NHLBI,32512511,restIRP
2021,NHLBI,32525743,restIRP
2021,NHLBI,32588552,restIRP
2021,NHLBI,32697766,restIRP
2021,NHLBI,32921207,restIRP
2021,NHLBI,32943164,restIRP
2021,NHLBI,32988399,restIRP
2021,NHLBI,33038041,restIRP
2021,NHLBI,33080140,restIRP
2021,NHLBI,33297754,restIRP
2021,NHLBI,33372532,restIRP
2021,NHLBI,33752734,restIRP
2021,NHLBI,33859359,restIRP
2021,NHLBI,33870217,restIRP
2021,NHLBI,34134146,restIRP
2021,NHLBI,34183656,restIRP
2021,NHLBI,34268523,restIRP
2021,NHLBI,34303007,restIRP
2021,NHLBI,34415308,restIRP
2021,NHLBI,32338760,restIRP
2021,NHLBI,33219735,restIRP
2021,NHLBI,31344750,restIRP
2021,NHLBI,32004507,restIRP
2021,NHLBI,32129829,restIRP
2021,NHLBI,32795389,restIRP
2021,NHLBI,31241767,restIRP
2021,NHLBI,33318499,restIRP
2021,NHLBI,31923382,restIRP
2021,NHLBI,32386573,restIRP
2021,NHLBI,33616097,restIRP
2021,NHLBI,31896749,restIRP
2021,NHLBI,32005828,restIRP
2021,NHLBI,32747382,restIRP
2021,NHLBI,33020484,restIRP
2021,NHLBI,33048844,restIRP
2021,NHLBI,33266321,restIRP
2021,NHLBI,33671567,restIRP
2021,NHLBI,33549601,restIRP
2021,NHLBI,33744914,restIRP
2021,NHLBI,32027361,restIRP
2021,NHLBI,32061832,restIRP
2021,NHLBI,32614944,restIRP
2021,NHLBI,33044451,restIRP
2021,NHLBI,33154382,restIRP
2021,NHLBI,33320336,restIRP
2021,NHLBI,31441550,restIRP
2021,NHLBI,31822572,restIRP
2021,NHLBI,32078380,restIRP
2021,NHLBI,32378776,restIRP
2021,NHLBI,32587326,restIRP
2021,NHLBI,32673505,restIRP
2021,NHLBI,32680830,restIRP
2021,NHLBI,32702087,restIRP
2021,NHLBI,33188683,restIRP
2021,NHLBI,33330849,restIRP
2021,NHLBI,33585589,restIRP
2021,NHLBI,33596594,restIRP
2021,NHLBI,33731141,restIRP
2021,NHLBI,33975819,restIRP
2021,NHLBI,34023269,restIRP
2021,NHLBI,34134696,restIRP
2021,NHLBI,34310159,restIRP
2021,NHLBI,34331054,restIRP
2021,NHLBI,34349975,restIRP
2021,NHLBI,32542372,restIRP
2021,NHLBI,32571872,restIRP
2021,NHLBI,33253583,restIRP
2021,NHLBI,33372036,restIRP
2021,NHLBI,33495456,restIRP
2021,NHLBI,34206385,restIRP
2021,NHLBI,31941277,restIRP
2021,NHLBI,32403080,restIRP
2021,NHLBI,32660250,restIRP
2021,NHLBI,34028725,restIRP
2021,NHLBI,32819572,restIRP
2021,NHLBI,32868414,restIRP
2021,NHLBI,33269918,restIRP
2021,NHLBI,33319779,restIRP
2021,NHLBI,33415971,restIRP
2021,NHLBI,33418468,restIRP
2021,NHLBI,33835818,restIRP
2021,NHLBI,33385326,restIRP
2021,NHLBI,34452994,restIRP
2021,NHLBI,33038742,restIRP
2021,NHLBI,33375166,restIRP
2021,NHLBI,34051448,restIRP
2021,NHLBI,34087995,restIRP
2021,NHLBI,34088014,restIRP
2021,NHLBI,34139597,restIRP
2021,NHLBI,31287558,restIRP
2021,NHLBI,31963936,restIRP
2021,NHLBI,32788260,restIRP
2021,NHLBI,32793477,restIRP
2021,NHLBI,33144618,restIRP
2021,NHLBI,33168626,restIRP
2021,NHLBI,33253593,restIRP
2021,NHLBI,33378124,restIRP
2021,NHLBI,31890735,restIRP
2021,NHLBI,32034898,restIRP
2021,NHLBI,32165573,restIRP
2021,NHLBI,32396618,restIRP
2021,NHLBI,32405513,restIRP
2021,NHLBI,32637902,restIRP
2021,NHLBI,32897878,restIRP
2021,NHLBI,33534948,restIRP
2021,NHLBI,33956057,restIRP
2021,NHLBI,31602694,restIRP
2021,NHLBI,32610138,restIRP
2021,NHLBI,33565025,restIRP
2021,NHLBI,33825681,restIRP
2021,NHLBI,33837745,restIRP
2021,NHLBI,32829709,restIRP
2021,NHLBI,33085561,restIRP
2021,NHLBI,33823128,restIRP
2021,NHLBI,34172739,restIRP
2021,NHLBI,31939655,restIRP
2021,NHLBI,33045724,restIRP
2021,NHLBI,34286695,restIRP
2021,NHLBI,34556215,restIRP
2021,NHLBI,32019910,restIRP
2021,NHLBI,32086528,restIRP
2021,NHLBI,32181817,restIRP
2021,NHLBI,32265226,restIRP
2021,NHLBI,32561719,restIRP
2021,NHLBI,32759226,restIRP
2021,NHLBI,32849830,restIRP
2021,NHLBI,32851160,restIRP
2021,NHLBI,32929473,restIRP
2021,NHLBI,33693880,restIRP
2021,NHLBI,33853847,restIRP
2021,NHLBI,32198075,restIRP
2021,NHLBI,32964218,restIRP
2021,NHLBI,33108111,restIRP
2021,NHLBI,34089740,restIRP
2021,NHLBI,34321532,restIRP
2021,NHLBI,32868289,restIRP
2021,NHLBI,33208557,restIRP
2021,NHLBI,31827281,restIRP
2021,NHLBI,32119531,restIRP
2021,NHLBI,32344328,restIRP
2021,NHLBI,32369445,restIRP
2021,NHLBI,32580970,restIRP
2021,NHLBI,32721894,restIRP
2021,NHLBI,33005041,restIRP
2021,NHLBI,33495304,restIRP
2021,NHLBI,33544969,restIRP
2021,NHLBI,34003670,restIRP
2021,NHLBI,31194918,restIRP
2021,NHLBI,33115748,restIRP
2021,NHLBI,33253182,restIRP
2021,NHLBI,31904282,restIRP
2021,NHLBI,32219907,restIRP
2021,NHLBI,33213365,restIRP
2021,NHLBI,33769951,restIRP
2021,NHLBI,34035881,restIRP
2021,NHLBI,32958587,restIRP
2021,NHLBI,33274675,restIRP
2021,NHLBI,33431665,restIRP
2021,NHLBI,33435695,restIRP
2021,NHLBI,33483695,restIRP
2021,NHLBI,33540853,restIRP
2021,NHLBI,33651717,restIRP
2021,NHLBI,33723462,restIRP
2021,NHLBI,33796130,restIRP
2021,NHLBI,33846644,restIRP
2021,NHLBI,33863344,restIRP
2021,NHLBI,33863366,restIRP
2021,NHLBI,33924911,restIRP
2021,NHLBI,32657269,restIRP
2021,NHLBI,33859190,restIRP
2021,NHLBI,33962943,restIRP
2021,NHLBI,33563972,restIRP
2021,NHLBI,34309071,restIRP
2021,NHLBI,32556286,restIRP
2021,NHLBI,32961298,restIRP
2021,NHLBI,33168060,restIRP
2021,NHLBI,33270949,restIRP
2021,NHLBI,33372598,restIRP
2021,NHLBI,30448131,restIRP
2021,NHLBI,32615123,restIRP
2021,NHLBI,32882485,restIRP
2021,NHLBI,33011154,restIRP
2021,NHLBI,33170072,restIRP
2021,NHLBI,33417682,restIRP
2021,NHLBI,31978380,restIRP
2021,NHLBI,33625630,restIRP
2021,NHLBI,32528015,restIRP
2021,NHLBI,33716137,restIRP
2021,NHLBI,33731830,restIRP
2021,NHLBI,34023384,restIRP
2021,NHLBI,33490865,restIRP
2021,NHLBI,34108259,restIRP
2021,NHLBI,31770109,restIRP
2021,NHLBI,31953533,restIRP
2021,NHLBI,32086819,restIRP
2021,NHLBI,32275812,restIRP
2021,NHLBI,33010232,restIRP
2021,NHLBI,33367731,restIRP
2021,NHLBI,33665226,restIRP
2021,NHLBI,33669611,restIRP
2021,NHLBI,33686249,restIRP
2021,NHLBI,33993466,restIRP
2021,NHLBI,34268520,restIRP
2021,NHLBI,34467402,restIRP
2021,NHLBI,33913729,restIRP
2021,NHLBI,33929848,restIRP
2021,NHLBI,34652160,restIRP
2021,NHLBI,33948577,restIRP
2021,NHLBI,32192701,restIRP
2021,NHLBI,32305393,restIRP
2021,NHLBI,32385950,restIRP
2021,NHLBI,32513014,restIRP
2021,NHLBI,32902101,restIRP
2021,NHLBI,33000000,restIRP
2021,NHLBI,33011144,restIRP
2021,NHLBI,33092718,restIRP
2021,NHLBI,33145462,restIRP
2021,NHLBI,33303113,restIRP
2021,NHLBI,33358650,restIRP
2021,NHLBI,33888242,restIRP
2021,NHLBI,31365170,restIRP
2021,NHLBI,32539532,restIRP
2021,NHLBI,32749237,restIRP
2021,NHLBI,32867358,restIRP
2021,NHLBI,33420210,restIRP
2021,NHLBI,34102835,restIRP
2021,NHLBI,34287731,restIRP
2021,NHLBI,34813142,restIRP
2021,NHLBI,32032518,restIRP
2021,NHLBI,32671132,restIRP
2021,NHLBI,33177082,restIRP
2021,NHLBI,33314217,restIRP
2021,NHLBI,33416832,restIRP
2021,NHLBI,33752803,restIRP
2021,NHLBI,33814284,restIRP
2021,NHLBI,34130911,restIRP
2021,NHLBI,34344623,restIRP
2021,NHLBI,32335077,restIRP
2021,NHLBI,32184787,restIRP
2021,NHLBI,32338995,restIRP
2021,NHLBI,32664935,restIRP
2021,NHLBI,34289973,restIRP
2021,NHLBI,33244154,restIRP
2021,NHLBI,33506990,restIRP
2021,NHLBI,34197597,restIRP
2021,NHLBI,32830106,restIRP
2021,NHLBI,33088581,restIRP
2021,NHLBI,33113837,restIRP
2021,NHLBI,33134238,restIRP
2021,NHLBI,33185656,restIRP
2021,NHLBI,33371027,restIRP
2021,NHLBI,33919545,restIRP
2021,NHLBI,34048701,restIRP
2021,NHLBI,35994313,restIRP
2021,NHLBI,33439121,restIRP
2021,NHLBI,33855972,restIRP
2021,NHLBI,34003116,restIRP
2021,NHLBI,34089750,restIRP
2021,NHLBI,34316033,restIRP
2021,NHLBI,34469647,restIRP
2021,NHLBI,32329756,restIRP
2021,NHLBI,32511540,restIRP
2021,NHLBI,32530438,restIRP
2021,NHLBI,32869342,restIRP
2021,NHLBI,33139519,restIRP
2021,NHLBI,33151461,restIRP
2021,NHLBI,33343881,restIRP
2021,NHLBI,33452298,restIRP
2021,NHLBI,33501469,restIRP
2021,NHLBI,34166229,restIRP
2021,NHLBI,34264868,restIRP
2021,NHLBI,33030203,restIRP
2021,NHLBI,33277595,restIRP
2021,NHLBI,33293111,restIRP
2021,NHLBI,33298956,restIRP
2021,NHLBI,34015362,restIRP
2021,NHLBI,32094169,restIRP
2021,NHLBI,32359360,restIRP
2021,NHLBI,32692482,restIRP
2021,NHLBI,33836561,restIRP
2022,NHLBI,34845084,restIRP
2022,NHLBI,35427649,restIRP
2022,NHLBI,33633313,restIRP
2022,NHLBI,33811822,restIRP
2022,NHLBI,34778802,restIRP
2022,NHLBI,34781807,restIRP
2022,NHLBI,34865212,restIRP
2022,NHLBI,35157769,restIRP
2022,NHLBI,35358998,restIRP
2022,NHLBI,35927489,restIRP
2022,NHLBI,33480108,restIRP
2022,NHLBI,34652290,restIRP
2022,NHLBI,34783391,restIRP
2022,NHLBI,35378990,restIRP
2022,NHLBI,35668497,restIRP
2022,NHLBI,33876239,restIRP
2022,NHLBI,34472586,restIRP
2022,NHLBI,34572275,restIRP
2022,NHLBI,34838008,restIRP
2022,NHLBI,34902367,restIRP
2022,NHLBI,35389891,restIRP
2022,NHLBI,35955518,restIRP
2022,NHLBI,35312200,restIRP
2022,NHLBI,34337551,restIRP
2022,NHLBI,34553764,restIRP
2022,NHLBI,34582791,restIRP
2022,NHLBI,34743536,restIRP
2022,NHLBI,34939182,restIRP
2022,NHLBI,35224516,restIRP
2022,NHLBI,35470685,restIRP
2022,NHLBI,34800961,restIRP
2022,NHLBI,34871001,restIRP
2022,NHLBI,35568532,restIRP
2022,NHLBI,35597880,restIRP
2022,NHLBI,35373177,restIRP
2022,NHLBI,35665242,restIRP
2022,NHLBI,35741248,restIRP
2022,NHLBI,35743192,restIRP
2022,NHLBI,35876604,restIRP
2022,NHLBI,35011629,restIRP
2022,NHLBI,35274067,restIRP
2022,NHLBI,35562354,restIRP
2022,NHLBI,33854063,restIRP
2022,NHLBI,33945523,restIRP
2022,NHLBI,34198154,restIRP
2022,NHLBI,34315806,restIRP
2022,NHLBI,34686324,restIRP
2022,NHLBI,35303419,restIRP
2022,NHLBI,34837071,restIRP
2022,NHLBI,35366607,restIRP
2022,NHLBI,35929834,restIRP
2022,NHLBI,35700042,restIRP
2022,NHLBI,35714180,restIRP
2022,NHLBI,34428556,restIRP
2022,NHLBI,34547770,restIRP
2022,NHLBI,34551064,restIRP
2022,NHLBI,34584240,restIRP
2022,NHLBI,34587721,restIRP
2022,NHLBI,35017151,restIRP
2022,NHLBI,35072377,restIRP
2022,NHLBI,34764490,restIRP
2022,NHLBI,34419651,restIRP
2022,NHLBI,34581773,restIRP
2022,NHLBI,34917079,restIRP
2022,NHLBI,35131485,restIRP
2022,NHLBI,35384045,restIRP
2022,NHLBI,35095846,restIRP
2022,NHLBI,35349664,restIRP
2022,NHLBI,35839449,restIRP
2022,NHLBI,35896822,restIRP
2022,NHLBI,32372009,restIRP
2022,NHLBI,33092465,restIRP
2022,NHLBI,33418499,restIRP
2022,NHLBI,34091768,restIRP
2022,NHLBI,34159370,restIRP
2022,NHLBI,34219465,restIRP
2022,NHLBI,34237330,restIRP
2022,NHLBI,34469519,restIRP
2022,NHLBI,34788810,restIRP
2022,NHLBI,34809448,restIRP
2022,NHLBI,34887389,restIRP
2022,NHLBI,34887417,restIRP
2022,NHLBI,35189151,restIRP
2022,NHLBI,35492825,restIRP
2022,NHLBI,35547845,restIRP
2022,NHLBI,35652342,restIRP
2022,NHLBI,35658476,restIRP
2022,NHLBI,36477530,restIRP
2022,NHLBI,34668514,restIRP
2022,NHLBI,34688659,restIRP
2022,NHLBI,35259201,restIRP
2022,NHLBI,34024757,restIRP
2022,NHLBI,34498013,restIRP
2022,NHLBI,34553185,restIRP
2022,NHLBI,34559216,restIRP
2022,NHLBI,34611643,restIRP
2022,NHLBI,34778782,restIRP
2022,NHLBI,34808541,restIRP
2022,NHLBI,34929494,restIRP
2022,NHLBI,34976830,restIRP
2022,NHLBI,35237785,restIRP
2022,NHLBI,35366378,restIRP
2022,NHLBI,35720288,restIRP
2022,NHLBI,35738745,restIRP
2022,NHLBI,35296110,restIRP
2022,NHLBI,33594360,restIRP
2022,NHLBI,33651123,restIRP
2022,NHLBI,33704064,restIRP
2022,NHLBI,33881594,restIRP
2022,NHLBI,33997662,restIRP
2022,NHLBI,34845451,restIRP
2022,NHLBI,35763520,restIRP
2022,NHLBI,35602934,restIRP
2022,NHLBI,35331408,restIRP
2022,NHLBI,35403729,restIRP
2022,NHLBI,35731869,restIRP
2022,NHLBI,34936462,restIRP
2022,NHLBI,34217890,restIRP
2022,NHLBI,34689421,restIRP
2022,NHLBI,35463920,restIRP
2022,NHLBI,34293440,restIRP
2022,NHLBI,34953857,restIRP
2022,NHLBI,35231446,restIRP
2022,NHLBI,35302848,restIRP
2022,NHLBI,34619643,restIRP
2022,NHLBI,32416202,restIRP
2022,NHLBI,33565654,restIRP
2022,NHLBI,33653809,restIRP
2022,NHLBI,33773987,restIRP
2022,NHLBI,33882161,restIRP
2022,NHLBI,33894202,restIRP
2022,NHLBI,34312290,restIRP
2022,NHLBI,34323016,restIRP
2022,NHLBI,34799565,restIRP
2022,NHLBI,34806651,restIRP
2022,NHLBI,34875533,restIRP
2022,NHLBI,35102814,restIRP
2022,NHLBI,35181635,restIRP
2022,NHLBI,35231481,restIRP
2022,NHLBI,35358092,restIRP
2022,NHLBI,35447104,restIRP
2022,NHLBI,35887176,restIRP
2022,NHLBI,34028713,restIRP
2022,NHLBI,34519272,restIRP
2022,NHLBI,35583107,restIRP
2022,NHLBI,33512468,restIRP
2022,NHLBI,33737751,restIRP
2022,NHLBI,33816645,restIRP
2022,NHLBI,34079130,restIRP
2022,NHLBI,34135108,restIRP
2022,NHLBI,34669981,restIRP
2022,NHLBI,34931066,restIRP
2022,NHLBI,35140179,restIRP
2022,NHLBI,35608336,restIRP
2022,NHLBI,35173166,restIRP
2022,NHLBI,35198874,restIRP
2022,NHLBI,35076393,restIRP
2022,NHLBI,35115525,restIRP
2022,NHLBI,35164002,restIRP
2022,NHLBI,35945419,restIRP
2022,NHLBI,33469999,restIRP
2022,NHLBI,34187897,restIRP
2022,NHLBI,34928392,restIRP
2022,NHLBI,35381213,restIRP
2022,NHLBI,35748872,restIRP
2022,NHLBI,35804086,restIRP
2022,NHLBI,35882235,restIRP
2022,NHLBI,35969760,restIRP
2022,NHLBI,34401309,restIRP
2022,NHLBI,34929010,restIRP
2022,NHLBI,35062891,restIRP
2022,NHLBI,35099272,restIRP
2022,NHLBI,35415188,restIRP
2022,NHLBI,35605238,restIRP
2022,NHLBI,34424055,restIRP
2022,NHLBI,35470161,restIRP
2022,NHLBI,33405502,restIRP
2022,NHLBI,34040193,restIRP
2022,NHLBI,35095905,restIRP
2022,NHLBI,35348651,restIRP
2022,NHLBI,35660921,restIRP
2022,NHLBI,34847148,restIRP
2022,NHLBI,35613279,restIRP
2022,NHLBI,33346914,restIRP
2022,NHLBI,35659261,restIRP
2022,NHLBI,35858400,restIRP
2022,NHLBI,35907887,restIRP
2022,NHLBI,33980856,restIRP
2022,NHLBI,34449775,restIRP
2022,NHLBI,35025762,restIRP
2022,NHLBI,35538890,restIRP
2022,NHLBI,35262630,restIRP
2022,NHLBI,33410523,restIRP
2022,NHLBI,33711076,restIRP
2022,NHLBI,33785863,restIRP
2022,NHLBI,33910334,restIRP
2022,NHLBI,33919312,restIRP
2022,NHLBI,33928632,restIRP
2022,NHLBI,34427584,restIRP
2022,NHLBI,34451986,restIRP
2022,NHLBI,34525188,restIRP
2022,NHLBI,34724566,restIRP
2022,NHLBI,34734209,restIRP
2022,NHLBI,34763024,restIRP
2022,NHLBI,34824242,restIRP
2022,NHLBI,34964999,restIRP
2022,NHLBI,35313800,restIRP
2022,NHLBI,35411048,restIRP
2022,NHLBI,35452511,restIRP
2022,NHLBI,35776908,restIRP
2022,NHLBI,35793467,restIRP
2022,NHLBI,35895513,restIRP
2022,NHLBI,35927326,restIRP
2022,NHLBI,32691611,restIRP
2022,NHLBI,32958429,restIRP
2022,NHLBI,33778019,restIRP
2022,NHLBI,34099646,restIRP
2022,NHLBI,34277985,restIRP
2022,NHLBI,35914929,restIRP
2022,NHLBI,33634751,restIRP
2022,NHLBI,35653550,restIRP
2022,NHLBI,35768512,restIRP
2022,NHLBI,35605121,restIRP
2022,NHLBI,35854128,restIRP
2022,NHLBI,33663781,restIRP
2022,NHLBI,33958168,restIRP
2022,NHLBI,34009283,restIRP
2022,NHLBI,34674556,restIRP
2022,NHLBI,35512920,restIRP
2022,NHLBI,35580205,restIRP
2022,NHLBI,35603621,restIRP
2022,NHLBI,35811698,restIRP
2022,NHLBI,34748578,restIRP
2022,NHLBI,35075486,restIRP
2022,NHLBI,34108512,restIRP
2022,NHLBI,34263489,restIRP
2022,NHLBI,34484494,restIRP
2022,NHLBI,34554724,restIRP
2022,NHLBI,34576993,restIRP
2022,NHLBI,34606673,restIRP
2022,NHLBI,34916494,restIRP
2022,NHLBI,34603676,restIRP
2022,NHLBI,35016813,restIRP
2022,NHLBI,35075453,restIRP
2022,NHLBI,35322546,restIRP
2022,NHLBI,35271708,restIRP
2022,NHLBI,33681448,restIRP
2022,NHLBI,34598789,restIRP
2022,NHLBI,34831926,restIRP
2022,NHLBI,34860539,restIRP
2022,NHLBI,35004916,restIRP
2022,NHLBI,35185011,restIRP
2022,NHLBI,35300389,restIRP
2022,NHLBI,35436557,restIRP
2022,NHLBI,35601220,restIRP
2022,NHLBI,34934004,restIRP
2022,NHLBI,35008699,restIRP
2022,NHLBI,35500221,restIRP
2022,NHLBI,35676488,restIRP
2022,NHLBI,35967429,restIRP
2022,NHLBI,34835015,restIRP
2022,NHLBI,35145055,restIRP
2022,NHLBI,35174669,restIRP
2022,NHLBI,35741134,restIRP
2022,NHLBI,35938513,restIRP
2022,NHLBI,34665379,restIRP
2022,NHLBI,34851661,restIRP
2022,NHLBI,35359438,restIRP
2023,NHLBI,36227560,restIRP
2023,NHLBI,37221204,restIRP
2023,NHLBI,37312842,restIRP
2023,NHLBI,33259596,restIRP
2023,NHLBI,34046681,restIRP
2023,NHLBI,35868984,restIRP
2023,NHLBI,37227160,restIRP
2023,NHLBI,37314786,restIRP
2023,NHLBI,35445768,restIRP
2023,NHLBI,36642713,restIRP
2023,NHLBI,36777171,restIRP
2023,NHLBI,37288601,restIRP
2023,NHLBI,33453220,restIRP
2023,NHLBI,34504056,restIRP
2023,NHLBI,34932384,restIRP
2023,NHLBI,34978374,restIRP
2023,NHLBI,36636252,restIRP
2023,NHLBI,36094106,restIRP
2023,NHLBI,37220178,restIRP
2023,NHLBI,33094331,restIRP
2023,NHLBI,36154123,restIRP
2023,NHLBI,36960714,restIRP
2023,NHLBI,37128921,restIRP
2023,NHLBI,37431613,restIRP
2023,NHLBI,37609998,restIRP
2023,NHLBI,36161945,restIRP
2023,NHLBI,35289611,restIRP
2023,NHLBI,36382864,restIRP
2023,NHLBI,37076500,restIRP
2023,NHLBI,37339196,restIRP
2023,NHLBI,32077592,restIRP
2023,NHLBI,35393403,restIRP
2023,NHLBI,35760456,restIRP
2023,NHLBI,36752464,restIRP
2023,NHLBI,37827362,restIRP
2023,NHLBI,35867709,restIRP
2023,NHLBI,36189814,restIRP
2023,NHLBI,36229433,restIRP
2023,NHLBI,36333356,restIRP
2023,NHLBI,36441670,restIRP
2023,NHLBI,36466899,restIRP
2023,NHLBI,36703228,restIRP
2023,NHLBI,37040761,restIRP
2023,NHLBI,37377887,restIRP
2023,NHLBI,37579159,restIRP
2023,NHLBI,37591874,restIRP
2023,NHLBI,37610273,restIRP
2023,NHLBI,35368040,restIRP
2023,NHLBI,35868306,restIRP
2023,NHLBI,36170795,restIRP
2023,NHLBI,36260702,restIRP
2023,NHLBI,36310182,restIRP
2023,NHLBI,36485093,restIRP
2023,NHLBI,36758209,restIRP
2023,NHLBI,36881031,restIRP
2023,NHLBI,37180102,restIRP
2023,NHLBI,37406882,restIRP
2023,NHLBI,37524919,restIRP
2023,NHLBI,37534515,restIRP
2023,NHLBI,37607457,restIRP
2023,NHLBI,35404237,restIRP
2023,NHLBI,35594862,restIRP
2023,NHLBI,36463259,restIRP
2023,NHLBI,37572656,restIRP
2023,NHLBI,36240296,restIRP
2023,NHLBI,36623245,restIRP
2023,NHLBI,37282828,restIRP
2023,NHLBI,28087539,restIRP
2023,NHLBI,29141868,restIRP
2023,NHLBI,30389798,restIRP
2023,NHLBI,30803992,restIRP
2023,NHLBI,31003997,restIRP
2023,NHLBI,35714307,restIRP
2023,NHLBI,36255695,restIRP
2023,NHLBI,36605190,restIRP
2023,NHLBI,36620072,restIRP
2023,NHLBI,36699615,restIRP
2023,NHLBI,37483285,restIRP
2023,NHLBI,34570667,restIRP
2023,NHLBI,34974068,restIRP
2023,NHLBI,35387486,restIRP
2023,NHLBI,35390066,restIRP
2023,NHLBI,35530816,restIRP
2023,NHLBI,35536696,restIRP
2023,NHLBI,35544531,restIRP
2023,NHLBI,35546478,restIRP
2023,NHLBI,35652341,restIRP
2023,NHLBI,35664994,restIRP
2023,NHLBI,35943854,restIRP
2023,NHLBI,36130209,restIRP
2023,NHLBI,36334690,restIRP
2023,NHLBI,36424512,restIRP
2023,NHLBI,36444934,restIRP
2023,NHLBI,36475777,restIRP
2023,NHLBI,36600996,restIRP
2023,NHLBI,36638956,restIRP
2023,NHLBI,36700736,restIRP
2023,NHLBI,36702996,restIRP
2023,NHLBI,36723951,restIRP
2023,NHLBI,36774228,restIRP
2023,NHLBI,36791419,restIRP
2023,NHLBI,36793728,restIRP
2023,NHLBI,36811231,restIRP
2023,NHLBI,36892090,restIRP
2023,NHLBI,36927883,restIRP
2023,NHLBI,37023964,restIRP
2023,NHLBI,37046084,restIRP
2023,NHLBI,37192292,restIRP
2023,NHLBI,37198231,restIRP
2023,NHLBI,37233989,restIRP
2023,NHLBI,37268629,restIRP
2023,NHLBI,37286252,restIRP
2023,NHLBI,37301766,restIRP
2023,NHLBI,37442331,restIRP
2023,NHLBI,37498674,restIRP
2023,NHLBI,37548169,restIRP
2023,NHLBI,37563237,restIRP
2023,NHLBI,37598461,restIRP
2023,NHLBI,34147437,restIRP
2023,NHLBI,34742666,restIRP
2023,NHLBI,35680534,restIRP
2023,NHLBI,35727023,restIRP
2023,NHLBI,36009874,restIRP
2023,NHLBI,36195542,restIRP
2023,NHLBI,37206277,restIRP
2023,NHLBI,37471145,restIRP
2023,NHLBI,37693203,restIRP
2023,NHLBI,35449456,restIRP
2023,NHLBI,37061547,restIRP
2023,NHLBI,37224696,restIRP
2023,NHLBI,37421627,restIRP
2023,NHLBI,37357228,restIRP
2023,NHLBI,37392327,restIRP
2023,NHLBI,37291220,restIRP
2023,NHLBI,34970923,restIRP
2023,NHLBI,35132872,restIRP
2023,NHLBI,35775814,restIRP
2023,NHLBI,36239754,restIRP
2023,NHLBI,36285884,restIRP
2023,NHLBI,36458882,restIRP
2023,NHLBI,36721410,restIRP
2023,NHLBI,36943913,restIRP
2023,NHLBI,37463608,restIRP
2023,NHLBI,36370101,restIRP
2023,NHLBI,37144502,restIRP
2023,NHLBI,36786832,restIRP
2023,NHLBI,37562567,restIRP
2023,NHLBI,37555782,restIRP
2023,NHLBI,35465176,restIRP
2023,NHLBI,36293452,restIRP
2023,NHLBI,35792158,restIRP
2023,NHLBI,36310198,restIRP
2023,NHLBI,36113465,restIRP
2023,NHLBI,36517642,restIRP
2023,NHLBI,34990619,restIRP
2023,NHLBI,35220905,restIRP
2023,NHLBI,35867854,restIRP
2023,NHLBI,36215934,restIRP
2023,NHLBI,36399927,restIRP
2023,NHLBI,36459969,restIRP
2023,NHLBI,36535215,restIRP
2023,NHLBI,36902031,restIRP
2023,NHLBI,37159663,restIRP
2023,NHLBI,37393720,restIRP
2023,NHLBI,33419888,restIRP
2023,NHLBI,36930738,restIRP
2023,NHLBI,36960317,restIRP
2023,NHLBI,37125895,restIRP
2023,NHLBI,37141891,restIRP
2023,NHLBI,37589458,restIRP
2023,NHLBI,36279431,restIRP
2023,NHLBI,36333911,restIRP
2023,NHLBI,36715097,restIRP
2023,NHLBI,37248347,restIRP
2023,NHLBI,37637198,restIRP
2023,NHLBI,35819766,restIRP
2023,NHLBI,36702897,restIRP
2023,NHLBI,36759616,restIRP
2023,NHLBI,36122251,restIRP
2023,NHLBI,36165957,restIRP
2023,NHLBI,36626558,restIRP
2023,NHLBI,36999602,restIRP
2023,NHLBI,37341540,restIRP
2023,NHLBI,37496270,restIRP
2023,NHLBI,36241625,restIRP
2023,NHLBI,36335136,restIRP
2023,NHLBI,36735533,restIRP
2023,NHLBI,37126497,restIRP
2023,NHLBI,37177993,restIRP
2023,NHLBI,37540600,restIRP
2023,NHLBI,36599719,restIRP
2023,NHLBI,36932076,restIRP
2023,NHLBI,33769948,restIRP
2023,NHLBI,34029142,restIRP
2023,NHLBI,34308668,restIRP
2023,NHLBI,36129874,restIRP
2023,NHLBI,36264882,restIRP
2023,NHLBI,36727945,restIRP
2023,NHLBI,37114282,restIRP
2023,NHLBI,37328470,restIRP
2023,NHLBI,36739444,restIRP
2023,NHLBI,37342879,restIRP
2023,NHLBI,36216808,restIRP
2023,NHLBI,36785787,restIRP
2023,NHLBI,36796514,restIRP
2023,NHLBI,35192633,restIRP
2023,NHLBI,36309550,restIRP
2023,NHLBI,36537709,restIRP
2023,NHLBI,36628649,restIRP
2023,NHLBI,37111420,restIRP
2023,NHLBI,36470871,restIRP
2023,NHLBI,36575795,restIRP
2023,NHLBI,36739477,restIRP
2023,NHLBI,37071552,restIRP
2023,NHLBI,37417947,restIRP
2023,NHLBI,37547254,restIRP
2023,NHLBI,35879191,restIRP
2023,NHLBI,37086238,restIRP
2023,NHLBI,36379270,restIRP
2023,NHLBI,36220393,restIRP
2023,NHLBI,36738241,restIRP
2023,NHLBI,35631423,restIRP
2023,NHLBI,36136056,restIRP
2023,NHLBI,36379005,restIRP
2023,NHLBI,36912773,restIRP
2023,NHLBI,35230915,restIRP
2023,NHLBI,36507874,restIRP
2023,NHLBI,37228749,restIRP
2023,NHLBI,37463048,restIRP
2023,NHLBI,35872109,restIRP
2023,NHLBI,36004627,restIRP
2023,NHLBI,36852088,restIRP
2023,NHLBI,37273902,restIRP
2023,NHLBI,36111812,restIRP
2023,NHLBI,37561813,restIRP
2023,NHLBI,35452076,restIRP
2023,NHLBI,35981855,restIRP
2023,NHLBI,36344645,restIRP
2023,NHLBI,36378765,restIRP
2023,NHLBI,36557234,restIRP
2023,NHLBI,36622908,restIRP
2023,NHLBI,36696094,restIRP
2023,NHLBI,36898756,restIRP
2023,NHLBI,37128607,restIRP
2023,NHLBI,37193404,restIRP
2023,NHLBI,37251548,restIRP
2023,NHLBI,37397263,restIRP
2023,NHLBI,37642431,restIRP
2023,NHLBI,36252017,restIRP
2023,NHLBI,37115803,restIRP
2023,NHLBI,37140138,restIRP
2023,NHLBI,36171288,restIRP
2023,NHLBI,36639381,restIRP
2023,NHLBI,37153611,restIRP
2023,NHLBI,37165746,restIRP
2023,NHLBI,37443284,restIRP
2023,NHLBI,37516886,restIRP
2023,NHLBI,36493338,restIRP
2023,NHLBI,36598976,restIRP
2023,NHLBI,37253117,restIRP
2023,NHLBI,37606044,restIRP
2023,NHLBI,36017733,restIRP
2021,NIA,31912144,restIRP
2021,NIA,31993650,restIRP
2021,NIA,32235453,restIRP
2021,NIA,32248879,restIRP
2021,NIA,32330222,restIRP
2021,NIA,32372009,restIRP
2021,NIA,32443852,restIRP
2021,NIA,32517700,restIRP
2021,NIA,32523528,restIRP
2021,NIA,32888493,restIRP
2021,NIA,32905670,restIRP
2021,NIA,32933180,restIRP
2021,NIA,32970748,restIRP
2021,NIA,33009550,restIRP
2021,NIA,33233594,restIRP
2021,NIA,33249669,restIRP
2021,NIA,33355987,restIRP
2021,NIA,33713608,restIRP
2021,NIA,34115967,restIRP
2021,NIA,31919450,restIRP
2021,NIA,31958187,restIRP
2021,NIA,31976583,restIRP
2021,NIA,32249012,restIRP
2021,NIA,32601912,restIRP
2021,NIA,32849182,restIRP
2021,NIA,32864809,restIRP
2021,NIA,32934108,restIRP
2021,NIA,33002231,restIRP
2021,NIA,33111402,restIRP
2021,NIA,33242422,restIRP
2021,NIA,33307186,restIRP
2021,NIA,33448283,restIRP
2021,NIA,33497488,restIRP
2021,NIA,33513272,restIRP
2021,NIA,33589841,restIRP
2021,NIA,33737586,restIRP
2021,NIA,33831364,restIRP
2021,NIA,33841314,restIRP
2021,NIA,33901317,restIRP
2021,NIA,33960523,restIRP
2021,NIA,33987465,restIRP
2021,NIA,34275906,restIRP
2021,NIA,32117220,restIRP
2021,NIA,33660221,restIRP
2021,NIA,33712740,restIRP
2021,NIA,33846335,restIRP
2021,NIA,34294479,restIRP
2021,NIA,33179594,restIRP
2021,NIA,33444596,restIRP
2021,NIA,33734555,restIRP
2021,NIA,33836219,restIRP
2021,NIA,34102107,restIRP
2021,NIA,31931275,restIRP
2021,NIA,32478201,restIRP
2021,NIA,32694380,restIRP
2021,NIA,32799667,restIRP
2021,NIA,33031942,restIRP
2021,NIA,34130033,restIRP
2021,NIA,34218509,restIRP
2021,NIA,34403987,restIRP
2021,NIA,31441374,restIRP
2021,NIA,31713192,restIRP
2021,NIA,31870908,restIRP
2021,NIA,31916313,restIRP
2021,NIA,32157747,restIRP
2021,NIA,32268604,restIRP
2021,NIA,32568211,restIRP
2021,NIA,32588967,restIRP
2021,NIA,32635578,restIRP
2021,NIA,32763552,restIRP
2021,NIA,32804078,restIRP
2021,NIA,32942173,restIRP
2021,NIA,33003989,restIRP
2021,NIA,33044186,restIRP
2021,NIA,33304899,restIRP
2021,NIA,34250326,restIRP
2021,NIA,31896304,restIRP
2021,NIA,32107805,restIRP
2021,NIA,32824628,restIRP
2021,NIA,33036360,restIRP
2021,NIA,33081045,restIRP
2021,NIA,33462706,restIRP
2021,NIA,33897445,restIRP
2021,NIA,33933406,restIRP
2021,NIA,34001812,restIRP
2021,NIA,34305930,restIRP
2021,NIA,36325429,restIRP
2021,NIA,30500877,restIRP
2021,NIA,30874790,restIRP
2021,NIA,31735379,restIRP
2021,NIA,31825084,restIRP
2021,NIA,31942600,restIRP
2021,NIA,32006385,restIRP
2021,NIA,32070008,restIRP
2021,NIA,32079087,restIRP
2021,NIA,32145292,restIRP
2021,NIA,32196924,restIRP
2021,NIA,32201887,restIRP
2021,NIA,32314198,restIRP
2021,NIA,32333769,restIRP
2021,NIA,32390623,restIRP
2021,NIA,32502253,restIRP
2021,NIA,32559288,restIRP
2021,NIA,32572752,restIRP
2021,NIA,32593031,restIRP
2021,NIA,32618359,restIRP
2021,NIA,32666006,restIRP
2021,NIA,32671105,restIRP
2021,NIA,32697766,restIRP
2021,NIA,32803242,restIRP
2021,NIA,32835364,restIRP
2021,NIA,32835822,restIRP
2021,NIA,32849908,restIRP
2021,NIA,32930491,restIRP
2021,NIA,33164652,restIRP
2021,NIA,33195297,restIRP
2021,NIA,33216846,restIRP
2021,NIA,33230557,restIRP
2021,NIA,33249505,restIRP
2021,NIA,33333910,restIRP
2021,NIA,33342236,restIRP
2021,NIA,33428023,restIRP
2021,NIA,33835683,restIRP
2021,NIA,34269806,restIRP
2021,NIA,34276390,restIRP
2021,NIA,34329447,restIRP
2021,NIA,31320730,restIRP
2021,NIA,31890743,restIRP
2021,NIA,31996268,restIRP
2021,NIA,32072462,restIRP
2021,NIA,32194507,restIRP
2021,NIA,32296304,restIRP
2021,NIA,32394397,restIRP
2021,NIA,32623396,restIRP
2021,NIA,32680537,restIRP
2021,NIA,33055242,restIRP
2021,NIA,33192467,restIRP
2021,NIA,33262984,restIRP
2021,NIA,33273062,restIRP
2021,NIA,33321003,restIRP
2021,NIA,33378608,restIRP
2021,NIA,32207799,restIRP
2021,NIA,32472927,restIRP
2021,NIA,33239356,restIRP
2021,NIA,33801352,restIRP
2021,NIA,34006506,restIRP
2021,NIA,34064790,restIRP
2021,NIA,34376213,restIRP
2021,NIA,31911655,restIRP
2021,NIA,32075681,restIRP
2021,NIA,32181533,restIRP
2021,NIA,32477062,restIRP
2021,NIA,33000527,restIRP
2021,NIA,33483473,restIRP
2021,NIA,33737869,restIRP
2021,NIA,33123155,restIRP
2021,NIA,32413334,restIRP
2021,NIA,32575074,restIRP
2021,NIA,32876855,restIRP
2021,NIA,33283205,restIRP
2021,NIA,33717202,restIRP
2021,NIA,32439900,restIRP
2021,NIA,32392347,restIRP
2021,NIA,34077937,restIRP
2021,NIA,37118015,restIRP
2021,NIA,30796828,restIRP
2021,NIA,31091312,restIRP
2021,NIA,31964368,restIRP
2021,NIA,31968337,restIRP
2021,NIA,32097438,restIRP
2021,NIA,32125471,restIRP
2021,NIA,32193296,restIRP
2021,NIA,32194198,restIRP
2021,NIA,32223376,restIRP
2021,NIA,32248358,restIRP
2021,NIA,32267924,restIRP
2021,NIA,32364578,restIRP
2021,NIA,32517579,restIRP
2021,NIA,32527799,restIRP
2021,NIA,32591831,restIRP
2021,NIA,32627328,restIRP
2021,NIA,32699239,restIRP
2021,NIA,32847530,restIRP
2021,NIA,32878993,restIRP
2021,NIA,32920988,restIRP
2021,NIA,32956388,restIRP
2021,NIA,32966872,restIRP
2021,NIA,33186364,restIRP
2021,NIA,33191483,restIRP
2021,NIA,33293549,restIRP
2021,NIA,33345186,restIRP
2021,NIA,33713735,restIRP
2021,NIA,33841894,restIRP
2021,NIA,33856023,restIRP
2021,NIA,33860950,restIRP
2021,NIA,34059833,restIRP
2021,NIA,32147700,restIRP
2021,NIA,32157804,restIRP
2021,NIA,32525743,restIRP
2021,NIA,32607407,restIRP
2021,NIA,33200349,restIRP
2021,NIA,33210602,restIRP
2021,NIA,33216872,restIRP
2021,NIA,33367500,restIRP
2021,NIA,33421400,restIRP
2021,NIA,33510174,restIRP
2021,NIA,33795677,restIRP
2021,NIA,34187551,restIRP
2021,NIA,31978055,restIRP
2021,NIA,32284590,restIRP
2021,NIA,32333098,restIRP
2021,NIA,32424284,restIRP
2021,NIA,33304987,restIRP
2021,NIA,33376130,restIRP
2021,NIA,31760463,restIRP
2021,NIA,32103062,restIRP
2021,NIA,32375042,restIRP
2021,NIA,32434048,restIRP
2021,NIA,33045109,restIRP
2021,NIA,33105882,restIRP
2021,NIA,33177079,restIRP
2021,NIA,32769987,restIRP
2021,NIA,32797166,restIRP
2021,NIA,32676619,restIRP
2021,NIA,32819526,restIRP
2021,NIA,31739726,restIRP
2021,NIA,33681786,restIRP
2021,NIA,34115614,restIRP
2021,NIA,31302897,restIRP
2021,NIA,31932481,restIRP
2021,NIA,31980816,restIRP
2021,NIA,32041821,restIRP
2021,NIA,32094358,restIRP
2021,NIA,32160592,restIRP
2021,NIA,32169842,restIRP
2021,NIA,32191790,restIRP
2021,NIA,32315290,restIRP
2021,NIA,32533944,restIRP
2021,NIA,32929287,restIRP
2021,NIA,32958772,restIRP
2021,NIA,33112233,restIRP
2021,NIA,33216977,restIRP
2021,NIA,33270893,restIRP
2021,NIA,33298924,restIRP
2021,NIA,33339817,restIRP
2021,NIA,33542373,restIRP
2021,NIA,33731671,restIRP
2021,NIA,34118612,restIRP
2021,NIA,34349265,restIRP
2021,NIA,31924652,restIRP
2021,NIA,31945054,restIRP
2021,NIA,31998717,restIRP
2021,NIA,32066688,restIRP
2021,NIA,32116655,restIRP
2021,NIA,32589144,restIRP
2021,NIA,32848559,restIRP
2021,NIA,33203296,restIRP
2021,NIA,33276504,restIRP
2021,NIA,33727096,restIRP
2021,NIA,33740353,restIRP
2021,NIA,33860215,restIRP
2021,NIA,33919115,restIRP
2021,NIA,33922642,restIRP
2021,NIA,33958667,restIRP
2021,NIA,34028346,restIRP
2021,NIA,34361041,restIRP
2021,NIA,32105583,restIRP
2021,NIA,32999944,restIRP
2021,NIA,33024907,restIRP
2021,NIA,31952867,restIRP
2021,NIA,32239141,restIRP
2021,NIA,32333254,restIRP
2021,NIA,31915391,restIRP
2021,NIA,31953150,restIRP
2021,NIA,32323139,restIRP
2021,NIA,32413333,restIRP
2021,NIA,32686739,restIRP
2021,NIA,32714562,restIRP
2021,NIA,32814718,restIRP
2021,NIA,32998063,restIRP
2021,NIA,33057720,restIRP
2021,NIA,33211821,restIRP
2021,NIA,33360352,restIRP
2021,NIA,33398019,restIRP
2021,NIA,33491666,restIRP
2021,NIA,33876723,restIRP
2021,NIA,34050173,restIRP
2021,NIA,34211098,restIRP
2021,NIA,34355215,restIRP
2021,NIA,34407413,restIRP
2021,NIA,32092784,restIRP
2021,NIA,32851160,restIRP
2021,NIA,32855555,restIRP
2021,NIA,31669302,restIRP
2021,NIA,31730882,restIRP
2021,NIA,33724547,restIRP
2021,NIA,32999459,restIRP
2021,NIA,33540226,restIRP
2021,NIA,31604917,restIRP
2021,NIA,32252062,restIRP
2021,NIA,33789138,restIRP
2021,NIA,32880621,restIRP
2021,NIA,32904672,restIRP
2021,NIA,33196967,restIRP
2021,NIA,33205418,restIRP
2021,NIA,33208540,restIRP
2021,NIA,33353667,restIRP
2021,NIA,33385889,restIRP
2021,NIA,33745492,restIRP
2021,NIA,33896441,restIRP
2021,NIA,34043628,restIRP
2021,NIA,34099648,restIRP
2021,NIA,32935380,restIRP
2021,NIA,33083725,restIRP
2021,NIA,33166073,restIRP
2021,NIA,33619770,restIRP
2021,NIA,33740813,restIRP
2021,NIA,34096589,restIRP
2021,NIA,32561719,restIRP
2022,NIA,33601729,restIRP
2022,NIA,33814435,restIRP
2022,NIA,33859359,restIRP
2022,NIA,34010303,restIRP
2022,NIA,34071874,restIRP
2022,NIA,34073304,restIRP
2022,NIA,34120091,restIRP
2022,NIA,34193248,restIRP
2022,NIA,34401737,restIRP
2022,NIA,34420032,restIRP
2022,NIA,34718678,restIRP
2022,NIA,34887591,restIRP
2022,NIA,35201781,restIRP
2022,NIA,35311806,restIRP
2022,NIA,35317081,restIRP
2022,NIA,35385415,restIRP
2022,NIA,35502538,restIRP
2022,NIA,35508396,restIRP
2022,NIA,35551307,restIRP
2022,NIA,35692046,restIRP
2022,NIA,35716955,restIRP
2022,NIA,35776531,restIRP
2022,NIA,35931049,restIRP
2022,NIA,35945487,restIRP
2022,NIA,33444453,restIRP
2022,NIA,34102611,restIRP
2022,NIA,34181735,restIRP
2022,NIA,34790973,restIRP
2022,NIA,35394839,restIRP
2022,NIA,34492572,restIRP
2022,NIA,34693284,restIRP
2022,NIA,34707136,restIRP
2022,NIA,33523907,restIRP
2022,NIA,34459874,restIRP
2022,NIA,34537679,restIRP
2022,NIA,35510647,restIRP
2022,NIA,35521889,restIRP
2022,NIA,34526307,restIRP
2022,NIA,34749189,restIRP
2022,NIA,33739417,restIRP
2022,NIA,35953450,restIRP
2022,NIA,32669030,restIRP
2022,NIA,33160263,restIRP
2022,NIA,33316649,restIRP
2022,NIA,33408815,restIRP
2022,NIA,33658605,restIRP
2022,NIA,34108873,restIRP
2022,NIA,34244959,restIRP
2022,NIA,34420971,restIRP
2022,NIA,34471251,restIRP
2022,NIA,34499398,restIRP
2022,NIA,34759053,restIRP
2022,NIA,34800622,restIRP
2022,NIA,34829816,restIRP
2022,NIA,35023131,restIRP
2022,NIA,35091969,restIRP
2022,NIA,35098974,restIRP
2022,NIA,35285072,restIRP
2022,NIA,35380555,restIRP
2022,NIA,35466940,restIRP
2022,NIA,35550463,restIRP
2022,NIA,35767773,restIRP
2022,NIA,35787218,restIRP
2022,NIA,35816900,restIRP
2022,NIA,35833836,restIRP
2022,NIA,35867070,restIRP
2022,NIA,33598853,restIRP
2022,NIA,34216536,restIRP
2022,NIA,34502259,restIRP
2022,NIA,34566668,restIRP
2022,NIA,34831329,restIRP
2022,NIA,35562955,restIRP
2022,NIA,35759167,restIRP
2022,NIA,32766816,restIRP
2022,NIA,32941606,restIRP
2022,NIA,33418603,restIRP
2022,NIA,33449237,restIRP
2022,NIA,33469914,restIRP
2022,NIA,33512769,restIRP
2022,NIA,33791794,restIRP
2022,NIA,33808076,restIRP
2022,NIA,33826696,restIRP
2022,NIA,33837407,restIRP
2022,NIA,33871617,restIRP
2022,NIA,33963748,restIRP
2022,NIA,34003883,restIRP
2022,NIA,34105701,restIRP
2022,NIA,34346072,restIRP
2022,NIA,34458552,restIRP
2022,NIA,34508697,restIRP
2022,NIA,34516174,restIRP
2022,NIA,34516645,restIRP
2022,NIA,34608938,restIRP
2022,NIA,34612579,restIRP
2022,NIA,34637504,restIRP
2022,NIA,34663503,restIRP
2022,NIA,34792590,restIRP
2022,NIA,34857670,restIRP
2022,NIA,34975461,restIRP
2022,NIA,34984437,restIRP
2022,NIA,35048491,restIRP
2022,NIA,35065420,restIRP
2022,NIA,35085396,restIRP
2022,NIA,35099848,restIRP
2022,NIA,35226729,restIRP
2022,NIA,35247352,restIRP
2022,NIA,35253449,restIRP
2022,NIA,35311240,restIRP
2022,NIA,35356033,restIRP
2022,NIA,35363860,restIRP
2022,NIA,35389191,restIRP
2022,NIA,35440799,restIRP
2022,NIA,35471695,restIRP
2022,NIA,35607409,restIRP
2022,NIA,35684039,restIRP
2022,NIA,35791789,restIRP
2022,NIA,32467645,restIRP
2022,NIA,33516874,restIRP
2022,NIA,33594256,restIRP
2022,NIA,33639338,restIRP
2022,NIA,33672048,restIRP
2022,NIA,34108514,restIRP
2022,NIA,34390837,restIRP
2022,NIA,35387667,restIRP
2022,NIA,35524559,restIRP
2022,NIA,35753044,restIRP
2022,NIA,34532720,restIRP
2022,NIA,34707106,restIRP
2022,NIA,35113871,restIRP
2022,NIA,35114355,restIRP
2022,NIA,35715418,restIRP
2022,NIA,34548492,restIRP
2022,NIA,35429111,restIRP
2022,NIA,34649926,restIRP
2022,NIA,34482522,restIRP
2022,NIA,34487267,restIRP
2022,NIA,34591235,restIRP
2022,NIA,34753921,restIRP
2022,NIA,35229700,restIRP
2022,NIA,35443183,restIRP
2022,NIA,34303007,restIRP
2022,NIA,34718232,restIRP
2022,NIA,33535043,restIRP
2022,NIA,34359702,restIRP
2022,NIA,34043799,restIRP
2022,NIA,34349010,restIRP
2022,NIA,34407988,restIRP
2022,NIA,34431373,restIRP
2022,NIA,34786837,restIRP
2022,NIA,34905804,restIRP
2022,NIA,35186664,restIRP
2022,NIA,35421284,restIRP
2022,NIA,35596270,restIRP
2022,NIA,33462485,restIRP
2022,NIA,33563358,restIRP
2022,NIA,33603002,restIRP
2022,NIA,33665348,restIRP
2022,NIA,33683313,restIRP
2022,NIA,33689461,restIRP
2022,NIA,33751489,restIRP
2022,NIA,33829238,restIRP
2022,NIA,33866797,restIRP
2022,NIA,33876560,restIRP
2022,NIA,34049395,restIRP
2022,NIA,34297847,restIRP
2022,NIA,34420964,restIRP
2022,NIA,34474689,restIRP
2022,NIA,34483804,restIRP
2022,NIA,34487279,restIRP
2022,NIA,34493658,restIRP
2022,NIA,34538105,restIRP
2022,NIA,34690138,restIRP
2022,NIA,34809439,restIRP
2022,NIA,34826341,restIRP
2022,NIA,34864818,restIRP
2022,NIA,34929108,restIRP
2022,NIA,35050683,restIRP
2022,NIA,35078996,restIRP
2022,NIA,35213666,restIRP
2022,NIA,35220276,restIRP
2022,NIA,35254390,restIRP
2022,NIA,35267035,restIRP
2022,NIA,35275952,restIRP
2022,NIA,35429100,restIRP
2022,NIA,35441085,restIRP
2022,NIA,35471691,restIRP
2022,NIA,35580588,restIRP
2022,NIA,35619830,restIRP
2022,NIA,35811532,restIRP
2022,NIA,33517400,restIRP
2022,NIA,33752734,restIRP
2022,NIA,34426670,restIRP
2022,NIA,34497121,restIRP
2022,NIA,34561431,restIRP
2022,NIA,34612580,restIRP
2022,NIA,34718551,restIRP
2022,NIA,34751671,restIRP
2022,NIA,34757788,restIRP
2022,NIA,34814922,restIRP
2022,NIA,34966960,restIRP
2022,NIA,35428779,restIRP
2022,NIA,35440629,restIRP
2022,NIA,35546478,restIRP
2022,NIA,35580045,restIRP
2022,NIA,35657633,restIRP
2022,NIA,34075056,restIRP
2022,NIA,34440432,restIRP
2022,NIA,35394510,restIRP
2022,NIA,35654594,restIRP
2022,NIA,34428294,restIRP
2022,NIA,34600480,restIRP
2022,NIA,33523017,restIRP
2022,NIA,33682858,restIRP
2022,NIA,33719340,restIRP
2022,NIA,33741046,restIRP
2022,NIA,33938021,restIRP
2022,NIA,34087985,restIRP
2022,NIA,34309222,restIRP
2022,NIA,34419745,restIRP
2022,NIA,34626895,restIRP
2022,NIA,34729958,restIRP
2022,NIA,34914695,restIRP
2022,NIA,35713360,restIRP
2022,NIA,35853899,restIRP
2022,NIA,34532320,restIRP
2022,NIA,34776223,restIRP
2022,NIA,34868226,restIRP
2022,NIA,35574456,restIRP
2022,NIA,35943725,restIRP
2022,NIA,34615909,restIRP
2022,NIA,34390567,restIRP
2022,NIA,35713523,restIRP
2022,NIA,36417863,restIRP
2022,NIA,33406226,restIRP
2022,NIA,33472542,restIRP
2022,NIA,33589924,restIRP
2022,NIA,34078750,restIRP
2022,NIA,34116030,restIRP
2022,NIA,34404863,restIRP
2022,NIA,34417753,restIRP
2022,NIA,34861058,restIRP
2022,NIA,35467654,restIRP
2022,NIA,35748872,restIRP
2022,NIA,36136759,restIRP
2022,NIA,34706222,restIRP
2022,NIA,33524224,restIRP
2022,NIA,33950494,restIRP
2022,NIA,33860208,restIRP
2022,NIA,34563674,restIRP
2022,NIA,34569615,restIRP
2022,NIA,34983562,restIRP
2022,NIA,35072912,restIRP
2022,NIA,35178511,restIRP
2022,NIA,35234334,restIRP
2022,NIA,35396327,restIRP
2022,NIA,35860292,restIRP
2022,NIA,33815408,restIRP
2022,NIA,34151211,restIRP
2022,NIA,35418469,restIRP
2022,NIA,35856618,restIRP
2022,NIA,34448810,restIRP
2022,NIA,32147704,restIRP
2022,NIA,33483743,restIRP
2022,NIA,33780539,restIRP
2022,NIA,34882206,restIRP
2022,NIA,35187492,restIRP
2022,NIA,35229078,restIRP
2022,NIA,35527283,restIRP
2022,NIA,35936917,restIRP
2022,NIA,35476510,restIRP
2022,NIA,35649416,restIRP
2022,NIA,34772932,restIRP
2022,NIA,31732715,restIRP
2022,NIA,32585682,restIRP
2022,NIA,34125442,restIRP
2022,NIA,34954465,restIRP
2022,NIA,35204265,restIRP
2022,NIA,35604556,restIRP
2022,NIA,35736212,restIRP
2022,NIA,33533094,restIRP
2022,NIA,33596183,restIRP
2022,NIA,34157707,restIRP
2022,NIA,34354323,restIRP
2022,NIA,34417803,restIRP
2022,NIA,34628503,restIRP
2022,NIA,34666161,restIRP
2022,NIA,34862382,restIRP
2022,NIA,34927122,restIRP
2022,NIA,34983871,restIRP
2022,NIA,35090192,restIRP
2022,NIA,35113870,restIRP
2022,NIA,35122843,restIRP
2022,NIA,35506128,restIRP
2022,NIA,35544996,restIRP
2022,NIA,35856240,restIRP
2022,NIA,35938073,restIRP
2022,NIA,34112784,restIRP
2022,NIA,34804941,restIRP
2023,NIA,37083495,restIRP
2023,NIA,37097759,restIRP
2023,NIA,37462262,restIRP
2023,NIA,35365675,restIRP
2023,NIA,36347471,restIRP
2023,NIA,36526647,restIRP
2023,NIA,36669485,restIRP
2023,NIA,36695634,restIRP
2023,NIA,36950378,restIRP
2023,NIA,37198259,restIRP
2023,NIA,37348876,restIRP
2023,NIA,37369645,restIRP
2023,NIA,36104343,restIRP
2023,NIA,36328071,restIRP
2023,NIA,35074870,restIRP
2023,NIA,35341712,restIRP
2023,NIA,35385738,restIRP
2023,NIA,37388914,restIRP
2023,NIA,35452750,restIRP
2023,NIA,35842107,restIRP
2023,NIA,36219822,restIRP
2023,NIA,36347090,restIRP
2023,NIA,36876220,restIRP
2023,NIA,37367848,restIRP
2023,NIA,37572791,restIRP
2023,NIA,35159246,restIRP
2023,NIA,35524821,restIRP
2023,NIA,35774552,restIRP
2023,NIA,36165092,restIRP
2023,NIA,36515353,restIRP
2023,NIA,36782237,restIRP
2023,NIA,35790659,restIRP
2023,NIA,36000422,restIRP
2023,NIA,36002468,restIRP
2023,NIA,36182566,restIRP
2023,NIA,36515265,restIRP
2023,NIA,36520341,restIRP
2023,NIA,36614028,restIRP
2023,NIA,36741836,restIRP
2023,NIA,36821717,restIRP
2023,NIA,36845078,restIRP
2023,NIA,36910594,restIRP
2023,NIA,37301747,restIRP
2023,NIA,33402679,restIRP
2023,NIA,33483582,restIRP
2023,NIA,33595168,restIRP
2023,NIA,34139358,restIRP
2023,NIA,34379770,restIRP
2023,NIA,35150834,restIRP
2023,NIA,35343588,restIRP
2023,NIA,35726641,restIRP
2023,NIA,35866295,restIRP
2023,NIA,35905124,restIRP
2023,NIA,36070417,restIRP
2023,NIA,36071172,restIRP
2023,NIA,36537669,restIRP
2023,NIA,36653033,restIRP
2023,NIA,36720000,restIRP
2023,NIA,36729469,restIRP
2023,NIA,36737481,restIRP
2023,NIA,36771486,restIRP
2023,NIA,37016727,restIRP
2023,NIA,37162031,restIRP
2023,NIA,37216632,restIRP
2023,NIA,37235639,restIRP
2023,NIA,37257489,restIRP
2023,NIA,37283066,restIRP
2023,NIA,37313838,restIRP
2023,NIA,37336172,restIRP
2023,NIA,37357824,restIRP
2023,NIA,37530130,restIRP
2023,NIA,37532926,restIRP
2023,NIA,35013319,restIRP
2023,NIA,35591950,restIRP
2023,NIA,35682759,restIRP
2023,NIA,36064424,restIRP
2023,NIA,37058563,restIRP
2023,NIA,37163617,restIRP
2023,NIA,37522208,restIRP
2023,NIA,36879021,restIRP
2023,NIA,34587721,restIRP
2023,NIA,34984451,restIRP
2023,NIA,35507394,restIRP
2023,NIA,34971525,restIRP
2023,NIA,35113535,restIRP
2023,NIA,35349590,restIRP
2023,NIA,35404238,restIRP
2023,NIA,35501309,restIRP
2023,NIA,35511890,restIRP
2023,NIA,35768639,restIRP
2023,NIA,36042309,restIRP
2023,NIA,36562825,restIRP
2023,NIA,36901757,restIRP
2023,NIA,37220701,restIRP
2023,NIA,37350292,restIRP
2023,NIA,37515772,restIRP
2023,NIA,35714307,restIRP
2023,NIA,36897526,restIRP
2023,NIA,35036986,restIRP
2023,NIA,35110616,restIRP
2023,NIA,34338426,restIRP
2023,NIA,35985823,restIRP
2023,NIA,36115133,restIRP
2023,NIA,36229504,restIRP
2023,NIA,36453688,restIRP
2023,NIA,36622673,restIRP
2023,NIA,36762407,restIRP
2023,NIA,37027458,restIRP
2023,NIA,37210782,restIRP
2023,NIA,37467317,restIRP
2023,NIA,37519456,restIRP
2023,NIA,37801487,restIRP
2023,NIA,33839774,restIRP
2023,NIA,34786815,restIRP
2023,NIA,35020781,restIRP
2023,NIA,35079000,restIRP
2023,NIA,35133436,restIRP
2023,NIA,35142033,restIRP
2023,NIA,35362209,restIRP
2023,NIA,35379992,restIRP
2023,NIA,35396452,restIRP
2023,NIA,35438610,restIRP
2023,NIA,35511193,restIRP
2023,NIA,35530816,restIRP
2023,NIA,35697682,restIRP
2023,NIA,35697829,restIRP
2023,NIA,35779250,restIRP
2023,NIA,37530894,restIRP
2023,NIA,37532724,restIRP
2023,NIA,37011700,restIRP
2023,NIA,37052768,restIRP
2023,NIA,37233632,restIRP
2023,NIA,37309088,restIRP
2023,NIA,37589453,restIRP
2023,NIA,35600441,restIRP
2023,NIA,36161763,restIRP
2023,NIA,36577843,restIRP
2023,NIA,37414805,restIRP
2023,NIA,34542912,restIRP
2023,NIA,35580815,restIRP
2023,NIA,35599495,restIRP
2023,NIA,35895835,restIRP
2023,NIA,36044336,restIRP
2023,NIA,36074904,restIRP
2023,NIA,36256825,restIRP
2023,NIA,36847016,restIRP
2023,NIA,37229975,restIRP
2023,NIA,37558661,restIRP
2023,NIA,36035793,restIRP
2023,NIA,37320956,restIRP
2023,NIA,36569749,restIRP
2023,NIA,35982068,restIRP
2023,NIA,36710345,restIRP
2023,NIA,36899335,restIRP
2023,NIA,37027157,restIRP
2023,NIA,37547953,restIRP
2023,NIA,34678436,restIRP
2023,NIA,34813969,restIRP
2023,NIA,36441670,restIRP
2023,NIA,35013429,restIRP
2023,NIA,35245938,restIRP
2023,NIA,35491694,restIRP
2023,NIA,35604551,restIRP
2023,NIA,35604552,restIRP
2023,NIA,35749057,restIRP
2023,NIA,36116133,restIRP
2023,NIA,36259488,restIRP
2023,NIA,36264335,restIRP
2023,NIA,36266274,restIRP
2023,NIA,36342127,restIRP
2023,NIA,36440604,restIRP
2023,NIA,36533518,restIRP
2023,NIA,36658223,restIRP
2023,NIA,36895388,restIRP
2023,NIA,36924503,restIRP
2023,NIA,36978889,restIRP
2023,NIA,37009481,restIRP
2023,NIA,37086265,restIRP
2023,NIA,37118134,restIRP
2023,NIA,37154037,restIRP
2023,NIA,37237280,restIRP
2023,NIA,35263570,restIRP
2023,NIA,35708913,restIRP
2023,NIA,36050300,restIRP
2023,NIA,36368988,restIRP
2023,NIA,36741385,restIRP
2023,NIA,36968065,restIRP
2023,NIA,36165806,restIRP
2023,NIA,37014538,restIRP
2023,NIA,35400321,restIRP
2023,NIA,35631536,restIRP
2023,NIA,36190929,restIRP
2023,NIA,36224195,restIRP
2023,NIA,36499421,restIRP
2023,NIA,36872339,restIRP
2023,NIA,36902115,restIRP
2023,NIA,36907221,restIRP
2023,NIA,37401784,restIRP
2023,NIA,37408199,restIRP
2023,NIA,36865553,restIRP
2023,NIA,35061542,restIRP
2023,NIA,35171671,restIRP
2023,NIA,37116496,restIRP
2023,NIA,37117791,restIRP
2023,NIA,36653245,restIRP
2023,NIA,37453251,restIRP
2023,NIA,36322718,restIRP
2023,NIA,36756127,restIRP
2023,NIA,37524800,restIRP
2023,NIA,35388008,restIRP
2023,NIA,35593385,restIRP
2023,NIA,35025765,restIRP
2023,NIA,35751457,restIRP
2023,NIA,36739951,restIRP
2023,NIA,36948261,restIRP
2023,NIA,36185477,restIRP
2023,NIA,36794732,restIRP
2023,NIA,35262657,restIRP
2023,NIA,36312032,restIRP
2023,NIA,36460474,restIRP
2023,NIA,36571773,restIRP
2023,NIA,36731813,restIRP
2023,NIA,36817413,restIRP
2023,NIA,36978190,restIRP
2023,NIA,37063388,restIRP
2023,NIA,37139098,restIRP
2023,NIA,37213219,restIRP
2023,NIA,37354067,restIRP
2023,NIA,35830799,restIRP
2023,NIA,36114445,restIRP
2023,NIA,36826621,restIRP
2021,NIAAA,31937415,restIRP
2021,NIAAA,32071254,restIRP
2021,NIAAA,32393901,restIRP
2021,NIAAA,32531231,restIRP
2021,NIAAA,32653556,restIRP
2021,NIAAA,32920046,restIRP
2021,NIAAA,32934094,restIRP
2021,NIAAA,32950607,restIRP
2021,NIAAA,33319747,restIRP
2021,NIAAA,34040259,restIRP
2021,NIAAA,34230461,restIRP
2021,NIAAA,31469200,restIRP
2021,NIAAA,31786256,restIRP
2021,NIAAA,32385245,restIRP
2021,NIAAA,32413333,restIRP
2021,NIAAA,32463484,restIRP
2021,NIAAA,32544093,restIRP
2021,NIAAA,33301423,restIRP
2021,NIAAA,33323397,restIRP
2021,NIAAA,33610678,restIRP
2021,NIAAA,33724957,restIRP
2021,NIAAA,34510484,restIRP
2021,NIAAA,30959577,restIRP
2021,NIAAA,30127472,restIRP
2021,NIAAA,30356121,restIRP
2021,NIAAA,31270906,restIRP
2021,NIAAA,31372986,restIRP
2021,NIAAA,31466081,restIRP
2021,NIAAA,31713961,restIRP
2021,NIAAA,32064741,restIRP
2021,NIAAA,32214339,restIRP
2021,NIAAA,32398718,restIRP
2021,NIAAA,32576619,restIRP
2021,NIAAA,32615913,restIRP
2021,NIAAA,32652861,restIRP
2021,NIAAA,32788687,restIRP
2021,NIAAA,33583045,restIRP
2021,NIAAA,33629726,restIRP
2021,NIAAA,33719106,restIRP
2021,NIAAA,33833224,restIRP
2021,NIAAA,33837086,restIRP
2021,NIAAA,33854202,restIRP
2021,NIAAA,34035477,restIRP
2021,NIAAA,34302059,restIRP
2021,NIAAA,31233806,restIRP
2021,NIAAA,32114257,restIRP
2021,NIAAA,32357359,restIRP
2021,NIAAA,32444624,restIRP
2021,NIAAA,32699235,restIRP
2021,NIAAA,32774241,restIRP
2021,NIAAA,32811899,restIRP
2021,NIAAA,33090650,restIRP
2021,NIAAA,33168806,restIRP
2021,NIAAA,33175090,restIRP
2021,NIAAA,33275596,restIRP
2021,NIAAA,31705800,restIRP
2021,NIAAA,32680936,restIRP
2021,NIAAA,33236445,restIRP
2021,NIAAA,33580091,restIRP
2021,NIAAA,34443679,restIRP
2021,NIAAA,32144388,restIRP
2021,NIAAA,32840025,restIRP
2021,NIAAA,33233525,restIRP
2021,NIAAA,33806166,restIRP
2021,NIAAA,33913741,restIRP
2021,NIAAA,34273979,restIRP
2021,NIAAA,33769552,restIRP
2021,NIAAA,34060104,restIRP
2021,NIAAA,34151207,restIRP
2021,NIAAA,34323400,restIRP
2021,NIAAA,32929211,restIRP
2021,NIAAA,32931124,restIRP
2021,NIAAA,32957041,restIRP
2021,NIAAA,33026219,restIRP
2021,NIAAA,33037819,restIRP
2021,NIAAA,33094916,restIRP
2021,NIAAA,33096475,restIRP
2021,NIAAA,33216461,restIRP
2021,NIAAA,33350441,restIRP
2021,NIAAA,33432189,restIRP
2021,NIAAA,33471025,restIRP
2021,NIAAA,33779715,restIRP
2021,NIAAA,33912043,restIRP
2021,NIAAA,33990770,restIRP
2021,NIAAA,33990798,restIRP
2021,NIAAA,34002497,restIRP
2021,NIAAA,34054601,restIRP
2021,NIAAA,34080553,restIRP
2021,NIAAA,34135785,restIRP
2021,NIAAA,34276051,restIRP
2021,NIAAA,34363001,restIRP
2021,NIAAA,34099579,restIRP
2021,NIAAA,31833410,restIRP
2021,NIAAA,32991533,restIRP
2021,NIAAA,33245136,restIRP
2021,NIAAA,33256064,restIRP
2021,NIAAA,33259906,restIRP
2021,NIAAA,33300030,restIRP
2021,NIAAA,33367502,restIRP
2021,NIAAA,33674093,restIRP
2021,NIAAA,33688677,restIRP
2021,NIAAA,33741075,restIRP
2021,NIAAA,33791742,restIRP
2021,NIAAA,33835132,restIRP
2021,NIAAA,33970129,restIRP
2021,NIAAA,34366662,restIRP
2021,NIAAA,34471196,restIRP
2021,NIAAA,34585950,restIRP
2021,NIAAA,33758417,restIRP
2021,NIAAA,33934892,restIRP
2021,NIAAA,34217703,restIRP
2021,NIAAA,33667782,restIRP
2021,NIAAA,31994362,restIRP
2021,NIAAA,29695836,restIRP
2021,NIAAA,31665630,restIRP
2021,NIAAA,32417851,restIRP
2021,NIAAA,32859717,restIRP
2021,NIAAA,33333022,restIRP
2021,NIAAA,34385700,restIRP
2021,NIAAA,32805549,restIRP
2021,NIAAA,32869036,restIRP
2021,NIAAA,32963470,restIRP
2021,NIAAA,33516710,restIRP
2021,NIAAA,33737877,restIRP
2022,NIAAA,33605175,restIRP
2022,NIAAA,35478010,restIRP
2022,NIAAA,32779242,restIRP
2022,NIAAA,33867837,restIRP
2022,NIAAA,34282300,restIRP
2022,NIAAA,34793870,restIRP
2022,NIAAA,35421427,restIRP
2022,NIAAA,35838051,restIRP
2022,NIAAA,35265193,restIRP
2022,NIAAA,34566715,restIRP
2022,NIAAA,34656649,restIRP
2022,NIAAA,34744927,restIRP
2022,NIAAA,34746678,restIRP
2022,NIAAA,34751158,restIRP
2022,NIAAA,34759357,restIRP
2022,NIAAA,35229939,restIRP
2022,NIAAA,35452750,restIRP
2022,NIAAA,35794873,restIRP
2022,NIAAA,35906358,restIRP
2022,NIAAA,33452430,restIRP
2022,NIAAA,34216157,restIRP
2022,NIAAA,34764491,restIRP
2022,NIAAA,34896118,restIRP
2022,NIAAA,31649322,restIRP
2022,NIAAA,31702089,restIRP
2022,NIAAA,33594380,restIRP
2022,NIAAA,34187551,restIRP
2022,NIAAA,34220466,restIRP
2022,NIAAA,34857913,restIRP
2022,NIAAA,35705636,restIRP
2022,NIAAA,34516984,restIRP
2022,NIAAA,34650521,restIRP
2022,NIAAA,36092569,restIRP
2022,NIAAA,34240115,restIRP
2022,NIAAA,34264865,restIRP
2022,NIAAA,34318489,restIRP
2022,NIAAA,34469110,restIRP
2022,NIAAA,34471102,restIRP
2022,NIAAA,34612005,restIRP
2022,NIAAA,34649270,restIRP
2022,NIAAA,34650206,restIRP
2022,NIAAA,34707237,restIRP
2022,NIAAA,34873784,restIRP
2022,NIAAA,35018384,restIRP
2022,NIAAA,35050314,restIRP
2022,NIAAA,35075111,restIRP
2022,NIAAA,35293056,restIRP
2022,NIAAA,35363246,restIRP
2022,NIAAA,35440607,restIRP
2022,NIAAA,35485928,restIRP
2022,NIAAA,35524627,restIRP
2022,NIAAA,35580853,restIRP
2022,NIAAA,35637272,restIRP
2022,NIAAA,35694269,restIRP
2022,NIAAA,35697842,restIRP
2022,NIAAA,35779511,restIRP
2022,NIAAA,35783539,restIRP
2022,NIAAA,35830198,restIRP
2022,NIAAA,35858412,restIRP
2022,NIAAA,35868182,restIRP
2022,NIAAA,34591327,restIRP
2022,NIAAA,34604944,restIRP
2022,NIAAA,34709991,restIRP
2022,NIAAA,35460032,restIRP
2022,NIAAA,35694350,restIRP
2022,NIAAA,32762338,restIRP
2022,NIAAA,33674100,restIRP
2022,NIAAA,34518838,restIRP
2022,NIAAA,34671775,restIRP
2022,NIAAA,34853299,restIRP
2022,NIAAA,35426747,restIRP
2022,NIAAA,35509004,restIRP
2022,NIAAA,35685280,restIRP
2022,NIAAA,33664226,restIRP
2022,NIAAA,33857771,restIRP
2022,NIAAA,34861493,restIRP
2022,NIAAA,34973470,restIRP
2022,NIAAA,35760068,restIRP
2022,NIAAA,34663957,restIRP
2022,NIAAA,35545050,restIRP
2022,NIAAA,35896424,restIRP
2022,NIAAA,35315921,restIRP
2022,NIAAA,35752273,restIRP
2022,NIAAA,36001429,restIRP
2022,NIAAA,36032219,restIRP
2023,NIAAA,35383961,restIRP
2023,NIAAA,37480845,restIRP
2023,NIAAA,36224745,restIRP
2023,NIAAA,37338984,restIRP
2023,NIAAA,36447429,restIRP
2023,NIAAA,36528936,restIRP
2023,NIAAA,36736431,restIRP
2023,NIAAA,35180497,restIRP
2023,NIAAA,36006708,restIRP
2023,NIAAA,36208183,restIRP
2023,NIAAA,36350598,restIRP
2023,NIAAA,36544903,restIRP
2023,NIAAA,36545505,restIRP
2023,NIAAA,36782063,restIRP
2023,NIAAA,36867023,restIRP
2023,NIAAA,36958667,restIRP
2023,NIAAA,36966147,restIRP
2023,NIAAA,37186442,restIRP
2023,NIAAA,37372414,restIRP
2023,NIAAA,37575566,restIRP
2023,NIAAA,35715418,restIRP
2023,NIAAA,36232321,restIRP
2023,NIAAA,36567745,restIRP
2023,NIAAA,37188849,restIRP
2023,NIAAA,37260840,restIRP
2023,NIAAA,37528221,restIRP
2023,NIAAA,35428413,restIRP
2023,NIAAA,35667772,restIRP
2023,NIAAA,35947372,restIRP
2023,NIAAA,36285785,restIRP
2023,NIAAA,37076473,restIRP
2023,NIAAA,37550455,restIRP
2023,NIAAA,36982411,restIRP
2023,NIAAA,37123219,restIRP
2023,NIAAA,37580715,restIRP
2023,NIAAA,35989308,restIRP
2023,NIAAA,36066977,restIRP
2023,NIAAA,36163254,restIRP
2023,NIAAA,36311277,restIRP
2023,NIAAA,36364905,restIRP
2023,NIAAA,36425357,restIRP
2023,NIAAA,36510003,restIRP
2023,NIAAA,36573454,restIRP
2023,NIAAA,36653022,restIRP
2023,NIAAA,36662523,restIRP
2023,NIAAA,36719678,restIRP
2023,NIAAA,36765261,restIRP
2023,NIAAA,36809470,restIRP
2023,NIAAA,36828628,restIRP
2023,NIAAA,36944712,restIRP
2023,NIAAA,36976558,restIRP
2023,NIAAA,37113158,restIRP
2023,NIAAA,37159360,restIRP
2023,NIAAA,37316576,restIRP
2023,NIAAA,37400428,restIRP
2023,NIAAA,37516341,restIRP
2023,NIAAA,36717246,restIRP
2023,NIAAA,36922494,restIRP
2023,NIAAA,37438813,restIRP
2023,NIAAA,32407464,restIRP
2023,NIAAA,32551179,restIRP
2023,NIAAA,32743605,restIRP
2023,NIAAA,35171979,restIRP
2023,NIAAA,35284941,restIRP
2023,NIAAA,35313597,restIRP
2023,NIAAA,36469087,restIRP
2023,NIAAA,36516124,restIRP
2023,NIAAA,36617561,restIRP
2023,NIAAA,36897799,restIRP
2023,NIAAA,37350646,restIRP
2023,NIAAA,37038090,restIRP
2023,NIAAA,37534180,restIRP
2023,NIAAA,37436103,restIRP
2023,NIAAA,36284097,restIRP
2023,NIAAA,37351579,restIRP
2023,NIAAA,28185645,restIRP
2023,NIAAA,29310048,restIRP
2023,NIAAA,30504927,restIRP
2023,NIAAA,36170833,restIRP
2023,NIAAA,36152778,restIRP
2023,NIAAA,36301209,restIRP
2023,NIAAA,36324652,restIRP
2023,NIAAA,36844167,restIRP
2021,NIAID,30877752,restIRP
2021,NIAID,32396922,restIRP
2021,NIAID,32511299,restIRP
2021,NIAID,32516797,restIRP
2021,NIAID,32544096,restIRP
2021,NIAID,32560095,restIRP
2021,NIAID,32645325,restIRP
2021,NIAID,32773483,restIRP
2021,NIAID,32839775,restIRP
2021,NIAID,32908007,restIRP
2021,NIAID,32946437,restIRP
2021,NIAID,33020268,restIRP
2021,NIAID,33248470,restIRP
2021,NIAID,33269401,restIRP
2021,NIAID,33431511,restIRP
2021,NIAID,33441540,restIRP
2021,NIAID,33447831,restIRP
2021,NIAID,33599611,restIRP
2021,NIAID,33758847,restIRP
2021,NIAID,33863887,restIRP
2021,NIAID,33922222,restIRP
2021,NIAID,34028721,restIRP
2021,NIAID,34156261,restIRP
2021,NIAID,34162308,restIRP
2021,NIAID,32015557,restIRP
2021,NIAID,32034141,restIRP
2021,NIAID,32295908,restIRP
2021,NIAID,32330555,restIRP
2021,NIAID,32353250,restIRP
2021,NIAID,32510329,restIRP
2021,NIAID,32663912,restIRP
2021,NIAID,32722908,restIRP
2021,NIAID,32866318,restIRP
2021,NIAID,32991794,restIRP
2021,NIAID,33098766,restIRP
2021,NIAID,33182279,restIRP
2021,NIAID,33270381,restIRP
2021,NIAID,33442707,restIRP
2021,NIAID,33493795,restIRP
2021,NIAID,33495459,restIRP
2021,NIAID,33655252,restIRP
2021,NIAID,33661303,restIRP
2021,NIAID,33662277,restIRP
2021,NIAID,33688652,restIRP
2021,NIAID,33720905,restIRP
2021,NIAID,33741916,restIRP
2021,NIAID,33755731,restIRP
2021,NIAID,33822494,restIRP
2021,NIAID,33826898,restIRP
2021,NIAID,31620776,restIRP
2021,NIAID,32709241,restIRP
2021,NIAID,34117323,restIRP
2021,NIAID,32862202,restIRP
2021,NIAID,33005414,restIRP
2021,NIAID,33159073,restIRP
2021,NIAID,33615179,restIRP
2021,NIAID,34037668,restIRP
2021,NIAID,34235093,restIRP
2021,NIAID,33513762,restIRP
2021,NIAID,33723418,restIRP
2021,NIAID,34184910,restIRP
2021,NIAID,34342534,restIRP
2021,NIAID,32999034,restIRP
2021,NIAID,33927207,restIRP
2021,NIAID,31190050,restIRP
2021,NIAID,31493539,restIRP
2021,NIAID,31959990,restIRP
2021,NIAID,31970398,restIRP
2021,NIAID,32207811,restIRP
2021,NIAID,32278790,restIRP
2021,NIAID,32296420,restIRP
2021,NIAID,32369445,restIRP
2021,NIAID,32556283,restIRP
2021,NIAID,32580970,restIRP
2021,NIAID,32585411,restIRP
2021,NIAID,32634122,restIRP
2021,NIAID,32743590,restIRP
2021,NIAID,32768442,restIRP
2021,NIAID,32915432,restIRP
2021,NIAID,32980424,restIRP
2021,NIAID,33014947,restIRP
2021,NIAID,33020661,restIRP
2021,NIAID,33356838,restIRP
2021,NIAID,33662027,restIRP
2021,NIAID,34040193,restIRP
2021,NIAID,34089740,restIRP
2021,NIAID,32791068,restIRP
2021,NIAID,33593981,restIRP
2021,NIAID,34026202,restIRP
2021,NIAID,34232709,restIRP
2021,NIAID,31941448,restIRP
2021,NIAID,32055862,restIRP
2021,NIAID,32344186,restIRP
2021,NIAID,32659786,restIRP
2021,NIAID,34347010,restIRP
2021,NIAID,33941653,restIRP
2021,NIAID,31768525,restIRP
2021,NIAID,34469647,restIRP
2021,NIAID,34662808,restIRP
2021,NIAID,32886656,restIRP
2021,NIAID,33036194,restIRP
2021,NIAID,33095766,restIRP
2021,NIAID,33501447,restIRP
2021,NIAID,33652895,restIRP
2021,NIAID,34013842,restIRP
2021,NIAID,34268506,restIRP
2021,NIAID,34302788,restIRP
2021,NIAID,31978062,restIRP
2021,NIAID,31996483,restIRP
2021,NIAID,32522853,restIRP
2021,NIAID,32615983,restIRP
2021,NIAID,32841266,restIRP
2021,NIAID,32869023,restIRP
2021,NIAID,33013878,restIRP
2021,NIAID,33166790,restIRP
2021,NIAID,33288704,restIRP
2021,NIAID,33370382,restIRP
2021,NIAID,33554060,restIRP
2021,NIAID,33592317,restIRP
2021,NIAID,33738124,restIRP
2021,NIAID,34252616,restIRP
2021,NIAID,34265024,restIRP
2021,NIAID,33077628,restIRP
2021,NIAID,33284863,restIRP
2021,NIAID,34112224,restIRP
2021,NIAID,33097791,restIRP
2021,NIAID,32352406,restIRP
2021,NIAID,32375025,restIRP
2021,NIAID,32511337,restIRP
2021,NIAID,32756549,restIRP
2021,NIAID,33823129,restIRP
2021,NIAID,33864736,restIRP
2021,NIAID,33961055,restIRP
2021,NIAID,34270939,restIRP
2021,NIAID,34417590,restIRP
2021,NIAID,31776279,restIRP
2021,NIAID,32866210,restIRP
2021,NIAID,33028714,restIRP
2021,NIAID,33442693,restIRP
2021,NIAID,33504600,restIRP
2021,NIAID,33688035,restIRP
2021,NIAID,34076488,restIRP
2021,NIAID,34232734,restIRP
2021,NIAID,34253028,restIRP
2021,NIAID,32784117,restIRP
2021,NIAID,33239751,restIRP
2021,NIAID,33329307,restIRP
2021,NIAID,33383587,restIRP
2021,NIAID,33550636,restIRP
2021,NIAID,33552235,restIRP
2021,NIAID,33859547,restIRP
2021,NIAID,33731830,restIRP
2021,NIAID,32381108,restIRP
2021,NIAID,33509294,restIRP
2021,NIAID,34372599,restIRP
2021,NIAID,32986090,restIRP
2021,NIAID,33185334,restIRP
2021,NIAID,33373501,restIRP
2021,NIAID,33610557,restIRP
2021,NIAID,33833330,restIRP
2021,NIAID,34132175,restIRP
2021,NIAID,34210822,restIRP
2021,NIAID,32218995,restIRP
2021,NIAID,32667040,restIRP
2021,NIAID,32698842,restIRP
2021,NIAID,32859199,restIRP
2021,NIAID,32890653,restIRP
2021,NIAID,32989463,restIRP
2021,NIAID,33048842,restIRP
2021,NIAID,33239619,restIRP
2021,NIAID,33616392,restIRP
2021,NIAID,33661302,restIRP
2021,NIAID,33902452,restIRP
2021,NIAID,34106920,restIRP
2021,NIAID,34249305,restIRP
2021,NIAID,34335606,restIRP
2021,NIAID,34337556,restIRP
2021,NIAID,31969456,restIRP
2021,NIAID,32511462,restIRP
2021,NIAID,32647056,restIRP
2021,NIAID,32719666,restIRP
2021,NIAID,32855340,restIRP
2021,NIAID,32878934,restIRP
2021,NIAID,32946741,restIRP
2021,NIAID,33741986,restIRP
2021,NIAID,32511319,restIRP
2021,NIAID,32577633,restIRP
2021,NIAID,32676616,restIRP
2021,NIAID,32766573,restIRP
2021,NIAID,33453152,restIRP
2021,NIAID,33600506,restIRP
2021,NIAID,34283885,restIRP
2021,NIAID,34408080,restIRP
2021,NIAID,32040770,restIRP
2021,NIAID,32811991,restIRP
2021,NIAID,33362741,restIRP
2021,NIAID,34252307,restIRP
2021,NIAID,32511338,restIRP
2021,NIAID,33052361,restIRP
2021,NIAID,33320842,restIRP
2021,NIAID,33688658,restIRP
2021,NIAID,34065987,restIRP
2021,NIAID,34089610,restIRP
2021,NIAID,32485845,restIRP
2021,NIAID,32818422,restIRP
2021,NIAID,33622461,restIRP
2021,NIAID,32054787,restIRP
2021,NIAID,32511340,restIRP
2021,NIAID,32577525,restIRP
2021,NIAID,32704046,restIRP
2021,NIAID,32731258,restIRP
2021,NIAID,32803199,restIRP
2021,NIAID,32856319,restIRP
2021,NIAID,32878683,restIRP
2021,NIAID,32956349,restIRP
2021,NIAID,32993847,restIRP
2021,NIAID,32995767,restIRP
2021,NIAID,33017410,restIRP
2021,NIAID,33090972,restIRP
2021,NIAID,33251966,restIRP
2021,NIAID,33257849,restIRP
2021,NIAID,33398267,restIRP
2021,NIAID,33416494,restIRP
2021,NIAID,33443221,restIRP
2021,NIAID,33532770,restIRP
2021,NIAID,33622728,restIRP
2021,NIAID,33627395,restIRP
2021,NIAID,33807214,restIRP
2021,NIAID,33886507,restIRP
2021,NIAID,34065996,restIRP
2021,NIAID,34159329,restIRP
2021,NIAID,34159332,restIRP
2021,NIAID,34401871,restIRP
2021,NIAID,31913161,restIRP
2021,NIAID,32130953,restIRP
2021,NIAID,32194550,restIRP
2021,NIAID,32353328,restIRP
2021,NIAID,32404504,restIRP
2021,NIAID,32690707,restIRP
2021,NIAID,32841214,restIRP
2021,NIAID,33214287,restIRP
2021,NIAID,33306960,restIRP
2021,NIAID,33351785,restIRP
2021,NIAID,33717194,restIRP
2021,NIAID,33732238,restIRP
2021,NIAID,33903232,restIRP
2021,NIAID,33907752,restIRP
2021,NIAID,33971664,restIRP
2021,NIAID,34013272,restIRP
2021,NIAID,34075375,restIRP
2021,NIAID,34075385,restIRP
2021,NIAID,34159328,restIRP
2021,NIAID,34210892,restIRP
2021,NIAID,34233096,restIRP
2021,NIAID,34237254,restIRP
2021,NIAID,34310620,restIRP
2021,NIAID,34315825,restIRP
2021,NIAID,33446526,restIRP
2021,NIAID,33452107,restIRP
2021,NIAID,33717122,restIRP
2021,NIAID,34158594,restIRP
2021,NIAID,34193462,restIRP
2021,NIAID,33619160,restIRP
2021,NIAID,32601097,restIRP
2021,NIAID,33532775,restIRP
2021,NIAID,33633747,restIRP
2021,NIAID,34159326,restIRP
2021,NIAID,32101732,restIRP
2021,NIAID,32276966,restIRP
2021,NIAID,32282850,restIRP
2021,NIAID,33530584,restIRP
2021,NIAID,33615281,restIRP
2021,NIAID,30948489,restIRP
2021,NIAID,32222457,restIRP
2021,NIAID,33220657,restIRP
2021,NIAID,33259149,restIRP
2021,NIAID,33745886,restIRP
2021,NIAID,31991737,restIRP
2021,NIAID,33831133,restIRP
2021,NIAID,31232448,restIRP
2021,NIAID,31642423,restIRP
2021,NIAID,32198510,restIRP
2021,NIAID,33124666,restIRP
2021,NIAID,31988463,restIRP
2021,NIAID,32314173,restIRP
2021,NIAID,33284949,restIRP
2021,NIAID,33740872,restIRP
2021,NIAID,32718933,restIRP
2021,NIAID,32779567,restIRP
2021,NIAID,32866158,restIRP
2021,NIAID,32981324,restIRP
2021,NIAID,33046650,restIRP
2021,NIAID,33284326,restIRP
2021,NIAID,33408879,restIRP
2021,NIAID,33446604,restIRP
2021,NIAID,33582300,restIRP
2021,NIAID,34198050,restIRP
2021,NIAID,33376221,restIRP
2021,NIAID,32848158,restIRP
2021,NIAID,33465158,restIRP
2021,NIAID,34111271,restIRP
2021,NIAID,34120579,restIRP
2021,NIAID,32799410,restIRP
2021,NIAID,32984076,restIRP
2021,NIAID,32992542,restIRP
2021,NIAID,33077743,restIRP
2021,NIAID,33407511,restIRP
2021,NIAID,34235489,restIRP
2021,NIAID,31921143,restIRP
2021,NIAID,32362895,restIRP
2021,NIAID,32709481,restIRP
2021,NIAID,31932313,restIRP
2021,NIAID,32427963,restIRP
2021,NIAID,34873293,restIRP
2021,NIAID,31298273,restIRP
2021,NIAID,32976026,restIRP
2021,NIAID,33038947,restIRP
2021,NIAID,33095540,restIRP
2021,NIAID,33215168,restIRP
2021,NIAID,33232588,restIRP
2021,NIAID,33354527,restIRP
2021,NIAID,33356051,restIRP
2021,NIAID,33399856,restIRP
2021,NIAID,33460347,restIRP
2021,NIAID,33485369,restIRP
2021,NIAID,33587436,restIRP
2021,NIAID,33709142,restIRP
2021,NIAID,33974707,restIRP
2021,NIAID,34050748,restIRP
2021,NIAID,34125574,restIRP
2021,NIAID,32673439,restIRP
2021,NIAID,33091354,restIRP
2021,NIAID,33650125,restIRP
2021,NIAID,32817110,restIRP
2021,NIAID,34101486,restIRP
2021,NIAID,32681206,restIRP
2021,NIAID,32949809,restIRP
2021,NIAID,33007327,restIRP
2021,NIAID,33623984,restIRP
2021,NIAID,33650026,restIRP
2021,NIAID,33674380,restIRP
2021,NIAID,33708388,restIRP
2021,NIAID,33712802,restIRP
2021,NIAID,33804872,restIRP
2021,NIAID,33892719,restIRP
2021,NIAID,33948577,restIRP
2021,NIAID,33974366,restIRP
2021,NIAID,33139915,restIRP
2021,NIAID,33434494,restIRP
2021,NIAID,33636133,restIRP
2021,NIAID,34050141,restIRP
2021,NIAID,32690628,restIRP
2021,NIAID,32754877,restIRP
2021,NIAID,32959767,restIRP
2021,NIAID,33003988,restIRP
2021,NIAID,33572859,restIRP
2021,NIAID,34072112,restIRP
2021,NIAID,34200548,restIRP
2021,NIAID,32955488,restIRP
2021,NIAID,32972995,restIRP
2021,NIAID,32972996,restIRP
2021,NIAID,33232303,restIRP
2021,NIAID,33363283,restIRP
2021,NIAID,33544838,restIRP
2021,NIAID,33551039,restIRP
2021,NIAID,33713619,restIRP
2021,NIAID,33762578,restIRP
2021,NIAID,33890986,restIRP
2021,NIAID,33956074,restIRP
2021,NIAID,34185153,restIRP
2021,NIAID,34309902,restIRP
2021,NIAID,34413139,restIRP
2021,NIAID,34413140,restIRP
2021,NIAID,34473196,restIRP
2021,NIAID,34521813,restIRP
2021,NIAID,33141508,restIRP
2021,NIAID,33239787,restIRP
2021,NIAID,33293463,restIRP
2021,NIAID,33684179,restIRP
2021,NIAID,33894945,restIRP
2021,NIAID,34308414,restIRP
2021,NIAID,34723253,restIRP
2021,NIAID,32016127,restIRP
2021,NIAID,32055640,restIRP
2021,NIAID,32224502,restIRP
2021,NIAID,32415070,restIRP
2021,NIAID,32426577,restIRP
2021,NIAID,32585776,restIRP
2021,NIAID,32949118,restIRP
2021,NIAID,33005700,restIRP
2021,NIAID,33104218,restIRP
2021,NIAID,33136757,restIRP
2021,NIAID,33229895,restIRP
2021,NIAID,33252490,restIRP
2021,NIAID,33324725,restIRP
2021,NIAID,31911494,restIRP
2021,NIAID,31932728,restIRP
2021,NIAID,32069335,restIRP
2021,NIAID,32111619,restIRP
2021,NIAID,32317323,restIRP
2021,NIAID,32518308,restIRP
2021,NIAID,32601220,restIRP
2021,NIAID,32601431,restIRP
2021,NIAID,32606244,restIRP
2021,NIAID,32647003,restIRP
2021,NIAID,32673754,restIRP
2021,NIAID,32709745,restIRP
2021,NIAID,32709983,restIRP
2021,NIAID,33077647,restIRP
2021,NIAID,33314777,restIRP
2021,NIAID,33395287,restIRP
2021,NIAID,33651853,restIRP
2021,NIAID,33741942,restIRP
2021,NIAID,33821267,restIRP
2021,NIAID,33888584,restIRP
2021,NIAID,34038035,restIRP
2021,NIAID,34108259,restIRP
2021,NIAID,34135907,restIRP
2021,NIAID,34313548,restIRP
2021,NIAID,34315806,restIRP
2021,NIAID,31932825,restIRP
2021,NIAID,32080235,restIRP
2021,NIAID,32224438,restIRP
2021,NIAID,32286643,restIRP
2021,NIAID,33954330,restIRP
2021,NIAID,34167299,restIRP
2021,NIAID,34200826,restIRP
2021,NIAID,34379916,restIRP
2021,NIAID,34426807,restIRP
2021,NIAID,32014111,restIRP
2021,NIAID,32066947,restIRP
2021,NIAID,32127451,restIRP
2021,NIAID,33861500,restIRP
2021,NIAID,30953061,restIRP
2021,NIAID,33169014,restIRP
2021,NIAID,33211860,restIRP
2021,NIAID,33824333,restIRP
2021,NIAID,34111372,restIRP
2021,NIAID,33089311,restIRP
2021,NIAID,33095855,restIRP
2021,NIAID,33331927,restIRP
2021,NIAID,33661412,restIRP
2021,NIAID,33718970,restIRP
2021,NIAID,33983545,restIRP
2021,NIAID,34171765,restIRP
2021,NIAID,32394887,restIRP
2021,NIAID,32730249,restIRP
2021,NIAID,33057676,restIRP
2021,NIAID,32887545,restIRP
2021,NIAID,32907950,restIRP
2021,NIAID,33108348,restIRP
2021,NIAID,33122717,restIRP
2021,NIAID,33617528,restIRP
2021,NIAID,33633731,restIRP
2021,NIAID,34140472,restIRP
2021,NIAID,34330999,restIRP
2021,NIAID,34187897,restIRP
2021,NIAID,32256353,restIRP
2021,NIAID,33273588,restIRP
2021,NIAID,33479155,restIRP
2021,NIAID,33547079,restIRP
2021,NIAID,33653959,restIRP
2021,NIAID,33199367,restIRP
2021,NIAID,33864815,restIRP
2021,NIAID,32929041,restIRP
2021,NIAID,33157038,restIRP
2021,NIAID,33634751,restIRP
2021,NIAID,33091382,restIRP
2021,NIAID,32107536,restIRP
2021,NIAID,32688055,restIRP
2021,NIAID,32878952,restIRP
2021,NIAID,32916100,restIRP
2021,NIAID,33336253,restIRP
2021,NIAID,33686174,restIRP
2021,NIAID,34165324,restIRP
2021,NIAID,34224257,restIRP
2021,NIAID,34301946,restIRP
2021,NIAID,32182219,restIRP
2021,NIAID,33494381,restIRP
2021,NIAID,34195680,restIRP
2021,NIAID,34385356,restIRP
2021,NIAID,33300011,restIRP
2021,NIAID,33398182,restIRP
2021,NIAID,33606018,restIRP
2021,NIAID,33723462,restIRP
2021,NIAID,33891889,restIRP
2021,NIAID,33924911,restIRP
2021,NIAID,34099646,restIRP
2021,NIAID,34157301,restIRP
2021,NIAID,34268520,restIRP
2021,NIAID,33481382,restIRP
2021,NIAID,31595041,restIRP
2021,NIAID,32078584,restIRP
2021,NIAID,32559462,restIRP
2021,NIAID,33245745,restIRP
2021,NIAID,33271120,restIRP
2021,NIAID,33637737,restIRP
2021,NIAID,33691108,restIRP
2021,NIAID,33758883,restIRP
2021,NIAID,33901246,restIRP
2021,NIAID,34001658,restIRP
2021,NIAID,34013274,restIRP
2021,NIAID,34088742,restIRP
2021,NIAID,34161770,restIRP
2021,NIAID,31961911,restIRP
2021,NIAID,32767966,restIRP
2021,NIAID,33007669,restIRP
2021,NIAID,33312963,restIRP
2021,NIAID,33589693,restIRP
2021,NIAID,34349757,restIRP
2021,NIAID,34162751,restIRP
2021,NIAID,34519517,restIRP
2021,NIAID,31855881,restIRP
2021,NIAID,33243815,restIRP
2021,NIAID,33587505,restIRP
2021,NIAID,33587510,restIRP
2021,NIAID,33730454,restIRP
2021,NIAID,34031659,restIRP
2021,NIAID,34056628,restIRP
2021,NIAID,34166231,restIRP
2021,NIAID,34213402,restIRP
2021,NIAID,33087569,restIRP
2021,NIAID,33301709,restIRP
2021,NIAID,32493813,restIRP
2021,NIAID,34082753,restIRP
2021,NIAID,33790899,restIRP
2021,NIAID,34280415,restIRP
2021,NIAID,32187519,restIRP
2021,NIAID,33952660,restIRP
2021,NIAID,32294445,restIRP
2021,NIAID,32335144,restIRP
2021,NIAID,33064743,restIRP
2021,NIAID,33821272,restIRP
2021,NIAID,32867061,restIRP
2021,NIAID,33922096,restIRP
2021,NIAID,34125573,restIRP
2021,NIAID,31941780,restIRP
2021,NIAID,32238588,restIRP
2021,NIAID,32161475,restIRP
2021,NIAID,33017391,restIRP
2021,NIAID,34367162,restIRP
2021,NIAID,32076635,restIRP
2021,NIAID,32427581,restIRP
2021,NIAID,32678144,restIRP
2021,NIAID,32788672,restIRP
2021,NIAID,33044985,restIRP
2021,NIAID,33106528,restIRP
2021,NIAID,33261663,restIRP
2021,NIAID,33663385,restIRP
2021,NIAID,32655540,restIRP
2021,NIAID,32770087,restIRP
2021,NIAID,32793218,restIRP
2021,NIAID,32908997,restIRP
2021,NIAID,33006109,restIRP
2021,NIAID,33107914,restIRP
2021,NIAID,33117328,restIRP
2021,NIAID,33140240,restIRP
2021,NIAID,33168705,restIRP
2021,NIAID,33184721,restIRP
2021,NIAID,33193364,restIRP
2021,NIAID,33215322,restIRP
2021,NIAID,33236415,restIRP
2021,NIAID,33393505,restIRP
2021,NIAID,33495902,restIRP
2021,NIAID,33607339,restIRP
2021,NIAID,33791689,restIRP
2021,NIAID,33909184,restIRP
2021,NIAID,34019630,restIRP
2021,NIAID,34033842,restIRP
2021,NIAID,34087243,restIRP
2021,NIAID,34183838,restIRP
2021,NIAID,34211466,restIRP
2021,NIAID,34214472,restIRP
2021,NIAID,31701156,restIRP
2021,NIAID,32820072,restIRP
2021,NIAID,32966579,restIRP
2021,NIAID,33084569,restIRP
2021,NIAID,33441422,restIRP
2021,NIAID,33752225,restIRP
2021,NIAID,33939254,restIRP
2021,NIAID,32907983,restIRP
2021,NIAID,33529172,restIRP
2021,NIAID,32197325,restIRP
2021,NIAID,32977414,restIRP
2021,NIAID,33030816,restIRP
2021,NIAID,33237849,restIRP
2021,NIAID,33940845,restIRP
2021,NIAID,33762730,restIRP
2021,NIAID,32511463,restIRP
2021,NIAID,32528732,restIRP
2021,NIAID,33257936,restIRP
2021,NIAID,33397956,restIRP
2021,NIAID,33725211,restIRP
2021,NIAID,34158410,restIRP
2021,NIAID,34086838,restIRP
2021,NIAID,33155980,restIRP
2021,NIAID,33680990,restIRP
2021,NIAID,33320394,restIRP
2021,NIAID,33359359,restIRP
2021,NIAID,34089216,restIRP
2021,NIAID,32641488,restIRP
2021,NIAID,32937658,restIRP
2021,NIAID,32998902,restIRP
2021,NIAID,33630954,restIRP
2021,NIAID,32060559,restIRP
2021,NIAID,32557834,restIRP
2021,NIAID,32702726,restIRP
2021,NIAID,32798221,restIRP
2021,NIAID,33188780,restIRP
2021,NIAID,33385336,restIRP
2021,NIAID,33827897,restIRP
2021,NIAID,33980601,restIRP
2021,NIAID,34401309,restIRP
2021,NIAID,33413417,restIRP
2021,NIAID,33452495,restIRP
2021,NIAID,33846719,restIRP
2021,NIAID,33850301,restIRP
2021,NIAID,33995348,restIRP
2021,NIAID,34128693,restIRP
2021,NIAID,34342640,restIRP
2021,NIAID,33730471,restIRP
2021,NIAID,33789012,restIRP
2021,NIAID,33723304,restIRP
2021,NIAID,34013270,restIRP
2021,NIAID,34043959,restIRP
2021,NIAID,34237247,restIRP
2021,NIAID,32336197,restIRP
2021,NIAID,32350082,restIRP
2021,NIAID,32602902,restIRP
2021,NIAID,32661179,restIRP
2021,NIAID,33359089,restIRP
2021,NIAID,33476078,restIRP
2021,NIAID,33720008,restIRP
2021,NIAID,33769280,restIRP
2021,NIAID,34127548,restIRP
2021,NIAID,34185706,restIRP
2021,NIAID,34088695,restIRP
2021,NIAID,32094927,restIRP
2021,NIAID,33257311,restIRP
2021,NIAID,32126989,restIRP
2021,NIAID,33350377,restIRP
2021,NIAID,33561016,restIRP
2021,NIAID,33619371,restIRP
2021,NIAID,33824913,restIRP
2021,NIAID,34310889,restIRP
2021,NIAID,33203756,restIRP
2021,NIAID,33259165,restIRP
2021,NIAID,31907195,restIRP
2021,NIAID,32257211,restIRP
2021,NIAID,33123155,restIRP
2021,NIAID,33407502,restIRP
2021,NIAID,33763229,restIRP
2021,NIAID,33790470,restIRP
2021,NIAID,33822828,restIRP
2021,NIAID,33121334,restIRP
2021,NIAID,33205023,restIRP
2021,NIAID,33238130,restIRP
2021,NIAID,33242391,restIRP
2021,NIAID,33271067,restIRP
2021,NIAID,33318483,restIRP
2021,NIAID,33333740,restIRP
2021,NIAID,33649208,restIRP
2021,NIAID,33676924,restIRP
2021,NIAID,33789084,restIRP
2021,NIAID,33794145,restIRP
2021,NIAID,33803302,restIRP
2021,NIAID,33803622,restIRP
2021,NIAID,33827946,restIRP
2021,NIAID,33876699,restIRP
2021,NIAID,33887205,restIRP
2021,NIAID,34019795,restIRP
2021,NIAID,34020817,restIRP
2021,NIAID,34098567,restIRP
2021,NIAID,34111408,restIRP
2021,NIAID,34135892,restIRP
2021,NIAID,34242577,restIRP
2021,NIAID,34244481,restIRP
2021,NIAID,34461095,restIRP
2021,NIAID,32637947,restIRP
2021,NIAID,33122196,restIRP
2021,NIAID,32284371,restIRP
2021,NIAID,32596454,restIRP
2021,NIAID,33101578,restIRP
2021,NIAID,33387157,restIRP
2021,NIAID,33468482,restIRP
2021,NIAID,33574462,restIRP
2021,NIAID,34237029,restIRP
2021,NIAID,31939811,restIRP
2021,NIAID,33415666,restIRP
2021,NIAID,33508001,restIRP
2021,NIAID,33512437,restIRP
2021,NIAID,33548230,restIRP
2021,NIAID,33907292,restIRP
2021,NIAID,34015362,restIRP
2021,NIAID,34038417,restIRP
2021,NIAID,34492260,restIRP
2021,NIAID,31919284,restIRP
2021,NIAID,32252809,restIRP
2021,NIAID,32664935,restIRP
2021,NIAID,32673614,restIRP
2021,NIAID,33374514,restIRP
2021,NIAID,33793555,restIRP
2021,NIAID,33831142,restIRP
2021,NIAID,31896599,restIRP
2021,NIAID,34401888,restIRP
2021,NIAID,31963118,restIRP
2021,NIAID,32053790,restIRP
2021,NIAID,32511445,restIRP
2021,NIAID,33306283,restIRP
2021,NIAID,33367731,restIRP
2021,NIAID,31555824,restIRP
2021,NIAID,31782768,restIRP
2021,NIAID,31894150,restIRP
2021,NIAID,32435513,restIRP
2021,NIAID,32580719,restIRP
2021,NIAID,33332286,restIRP
2021,NIAID,33027083,restIRP
2021,NIAID,32163288,restIRP
2021,NIAID,33533717,restIRP
2021,NIAID,34140358,restIRP
2021,NIAID,32900800,restIRP
2021,NIAID,33393463,restIRP
2021,NIAID,34162381,restIRP
2021,NIAID,32409684,restIRP
2021,NIAID,34081700,restIRP
2021,NIAID,32641828,restIRP
2021,NIAID,33880473,restIRP
2021,NIAID,32111885,restIRP
2021,NIAID,32905347,restIRP
2021,NIAID,33657395,restIRP
2021,NIAID,34075120,restIRP
2021,NIAID,32987941,restIRP
2021,NIAID,33753466,restIRP
2021,NIAID,33807365,restIRP
2021,NIAID,33027653,restIRP
2021,NIAID,33377126,restIRP
2021,NIAID,33597521,restIRP
2021,NIAID,34031380,restIRP
2021,NIAID,31953710,restIRP
2021,NIAID,32048120,restIRP
2021,NIAID,32163376,restIRP
2021,NIAID,32169832,restIRP
2021,NIAID,32391290,restIRP
2021,NIAID,32556286,restIRP
2021,NIAID,32736380,restIRP
2021,NIAID,34041472,restIRP
2021,NIAID,33744939,restIRP
2021,NIAID,33980982,restIRP
2021,NIAID,34039612,restIRP
2021,NIAID,34280251,restIRP
2021,NIAID,31821175,restIRP
2021,NIAID,32754637,restIRP
2021,NIAID,33139883,restIRP
2021,NIAID,32371485,restIRP
2021,NIAID,32434884,restIRP
2021,NIAID,32443148,restIRP
2021,NIAID,32462053,restIRP
2021,NIAID,32848246,restIRP
2021,NIAID,33511235,restIRP
2021,NIAID,34127579,restIRP
2021,NIAID,32407708,restIRP
2021,NIAID,33837212,restIRP
2021,NIAID,34056709,restIRP
2021,NIAID,34346770,restIRP
2021,NIAID,31201416,restIRP
2021,NIAID,31953351,restIRP
2021,NIAID,32126084,restIRP
2021,NIAID,32155244,restIRP
2021,NIAID,32307511,restIRP
2021,NIAID,32344114,restIRP
2021,NIAID,32561912,restIRP
2021,NIAID,32984066,restIRP
2021,NIAID,33042134,restIRP
2021,NIAID,33101317,restIRP
2021,NIAID,33183277,restIRP
2021,NIAID,33243148,restIRP
2021,NIAID,33252651,restIRP
2021,NIAID,33269789,restIRP
2021,NIAID,33289025,restIRP
2021,NIAID,33302378,restIRP
2021,NIAID,33822083,restIRP
2021,NIAID,34132583,restIRP
2021,NIAID,31054214,restIRP
2021,NIAID,31117928,restIRP
2021,NIAID,31634196,restIRP
2021,NIAID,31914792,restIRP
2021,NIAID,31953184,restIRP
2021,NIAID,32072624,restIRP
2021,NIAID,32072743,restIRP
2021,NIAID,32080169,restIRP
2021,NIAID,32240715,restIRP
2021,NIAID,32281387,restIRP
2021,NIAID,32295382,restIRP
2021,NIAID,32388879,restIRP
2021,NIAID,32492061,restIRP
2021,NIAID,32511537,restIRP
2021,NIAID,32631297,restIRP
2021,NIAID,32649866,restIRP
2021,NIAID,32730756,restIRP
2021,NIAID,32764200,restIRP
2021,NIAID,32776128,restIRP
2021,NIAID,32785976,restIRP
2021,NIAID,32832116,restIRP
2021,NIAID,32845933,restIRP
2021,NIAID,32910175,restIRP
2021,NIAID,32936602,restIRP
2021,NIAID,32938957,restIRP
2021,NIAID,32966269,restIRP
2021,NIAID,32994364,restIRP
2021,NIAID,33067270,restIRP
2021,NIAID,33072803,restIRP
2021,NIAID,33083808,restIRP
2021,NIAID,33125383,restIRP
2021,NIAID,33139419,restIRP
2021,NIAID,33167892,restIRP
2021,NIAID,33208477,restIRP
2021,NIAID,33294814,restIRP
2021,NIAID,33359628,restIRP
2021,NIAID,33948611,restIRP
2021,NIAID,34157853,restIRP
2021,NIAID,33197753,restIRP
2021,NIAID,33203917,restIRP
2021,NIAID,33344893,restIRP
2021,NIAID,33505925,restIRP
2021,NIAID,34044591,restIRP
2021,NIAID,34090438,restIRP
2021,NIAID,32871092,restIRP
2021,NIAID,32888050,restIRP
2021,NIAID,33115876,restIRP
2021,NIAID,33753491,restIRP
2021,NIAID,34013862,restIRP
2021,NIAID,34261800,restIRP
2021,NIAID,31689275,restIRP
2021,NIAID,32663192,restIRP
2021,NIAID,33441342,restIRP
2021,NIAID,33771926,restIRP
2021,NIAID,31937660,restIRP
2021,NIAID,34158481,restIRP
2021,NIAID,32013784,restIRP
2021,NIAID,32033370,restIRP
2021,NIAID,32034942,restIRP
2021,NIAID,32094589,restIRP
2021,NIAID,32182409,restIRP
2021,NIAID,32491983,restIRP
2021,NIAID,32511089,restIRP
2021,NIAID,32511427,restIRP
2021,NIAID,32511432,restIRP
2021,NIAID,32522298,restIRP
2021,NIAID,32676605,restIRP
2021,NIAID,32793913,restIRP
2021,NIAID,32818404,restIRP
2021,NIAID,32933109,restIRP
2021,NIAID,33083807,restIRP
2021,NIAID,33197370,restIRP
2021,NIAID,33807288,restIRP
2021,NIAID,33915875,restIRP
2021,NIAID,34024280,restIRP
2021,NIAID,31895698,restIRP
2021,NIAID,32384942,restIRP
2021,NIAID,31772323,restIRP
2021,NIAID,32461554,restIRP
2021,NIAID,32883210,restIRP
2021,NIAID,33002100,restIRP
2021,NIAID,33149302,restIRP
2021,NIAID,33149306,restIRP
2021,NIAID,33453153,restIRP
2021,NIAID,33542131,restIRP
2021,NIAID,34166614,restIRP
2021,NIAID,34348118,restIRP
2022,NIAID,34578379,restIRP
2022,NIAID,34668231,restIRP
2022,NIAID,34704790,restIRP
2022,NIAID,34855915,restIRP
2022,NIAID,34923028,restIRP
2022,NIAID,35039442,restIRP
2022,NIAID,35226872,restIRP
2022,NIAID,35764659,restIRP
2022,NIAID,35771767,restIRP
2022,NIAID,35831291,restIRP
2022,NIAID,34009371,restIRP
2022,NIAID,34562096,restIRP
2022,NIAID,34812653,restIRP
2022,NIAID,34815117,restIRP
2022,NIAID,35036969,restIRP
2022,NIAID,35081293,restIRP
2022,NIAID,35378757,restIRP
2022,NIAID,35411076,restIRP
2022,NIAID,35441174,restIRP
2022,NIAID,35447072,restIRP
2022,NIAID,35489332,restIRP
2022,NIAID,35547849,restIRP
2022,NIAID,35589938,restIRP
2022,NIAID,35759653,restIRP
2022,NIAID,35783486,restIRP
2022,NIAID,35921449,restIRP
2022,NIAID,34849631,restIRP
2022,NIAID,35064770,restIRP
2022,NIAID,35289310,restIRP
2022,NIAID,35605238,restIRP
2022,NIAID,32678272,restIRP
2022,NIAID,34691079,restIRP
2022,NIAID,34889942,restIRP
2022,NIAID,35095880,restIRP
2022,NIAID,35258551,restIRP
2022,NIAID,35271298,restIRP
2022,NIAID,35381213,restIRP
2022,NIAID,35586249,restIRP
2022,NIAID,35707543,restIRP
2022,NIAID,35905725,restIRP
2022,NIAID,36517603,restIRP
2022,NIAID,34496149,restIRP
2022,NIAID,34749533,restIRP
2022,NIAID,34848725,restIRP
2022,NIAID,32206773,restIRP
2022,NIAID,35080202,restIRP
2022,NIAID,35085569,restIRP
2022,NIAID,35175645,restIRP
2022,NIAID,35181548,restIRP
2022,NIAID,35248766,restIRP
2022,NIAID,35283330,restIRP
2022,NIAID,35606166,restIRP
2022,NIAID,35606197,restIRP
2022,NIAID,33953168,restIRP
2022,NIAID,34371183,restIRP
2022,NIAID,34506850,restIRP
2022,NIAID,35251038,restIRP
2022,NIAID,35574362,restIRP
2022,NIAID,34398238,restIRP
2022,NIAID,35839449,restIRP
2022,NIAID,34072604,restIRP
2022,NIAID,34112056,restIRP
2022,NIAID,34484156,restIRP
2022,NIAID,34529738,restIRP
2022,NIAID,34758415,restIRP
2022,NIAID,34777392,restIRP
2022,NIAID,34778744,restIRP
2022,NIAID,34907224,restIRP
2022,NIAID,35012339,restIRP
2022,NIAID,35069564,restIRP
2022,NIAID,35273264,restIRP
2022,NIAID,35319248,restIRP
2022,NIAID,35335067,restIRP
2022,NIAID,34547026,restIRP
2022,NIAID,35189701,restIRP
2022,NIAID,35679343,restIRP
2022,NIAID,33627777,restIRP
2022,NIAID,35030368,restIRP
2022,NIAID,35178527,restIRP
2022,NIAID,35313387,restIRP
2022,NIAID,35720098,restIRP
2022,NIAID,35737460,restIRP
2022,NIAID,34488805,restIRP
2022,NIAID,36301895,restIRP
2022,NIAID,34742348,restIRP
2022,NIAID,35733234,restIRP
2022,NIAID,33572803,restIRP
2022,NIAID,33763653,restIRP
2022,NIAID,34248932,restIRP
2022,NIAID,34378982,restIRP
2022,NIAID,34659219,restIRP
2022,NIAID,34802791,restIRP
2022,NIAID,35027567,restIRP
2022,NIAID,35915227,restIRP
2022,NIAID,36447243,restIRP
2022,NIAID,34593959,restIRP
2022,NIAID,34711682,restIRP
2022,NIAID,34871332,restIRP
2022,NIAID,35784317,restIRP
2022,NIAID,34522865,restIRP
2022,NIAID,34607940,restIRP
2022,NIAID,34624222,restIRP
2022,NIAID,34635127,restIRP
2022,NIAID,35032523,restIRP
2022,NIAID,35076028,restIRP
2022,NIAID,35149529,restIRP
2022,NIAID,35255112,restIRP
2022,NIAID,35303419,restIRP
2022,NIAID,35507602,restIRP
2022,NIAID,35551368,restIRP
2022,NIAID,33727594,restIRP
2022,NIAID,33932455,restIRP
2022,NIAID,34735539,restIRP
2022,NIAID,34587480,restIRP
2022,NIAID,34788599,restIRP
2022,NIAID,34898670,restIRP
2022,NIAID,35324257,restIRP
2022,NIAID,35568025,restIRP
2022,NIAID,35609088,restIRP
2022,NIAID,35736810,restIRP
2022,NIAID,34551978,restIRP
2022,NIAID,34623326,restIRP
2022,NIAID,34986348,restIRP
2022,NIAID,34261506,restIRP
2022,NIAID,34410386,restIRP
2022,NIAID,34578445,restIRP
2022,NIAID,33643286,restIRP
2022,NIAID,34414766,restIRP
2022,NIAID,34450493,restIRP
2022,NIAID,35015509,restIRP
2022,NIAID,35099272,restIRP
2022,NIAID,35143160,restIRP
2022,NIAID,35192346,restIRP
2022,NIAID,35219151,restIRP
2022,NIAID,35266826,restIRP
2022,NIAID,35607978,restIRP
2022,NIAID,35651754,restIRP
2022,NIAID,33487119,restIRP
2022,NIAID,33654101,restIRP
2022,NIAID,33673603,restIRP
2022,NIAID,33801811,restIRP
2022,NIAID,35441178,restIRP
2022,NIAID,35463647,restIRP
2022,NIAID,35781796,restIRP
2022,NIAID,35857439,restIRP
2022,NIAID,32222998,restIRP
2022,NIAID,34399690,restIRP
2022,NIAID,34529785,restIRP
2022,NIAID,34688666,restIRP
2022,NIAID,34751270,restIRP
2022,NIAID,34818552,restIRP
2022,NIAID,34884537,restIRP
2022,NIAID,34956207,restIRP
2022,NIAID,34959580,restIRP
2022,NIAID,35005538,restIRP
2022,NIAID,35155868,restIRP
2022,NIAID,35350206,restIRP
2022,NIAID,35378172,restIRP
2022,NIAID,34218259,restIRP
2022,NIAID,34314672,restIRP
2022,NIAID,34582742,restIRP
2022,NIAID,34882686,restIRP
2022,NIAID,35062891,restIRP
2022,NIAID,35415188,restIRP
2022,NIAID,34529476,restIRP
2022,NIAID,34711815,restIRP
2022,NIAID,34729558,restIRP
2022,NIAID,34921774,restIRP
2022,NIAID,35174859,restIRP
2022,NIAID,35797339,restIRP
2022,NIAID,34764490,restIRP
2022,NIAID,35506060,restIRP
2022,NIAID,35720288,restIRP
2022,NIAID,36424123,restIRP
2022,NIAID,34537245,restIRP
2022,NIAID,36302375,restIRP
2022,NIAID,34745100,restIRP
2022,NIAID,34994687,restIRP
2022,NIAID,34182161,restIRP
2022,NIAID,34425177,restIRP
2022,NIAID,35347274,restIRP
2022,NIAID,35867722,restIRP
2022,NIAID,35483390,restIRP
2022,NIAID,35445907,restIRP
2022,NIAID,35764638,restIRP
2022,NIAID,34757841,restIRP
2022,NIAID,34940844,restIRP
2022,NIAID,35215301,restIRP
2022,NIAID,35479404,restIRP
2022,NIAID,35514207,restIRP
2022,NIAID,35653572,restIRP
2022,NIAID,35734093,restIRP
2022,NIAID,35177862,restIRP
2022,NIAID,34465900,restIRP
2022,NIAID,34620866,restIRP
2022,NIAID,34678071,restIRP
2022,NIAID,35474740,restIRP
2022,NIAID,35617976,restIRP
2022,NIAID,34035177,restIRP
2022,NIAID,34473088,restIRP
2022,NIAID,35215815,restIRP
2022,NIAID,35417706,restIRP
2022,NIAID,35460690,restIRP
2022,NIAID,35585985,restIRP
2022,NIAID,35587797,restIRP
2022,NIAID,34459852,restIRP
2022,NIAID,35039334,restIRP
2022,NIAID,33600418,restIRP
2022,NIAID,34607466,restIRP
2022,NIAID,35286343,restIRP
2022,NIAID,35389241,restIRP
2022,NIAID,33792714,restIRP
2022,NIAID,34460416,restIRP
2022,NIAID,34506540,restIRP
2022,NIAID,34523971,restIRP
2022,NIAID,34632800,restIRP
2022,NIAID,34928698,restIRP
2022,NIAID,35093205,restIRP
2022,NIAID,35298440,restIRP
2022,NIAID,35325185,restIRP
2022,NIAID,35442221,restIRP
2022,NIAID,35532087,restIRP
2022,NIAID,35580040,restIRP
2022,NIAID,35817072,restIRP
2022,NIAID,35935779,restIRP
2022,NIAID,35939810,restIRP
2022,NIAID,34103601,restIRP
2022,NIAID,35359831,restIRP
2022,NIAID,33245474,restIRP
2022,NIAID,33658297,restIRP
2022,NIAID,33954879,restIRP
2022,NIAID,34089750,restIRP
2022,NIAID,34155405,restIRP
2022,NIAID,34384841,restIRP
2022,NIAID,34618370,restIRP
2022,NIAID,34622218,restIRP
2022,NIAID,35523797,restIRP
2022,NIAID,33164048,restIRP
2022,NIAID,33411731,restIRP
2022,NIAID,33504869,restIRP
2022,NIAID,33719915,restIRP
2022,NIAID,33754147,restIRP
2022,NIAID,33878029,restIRP
2022,NIAID,34013879,restIRP
2022,NIAID,34070626,restIRP
2022,NIAID,34311582,restIRP
2022,NIAID,34545791,restIRP
2022,NIAID,34909774,restIRP
2022,NIAID,35191378,restIRP
2022,NIAID,35208863,restIRP
2022,NIAID,35263638,restIRP
2022,NIAID,35579953,restIRP
2022,NIAID,35860599,restIRP
2022,NIAID,34644563,restIRP
2022,NIAID,34657245,restIRP
2022,NIAID,34726731,restIRP
2022,NIAID,34875033,restIRP
2022,NIAID,34975916,restIRP
2022,NIAID,35067905,restIRP
2022,NIAID,35360001,restIRP
2022,NIAID,35576468,restIRP
2022,NIAID,35670811,restIRP
2022,NIAID,35708626,restIRP
2022,NIAID,35748970,restIRP
2022,NIAID,35852866,restIRP
2022,NIAID,37209324,restIRP
2022,NIAID,34344832,restIRP
2022,NIAID,34859120,restIRP
2022,NIAID,35764396,restIRP
2022,NIAID,35961990,restIRP
2022,NIAID,36608129,restIRP
2022,NIAID,32761193,restIRP
2022,NIAID,33501968,restIRP
2022,NIAID,33710014,restIRP
2022,NIAID,33749317,restIRP
2022,NIAID,33788899,restIRP
2022,NIAID,34079548,restIRP
2022,NIAID,34211479,restIRP
2022,NIAID,34246386,restIRP
2022,NIAID,34367156,restIRP
2022,NIAID,34557308,restIRP
2022,NIAID,34692416,restIRP
2022,NIAID,34893818,restIRP
2022,NIAID,34917696,restIRP
2022,NIAID,35250994,restIRP
2022,NIAID,35432354,restIRP
2022,NIAID,35730393,restIRP
2022,NIAID,35767272,restIRP
2022,NIAID,35812431,restIRP
2022,NIAID,36263161,restIRP
2022,NIAID,33970966,restIRP
2022,NIAID,34449812,restIRP
2022,NIAID,34756073,restIRP
2022,NIAID,34888397,restIRP
2022,NIAID,34969255,restIRP
2022,NIAID,35750337,restIRP
2022,NIAID,34423369,restIRP
2022,NIAID,34729564,restIRP
2022,NIAID,35076009,restIRP
2022,NIAID,35177863,restIRP
2022,NIAID,35538057,restIRP
2022,NIAID,34330709,restIRP
2022,NIAID,34431085,restIRP
2022,NIAID,34468169,restIRP
2022,NIAID,34483067,restIRP
2022,NIAID,34526719,restIRP
2022,NIAID,34590136,restIRP
2022,NIAID,34670275,restIRP
2022,NIAID,35116027,restIRP
2022,NIAID,35812097,restIRP
2022,NIAID,34718636,restIRP
2022,NIAID,35238677,restIRP
2022,NIAID,35895370,restIRP
2022,NIAID,34693027,restIRP
2022,NIAID,34835379,restIRP
2022,NIAID,34862075,restIRP
2022,NIAID,35385578,restIRP
2022,NIAID,34807911,restIRP
2022,NIAID,35882235,restIRP
2022,NIAID,35568118,restIRP
2022,NIAID,34195670,restIRP
2022,NIAID,35404237,restIRP
2022,NIAID,35857633,restIRP
2022,NIAID,33785481,restIRP
2022,NIAID,35233544,restIRP
2022,NIAID,35982683,restIRP
2022,NIAID,35233581,restIRP
2022,NIAID,35440536,restIRP
2022,NIAID,35788185,restIRP
2022,NIAID,35841889,restIRP
2022,NIAID,35880119,restIRP
2022,NIAID,35914929,restIRP
2022,NIAID,33865872,restIRP
2022,NIAID,34896311,restIRP
2022,NIAID,35093604,restIRP
2022,NIAID,35287299,restIRP
2022,NIAID,34990822,restIRP
2022,NIAID,35047420,restIRP
2022,NIAID,35121230,restIRP
2022,NIAID,35787945,restIRP
2022,NIAID,34808237,restIRP
2022,NIAID,34385513,restIRP
2022,NIAID,34835123,restIRP
2022,NIAID,35245345,restIRP
2022,NIAID,35379362,restIRP
2022,NIAID,34315826,restIRP
2022,NIAID,34382034,restIRP
2022,NIAID,34724885,restIRP
2022,NIAID,35653196,restIRP
2022,NIAID,34324582,restIRP
2022,NIAID,34779817,restIRP
2022,NIAID,33758840,restIRP
2022,NIAID,35236754,restIRP
2022,NIAID,35404959,restIRP
2022,NIAID,35867811,restIRP
2022,NIAID,34529830,restIRP
2022,NIAID,34523960,restIRP
2022,NIAID,34878886,restIRP
2022,NIAID,35766490,restIRP
2022,NIAID,34103502,restIRP
2022,NIAID,34700378,restIRP
2022,NIAID,34613812,restIRP
2022,NIAID,34793238,restIRP
2022,NIAID,34960755,restIRP
2022,NIAID,35380448,restIRP
2022,NIAID,35500035,restIRP
2022,NIAID,35767652,restIRP
2022,NIAID,33972947,restIRP
2022,NIAID,35568049,restIRP
2022,NIAID,34237283,restIRP
2022,NIAID,35081298,restIRP
2022,NIAID,35841885,restIRP
2022,NIAID,33534776,restIRP
2022,NIAID,33991680,restIRP
2022,NIAID,35591999,restIRP
2022,NIAID,34407251,restIRP
2022,NIAID,34580862,restIRP
2022,NIAID,34777360,restIRP
2022,NIAID,35033700,restIRP
2022,NIAID,35080321,restIRP
2022,NIAID,35262093,restIRP
2022,NIAID,35350199,restIRP
2022,NIAID,35371100,restIRP
2022,NIAID,35587511,restIRP
2022,NIAID,35641516,restIRP
2022,NIAID,35671392,restIRP
2022,NIAID,35857576,restIRP
2022,NIAID,36546480,restIRP
2022,NIAID,35476126,restIRP
2022,NIAID,34697307,restIRP
2022,NIAID,34818054,restIRP
2022,NIAID,35136084,restIRP
2022,NIAID,34485613,restIRP
2022,NIAID,35709309,restIRP
2022,NIAID,33536176,restIRP
2022,NIAID,33785631,restIRP
2022,NIAID,34956199,restIRP
2022,NIAID,35383176,restIRP
2022,NIAID,35401559,restIRP
2022,NIAID,35918315,restIRP
2022,NIAID,35952670,restIRP
2022,NIAID,33532807,restIRP
2022,NIAID,34401892,restIRP
2022,NIAID,35294883,restIRP
2022,NIAID,35729272,restIRP
2022,NIAID,35939714,restIRP
2022,NIAID,33995317,restIRP
2022,NIAID,34065548,restIRP
2022,NIAID,34321507,restIRP
2022,NIAID,35123653,restIRP
2022,NIAID,35384360,restIRP
2022,NIAID,33619483,restIRP
2022,NIAID,34352390,restIRP
2022,NIAID,34504497,restIRP
2022,NIAID,34788508,restIRP
2022,NIAID,34791587,restIRP
2022,NIAID,34932384,restIRP
2022,NIAID,34983414,restIRP
2022,NIAID,35037050,restIRP
2022,NIAID,35316647,restIRP
2022,NIAID,35360706,restIRP
2022,NIAID,35425944,restIRP
2022,NIAID,34718641,restIRP
2022,NIAID,34799664,restIRP
2022,NIAID,34871370,restIRP
2022,NIAID,35103596,restIRP
2022,NIAID,35135546,restIRP
2022,NIAID,35290467,restIRP
2022,NIAID,35849702,restIRP
2022,NIAID,35395191,restIRP
2022,NIAID,34407396,restIRP
2022,NIAID,34731616,restIRP
2022,NIAID,34753907,restIRP
2022,NIAID,35243372,restIRP
2022,NIAID,35283191,restIRP
2022,NIAID,35319830,restIRP
2022,NIAID,35413243,restIRP
2022,NIAID,35809642,restIRP
2022,NIAID,35846379,restIRP
2022,NIAID,35345596,restIRP
2022,NIAID,35881802,restIRP
2022,NIAID,35960935,restIRP
2022,NIAID,33483508,restIRP
2022,NIAID,34916229,restIRP
2022,NIAID,34918394,restIRP
2022,NIAID,35145086,restIRP
2022,NIAID,35863348,restIRP
2022,NIAID,35183785,restIRP
2022,NIAID,35300959,restIRP
2022,NIAID,34581605,restIRP
2022,NIAID,35038902,restIRP
2022,NIAID,34185847,restIRP
2022,NIAID,34612499,restIRP
2022,NIAID,34801112,restIRP
2022,NIAID,34887448,restIRP
2022,NIAID,35697668,restIRP
2022,NIAID,35958840,restIRP
2022,NIAID,35990648,restIRP
2022,NIAID,35924920,restIRP
2022,NIAID,34849372,restIRP
2022,NIAID,35973149,restIRP
2022,NIAID,34851691,restIRP
2022,NIAID,35437908,restIRP
2022,NIAID,34706271,restIRP
2022,NIAID,34716452,restIRP
2022,NIAID,34726473,restIRP
2022,NIAID,34836485,restIRP
2022,NIAID,34864901,restIRP
2022,NIAID,35046963,restIRP
2022,NIAID,35164561,restIRP
2022,NIAID,35438546,restIRP
2022,NIAID,35537058,restIRP
2022,NIAID,35838483,restIRP
2022,NIAID,35855002,restIRP
2022,NIAID,34697698,restIRP
2022,NIAID,34960191,restIRP
2022,NIAID,35749366,restIRP
2022,NIAID,33495304,restIRP
2022,NIAID,33815380,restIRP
2022,NIAID,34492165,restIRP
2022,NIAID,35086813,restIRP
2022,NIAID,35189047,restIRP
2022,NIAID,35621220,restIRP
2022,NIAID,32943333,restIRP
2022,NIAID,33917085,restIRP
2022,NIAID,34001896,restIRP
2022,NIAID,34876520,restIRP
2022,NIAID,35385353,restIRP
2022,NIAID,36423629,restIRP
2022,NIAID,34177929,restIRP
2022,NIAID,34556879,restIRP
2022,NIAID,34759925,restIRP
2022,NIAID,35264559,restIRP
2022,NIAID,35551291,restIRP
2022,NIAID,33655255,restIRP
2022,NIAID,34379740,restIRP
2022,NIAID,34467402,restIRP
2022,NIAID,33536255,restIRP
2022,NIAID,34811542,restIRP
2022,NIAID,35073737,restIRP
2022,NIAID,35258332,restIRP
2022,NIAID,34522852,restIRP
2022,NIAID,34783310,restIRP
2022,NIAID,34054848,restIRP
2022,NIAID,34586867,restIRP
2022,NIAID,34588308,restIRP
2022,NIAID,35233572,restIRP
2022,NIAID,35233576,restIRP
2022,NIAID,35389803,restIRP
2022,NIAID,35793869,restIRP
2022,NIAID,35420481,restIRP
2022,NIAID,35463632,restIRP
2022,NIAID,35755836,restIRP
2022,NIAID,35798366,restIRP
2022,NIAID,34060489,restIRP
2022,NIAID,34172587,restIRP
2022,NIAID,34731632,restIRP
2022,NIAID,35617021,restIRP
2022,NIAID,34871548,restIRP
2022,NIAID,34931070,restIRP
2022,NIAID,35347133,restIRP
2022,NIAID,35710508,restIRP
2022,NIAID,35867758,restIRP
2022,NIAID,35899070,restIRP
2022,NIAID,35913993,restIRP
2022,NIAID,34549976,restIRP
2022,NIAID,34610295,restIRP
2022,NIAID,35511431,restIRP
2022,NIAID,35588060,restIRP
2022,NIAID,32745179,restIRP
2022,NIAID,33338684,restIRP
2022,NIAID,33638875,restIRP
2022,NIAID,33965189,restIRP
2022,NIAID,34282422,restIRP
2022,NIAID,35500221,restIRP
2022,NIAID,35699443,restIRP
2022,NIAID,35835913,restIRP
2022,NIAID,33618670,restIRP
2022,NIAID,34140459,restIRP
2022,NIAID,34238831,restIRP
2022,NIAID,34748615,restIRP
2022,NIAID,34788420,restIRP
2022,NIAID,35550663,restIRP
2022,NIAID,34938286,restIRP
2022,NIAID,35042816,restIRP
2022,NIAID,34491789,restIRP
2022,NIAID,33411714,restIRP
2022,NIAID,33584652,restIRP
2022,NIAID,33936077,restIRP
2022,NIAID,33997311,restIRP
2022,NIAID,34033255,restIRP
2022,NIAID,34153068,restIRP
2022,NIAID,34261096,restIRP
2022,NIAID,34302964,restIRP
2022,NIAID,34322566,restIRP
2022,NIAID,34329676,restIRP
2022,NIAID,34348897,restIRP
2022,NIAID,34566972,restIRP
2022,NIAID,34583334,restIRP
2022,NIAID,34635070,restIRP
2022,NIAID,34642411,restIRP
2022,NIAID,34711538,restIRP
2022,NIAID,34721425,restIRP
2022,NIAID,34758029,restIRP
2022,NIAID,34765568,restIRP
2022,NIAID,34867953,restIRP
2022,NIAID,34933240,restIRP
2022,NIAID,34933444,restIRP
2022,NIAID,34935918,restIRP
2022,NIAID,35077470,restIRP
2022,NIAID,35134144,restIRP
2022,NIAID,35258122,restIRP
2022,NIAID,35336918,restIRP
2022,NIAID,35352112,restIRP
2022,NIAID,35467360,restIRP
2022,NIAID,35617254,restIRP
2022,NIAID,35617367,restIRP
2022,NIAID,35857754,restIRP
2022,NIAID,35900009,restIRP
2022,NIAID,35910352,restIRP
2022,NIAID,35911760,restIRP
2022,NIAID,35932220,restIRP
2022,NIAID,36341407,restIRP
2022,NIAID,31922537,restIRP
2022,NIAID,32701209,restIRP
2022,NIAID,32710745,restIRP
2022,NIAID,33043978,restIRP
2022,NIAID,33051549,restIRP
2022,NIAID,33367598,restIRP
2022,NIAID,33406130,restIRP
2022,NIAID,33427749,restIRP
2022,NIAID,33471100,restIRP
2022,NIAID,33493365,restIRP
2022,NIAID,33499732,restIRP
2022,NIAID,33505711,restIRP
2022,NIAID,33506069,restIRP
2022,NIAID,33507945,restIRP
2022,NIAID,33516601,restIRP
2022,NIAID,33553467,restIRP
2022,NIAID,33571169,restIRP
2022,NIAID,33660319,restIRP
2022,NIAID,33674212,restIRP
2022,NIAID,33769768,restIRP
2022,NIAID,33866544,restIRP
2022,NIAID,33879585,restIRP
2022,NIAID,33903166,restIRP
2022,NIAID,34008172,restIRP
2022,NIAID,34013300,restIRP
2022,NIAID,34015609,restIRP
2022,NIAID,34043713,restIRP
2022,NIAID,34046930,restIRP
2022,NIAID,34099001,restIRP
2022,NIAID,34107771,restIRP
2022,NIAID,34230936,restIRP
2022,NIAID,34240317,restIRP
2022,NIAID,34247900,restIRP
2022,NIAID,34263019,restIRP
2022,NIAID,34293114,restIRP
2022,NIAID,34295941,restIRP
2022,NIAID,34322559,restIRP
2022,NIAID,34331860,restIRP
2022,NIAID,34333739,restIRP
2022,NIAID,34354009,restIRP
2022,NIAID,34407014,restIRP
2022,NIAID,34453519,restIRP
2022,NIAID,34469185,restIRP
2022,NIAID,34512672,restIRP
2022,NIAID,34523618,restIRP
2022,NIAID,34600249,restIRP
2022,NIAID,34671694,restIRP
2022,NIAID,34695724,restIRP
2022,NIAID,34741800,restIRP
2022,NIAID,34746712,restIRP
2022,NIAID,34756752,restIRP
2022,NIAID,34881637,restIRP
2022,NIAID,34897992,restIRP
2022,NIAID,34909374,restIRP
2022,NIAID,34919554,restIRP
2022,NIAID,34970500,restIRP
2022,NIAID,35044204,restIRP
2022,NIAID,35104245,restIRP
2022,NIAID,35128628,restIRP
2022,NIAID,35172720,restIRP
2022,NIAID,35174044,restIRP
2022,NIAID,35189840,restIRP
2022,NIAID,35229637,restIRP
2022,NIAID,35229714,restIRP
2022,NIAID,35259129,restIRP
2022,NIAID,35340265,restIRP
2022,NIAID,35342383,restIRP
2022,NIAID,35346259,restIRP
2022,NIAID,35349483,restIRP
2022,NIAID,35353960,restIRP
2022,NIAID,35379302,restIRP
2022,NIAID,35389888,restIRP
2022,NIAID,35392453,restIRP
2022,NIAID,35393306,restIRP
2022,NIAID,35402002,restIRP
2022,NIAID,35415200,restIRP
2022,NIAID,35419976,restIRP
2022,NIAID,35443020,restIRP
2022,NIAID,35546234,restIRP
2022,NIAID,35579509,restIRP
2022,NIAID,35679259,restIRP
2022,NIAID,35746785,restIRP
2022,NIAID,35830476,restIRP
2022,NIAID,35210361,restIRP
2022,NIAID,35618711,restIRP
2022,NIAID,35651694,restIRP
2022,NIAID,35545036,restIRP
2022,NIAID,34395450,restIRP
2022,NIAID,34675073,restIRP
2022,NIAID,34910560,restIRP
2022,NIAID,34463877,restIRP
2022,NIAID,34965283,restIRP
2022,NIAID,35202531,restIRP
2022,NIAID,35732186,restIRP
2022,NIAID,35297654,restIRP
2022,NIAID,36983050,restIRP
2022,NIAID,33594367,restIRP
2022,NIAID,33594376,restIRP
2022,NIAID,33654106,restIRP
2022,NIAID,33754082,restIRP
2022,NIAID,33904403,restIRP
2022,NIAID,34007056,restIRP
2022,NIAID,34268507,restIRP
2022,NIAID,34288702,restIRP
2022,NIAID,34341792,restIRP
2022,NIAID,34404778,restIRP
2022,NIAID,34423762,restIRP
2022,NIAID,34452509,restIRP
2022,NIAID,34462750,restIRP
2022,NIAID,34627890,restIRP
2022,NIAID,34808078,restIRP
2022,NIAID,34960775,restIRP
2022,NIAID,35043111,restIRP
2022,NIAID,35143587,restIRP
2022,NIAID,35169818,restIRP
2022,NIAID,35194602,restIRP
2022,NIAID,35336950,restIRP
2022,NIAID,35378752,restIRP
2022,NIAID,35447052,restIRP
2022,NIAID,35731130,restIRP
2022,NIAID,35731800,restIRP
2022,NIAID,35857620,restIRP
2022,NIAID,35941149,restIRP
2022,NIAID,33532780,restIRP
2022,NIAID,34043268,restIRP
2022,NIAID,35118474,restIRP
2022,NIAID,35981855,restIRP
2022,NIAID,35272717,restIRP
2022,NIAID,35354951,restIRP
2022,NIAID,35443177,restIRP
2022,NIAID,35568028,restIRP
2022,NIAID,35727974,restIRP
2022,NIAID,35768512,restIRP
2022,NIAID,35834335,restIRP
2022,NIAID,35976997,restIRP
2023,NIAID,35907368,restIRP
2023,NIAID,36286535,restIRP
2023,NIAID,36300895,restIRP
2023,NIAID,36342968,restIRP
2023,NIAID,36377664,restIRP
2023,NIAID,36385554,restIRP
2023,NIAID,36608150,restIRP
2023,NIAID,36639656,restIRP
2023,NIAID,36847507,restIRP
2023,NIAID,36852995,restIRP
2023,NIAID,36897929,restIRP
2023,NIAID,37093875,restIRP
2023,NIAID,37202395,restIRP
2023,NIAID,37255490,restIRP
2023,NIAID,37348869,restIRP
2023,NIAID,37477943,restIRP
2023,NIAID,37491352,restIRP
2023,NIAID,37523399,restIRP
2023,NIAID,37547379,restIRP
2023,NIAID,35657352,restIRP
2023,NIAID,37239864,restIRP
2023,NIAID,37373287,restIRP
2023,NIAID,36793865,restIRP
2023,NIAID,35226866,restIRP
2023,NIAID,36066741,restIRP
2023,NIAID,36621605,restIRP
2023,NIAID,36652685,restIRP
2023,NIAID,37336228,restIRP
2023,NIAID,37487654,restIRP
2023,NIAID,37507068,restIRP
2023,NIAID,36239715,restIRP
2023,NIAID,37025992,restIRP
2023,NIAID,36111172,restIRP
2023,NIAID,37133586,restIRP
2023,NIAID,37322122,restIRP
2023,NIAID,37515136,restIRP
2023,NIAID,36059532,restIRP
2023,NIAID,36227853,restIRP
2023,NIAID,36353642,restIRP
2023,NIAID,36508878,restIRP
2023,NIAID,36739878,restIRP
2023,NIAID,36774693,restIRP
2023,NIAID,37183957,restIRP
2023,NIAID,37186162,restIRP
2023,NIAID,37290042,restIRP
2023,NIAID,37352146,restIRP
2023,NIAID,37470396,restIRP
2023,NIAID,37474155,restIRP
2023,NIAID,37474251,restIRP
2023,NIAID,35833684,restIRP
2023,NIAID,35891568,restIRP
2023,NIAID,36332653,restIRP
2023,NIAID,36345940,restIRP
2023,NIAID,36346452,restIRP
2023,NIAID,36368950,restIRP
2023,NIAID,36868260,restIRP
2023,NIAID,36649080,restIRP
2023,NIAID,36356572,restIRP
2023,NIAID,36520713,restIRP
2023,NIAID,36992528,restIRP
2023,NIAID,37602146,restIRP
2023,NIAID,36215331,restIRP
2023,NIAID,36787354,restIRP
2023,NIAID,36973267,restIRP
2023,NIAID,37017580,restIRP
2023,NIAID,36509784,restIRP
2023,NIAID,37184659,restIRP
2023,NIAID,37492667,restIRP
2023,NIAID,37492673,restIRP
2023,NIAID,36318581,restIRP
2023,NIAID,36527166,restIRP
2023,NIAID,36975162,restIRP
2023,NIAID,37156880,restIRP
2023,NIAID,37264457,restIRP
2023,NIAID,37390080,restIRP
2023,NIAID,35977542,restIRP
2023,NIAID,36153317,restIRP
2023,NIAID,36202833,restIRP
2023,NIAID,36298492,restIRP
2023,NIAID,36585278,restIRP
2023,NIAID,36692019,restIRP
2023,NIAID,36792576,restIRP
2023,NIAID,36856421,restIRP
2023,NIAID,37100721,restIRP
2023,NIAID,37208733,restIRP
2023,NIAID,37437014,restIRP
2023,NIAID,35994647,restIRP
2023,NIAID,36052991,restIRP
2023,NIAID,36520682,restIRP
2023,NIAID,36689648,restIRP
2023,NIAID,36780872,restIRP
2023,NIAID,37094808,restIRP
2023,NIAID,37104473,restIRP
2023,NIAID,36422331,restIRP
2023,NIAID,37339711,restIRP
2023,NIAID,37417946,restIRP
2023,NIAID,36138047,restIRP
2023,NIAID,36301953,restIRP
2023,NIAID,36656833,restIRP
2023,NIAID,36788566,restIRP
2023,NIAID,37172395,restIRP
2023,NIAID,36119018,restIRP
2023,NIAID,36257313,restIRP
2023,NIAID,36411391,restIRP
2023,NIAID,36629414,restIRP
2023,NIAID,37098956,restIRP
2023,NIAID,37436899,restIRP
2023,NIAID,37554450,restIRP
2023,NIAID,36157588,restIRP
2023,NIAID,36423012,restIRP
2023,NIAID,37345226,restIRP
2023,NIAID,37349337,restIRP
2023,NIAID,36240227,restIRP
2023,NIAID,36125890,restIRP
2023,NIAID,36976017,restIRP
2023,NIAID,36186547,restIRP
2023,NIAID,36220877,restIRP
2023,NIAID,36572353,restIRP
2023,NIAID,36603206,restIRP
2023,NIAID,36912255,restIRP
2023,NIAID,37017524,restIRP
2023,NIAID,36189212,restIRP
2023,NIAID,36200701,restIRP
2023,NIAID,36347257,restIRP
2023,NIAID,36506838,restIRP
2023,NIAID,36592667,restIRP
2023,NIAID,36943870,restIRP
2023,NIAID,36966070,restIRP
2023,NIAID,36992369,restIRP
2023,NIAID,37003305,restIRP
2023,NIAID,37068595,restIRP
2023,NIAID,37279544,restIRP
2023,NIAID,35130118,restIRP
2023,NIAID,35132409,restIRP
2023,NIAID,35476528,restIRP
2023,NIAID,35727842,restIRP
2023,NIAID,35838048,restIRP
2023,NIAID,35844575,restIRP
2023,NIAID,36038904,restIRP
2023,NIAID,36166305,restIRP
2023,NIAID,36170795,restIRP
2023,NIAID,36179680,restIRP
2023,NIAID,36246151,restIRP
2023,NIAID,36265467,restIRP
2023,NIAID,36346688,restIRP
2023,NIAID,36466899,restIRP
2023,NIAID,36514120,restIRP
2023,NIAID,36624264,restIRP
2023,NIAID,36733941,restIRP
2023,NIAID,36736875,restIRP
2023,NIAID,36778849,restIRP
2023,NIAID,36877675,restIRP
2023,NIAID,36884218,restIRP
2023,NIAID,36935552,restIRP
2023,NIAID,37020259,restIRP
2023,NIAID,37031249,restIRP
2023,NIAID,37061547,restIRP
2023,NIAID,37215141,restIRP
2023,NIAID,37219953,restIRP
2023,NIAID,37338342,restIRP
2023,NIAID,37339334,restIRP
2023,NIAID,37350974,restIRP
2023,NIAID,37440409,restIRP
2023,NIAID,35361629,restIRP
2023,NIAID,33619494,restIRP
2023,NIAID,34426813,restIRP
2023,NIAID,34981044,restIRP
2023,NIAID,34981056,restIRP
2023,NIAID,35037030,restIRP
2023,NIAID,35062015,restIRP
2023,NIAID,35233550,restIRP
2023,NIAID,35275599,restIRP
2023,NIAID,35576972,restIRP
2023,NIAID,35590141,restIRP
2023,NIAID,36044447,restIRP
2023,NIAID,36088683,restIRP
2023,NIAID,36197988,restIRP
2023,NIAID,36274085,restIRP
2023,NIAID,36517467,restIRP
2023,NIAID,36546661,restIRP
2023,NIAID,36599367,restIRP
2023,NIAID,36599978,restIRP
2023,NIAID,36928598,restIRP
2023,NIAID,37198258,restIRP
2023,NIAID,37390827,restIRP
2023,NIAID,37483285,restIRP
2023,NIAID,36069923,restIRP
2023,NIAID,36880755,restIRP
2023,NIAID,36920308,restIRP
2023,NIAID,36998631,restIRP
2023,NIAID,37097292,restIRP
2023,NIAID,36115831,restIRP
2023,NIAID,36394334,restIRP
2023,NIAID,37033916,restIRP
2023,NIAID,35771399,restIRP
2023,NIAID,36197970,restIRP
2023,NIAID,36300929,restIRP
2023,NIAID,36366544,restIRP
2023,NIAID,36533601,restIRP
2023,NIAID,36695611,restIRP
2023,NIAID,36728413,restIRP
2023,NIAID,36857394,restIRP
2023,NIAID,37054986,restIRP
2023,NIAID,37207002,restIRP
2023,NIAID,37255439,restIRP
2023,NIAID,37330554,restIRP
2023,NIAID,37389439,restIRP
2023,NIAID,36183296,restIRP
2023,NIAID,36399566,restIRP
2023,NIAID,36543806,restIRP
2023,NIAID,36963628,restIRP
2023,NIAID,37356729,restIRP
2023,NIAID,35960615,restIRP
2023,NIAID,35960629,restIRP
2023,NIAID,36577076,restIRP
2023,NIAID,36587808,restIRP
2023,NIAID,36797290,restIRP
2023,NIAID,36862755,restIRP
2023,NIAID,36941562,restIRP
2023,NIAID,37469515,restIRP
2023,NIAID,35931720,restIRP
2023,NIAID,36054485,restIRP
2023,NIAID,36264264,restIRP
2023,NIAID,36450725,restIRP
2023,NIAID,37010416,restIRP
2023,NIAID,37199620,restIRP
2023,NIAID,37453478,restIRP
2023,NIAID,37485371,restIRP
2023,NIAID,36037469,restIRP
2023,NIAID,37555786,restIRP
2023,NIAID,35834496,restIRP
2023,NIAID,36302779,restIRP
2023,NIAID,36700582,restIRP
2023,NIAID,35687490,restIRP
2023,NIAID,36546626,restIRP
2023,NIAID,36638922,restIRP
2023,NIAID,36685559,restIRP
2023,NIAID,37159663,restIRP
2023,NIAID,37208598,restIRP
2023,NIAID,37277074,restIRP
2023,NIAID,37561579,restIRP
2023,NIAID,36425759,restIRP
2023,NIAID,36701470,restIRP
2023,NIAID,36795561,restIRP
2023,NIAID,35862971,restIRP
2023,NIAID,35932641,restIRP
2023,NIAID,35967978,restIRP
2023,NIAID,36184852,restIRP
2023,NIAID,36448028,restIRP
2023,NIAID,36574296,restIRP
2023,NIAID,37075079,restIRP
2023,NIAID,37083332,restIRP
2023,NIAID,34287962,restIRP
2023,NIAID,35999252,restIRP
2023,NIAID,36198931,restIRP
2023,NIAID,36228738,restIRP
2023,NIAID,36538032,restIRP
2023,NIAID,36880831,restIRP
2023,NIAID,37562721,restIRP
2023,NIAID,35338023,restIRP
2023,NIAID,36873731,restIRP
2023,NIAID,36997122,restIRP
2023,NIAID,35452188,restIRP
2023,NIAID,35936973,restIRP
2023,NIAID,36092260,restIRP
2023,NIAID,36605199,restIRP
2023,NIAID,33471124,restIRP
2023,NIAID,36048425,restIRP
2023,NIAID,36107966,restIRP
2023,NIAID,36966617,restIRP
2023,NIAID,37040388,restIRP
2023,NIAID,37213420,restIRP
2023,NIAID,37450602,restIRP
2023,NIAID,37577116,restIRP
2023,NIAID,36599369,restIRP
2023,NIAID,36648132,restIRP
2023,NIAID,37208779,restIRP
2023,NIAID,36848230,restIRP
2023,NIAID,35982307,restIRP
2023,NIAID,36949107,restIRP
2023,NIAID,35653592,restIRP
2023,NIAID,35916400,restIRP
2023,NIAID,36306784,restIRP
2023,NIAID,36396947,restIRP
2023,NIAID,36654682,restIRP
2023,NIAID,37221466,restIRP
2023,NIAID,36052609,restIRP
2023,NIAID,36436281,restIRP
2023,NIAID,36463228,restIRP
2023,NIAID,36593519,restIRP
2023,NIAID,36839479,restIRP
2023,NIAID,37043542,restIRP
2023,NIAID,36165199,restIRP
2023,NIAID,36735533,restIRP
2023,NIAID,36823235,restIRP
2023,NIAID,37040761,restIRP
2023,NIAID,37106040,restIRP
2023,NIAID,37443284,restIRP
2023,NIAID,37449212,restIRP
2023,NIAID,37540600,restIRP
2023,NIAID,36281969,restIRP
2023,NIAID,36847501,restIRP
2023,NIAID,37191558,restIRP
2023,NIAID,36555254,restIRP
2023,NIAID,37153600,restIRP
2023,NIAID,37425656,restIRP
2023,NIAID,35097154,restIRP
2023,NIAID,36196300,restIRP
2023,NIAID,36399436,restIRP
2023,NIAID,36912659,restIRP
2023,NIAID,37034120,restIRP
2023,NIAID,37429841,restIRP
2023,NIAID,35032694,restIRP
2023,NIAID,35395404,restIRP
2023,NIAID,35428693,restIRP
2023,NIAID,35921414,restIRP
2023,NIAID,35962146,restIRP
2023,NIAID,36000847,restIRP
2023,NIAID,36264642,restIRP
2023,NIAID,36373096,restIRP
2023,NIAID,36960051,restIRP
2023,NIAID,37024528,restIRP
2023,NIAID,36439862,restIRP
2023,NIAID,37179447,restIRP
2023,NIAID,37182549,restIRP
2023,NIAID,36702826,restIRP
2023,NIAID,37251375,restIRP
2023,NIAID,37295404,restIRP
2023,NIAID,36102311,restIRP
2023,NIAID,35935978,restIRP
2023,NIAID,36821582,restIRP
2023,NIAID,36309188,restIRP
2023,NIAID,37304620,restIRP
2023,NIAID,36602307,restIRP
2023,NIAID,35967332,restIRP
2023,NIAID,36221098,restIRP
2023,NIAID,36656038,restIRP
2023,NIAID,36356586,restIRP
2023,NIAID,37075129,restIRP
2023,NIAID,35316213,restIRP
2023,NIAID,37330602,restIRP
2023,NIAID,36410328,restIRP
2023,NIAID,37539049,restIRP
2023,NIAID,36494014,restIRP
2023,NIAID,36494396,restIRP
2023,NIAID,36756125,restIRP
2023,NIAID,37708803,restIRP
2023,NIAID,35987349,restIRP
2023,NIAID,35987350,restIRP
2023,NIAID,36112363,restIRP
2023,NIAID,36279417,restIRP
2023,NIAID,36300623,restIRP
2023,NIAID,36456360,restIRP
2023,NIAID,36456361,restIRP
2023,NIAID,36583469,restIRP
2023,NIAID,36729250,restIRP
2023,NIAID,36813963,restIRP
2023,NIAID,37004747,restIRP
2023,NIAID,37083451,restIRP
2023,NIAID,37088379,restIRP
2023,NIAID,37349293,restIRP
2023,NIAID,36875114,restIRP
2023,NIAID,36763635,restIRP
2023,NIAID,36344847,restIRP
2023,NIAID,36433939,restIRP
2023,NIAID,36582240,restIRP
2023,NIAID,36223838,restIRP
2023,NIAID,36809119,restIRP
2023,NIAID,36289232,restIRP
2023,NIAID,36322769,restIRP
2023,NIAID,36589893,restIRP
2023,NIAID,37080988,restIRP
2023,NIAID,37196074,restIRP
2023,NIAID,36702771,restIRP
2023,NIAID,36402135,restIRP
2023,NIAID,36969368,restIRP
2023,NIAID,36063727,restIRP
2023,NIAID,36399712,restIRP
2023,NIAID,36857453,restIRP
2023,NIAID,35389566,restIRP
2023,NIAID,36189200,restIRP
2023,NIAID,36635572,restIRP
2023,NIAID,36646104,restIRP
2023,NIAID,36787359,restIRP
2023,NIAID,36898551,restIRP
2023,NIAID,36941053,restIRP
2023,NIAID,37202425,restIRP
2023,NIAID,37401629,restIRP
2023,NIAID,35072513,restIRP
2023,NIAID,35141820,restIRP
2023,NIAID,35167497,restIRP
2023,NIAID,35709010,restIRP
2023,NIAID,36138043,restIRP
2023,NIAID,36602381,restIRP
2023,NIAID,36827419,restIRP
2023,NIAID,37220746,restIRP
2023,NIAID,37404186,restIRP
2023,NIAID,36569122,restIRP
2023,NIAID,37228009,restIRP
2023,NIAID,37553406,restIRP
2023,NIAID,36103542,restIRP
2023,NIAID,36367441,restIRP
2023,NIAID,36379968,restIRP
2023,NIAID,36726645,restIRP
2023,NIAID,36808125,restIRP
2023,NIAID,37027391,restIRP
2023,NIAID,37542029,restIRP
2023,NIAID,37596283,restIRP
2023,NIAID,37153622,restIRP
2023,NIAID,36450245,restIRP
2023,NIAID,36476263,restIRP
2023,NIAID,37352372,restIRP
2023,NIAID,37466391,restIRP
2023,NIAID,37524800,restIRP
2023,NIAID,36326697,restIRP
2023,NIAID,37001432,restIRP
2023,NIAID,35597982,restIRP
2023,NIAID,37428933,restIRP
2023,NIAID,36389797,restIRP
2023,NIAID,37265668,restIRP
2023,NIAID,37485364,restIRP
2023,NIAID,37499679,restIRP
2023,NIAID,35982658,restIRP
2023,NIAID,35982677,restIRP
2023,NIAID,37386692,restIRP
2023,NIAID,36322776,restIRP
2023,NIAID,36317783,restIRP
2023,NIAID,36737743,restIRP
2023,NIAID,36961831,restIRP
2023,NIAID,37150885,restIRP
2023,NIAID,36284200,restIRP
2023,NIAID,36382536,restIRP
2023,NIAID,36729903,restIRP
2023,NIAID,36931276,restIRP
2023,NIAID,37104089,restIRP
2023,NIAID,37436900,restIRP
2023,NIAID,37605043,restIRP
2023,NIAID,36780482,restIRP
2023,NIAID,34513762,restIRP
2023,NIAID,36247839,restIRP
2023,NIAID,37045841,restIRP
2023,NIAID,37133343,restIRP
2023,NIAID,36630917,restIRP
2023,NIAID,36742299,restIRP
2023,NIAID,33512449,restIRP
2023,NIAID,35120036,restIRP
2023,NIAID,35289316,restIRP
2023,NIAID,36215934,restIRP
2023,NIAID,36932076,restIRP
2023,NIAID,36091040,restIRP
2023,NIAID,36128909,restIRP
2023,NIAID,37075127,restIRP
2023,NIAID,37520703,restIRP
2023,NIAID,36442063,restIRP
2023,NIAID,36725433,restIRP
2023,NIAID,36801946,restIRP
2023,NIAID,37289541,restIRP
2023,NIAID,37383244,restIRP
2023,NIAID,37045860,restIRP
2023,NIAID,35980386,restIRP
2023,NIAID,36417863,restIRP
2023,NIAID,37352333,restIRP
2023,NIAID,37468619,restIRP
2023,NIAID,37014920,restIRP
2023,NIAID,35115706,restIRP
2023,NIAID,36697369,restIRP
2023,NIAID,36897927,restIRP
2023,NIAID,36043862,restIRP
2023,NIAID,36574698,restIRP
2023,NIAID,37194248,restIRP
2023,NIAID,36734144,restIRP
2023,NIAID,37308104,restIRP
2023,NIAID,30926780,restIRP
2023,NIAID,35262085,restIRP
2023,NIAID,36201743,restIRP
2023,NIAID,36321125,restIRP
2023,NIAID,36595676,restIRP
2023,NIAID,36625657,restIRP
2023,NIAID,36889304,restIRP
2023,NIAID,37170392,restIRP
2023,NIAID,37294280,restIRP
2023,NIAID,37395255,restIRP
2023,NIAID,33876203,restIRP
2023,NIAID,34270823,restIRP
2023,NIAID,35043109,restIRP
2023,NIAID,35149520,restIRP
2023,NIAID,36099324,restIRP
2023,NIAID,36856712,restIRP
2023,NIAID,35285019,restIRP
2023,NIAID,36893732,restIRP
2023,NIAID,37074174,restIRP
2023,NIAID,37096914,restIRP
2023,NIAID,37422700,restIRP
2023,NIAID,36114169,restIRP
2023,NIAID,36345429,restIRP
2023,NIAID,36598976,restIRP
2023,NIAID,37022144,restIRP
2023,NIAID,37099550,restIRP
2023,NIAID,35418681,restIRP
2023,NIAID,35985993,restIRP
2023,NIAID,36596305,restIRP
2023,NIAID,36599977,restIRP
2023,NIAID,36719383,restIRP
2023,NIAID,36638211,restIRP
2023,NIAID,35056035,restIRP
2023,NIAID,35242883,restIRP
2023,NIAID,35475643,restIRP
2023,NIAID,35760390,restIRP
2023,NIAID,35914684,restIRP
2023,NIAID,35914689,restIRP
2023,NIAID,35921329,restIRP
2023,NIAID,35997627,restIRP
2023,NIAID,36276400,restIRP
2023,NIAID,36289478,restIRP
2023,NIAID,36322537,restIRP
2023,NIAID,36482987,restIRP
2023,NIAID,36543539,restIRP
2023,NIAID,36544496,restIRP
2023,NIAID,36582115,restIRP
2023,NIAID,36646786,restIRP
2023,NIAID,36814914,restIRP
2023,NIAID,36949937,restIRP
2023,NIAID,36961465,restIRP
2023,NIAID,36977151,restIRP
2023,NIAID,37013538,restIRP
2023,NIAID,37058547,restIRP
2023,NIAID,37149713,restIRP
2023,NIAID,37173394,restIRP
2023,NIAID,37243712,restIRP
2023,NIAID,37324745,restIRP
2023,NIAID,37347506,restIRP
2023,NIAID,37354752,restIRP
2023,NIAID,36625569,restIRP
2023,NIAID,36864926,restIRP
2023,NIAID,36910690,restIRP
2023,NIAID,37236355,restIRP
2023,NIAID,37314336,restIRP
2023,NIAID,36709665,restIRP
2023,NIAID,36804453,restIRP
2023,NIAID,37371884,restIRP
2023,NIAID,36692302,restIRP
2023,NIAID,35583107,restIRP
2023,NIAID,36524124,restIRP
2023,NIAID,36437428,restIRP
2023,NIAID,36594442,restIRP
2023,NIAID,37493269,restIRP
2023,NIAID,37470143,restIRP
2023,NIAID,36179046,restIRP
2023,NIAID,37324587,restIRP
2023,NIAID,37145991,restIRP
2023,NIAID,35220902,restIRP
2023,NIAID,36189261,restIRP
2023,NIAID,37166987,restIRP
2023,NIAID,34971004,restIRP
2023,NIAID,36146799,restIRP
2023,NIAID,36248851,restIRP
2023,NIAID,36882188,restIRP
2023,NIAID,36997521,restIRP
2023,NIAID,36203583,restIRP
2023,NIAID,36380373,restIRP
2023,NIAID,37366613,restIRP
2023,NIAID,36411380,restIRP
2023,NIAID,36652484,restIRP
2023,NIAID,36960914,restIRP
2023,NIAID,37272847,restIRP
2021,NIAMS,31376301,restIRP
2021,NIAMS,32891935,restIRP
2021,NIAMS,32896253,restIRP
2021,NIAMS,33688651,restIRP
2021,NIAMS,33774928,restIRP
2021,NIAMS,33851273,restIRP
2021,NIAMS,34144382,restIRP
2021,NIAMS,34175928,restIRP
2021,NIAMS,34281989,restIRP
2021,NIAMS,34313394,restIRP
2021,NIAMS,34480833,restIRP
2021,NIAMS,34800622,restIRP
2021,NIAMS,32988843,restIRP
2021,NIAMS,33367731,restIRP
2021,NIAMS,32252809,restIRP
2021,NIAMS,32843325,restIRP
2021,NIAMS,31960207,restIRP
2021,NIAMS,32101306,restIRP
2021,NIAMS,32232430,restIRP
2021,NIAMS,32359360,restIRP
2021,NIAMS,32791068,restIRP
2021,NIAMS,32889531,restIRP
2021,NIAMS,33115748,restIRP
2021,NIAMS,33455077,restIRP
2021,NIAMS,33744914,restIRP
2021,NIAMS,31921209,restIRP
2021,NIAMS,31969567,restIRP
2021,NIAMS,32601182,restIRP
2021,NIAMS,32804442,restIRP
2021,NIAMS,33010223,restIRP
2021,NIAMS,33106654,restIRP
2021,NIAMS,33237303,restIRP
2021,NIAMS,33326784,restIRP
2021,NIAMS,33563972,restIRP
2021,NIAMS,33574619,restIRP
2021,NIAMS,33657395,restIRP
2021,NIAMS,33937872,restIRP
2021,NIAMS,34099646,restIRP
2021,NIAMS,34301840,restIRP
2021,NIAMS,34492681,restIRP
2021,NIAMS,32249511,restIRP
2021,NIAMS,33108101,restIRP
2021,NIAMS,32368736,restIRP
2021,NIAMS,34038035,restIRP
2021,NIAMS,34535973,restIRP
2021,NIAMS,32111619,restIRP
2021,NIAMS,32659786,restIRP
2021,NIAMS,32094169,restIRP
2021,NIAMS,32938916,restIRP
2021,NIAMS,33947961,restIRP
2021,NIAMS,34129837,restIRP
2021,NIAMS,32157125,restIRP
2021,NIAMS,32692482,restIRP
2021,NIAMS,32768442,restIRP
2021,NIAMS,33072095,restIRP
2021,NIAMS,33184616,restIRP
2021,NIAMS,33983685,restIRP
2021,NIAMS,34012454,restIRP
2021,NIAMS,34369110,restIRP
2021,NIAMS,32438484,restIRP
2021,NIAMS,32943634,restIRP
2021,NIAMS,33334821,restIRP
2021,NIAMS,34001972,restIRP
2021,NIAMS,34039638,restIRP
2021,NIAMS,32133710,restIRP
2021,NIAMS,32224162,restIRP
2021,NIAMS,31827281,restIRP
2021,NIAMS,33088168,restIRP
2021,NIAMS,33980856,restIRP
2021,NIAMS,33550379,restIRP
2021,NIAMS,32310951,restIRP
2021,NIAMS,31375256,restIRP
2021,NIAMS,32238516,restIRP
2021,NIAMS,32345372,restIRP
2021,NIAMS,31871193,restIRP
2021,NIAMS,32717742,restIRP
2021,NIAMS,33442057,restIRP
2021,NIAMS,33567448,restIRP
2021,NIAMS,33649303,restIRP
2021,NIAMS,33767446,restIRP
2021,NIAMS,34098567,restIRP
2021,NIAMS,32437923,restIRP
2021,NIAMS,32524767,restIRP
2021,NIAMS,33634751,restIRP
2021,NIAMS,33950229,restIRP
2021,NIAMS,33861718,restIRP
2022,NIAMS,34499219,restIRP
2022,NIAMS,34791087,restIRP
2022,NIAMS,35044790,restIRP
2022,NIAMS,35064929,restIRP
2022,NIAMS,35333459,restIRP
2022,NIAMS,35351810,restIRP
2022,NIAMS,35649416,restIRP
2022,NIAMS,33495304,restIRP
2022,NIAMS,33526918,restIRP
2022,NIAMS,33839317,restIRP
2022,NIAMS,34089226,restIRP
2022,NIAMS,34217703,restIRP
2022,NIAMS,34380090,restIRP
2022,NIAMS,35095905,restIRP
2022,NIAMS,35114411,restIRP
2022,NIAMS,35189151,restIRP
2022,NIAMS,35262093,restIRP
2022,NIAMS,35653263,restIRP
2022,NIAMS,35747850,restIRP
2022,NIAMS,35793467,restIRP
2022,NIAMS,35852866,restIRP
2022,NIAMS,33212154,restIRP
2022,NIAMS,33551026,restIRP
2022,NIAMS,34155414,restIRP
2022,NIAMS,34252398,restIRP
2022,NIAMS,34346704,restIRP
2022,NIAMS,34469647,restIRP
2022,NIAMS,34582748,restIRP
2022,NIAMS,34688614,restIRP
2022,NIAMS,34936382,restIRP
2022,NIAMS,34952941,restIRP
2022,NIAMS,35649365,restIRP
2022,NIAMS,35875611,restIRP
2022,NIAMS,35947396,restIRP
2022,NIAMS,34623903,restIRP
2022,NIAMS,35148649,restIRP
2022,NIAMS,35289316,restIRP
2022,NIAMS,35858733,restIRP
2022,NIAMS,35977485,restIRP
2022,NIAMS,33800889,restIRP
2022,NIAMS,34193920,restIRP
2022,NIAMS,34208349,restIRP
2022,NIAMS,34715570,restIRP
2022,NIAMS,33688659,restIRP
2022,NIAMS,34644563,restIRP
2022,NIAMS,35410381,restIRP
2022,NIAMS,35863348,restIRP
2022,NIAMS,34316727,restIRP
2022,NIAMS,35169053,restIRP
2022,NIAMS,34787097,restIRP
2022,NIAMS,35192997,restIRP
2022,NIAMS,35476126,restIRP
2022,NIAMS,35764396,restIRP
2022,NIAMS,35856334,restIRP
2022,NIAMS,33452005,restIRP
2022,NIAMS,34594331,restIRP
2022,NIAMS,35025762,restIRP
2022,NIAMS,33503264,restIRP
2022,NIAMS,33979654,restIRP
2022,NIAMS,34316033,restIRP
2022,NIAMS,34580177,restIRP
2022,NIAMS,34890234,restIRP
2022,NIAMS,35409289,restIRP
2022,NIAMS,35429501,restIRP
2022,NIAMS,33725478,restIRP
2022,NIAMS,33892719,restIRP
2022,NIAMS,34290243,restIRP
2022,NIAMS,34347289,restIRP
2022,NIAMS,35868845,restIRP
2022,NIAMS,35233961,restIRP
2022,NIAMS,35233986,restIRP
2022,NIAMS,35233989,restIRP
2022,NIAMS,35233993,restIRP
2022,NIAMS,35252348,restIRP
2022,NIAMS,33851157,restIRP
2022,NIAMS,34399606,restIRP
2022,NIAMS,34461087,restIRP
2022,NIAMS,32958429,restIRP
2022,NIAMS,33021335,restIRP
2022,NIAMS,33179052,restIRP
2022,NIAMS,33308445,restIRP
2022,NIAMS,33369678,restIRP
2022,NIAMS,33544969,restIRP
2022,NIAMS,33682371,restIRP
2022,NIAMS,33784021,restIRP
2022,NIAMS,33788906,restIRP
2022,NIAMS,34088771,restIRP
2022,NIAMS,34427584,restIRP
2022,NIAMS,34559216,restIRP
2022,NIAMS,34611997,restIRP
2022,NIAMS,35022691,restIRP
2022,NIAMS,35768848,restIRP
2022,NIAMS,33815408,restIRP
2022,NIAMS,34791837,restIRP
2022,NIAMS,34875023,restIRP
2022,NIAMS,35914929,restIRP
2023,NIAMS,35878018,restIRP
2023,NIAMS,36008132,restIRP
2023,NIAMS,36690456,restIRP
2023,NIAMS,36801811,restIRP
2023,NIAMS,36913182,restIRP
2023,NIAMS,36923454,restIRP
2023,NIAMS,37105173,restIRP
2023,NIAMS,37255439,restIRP
2023,NIAMS,37256972,restIRP
2023,NIAMS,37463048,restIRP
2023,NIAMS,37572662,restIRP
2023,NIAMS,36116509,restIRP
2023,NIAMS,36348353,restIRP
2023,NIAMS,36513625,restIRP
2023,NIAMS,37132021,restIRP
2023,NIAMS,37331486,restIRP
2023,NIAMS,37561579,restIRP
2023,NIAMS,37584292,restIRP
2023,NIAMS,36609397,restIRP
2023,NIAMS,36657109,restIRP
2023,NIAMS,36929918,restIRP
2023,NIAMS,36929923,restIRP
2023,NIAMS,36427325,restIRP
2023,NIAMS,36708949,restIRP
2023,NIAMS,36726110,restIRP
2023,NIAMS,36932076,restIRP
2023,NIAMS,36990659,restIRP
2023,NIAMS,37192048,restIRP
2023,NIAMS,37310381,restIRP
2023,NIAMS,37357228,restIRP
2023,NIAMS,37443031,restIRP
2023,NIAMS,37488248,restIRP
2023,NIAMS,35846389,restIRP
2023,NIAMS,36404405,restIRP
2023,NIAMS,36920369,restIRP
2023,NIAMS,36937405,restIRP
2023,NIAMS,37260629,restIRP
2023,NIAMS,36598976,restIRP
2023,NIAMS,36607809,restIRP
2023,NIAMS,36739295,restIRP
2023,NIAMS,36884218,restIRP
2023,NIAMS,37443284,restIRP
2023,NIAMS,37540600,restIRP
2023,NIAMS,37559725,restIRP
2023,NIAMS,37681930,restIRP
2023,NIAMS,36971661,restIRP
2023,NIAMS,37402364,restIRP
2023,NIAMS,36627168,restIRP
2023,NIAMS,36775844,restIRP
2023,NIAMS,36934849,restIRP
2023,NIAMS,36174715,restIRP
2023,NIAMS,36620220,restIRP
2023,NIAMS,35934056,restIRP
2023,NIAMS,35969518,restIRP
2023,NIAMS,36191000,restIRP
2023,NIAMS,36220328,restIRP
2023,NIAMS,36973439,restIRP
2023,NIAMS,37261457,restIRP
2023,NIAMS,37350974,restIRP
2023,NIAMS,35984892,restIRP
2023,NIAMS,35150605,restIRP
2023,NIAMS,35816490,restIRP
2023,NIAMS,35696333,restIRP
2023,NIAMS,35713987,restIRP
2023,NIAMS,35792044,restIRP
2023,NIAMS,36774660,restIRP
2023,NIAMS,36797040,restIRP
2023,NIAMS,36319008,restIRP
2023,NIAMS,36577442,restIRP
2021,NIBIB,33326251,restIRP
2021,NIBIB,33990566,restIRP
2021,NIBIB,34133940,restIRP
2021,NIBIB,34260278,restIRP
2021,NIBIB,34677937,restIRP
2021,NIBIB,32214129,restIRP
2021,NIBIB,32328577,restIRP
2021,NIBIB,32726643,restIRP
2021,NIBIB,32816112,restIRP
2021,NIBIB,32840025,restIRP
2021,NIBIB,33221421,restIRP
2021,NIBIB,33331068,restIRP
2021,NIBIB,34099922,restIRP
2021,NIBIB,34351007,restIRP
2021,NIBIB,32358086,restIRP
2021,NIBIB,32826319,restIRP
2021,NIBIB,32847972,restIRP
2021,NIBIB,33355247,restIRP
2021,NIBIB,32954931,restIRP
2021,NIBIB,33450959,restIRP
2021,NIBIB,34365505,restIRP
2021,NIBIB,33594360,restIRP
2021,NIBIB,33852719,restIRP
2021,NIBIB,33997662,restIRP
2021,NIBIB,31911620,restIRP
2021,NIBIB,32902437,restIRP
2021,NIBIB,33237853,restIRP
2021,NIBIB,33253583,restIRP
2021,NIBIB,33535030,restIRP
2021,NIBIB,33826369,restIRP
2021,NIBIB,33257936,restIRP
2021,NIBIB,33248226,restIRP
2021,NIBIB,33397956,restIRP
2021,NIBIB,33725211,restIRP
2021,NIBIB,33758883,restIRP
2021,NIBIB,33948607,restIRP
2021,NIBIB,34158410,restIRP
2021,NIBIB,34185847,restIRP
2021,NIBIB,34401892,restIRP
2021,NIBIB,32988843,restIRP
2021,NIBIB,33629685,restIRP
2021,NIBIB,33806282,restIRP
2021,NIBIB,32417700,restIRP
2021,NIBIB,32791313,restIRP
2021,NIBIB,32614509,restIRP
2021,NIBIB,33398460,restIRP
2021,NIBIB,33707571,restIRP
2021,NIBIB,34301873,restIRP
2021,NIBIB,34301955,restIRP
2021,NIBIB,34362850,restIRP
2021,NIBIB,31994199,restIRP
2021,NIBIB,32000578,restIRP
2021,NIBIB,32736074,restIRP
2021,NIBIB,32815431,restIRP
2021,NIBIB,33053337,restIRP
2021,NIBIB,33510185,restIRP
2021,NIBIB,34401678,restIRP
2022,NIBIB,33666345,restIRP
2022,NIBIB,35017622,restIRP
2022,NIBIB,35344227,restIRP
2022,NIBIB,35602553,restIRP
2022,NIBIB,35737845,restIRP
2022,NIBIB,31548981,restIRP
2022,NIBIB,33627875,restIRP
2022,NIBIB,34014917,restIRP
2022,NIBIB,34236312,restIRP
2022,NIBIB,34783657,restIRP
2022,NIBIB,34837071,restIRP
2022,NIBIB,35246530,restIRP
2022,NIBIB,35438536,restIRP
2022,NIBIB,35783502,restIRP
2022,NIBIB,35830602,restIRP
2022,NIBIB,33532807,restIRP
2022,NIBIB,35350206,restIRP
2022,NIBIB,35350208,restIRP
2022,NIBIB,35734093,restIRP
2022,NIBIB,32295900,restIRP
2022,NIBIB,32801144,restIRP
2022,NIBIB,34611671,restIRP
2022,NIBIB,35076009,restIRP
2022,NIBIB,34597052,restIRP
2022,NIBIB,34812507,restIRP
2022,NIBIB,35841868,restIRP
2022,NIBIB,34531522,restIRP
2023,NIBIB,36277384,restIRP
2023,NIBIB,37061547,restIRP
2023,NIBIB,36570617,restIRP
2023,NIBIB,37481704,restIRP
2023,NIBIB,37117231,restIRP
2023,NIBIB,36102311,restIRP
2023,NIBIB,36336785,restIRP
2023,NIBIB,36755544,restIRP
2023,NIBIB,36293452,restIRP
2023,NIBIB,35169797,restIRP
2023,NIBIB,37018390,restIRP
2023,NIBIB,36186623,restIRP
2023,NIBIB,36865905,restIRP
2021,NICHD,33724513,restIRP
2021,NICHD,33740890,restIRP
2021,NICHD,32601431,restIRP
2021,NICHD,33237853,restIRP
2021,NICHD,31915290,restIRP
2021,NICHD,32469309,restIRP
2021,NICHD,32663283,restIRP
2021,NICHD,32955564,restIRP
2021,NICHD,31908972,restIRP
2021,NICHD,32282611,restIRP
2021,NICHD,32896390,restIRP
2021,NICHD,32916273,restIRP
2021,NICHD,33047188,restIRP
2021,NICHD,33057600,restIRP
2021,NICHD,33278289,restIRP
2021,NICHD,33306497,restIRP
2021,NICHD,33354640,restIRP
2021,NICHD,33806282,restIRP
2021,NICHD,33965189,restIRP
2021,NICHD,34223258,restIRP
2021,NICHD,33570958,restIRP
2021,NICHD,34005918,restIRP
2021,NICHD,31952925,restIRP
2021,NICHD,32048419,restIRP
2021,NICHD,32922350,restIRP
2021,NICHD,33155452,restIRP
2021,NICHD,33324146,restIRP
2021,NICHD,33804774,restIRP
2021,NICHD,34356143,restIRP
2021,NICHD,34388157,restIRP
2021,NICHD,32354758,restIRP
2021,NICHD,32279353,restIRP
2021,NICHD,34375581,restIRP
2021,NICHD,34428449,restIRP
2021,NICHD,33248229,restIRP
2021,NICHD,32139674,restIRP
2021,NICHD,32487986,restIRP
2021,NICHD,33135960,restIRP
2021,NICHD,33277595,restIRP
2021,NICHD,34390234,restIRP
2021,NICHD,32027825,restIRP
2021,NICHD,32558643,restIRP
2021,NICHD,32584517,restIRP
2021,NICHD,32807948,restIRP
2021,NICHD,32973206,restIRP
2021,NICHD,33141766,restIRP
2021,NICHD,33150866,restIRP
2021,NICHD,35784651,restIRP
2021,NICHD,33931636,restIRP
2021,NICHD,34059824,restIRP
2021,NICHD,31637427,restIRP
2021,NICHD,31875913,restIRP
2021,NICHD,32040961,restIRP
2021,NICHD,32062700,restIRP
2021,NICHD,32098292,restIRP
2021,NICHD,32212257,restIRP
2021,NICHD,32232325,restIRP
2021,NICHD,32247282,restIRP
2021,NICHD,32302974,restIRP
2021,NICHD,32348959,restIRP
2021,NICHD,32436940,restIRP
2021,NICHD,32478669,restIRP
2021,NICHD,32638579,restIRP
2021,NICHD,32666011,restIRP
2021,NICHD,32714280,restIRP
2021,NICHD,32738126,restIRP
2021,NICHD,32755966,restIRP
2021,NICHD,32821937,restIRP
2021,NICHD,32864505,restIRP
2021,NICHD,32893266,restIRP
2021,NICHD,32895490,restIRP
2021,NICHD,32901291,restIRP
2021,NICHD,33055300,restIRP
2021,NICHD,33089319,restIRP
2021,NICHD,33108146,restIRP
2021,NICHD,33112806,restIRP
2021,NICHD,33127481,restIRP
2021,NICHD,33305158,restIRP
2021,NICHD,33434147,restIRP
2021,NICHD,33444221,restIRP
2021,NICHD,33462741,restIRP
2021,NICHD,33630995,restIRP
2021,NICHD,33644619,restIRP
2021,NICHD,33716050,restIRP
2021,NICHD,33833410,restIRP
2021,NICHD,33839693,restIRP
2021,NICHD,33939050,restIRP
2021,NICHD,34040161,restIRP
2021,NICHD,34079627,restIRP
2021,NICHD,34087234,restIRP
2021,NICHD,34089750,restIRP
2021,NICHD,34125832,restIRP
2021,NICHD,34195525,restIRP
2021,NICHD,34405127,restIRP
2021,NICHD,34439280,restIRP
2021,NICHD,31886849,restIRP
2021,NICHD,31959496,restIRP
2021,NICHD,31978739,restIRP
2021,NICHD,32041900,restIRP
2021,NICHD,32078381,restIRP
2021,NICHD,32135135,restIRP
2021,NICHD,32180760,restIRP
2021,NICHD,32407400,restIRP
2021,NICHD,32677467,restIRP
2021,NICHD,32747382,restIRP
2021,NICHD,32776014,restIRP
2021,NICHD,33036433,restIRP
2021,NICHD,33177224,restIRP
2021,NICHD,33227993,restIRP
2021,NICHD,33232446,restIRP
2021,NICHD,33553996,restIRP
2021,NICHD,33674279,restIRP
2021,NICHD,34023277,restIRP
2021,NICHD,34297937,restIRP
2021,NICHD,34390365,restIRP
2021,NICHD,33158997,restIRP
2021,NICHD,34214393,restIRP
2021,NICHD,33430969,restIRP
2021,NICHD,33602956,restIRP
2021,NICHD,32218435,restIRP
2021,NICHD,32824677,restIRP
2021,NICHD,33225987,restIRP
2021,NICHD,33812847,restIRP
2021,NICHD,32487778,restIRP
2021,NICHD,33332743,restIRP
2021,NICHD,33447690,restIRP
2021,NICHD,33677504,restIRP
2021,NICHD,31976519,restIRP
2021,NICHD,32298717,restIRP
2021,NICHD,32416145,restIRP
2021,NICHD,32828731,restIRP
2021,NICHD,33090208,restIRP
2021,NICHD,33908182,restIRP
2021,NICHD,34153318,restIRP
2021,NICHD,34157312,restIRP
2021,NICHD,32686698,restIRP
2021,NICHD,33230314,restIRP
2021,NICHD,33658209,restIRP
2021,NICHD,32067780,restIRP
2021,NICHD,32106995,restIRP
2021,NICHD,32163552,restIRP
2021,NICHD,33109744,restIRP
2021,NICHD,33387539,restIRP
2021,NICHD,33789138,restIRP
2021,NICHD,33823999,restIRP
2021,NICHD,31858113,restIRP
2021,NICHD,31910279,restIRP
2021,NICHD,31992758,restIRP
2021,NICHD,32047868,restIRP
2021,NICHD,32068843,restIRP
2021,NICHD,32109464,restIRP
2021,NICHD,32192592,restIRP
2021,NICHD,32283071,restIRP
2021,NICHD,32313676,restIRP
2021,NICHD,32325294,restIRP
2021,NICHD,32354366,restIRP
2021,NICHD,32434001,restIRP
2021,NICHD,32577583,restIRP
2021,NICHD,32608483,restIRP
2021,NICHD,32740471,restIRP
2021,NICHD,32743539,restIRP
2021,NICHD,32755413,restIRP
2021,NICHD,32970334,restIRP
2021,NICHD,33066974,restIRP
2021,NICHD,33107110,restIRP
2021,NICHD,33311959,restIRP
2021,NICHD,33421071,restIRP
2021,NICHD,33493011,restIRP
2021,NICHD,34022900,restIRP
2021,NICHD,31948495,restIRP
2021,NICHD,33420178,restIRP
2021,NICHD,33590300,restIRP
2021,NICHD,34155504,restIRP
2021,NICHD,32415132,restIRP
2021,NICHD,32667374,restIRP
2021,NICHD,32794995,restIRP
2021,NICHD,34418934,restIRP
2021,NICHD,31668555,restIRP
2021,NICHD,31707734,restIRP
2021,NICHD,31934493,restIRP
2021,NICHD,31996359,restIRP
2021,NICHD,31999726,restIRP
2021,NICHD,32033912,restIRP
2021,NICHD,32073546,restIRP
2021,NICHD,32114296,restIRP
2021,NICHD,32132878,restIRP
2021,NICHD,32244519,restIRP
2021,NICHD,32487688,restIRP
2021,NICHD,32731618,restIRP
2021,NICHD,32897301,restIRP
2021,NICHD,33129690,restIRP
2021,NICHD,33204596,restIRP
2021,NICHD,34050321,restIRP
2021,NICHD,34296265,restIRP
2021,NICHD,32348749,restIRP
2021,NICHD,33460557,restIRP
2021,NICHD,34309401,restIRP
2021,NICHD,32127541,restIRP
2021,NICHD,32245827,restIRP
2021,NICHD,32101745,restIRP
2021,NICHD,33855304,restIRP
2021,NICHD,31593352,restIRP
2021,NICHD,31684760,restIRP
2021,NICHD,32036034,restIRP
2021,NICHD,32037740,restIRP
2021,NICHD,32050783,restIRP
2021,NICHD,32107799,restIRP
2021,NICHD,32163927,restIRP
2021,NICHD,32202658,restIRP
2021,NICHD,32227616,restIRP
2021,NICHD,32286006,restIRP
2021,NICHD,32341572,restIRP
2021,NICHD,32351324,restIRP
2021,NICHD,32461554,restIRP
2021,NICHD,32627316,restIRP
2021,NICHD,32863171,restIRP
2021,NICHD,32891676,restIRP
2021,NICHD,33026160,restIRP
2021,NICHD,33059389,restIRP
2021,NICHD,33202518,restIRP
2021,NICHD,33241297,restIRP
2021,NICHD,33300030,restIRP
2021,NICHD,33371773,restIRP
2021,NICHD,33373856,restIRP
2021,NICHD,33434443,restIRP
2021,NICHD,33502799,restIRP
2021,NICHD,33665639,restIRP
2021,NICHD,33771694,restIRP
2021,NICHD,33831812,restIRP
2021,NICHD,34160571,restIRP
2021,NICHD,34252398,restIRP
2021,NICHD,34498417,restIRP
2021,NICHD,34734495,restIRP
2021,NICHD,36325429,restIRP
2021,NICHD,32134106,restIRP
2021,NICHD,32266521,restIRP
2021,NICHD,32633779,restIRP
2021,NICHD,33544972,restIRP
2021,NICHD,31961433,restIRP
2021,NICHD,32430177,restIRP
2021,NICHD,33359667,restIRP
2021,NICHD,34194391,restIRP
2021,NICHD,32112888,restIRP
2021,NICHD,32232430,restIRP
2021,NICHD,32732874,restIRP
2021,NICHD,32751407,restIRP
2021,NICHD,33096018,restIRP
2021,NICHD,33330839,restIRP
2021,NICHD,33452495,restIRP
2021,NICHD,34108246,restIRP
2021,NICHD,32073997,restIRP
2021,NICHD,32366666,restIRP
2021,NICHD,32375042,restIRP
2021,NICHD,32553155,restIRP
2021,NICHD,32610138,restIRP
2021,NICHD,33362196,restIRP
2021,NICHD,32948625,restIRP
2021,NICHD,31979226,restIRP
2021,NICHD,32152203,restIRP
2021,NICHD,32198315,restIRP
2021,NICHD,32462735,restIRP
2021,NICHD,32698142,restIRP
2021,NICHD,34515661,restIRP
2021,NICHD,32181817,restIRP
2021,NICHD,34402430,restIRP
2021,NICHD,32193149,restIRP
2021,NICHD,33844969,restIRP
2021,NICHD,32117252,restIRP
2021,NICHD,32743540,restIRP
2021,NICHD,32804442,restIRP
2021,NICHD,33293712,restIRP
2021,NICHD,33344510,restIRP
2021,NICHD,34037670,restIRP
2021,NICHD,31945128,restIRP
2021,NICHD,32032302,restIRP
2021,NICHD,33273611,restIRP
2021,NICHD,33710022,restIRP
2021,NICHD,33772780,restIRP
2021,NICHD,33853873,restIRP
2021,NICHD,34197866,restIRP
2021,NICHD,33314777,restIRP
2021,NICHD,33479215,restIRP
2021,NICHD,32478068,restIRP
2021,NICHD,32012160,restIRP
2021,NICHD,32163034,restIRP
2021,NICHD,33106410,restIRP
2021,NICHD,32898476,restIRP
2021,NICHD,34078879,restIRP
2021,NICHD,32179478,restIRP
2021,NICHD,32594833,restIRP
2021,NICHD,32877270,restIRP
2021,NICHD,32917881,restIRP
2021,NICHD,33771996,restIRP
2021,NICHD,33802526,restIRP
2021,NICHD,33542442,restIRP
2021,NICHD,32231397,restIRP
2021,NICHD,32478947,restIRP
2021,NICHD,33634751,restIRP
2021,NICHD,32156825,restIRP
2021,NICHD,32999370,restIRP
2021,NICHD,33193211,restIRP
2021,NICHD,34072628,restIRP
2021,NICHD,32640231,restIRP
2021,NICHD,32737119,restIRP
2021,NICHD,33600085,restIRP
2021,NICHD,33620770,restIRP
2021,NICHD,32144749,restIRP
2021,NICHD,32434911,restIRP
2021,NICHD,32513716,restIRP
2021,NICHD,34726730,restIRP
2021,NICHD,33523931,restIRP
2021,NICHD,32679514,restIRP
2021,NICHD,32143225,restIRP
2021,NICHD,31639421,restIRP
2021,NICHD,32324744,restIRP
2021,NICHD,32735645,restIRP
2021,NICHD,32744499,restIRP
2021,NICHD,33292040,restIRP
2021,NICHD,32069311,restIRP
2021,NICHD,32187369,restIRP
2021,NICHD,32788345,restIRP
2021,NICHD,33032107,restIRP
2021,NICHD,33124711,restIRP
2021,NICHD,33137520,restIRP
2021,NICHD,33152737,restIRP
2021,NICHD,33377028,restIRP
2021,NICHD,33544519,restIRP
2021,NICHD,33554577,restIRP
2021,NICHD,33558326,restIRP
2021,NICHD,33596766,restIRP
2021,NICHD,33650091,restIRP
2021,NICHD,33657136,restIRP
2021,NICHD,33821263,restIRP
2021,NICHD,33878254,restIRP
2021,NICHD,34188072,restIRP
2021,NICHD,34195686,restIRP
2021,NICHD,34229367,restIRP
2021,NICHD,34302772,restIRP
2021,NICHD,33279577,restIRP
2021,NICHD,33437851,restIRP
2021,NICHD,33662762,restIRP
2021,NICHD,34062858,restIRP
2021,NICHD,34181784,restIRP
2021,NICHD,34184328,restIRP
2021,NICHD,31761494,restIRP
2021,NICHD,31794731,restIRP
2021,NICHD,32479262,restIRP
2021,NICHD,32515287,restIRP
2021,NICHD,33764298,restIRP
2021,NICHD,33189678,restIRP
2021,NICHD,33410847,restIRP
2021,NICHD,33752368,restIRP
2021,NICHD,34271681,restIRP
2021,NICHD,33098866,restIRP
2021,NICHD,33191870,restIRP
2021,NICHD,33903635,restIRP
2021,NICHD,32776198,restIRP
2021,NICHD,32919039,restIRP
2021,NICHD,32985128,restIRP
2021,NICHD,33431248,restIRP
2021,NICHD,33765539,restIRP
2021,NICHD,33876747,restIRP
2021,NICHD,32533862,restIRP
2021,NICHD,33425888,restIRP
2021,NICHD,33767446,restIRP
2021,NICHD,32472141,restIRP
2021,NICHD,32041906,restIRP
2021,NICHD,32944676,restIRP
2021,NICHD,33109721,restIRP
2021,NICHD,33024099,restIRP
2021,NICHD,32032525,restIRP
2021,NICHD,32352380,restIRP
2021,NICHD,32743551,restIRP
2021,NICHD,33239447,restIRP
2021,NICHD,33414108,restIRP
2021,NICHD,34320657,restIRP
2021,NICHD,32945728,restIRP
2021,NICHD,32958906,restIRP
2021,NICHD,33109504,restIRP
2021,NICHD,33158801,restIRP
2021,NICHD,33228724,restIRP
2021,NICHD,33737210,restIRP
2021,NICHD,33933087,restIRP
2021,NICHD,33984020,restIRP
2021,NICHD,34301273,restIRP
2021,NICHD,34380499,restIRP
2021,NICHD,32019928,restIRP
2021,NICHD,32776106,restIRP
2021,NICHD,33298951,restIRP
2021,NICHD,32282607,restIRP
2021,NICHD,32460662,restIRP
2021,NICHD,32863862,restIRP
2021,NICHD,33294764,restIRP
2021,NICHD,32038161,restIRP
2021,NICHD,32995694,restIRP
2021,NICHD,33414376,restIRP
2021,NICHD,33076783,restIRP
2021,NICHD,33827688,restIRP
2021,NICHD,34123785,restIRP
2021,NICHD,34158114,restIRP
2022,NICHD,34648019,restIRP
2022,NICHD,34791232,restIRP
2022,NICHD,34946015,restIRP
2022,NICHD,33075844,restIRP
2022,NICHD,34553155,restIRP
2022,NICHD,35312692,restIRP
2022,NICHD,35872070,restIRP
2022,NICHD,35927953,restIRP
2022,NICHD,35290722,restIRP
2022,NICHD,35477980,restIRP
2022,NICHD,33550636,restIRP
2022,NICHD,33559393,restIRP
2022,NICHD,34913584,restIRP
2022,NICHD,35140179,restIRP
2022,NICHD,35072692,restIRP
2022,NICHD,35272525,restIRP
2022,NICHD,35549618,restIRP
2022,NICHD,35780937,restIRP
2022,NICHD,33986376,restIRP
2022,NICHD,34077687,restIRP
2022,NICHD,35142351,restIRP
2022,NICHD,35676754,restIRP
2022,NICHD,34818031,restIRP
2022,NICHD,35645763,restIRP
2022,NICHD,35171827,restIRP
2022,NICHD,35702604,restIRP
2022,NICHD,33495635,restIRP
2022,NICHD,34588430,restIRP
2022,NICHD,35598161,restIRP
2022,NICHD,34461087,restIRP
2022,NICHD,34689421,restIRP
2022,NICHD,35463920,restIRP
2022,NICHD,35681624,restIRP
2022,NICHD,35712668,restIRP
2022,NICHD,34916251,restIRP
2022,NICHD,35045307,restIRP
2022,NICHD,35721718,restIRP
2022,NICHD,35632764,restIRP
2022,NICHD,34929460,restIRP
2022,NICHD,35136903,restIRP
2022,NICHD,35182582,restIRP
2022,NICHD,35552010,restIRP
2022,NICHD,35697532,restIRP
2022,NICHD,33435393,restIRP
2022,NICHD,34153074,restIRP
2022,NICHD,34365505,restIRP
2022,NICHD,34616364,restIRP
2022,NICHD,35962146,restIRP
2022,NICHD,35979957,restIRP
2022,NICHD,34585950,restIRP
2022,NICHD,34789498,restIRP
2022,NICHD,32990357,restIRP
2022,NICHD,33529473,restIRP
2022,NICHD,34138521,restIRP
2022,NICHD,34504056,restIRP
2022,NICHD,34592985,restIRP
2022,NICHD,35104863,restIRP
2022,NICHD,35239434,restIRP
2022,NICHD,35239441,restIRP
2022,NICHD,36062564,restIRP
2022,NICHD,33651438,restIRP
2022,NICHD,33942921,restIRP
2022,NICHD,33984553,restIRP
2022,NICHD,34013094,restIRP
2022,NICHD,34291279,restIRP
2022,NICHD,34385400,restIRP
2022,NICHD,34453886,restIRP
2022,NICHD,34477824,restIRP
2022,NICHD,34519823,restIRP
2022,NICHD,34773339,restIRP
2022,NICHD,34975146,restIRP
2022,NICHD,35238941,restIRP
2022,NICHD,35850381,restIRP
2022,NICHD,35852767,restIRP
2022,NICHD,36223450,restIRP
2022,NICHD,37622161,restIRP
2022,NICHD,33742192,restIRP
2022,NICHD,34075392,restIRP
2022,NICHD,34350728,restIRP
2022,NICHD,34355505,restIRP
2022,NICHD,34656763,restIRP
2022,NICHD,35107211,restIRP
2022,NICHD,34456972,restIRP
2022,NICHD,35121733,restIRP
2022,NICHD,32791068,restIRP
2022,NICHD,34829933,restIRP
2022,NICHD,34841476,restIRP
2022,NICHD,35086793,restIRP
2022,NICHD,33577797,restIRP
2022,NICHD,34161137,restIRP
2022,NICHD,34283825,restIRP
2022,NICHD,34315878,restIRP
2022,NICHD,34432492,restIRP
2022,NICHD,34799570,restIRP
2022,NICHD,35314674,restIRP
2022,NICHD,35579602,restIRP
2022,NICHD,35838483,restIRP
2022,NICHD,33300499,restIRP
2022,NICHD,33497361,restIRP
2022,NICHD,33551992,restIRP
2022,NICHD,33709018,restIRP
2022,NICHD,33776908,restIRP
2022,NICHD,33855601,restIRP
2022,NICHD,34096581,restIRP
2022,NICHD,34282751,restIRP
2022,NICHD,34330739,restIRP
2022,NICHD,34359671,restIRP
2022,NICHD,34415331,restIRP
2022,NICHD,34431366,restIRP
2022,NICHD,34439097,restIRP
2022,NICHD,34475242,restIRP
2022,NICHD,34536193,restIRP
2022,NICHD,34549489,restIRP
2022,NICHD,34770976,restIRP
2022,NICHD,35171114,restIRP
2022,NICHD,35618479,restIRP
2022,NICHD,34990403,restIRP
2022,NICHD,31242781,restIRP
2022,NICHD,33757935,restIRP
2022,NICHD,34138816,restIRP
2022,NICHD,34906542,restIRP
2022,NICHD,34910153,restIRP
2022,NICHD,35675615,restIRP
2022,NICHD,35173566,restIRP
2022,NICHD,33554060,restIRP
2022,NICHD,34013833,restIRP
2022,NICHD,34429399,restIRP
2022,NICHD,34835109,restIRP
2022,NICHD,35479090,restIRP
2022,NICHD,34601876,restIRP
2022,NICHD,34504007,restIRP
2022,NICHD,34646014,restIRP
2022,NICHD,33685990,restIRP
2022,NICHD,33986298,restIRP
2022,NICHD,33458694,restIRP
2022,NICHD,34799402,restIRP
2022,NICHD,35440113,restIRP
2022,NICHD,35858915,restIRP
2022,NICHD,35871075,restIRP
2022,NICHD,35969760,restIRP
2022,NICHD,33739417,restIRP
2022,NICHD,34838750,restIRP
2022,NICHD,34415955,restIRP
2022,NICHD,33815060,restIRP
2022,NICHD,34890221,restIRP
2022,NICHD,35081841,restIRP
2022,NICHD,34267373,restIRP
2022,NICHD,34625550,restIRP
2022,NICHD,34850129,restIRP
2022,NICHD,34930808,restIRP
2022,NICHD,33554969,restIRP
2022,NICHD,34622802,restIRP
2022,NICHD,34632484,restIRP
2022,NICHD,34686873,restIRP
2022,NICHD,34880903,restIRP
2022,NICHD,34889468,restIRP
2022,NICHD,34941003,restIRP
2022,NICHD,34968795,restIRP
2022,NICHD,35022423,restIRP
2022,NICHD,35246973,restIRP
2022,NICHD,35260533,restIRP
2022,NICHD,35296083,restIRP
2022,NICHD,35304419,restIRP
2022,NICHD,35379748,restIRP
2022,NICHD,35445873,restIRP
2022,NICHD,35724639,restIRP
2022,NICHD,35725425,restIRP
2022,NICHD,35821507,restIRP
2022,NICHD,35898609,restIRP
2022,NICHD,35916526,restIRP
2022,NICHD,36012335,restIRP
2022,NICHD,34805283,restIRP
2022,NICHD,35736210,restIRP
2022,NICHD,34630033,restIRP
2022,NICHD,35132135,restIRP
2022,NICHD,35163147,restIRP
2022,NICHD,35606495,restIRP
2022,NICHD,35642503,restIRP
2022,NICHD,34779895,restIRP
2022,NICHD,34990412,restIRP
2022,NICHD,35482764,restIRP
2022,NICHD,35058881,restIRP
2022,NICHD,35150145,restIRP
2022,NICHD,36001971,restIRP
2022,NICHD,34580171,restIRP
2022,NICHD,35013255,restIRP
2022,NICHD,35367322,restIRP
2022,NICHD,36467261,restIRP
2022,NICHD,34415310,restIRP
2022,NICHD,34663815,restIRP
2022,NICHD,34882480,restIRP
2022,NICHD,35853265,restIRP
2022,NICHD,35217614,restIRP
2022,NICHD,35732735,restIRP
2022,NICHD,33290502,restIRP
2022,NICHD,35175194,restIRP
2022,NICHD,34481014,restIRP
2022,NICHD,35334823,restIRP
2022,NICHD,35619114,restIRP
2022,NICHD,35922793,restIRP
2022,NICHD,33402335,restIRP
2022,NICHD,34083449,restIRP
2022,NICHD,35080107,restIRP
2022,NICHD,33405006,restIRP
2022,NICHD,33444404,restIRP
2022,NICHD,34368812,restIRP
2022,NICHD,34966948,restIRP
2022,NICHD,34610275,restIRP
2022,NICHD,34837071,restIRP
2022,NICHD,34862790,restIRP
2022,NICHD,35795482,restIRP
2022,NICHD,33882589,restIRP
2023,NICHD,35640978,restIRP
2023,NICHD,37641532,restIRP
2023,NICHD,35793348,restIRP
2023,NICHD,36864781,restIRP
2023,NICHD,37043534,restIRP
2023,NICHD,37266577,restIRP
2023,NICHD,37439347,restIRP
2023,NICHD,35386497,restIRP
2023,NICHD,35895287,restIRP
2023,NICHD,36472596,restIRP
2023,NICHD,37398620,restIRP
2023,NICHD,36419350,restIRP
2023,NICHD,36588341,restIRP
2023,NICHD,37329029,restIRP
2023,NICHD,37190612,restIRP
2023,NICHD,37420758,restIRP
2023,NICHD,37086568,restIRP
2023,NICHD,35523590,restIRP
2023,NICHD,36012727,restIRP
2023,NICHD,36075962,restIRP
2023,NICHD,36769244,restIRP
2023,NICHD,35937706,restIRP
2023,NICHD,36332849,restIRP
2023,NICHD,37365621,restIRP
2023,NICHD,37471399,restIRP
2023,NICHD,37573949,restIRP
2023,NICHD,35132436,restIRP
2023,NICHD,37153111,restIRP
2023,NICHD,36342754,restIRP
2023,NICHD,36731429,restIRP
2023,NICHD,35781969,restIRP
2023,NICHD,37189368,restIRP
2023,NICHD,37238704,restIRP
2023,NICHD,37448631,restIRP
2023,NICHD,37552215,restIRP
2023,NICHD,37572662,restIRP
2023,NICHD,36209950,restIRP
2023,NICHD,36568885,restIRP
2023,NICHD,35550379,restIRP
2023,NICHD,35865736,restIRP
2023,NICHD,36347310,restIRP
2023,NICHD,37484873,restIRP
2023,NICHD,35447082,restIRP
2023,NICHD,36514310,restIRP
2023,NICHD,36695574,restIRP
2023,NICHD,37036445,restIRP
2023,NICHD,37156797,restIRP
2023,NICHD,35446387,restIRP
2023,NICHD,36617164,restIRP
2023,NICHD,36883452,restIRP
2023,NICHD,36972758,restIRP
2023,NICHD,35303517,restIRP
2023,NICHD,36443208,restIRP
2023,NICHD,36617561,restIRP
2023,NICHD,35638897,restIRP
2023,NICHD,35968626,restIRP
2023,NICHD,37427607,restIRP
2023,NICHD,33722902,restIRP
2023,NICHD,35452076,restIRP
2023,NICHD,35563467,restIRP
2023,NICHD,36482060,restIRP
2023,NICHD,37402717,restIRP
2023,NICHD,37487082,restIRP
2023,NICHD,36138431,restIRP
2023,NICHD,36170356,restIRP
2023,NICHD,36367221,restIRP
2023,NICHD,34508290,restIRP
2023,NICHD,34978374,restIRP
2023,NICHD,35013190,restIRP
2023,NICHD,35042933,restIRP
2023,NICHD,35119103,restIRP
2023,NICHD,35135038,restIRP
2023,NICHD,35367918,restIRP
2023,NICHD,36161713,restIRP
2023,NICHD,36205036,restIRP
2023,NICHD,36235684,restIRP
2023,NICHD,36423296,restIRP
2023,NICHD,36628649,restIRP
2023,NICHD,36639249,restIRP
2023,NICHD,36648999,restIRP
2023,NICHD,36750741,restIRP
2023,NICHD,37013719,restIRP
2023,NICHD,37062516,restIRP
2023,NICHD,37100994,restIRP
2023,NICHD,37428754,restIRP
2023,NICHD,35274497,restIRP
2023,NICHD,36042976,restIRP
2023,NICHD,36149413,restIRP
2023,NICHD,36774100,restIRP
2023,NICHD,35961004,restIRP
2023,NICHD,36927955,restIRP
2023,NICHD,37450557,restIRP
2023,NICHD,35575034,restIRP
2023,NICHD,35874167,restIRP
2023,NICHD,37348683,restIRP
2023,NICHD,36423118,restIRP
2023,NICHD,36470871,restIRP
2023,NICHD,36575795,restIRP
2023,NICHD,35976721,restIRP
2023,NICHD,36169638,restIRP
2023,NICHD,36345169,restIRP
2023,NICHD,36399622,restIRP
2023,NICHD,36443515,restIRP
2023,NICHD,36640308,restIRP
2023,NICHD,36951961,restIRP
2023,NICHD,37213076,restIRP
2023,NICHD,37322239,restIRP
2023,NICHD,36449618,restIRP
2023,NICHD,37140047,restIRP
2023,NICHD,37216193,restIRP
2023,NICHD,36010880,restIRP
2023,NICHD,36271074,restIRP
2023,NICHD,36854674,restIRP
2023,NICHD,37474439,restIRP
2023,NICHD,33032328,restIRP
2023,NICHD,33706661,restIRP
2023,NICHD,33940642,restIRP
2023,NICHD,35240706,restIRP
2023,NICHD,35450477,restIRP
2023,NICHD,35771992,restIRP
2023,NICHD,35926648,restIRP
2023,NICHD,35952840,restIRP
2023,NICHD,35981916,restIRP
2023,NICHD,36822279,restIRP
2023,NICHD,32603406,restIRP
2023,NICHD,34873090,restIRP
2023,NICHD,35608113,restIRP
2023,NICHD,36298700,restIRP
2023,NICHD,36732510,restIRP
2023,NICHD,36790818,restIRP
2023,NICHD,36813269,restIRP
2023,NICHD,37117231,restIRP
2023,NICHD,36739273,restIRP
2023,NICHD,37091244,restIRP
2023,NICHD,36587060,restIRP
2023,NICHD,36719272,restIRP
2023,NICHD,37428771,restIRP
2023,NICHD,27672113,restIRP
2023,NICHD,31650955,restIRP
2023,NICHD,36577058,restIRP
2023,NICHD,35679405,restIRP
2023,NICHD,35704758,restIRP
2023,NICHD,35858577,restIRP
2023,NICHD,36044344,restIRP
2023,NICHD,36179046,restIRP
2023,NICHD,37085480,restIRP
2023,NICHD,37197327,restIRP
2023,NICHD,35258332,restIRP
2023,NICHD,36413498,restIRP
2023,NICHD,35063131,restIRP
2023,NICHD,35962188,restIRP
2023,NICHD,36192231,restIRP
2023,NICHD,36460625,restIRP
2023,NICHD,36586812,restIRP
2023,NICHD,37067793,restIRP
2023,NICHD,37159521,restIRP
2023,NICHD,36322781,restIRP
2023,NICHD,35841868,restIRP
2023,NICHD,35953450,restIRP
2023,NICHD,36590291,restIRP
2023,NICHD,36907281,restIRP
2023,NICHD,36970182,restIRP
2023,NICHD,36976252,restIRP
2023,NICHD,37063496,restIRP
2023,NICHD,35549413,restIRP
2023,NICHD,35813003,restIRP
2023,NICHD,36453989,restIRP
2023,NICHD,35989229,restIRP
2023,NICHD,35993366,restIRP
2023,NICHD,36115013,restIRP
2023,NICHD,36154181,restIRP
2023,NICHD,36173676,restIRP
2023,NICHD,36180175,restIRP
2023,NICHD,36229038,restIRP
2023,NICHD,36253935,restIRP
2023,NICHD,36336082,restIRP
2023,NICHD,36339251,restIRP
2023,NICHD,36368431,restIRP
2023,NICHD,36474319,restIRP
2023,NICHD,36503654,restIRP
2023,NICHD,36521862,restIRP
2023,NICHD,36567427,restIRP
2023,NICHD,36597808,restIRP
2023,NICHD,36599348,restIRP
2023,NICHD,36642424,restIRP
2023,NICHD,36643922,restIRP
2023,NICHD,36823217,restIRP
2023,NICHD,36936220,restIRP
2023,NICHD,36941246,restIRP
2023,NICHD,36997168,restIRP
2023,NICHD,37016066,restIRP
2023,NICHD,37121539,restIRP
2023,NICHD,37149573,restIRP
2023,NICHD,37194083,restIRP
2023,NICHD,37207824,restIRP
2023,NICHD,37349086,restIRP
2023,NICHD,37422429,restIRP
2023,NICHD,37468842,restIRP
2023,NICHD,37486223,restIRP
2023,NICHD,36762476,restIRP
2023,NICHD,36936756,restIRP
2023,NICHD,37530405,restIRP
2023,NICHD,36503276,restIRP
2023,NICHD,36721240,restIRP
2023,NICHD,36899892,restIRP
2023,NICHD,37153451,restIRP
2023,NICHD,37388215,restIRP
2023,NICHD,36695285,restIRP
2023,NICHD,36897941,restIRP
2023,NICHD,37154160,restIRP
2023,NICHD,37212738,restIRP
2023,NICHD,35988140,restIRP
2023,NICHD,36285717,restIRP
2023,NICHD,36699640,restIRP
2023,NICHD,36093576,restIRP
2023,NICHD,36611058,restIRP
2023,NICHD,34999875,restIRP
2023,NICHD,36315142,restIRP
2023,NICHD,36456451,restIRP
2023,NICHD,37263773,restIRP
2023,NICHD,37589372,restIRP
2023,NICHD,35224839,restIRP
2023,NICHD,35712788,restIRP
2023,NICHD,35880319,restIRP
2023,NICHD,36334590,restIRP
2023,NICHD,37246715,restIRP
2023,NICHD,36520627,restIRP
2023,NICHD,36806146,restIRP
2023,NICHD,36235585,restIRP
2023,NICHD,37731285,restIRP
2023,NICHD,35098635,restIRP
2023,NICHD,35602653,restIRP
2023,NICHD,37552760,restIRP
2023,NICHD,35296452,restIRP
2023,NICHD,35433193,restIRP
2023,NICHD,35623721,restIRP
2023,NICHD,35705177,restIRP
2023,NICHD,36191605,restIRP
2023,NICHD,36212983,restIRP
2023,NICHD,36308436,restIRP
2023,NICHD,36529618,restIRP
2023,NICHD,36542312,restIRP
2023,NICHD,36579945,restIRP
2023,NICHD,36733807,restIRP
2023,NICHD,36787466,restIRP
2023,NICHD,37301425,restIRP
2023,NICHD,37100779,restIRP
2023,NICHD,37369719,restIRP
2021,NIDA,30883109,restIRP
2021,NIDA,31992976,restIRP
2021,NIDA,32340023,restIRP
2021,NIDA,32388619,restIRP
2021,NIDA,32452650,restIRP
2021,NIDA,32515443,restIRP
2021,NIDA,32851643,restIRP
2021,NIDA,32926777,restIRP
2021,NIDA,32947229,restIRP
2021,NIDA,32969645,restIRP
2021,NIDA,33062179,restIRP
2021,NIDA,33411583,restIRP
2021,NIDA,33924613,restIRP
2021,NIDA,34352292,restIRP
2021,NIDA,34355183,restIRP
2021,NIDA,32058974,restIRP
2021,NIDA,33051346,restIRP
2021,NIDA,33910017,restIRP
2021,NIDA,34083381,restIRP
2021,NIDA,34205689,restIRP
2021,NIDA,34268295,restIRP
2021,NIDA,32053866,restIRP
2021,NIDA,32078710,restIRP
2021,NIDA,32195362,restIRP
2021,NIDA,32527276,restIRP
2021,NIDA,33041608,restIRP
2021,NIDA,33558983,restIRP
2021,NIDA,33882014,restIRP
2021,NIDA,33966283,restIRP
2021,NIDA,34246036,restIRP
2021,NIDA,32672990,restIRP
2021,NIDA,32683756,restIRP
2021,NIDA,32324370,restIRP
2021,NIDA,33012519,restIRP
2021,NIDA,33794361,restIRP
2021,NIDA,33833402,restIRP
2021,NIDA,32676021,restIRP
2021,NIDA,32939346,restIRP
2021,NIDA,33318960,restIRP
2021,NIDA,32990768,restIRP
2021,NIDA,33220102,restIRP
2021,NIDA,33624802,restIRP
2021,NIDA,33909525,restIRP
2021,NIDA,34229153,restIRP
2021,NIDA,34282082,restIRP
2021,NIDA,34472889,restIRP
2021,NIDA,33069159,restIRP
2021,NIDA,33334652,restIRP
2021,NIDA,33789118,restIRP
2021,NIDA,33908131,restIRP
2021,NIDA,34316031,restIRP
2021,NIDA,32841457,restIRP
2021,NIDA,32857473,restIRP
2021,NIDA,33064342,restIRP
2021,NIDA,33436331,restIRP
2021,NIDA,33446857,restIRP
2021,NIDA,33508888,restIRP
2021,NIDA,34189458,restIRP
2021,NIDA,31964994,restIRP
2021,NIDA,32305216,restIRP
2021,NIDA,32645379,restIRP
2021,NIDA,31913274,restIRP
2021,NIDA,31956033,restIRP
2021,NIDA,31959935,restIRP
2021,NIDA,31961854,restIRP
2021,NIDA,32831173,restIRP
2021,NIDA,32888408,restIRP
2021,NIDA,33051355,restIRP
2021,NIDA,33206139,restIRP
2021,NIDA,33219006,restIRP
2021,NIDA,33361819,restIRP
2021,NIDA,33091459,restIRP
2021,NIDA,33837086,restIRP
2021,NIDA,30741729,restIRP
2021,NIDA,33414501,restIRP
2021,NIDA,34392304,restIRP
2021,NIDA,33444596,restIRP
2021,NIDA,31998063,restIRP
2021,NIDA,33220277,restIRP
2021,NIDA,33510349,restIRP
2021,NIDA,33536871,restIRP
2021,NIDA,33683627,restIRP
2021,NIDA,33868044,restIRP
2021,NIDA,34085060,restIRP
2021,NIDA,31724254,restIRP
2021,NIDA,31830773,restIRP
2021,NIDA,32024801,restIRP
2021,NIDA,32084361,restIRP
2021,NIDA,32101987,restIRP
2021,NIDA,32467352,restIRP
2021,NIDA,32517185,restIRP
2021,NIDA,32787282,restIRP
2021,NIDA,32876947,restIRP
2021,NIDA,33088264,restIRP
2021,NIDA,33476699,restIRP
2021,NIDA,34002696,restIRP
2021,NIDA,34353882,restIRP
2021,NIDA,34420294,restIRP
2021,NIDA,29728704,restIRP
2021,NIDA,32075958,restIRP
2021,NIDA,32339499,restIRP
2021,NIDA,32494001,restIRP
2021,NIDA,32660296,restIRP
2021,NIDA,32798692,restIRP
2021,NIDA,32997422,restIRP
2021,NIDA,33155163,restIRP
2021,NIDA,33316031,restIRP
2021,NIDA,32442399,restIRP
2021,NIDA,32877676,restIRP
2021,NIDA,33619763,restIRP
2021,NIDA,32372465,restIRP
2021,NIDA,32508638,restIRP
2021,NIDA,32875347,restIRP
2021,NIDA,33082158,restIRP
2021,NIDA,33689284,restIRP
2021,NIDA,31604917,restIRP
2021,NIDA,32673075,restIRP
2021,NIDA,33280897,restIRP
2021,NIDA,33859356,restIRP
2021,NIDA,33895327,restIRP
2021,NIDA,33031482,restIRP
2021,NIDA,33010795,restIRP
2021,NIDA,34137476,restIRP
2021,NIDA,34182128,restIRP
2021,NIDA,31317491,restIRP
2021,NIDA,33001475,restIRP
2021,NIDA,33149115,restIRP
2021,NIDA,33459966,restIRP
2021,NIDA,31792465,restIRP
2021,NIDA,31905372,restIRP
2021,NIDA,32051327,restIRP
2021,NIDA,32203485,restIRP
2021,NIDA,32205443,restIRP
2021,NIDA,31427712,restIRP
2021,NIDA,33259847,restIRP
2021,NIDA,33132819,restIRP
2021,NIDA,33258911,restIRP
2021,NIDA,32712273,restIRP
2021,NIDA,33046548,restIRP
2022,NIDA,35121856,restIRP
2022,NIDA,35153877,restIRP
2022,NIDA,35462263,restIRP
2022,NIDA,33860180,restIRP
2022,NIDA,34011153,restIRP
2022,NIDA,34375312,restIRP
2022,NIDA,34417466,restIRP
2022,NIDA,34529404,restIRP
2022,NIDA,34636551,restIRP
2022,NIDA,35931070,restIRP
2022,NIDA,34569615,restIRP
2022,NIDA,34923968,restIRP
2022,NIDA,35216090,restIRP
2022,NIDA,35698232,restIRP
2022,NIDA,35981704,restIRP
2022,NIDA,34414405,restIRP
2022,NIDA,34510833,restIRP
2022,NIDA,34778197,restIRP
2022,NIDA,35246351,restIRP
2022,NIDA,35312631,restIRP
2022,NIDA,35575955,restIRP
2022,NIDA,35813870,restIRP
2022,NIDA,35853250,restIRP
2022,NIDA,34162997,restIRP
2022,NIDA,34522608,restIRP
2022,NIDA,35074211,restIRP
2022,NIDA,35764382,restIRP
2022,NIDA,34824475,restIRP
2022,NIDA,34921779,restIRP
2022,NIDA,35494244,restIRP
2022,NIDA,35667630,restIRP
2022,NIDA,32496573,restIRP
2022,NIDA,34400784,restIRP
2022,NIDA,34408672,restIRP
2022,NIDA,34779979,restIRP
2022,NIDA,35156103,restIRP
2022,NIDA,35220331,restIRP
2022,NIDA,35300296,restIRP
2022,NIDA,34923576,restIRP
2022,NIDA,35064236,restIRP
2022,NIDA,35091501,restIRP
2022,NIDA,35851573,restIRP
2022,NIDA,33737657,restIRP
2022,NIDA,34271019,restIRP
2022,NIDA,33446521,restIRP
2022,NIDA,33589832,restIRP
2022,NIDA,33848459,restIRP
2022,NIDA,33869678,restIRP
2022,NIDA,34060868,restIRP
2022,NIDA,34060869,restIRP
2022,NIDA,34165997,restIRP
2022,NIDA,34210776,restIRP
2022,NIDA,34291969,restIRP
2022,NIDA,34936884,restIRP
2022,NIDA,35902648,restIRP
2022,NIDA,33647278,restIRP
2022,NIDA,33997152,restIRP
2022,NIDA,35296810,restIRP
2022,NIDA,35757544,restIRP
2022,NIDA,35965958,restIRP
2022,NIDA,34750356,restIRP
2022,NIDA,33242543,restIRP
2022,NIDA,34770047,restIRP
2022,NIDA,34978045,restIRP
2022,NIDA,35457170,restIRP
2022,NIDA,32237282,restIRP
2022,NIDA,33127584,restIRP
2022,NIDA,33236170,restIRP
2022,NIDA,33341652,restIRP
2022,NIDA,33479684,restIRP
2022,NIDA,33587482,restIRP
2022,NIDA,33831534,restIRP
2022,NIDA,34060104,restIRP
2022,NIDA,34076427,restIRP
2022,NIDA,34179783,restIRP
2022,NIDA,34205869,restIRP
2022,NIDA,34413199,restIRP
2022,NIDA,34469110,restIRP
2022,NIDA,34516984,restIRP
2022,NIDA,34634300,restIRP
2022,NIDA,34662828,restIRP
2022,NIDA,34693882,restIRP
2022,NIDA,35322196,restIRP
2022,NIDA,35483373,restIRP
2022,NIDA,35615021,restIRP
2022,NIDA,32135570,restIRP
2022,NIDA,32286721,restIRP
2022,NIDA,32488890,restIRP
2022,NIDA,33424537,restIRP
2022,NIDA,33560411,restIRP
2022,NIDA,33646717,restIRP
2022,NIDA,33667782,restIRP
2022,NIDA,34214881,restIRP
2022,NIDA,34341493,restIRP
2022,NIDA,34400781,restIRP
2022,NIDA,34418121,restIRP
2022,NIDA,34421692,restIRP
2022,NIDA,34449957,restIRP
2022,NIDA,34528289,restIRP
2022,NIDA,34582281,restIRP
2022,NIDA,34590334,restIRP
2022,NIDA,34731268,restIRP
2022,NIDA,34853299,restIRP
2022,NIDA,34876469,restIRP
2022,NIDA,35430085,restIRP
2022,NIDA,35906358,restIRP
2022,NIDA,32161361,restIRP
2022,NIDA,34547333,restIRP
2022,NIDA,34613431,restIRP
2022,NIDA,34750565,restIRP
2022,NIDA,34769427,restIRP
2022,NIDA,34802041,restIRP
2022,NIDA,35592434,restIRP
2022,NIDA,35874244,restIRP
2022,NIDA,35194167,restIRP
2022,NIDA,35665018,restIRP
2022,NIDA,35768639,restIRP
2022,NIDA,33990558,restIRP
2022,NIDA,35064000,restIRP
2022,NIDA,35227866,restIRP
2022,NIDA,35296648,restIRP
2022,NIDA,34736381,restIRP
2022,NIDA,35138910,restIRP
2022,NIDA,35507432,restIRP
2022,NIDA,33765177,restIRP
2022,NIDA,34211105,restIRP
2022,NIDA,34042586,restIRP
2022,NIDA,34273280,restIRP
2022,NIDA,34433027,restIRP
2022,NIDA,34790835,restIRP
2022,NIDA,34675078,restIRP
2022,NIDA,34858131,restIRP
2022,NIDA,34873315,restIRP
2023,NIDA,36214198,restIRP
2023,NIDA,37480798,restIRP
2023,NIDA,35543868,restIRP
2023,NIDA,36015221,restIRP
2023,NIDA,36717230,restIRP
2023,NIDA,37133648,restIRP
2023,NIDA,34859519,restIRP
2023,NIDA,36018325,restIRP
2023,NIDA,36281621,restIRP
2023,NIDA,36525785,restIRP
2023,NIDA,36867991,restIRP
2023,NIDA,36882633,restIRP
2023,NIDA,37095253,restIRP
2023,NIDA,37097736,restIRP
2023,NIDA,37132202,restIRP
2023,NIDA,37132649,restIRP
2023,NIDA,37192690,restIRP
2023,NIDA,37270657,restIRP
2023,NIDA,36603188,restIRP
2023,NIDA,37160369,restIRP
2023,NIDA,35584117,restIRP
2023,NIDA,36730201,restIRP
2023,NIDA,34645982,restIRP
2023,NIDA,36873095,restIRP
2023,NIDA,36202883,restIRP
2023,NIDA,33973924,restIRP
2023,NIDA,35217274,restIRP
2023,NIDA,35390535,restIRP
2023,NIDA,35668168,restIRP
2023,NIDA,35906489,restIRP
2023,NIDA,35980695,restIRP
2023,NIDA,36690168,restIRP
2023,NIDA,36801400,restIRP
2023,NIDA,36940812,restIRP
2023,NIDA,33856839,restIRP
2023,NIDA,34754089,restIRP
2023,NIDA,36550290,restIRP
2023,NIDA,36123420,restIRP
2023,NIDA,37311803,restIRP
2023,NIDA,35548327,restIRP
2023,NIDA,35743793,restIRP
2023,NIDA,36077488,restIRP
2023,NIDA,36469769,restIRP
2023,NIDA,32533604,restIRP
2023,NIDA,35063839,restIRP
2023,NIDA,35268659,restIRP
2023,NIDA,35470552,restIRP
2023,NIDA,35936462,restIRP
2023,NIDA,36058417,restIRP
2023,NIDA,36176709,restIRP
2023,NIDA,36206863,restIRP
2023,NIDA,36234992,restIRP
2023,NIDA,36456196,restIRP
2023,NIDA,36631279,restIRP
2023,NIDA,37190550,restIRP
2023,NIDA,37369277,restIRP
2023,NIDA,37375350,restIRP
2023,NIDA,37513283,restIRP
2023,NIDA,36244455,restIRP
2023,NIDA,36654757,restIRP
2023,NIDA,36731721,restIRP
2023,NIDA,37276825,restIRP
2023,NIDA,34086845,restIRP
2023,NIDA,35418346,restIRP
2023,NIDA,35508628,restIRP
2023,NIDA,35544033,restIRP
2023,NIDA,35901985,restIRP
2023,NIDA,36822122,restIRP
2023,NIDA,36882163,restIRP
2023,NIDA,37040196,restIRP
2023,NIDA,37186442,restIRP
2023,NIDA,37192005,restIRP
2023,NIDA,37369125,restIRP
2023,NIDA,36190536,restIRP
2023,NIDA,36352123,restIRP
2023,NIDA,36407948,restIRP
2023,NIDA,36669877,restIRP
2023,NIDA,36827103,restIRP
2023,NIDA,37082754,restIRP
2023,NIDA,36449624,restIRP
2023,NIDA,37294760,restIRP
2023,NIDA,37438422,restIRP
2023,NIDA,36182040,restIRP
2023,NIDA,37056138,restIRP
2023,NIDA,37464153,restIRP
2023,NIDA,35732692,restIRP
2023,NIDA,36630511,restIRP
2023,NIDA,36110920,restIRP
2023,NIDA,37490921,restIRP
2023,NIDA,34973470,restIRP
2023,NIDA,35453132,restIRP
2023,NIDA,35636708,restIRP
2023,NIDA,37769982,restIRP
2023,NIDA,35879349,restIRP
2023,NIDA,36517243,restIRP
2021,NIDCD,32350269,restIRP
2021,NIDCD,33089500,restIRP
2021,NIDCD,33136623,restIRP
2021,NIDCD,33383587,restIRP
2021,NIDCD,33391154,restIRP
2021,NIDCD,33393488,restIRP
2021,NIDCD,33529473,restIRP
2021,NIDCD,34331386,restIRP
2021,NIDCD,33737574,restIRP
2021,NIDCD,33838214,restIRP
2021,NIDCD,31719165,restIRP
2021,NIDCD,32715629,restIRP
2021,NIDCD,32894269,restIRP
2021,NIDCD,33574178,restIRP
2021,NIDCD,32910176,restIRP
2021,NIDCD,33741731,restIRP
2021,NIDCD,33933782,restIRP
2021,NIDCD,34026202,restIRP
2021,NIDCD,34090518,restIRP
2021,NIDCD,34145272,restIRP
2021,NIDCD,32965215,restIRP
2021,NIDCD,33377867,restIRP
2021,NIDCD,33843930,restIRP
2021,NIDCD,34837038,restIRP
2021,NIDCD,32848624,restIRP
2021,NIDCD,33376159,restIRP
2021,NIDCD,34001891,restIRP
2021,NIDCD,33281555,restIRP
2021,NIDCD,33088174,restIRP
2021,NIDCD,33111345,restIRP
2021,NIDCD,33131415,restIRP
2021,NIDCD,34172972,restIRP
2021,NIDCD,34214947,restIRP
2021,NIDCD,32116546,restIRP
2021,NIDCD,32152201,restIRP
2021,NIDCD,32987832,restIRP
2021,NIDCD,33093630,restIRP
2021,NIDCD,33474538,restIRP
2021,NIDCD,33613436,restIRP
2021,NIDCD,33690221,restIRP
2021,NIDCD,31644367,restIRP
2021,NIDCD,31920542,restIRP
2021,NIDCD,32442326,restIRP
2021,NIDCD,32528249,restIRP
2021,NIDCD,33225987,restIRP
2021,NIDCD,33303681,restIRP
2021,NIDCD,33378124,restIRP
2021,NIDCD,33589740,restIRP
2021,NIDCD,33812847,restIRP
2021,NIDCD,34108873,restIRP
2021,NIDCD,33372036,restIRP
2021,NIDCD,33400922,restIRP
2021,NIDCD,33535030,restIRP
2021,NIDCD,34265170,restIRP
2021,NIDCD,33667877,restIRP
2022,NIDCD,35962067,restIRP
2022,NIDCD,34480642,restIRP
2022,NIDCD,34549989,restIRP
2022,NIDCD,34627174,restIRP
2022,NIDCD,34652576,restIRP
2022,NIDCD,34751129,restIRP
2022,NIDCD,35266249,restIRP
2022,NIDCD,35854274,restIRP
2022,NIDCD,34167951,restIRP
2022,NIDCD,35176168,restIRP
2022,NIDCD,35443073,restIRP
2022,NIDCD,34642183,restIRP
2022,NIDCD,34931021,restIRP
2022,NIDCD,35148673,restIRP
2022,NIDCD,35260537,restIRP
2022,NIDCD,35727629,restIRP
2022,NIDCD,35925599,restIRP
2022,NIDCD,34614419,restIRP
2022,NIDCD,35045307,restIRP
2022,NIDCD,35169716,restIRP
2022,NIDCD,35688289,restIRP
2022,NIDCD,36147950,restIRP
2022,NIDCD,35081508,restIRP
2022,NIDCD,34510123,restIRP
2022,NIDCD,34725189,restIRP
2022,NIDCD,34830090,restIRP
2022,NIDCD,34980502,restIRP
2022,NIDCD,35765577,restIRP
2022,NIDCD,33446526,restIRP
2022,NIDCD,34129837,restIRP
2022,NIDCD,34400910,restIRP
2022,NIDCD,34566577,restIRP
2022,NIDCD,34662808,restIRP
2022,NIDCD,34806461,restIRP
2022,NIDCD,35737845,restIRP
2022,NIDCD,35857845,restIRP
2022,NIDCD,33426652,restIRP
2022,NIDCD,33997717,restIRP
2022,NIDCD,34014263,restIRP
2022,NIDCD,34552193,restIRP
2023,NIDCD,36876911,restIRP
2023,NIDCD,36280667,restIRP
2023,NIDCD,36745553,restIRP
2023,NIDCD,36211453,restIRP
2023,NIDCD,36409884,restIRP
2023,NIDCD,37279265,restIRP
2023,NIDCD,37369584,restIRP
2023,NIDCD,35145472,restIRP
2023,NIDCD,36358991,restIRP
2023,NIDCD,36875017,restIRP
2023,NIDCD,36966175,restIRP
2023,NIDCD,37168562,restIRP
2023,NIDCD,37261457,restIRP
2023,NIDCD,36571908,restIRP
2023,NIDCD,36583617,restIRP
2023,NIDCD,36951427,restIRP
2023,NIDCD,37109107,restIRP
2023,NIDCD,37386251,restIRP
2023,NIDCD,37561579,restIRP
2023,NIDCD,35060117,restIRP
2023,NIDCD,35175278,restIRP
2021,NIDCR,33108101,restIRP
2021,NIDCR,33523931,restIRP
2021,NIDCR,32284396,restIRP
2021,NIDCR,32556405,restIRP
2021,NIDCR,33369023,restIRP
2021,NIDCR,33984553,restIRP
2021,NIDCR,32022389,restIRP
2021,NIDCR,32074455,restIRP
2021,NIDCR,32076051,restIRP
2021,NIDCR,32376798,restIRP
2021,NIDCR,32866347,restIRP
2021,NIDCR,32939030,restIRP
2021,NIDCR,33495304,restIRP
2021,NIDCR,33532808,restIRP
2021,NIDCR,33658234,restIRP
2021,NIDCR,33767405,restIRP
2021,NIDCR,34287731,restIRP
2021,NIDCR,34396082,restIRP
2021,NIDCR,34400910,restIRP
2021,NIDCR,34260822,restIRP
2021,NIDCR,31963936,restIRP
2021,NIDCR,32328671,restIRP
2021,NIDCR,33446503,restIRP
2021,NIDCR,33806017,restIRP
2021,NIDCR,32206724,restIRP
2021,NIDCR,32330125,restIRP
2021,NIDCR,32601188,restIRP
2021,NIDCR,31903638,restIRP
2021,NIDCR,32976576,restIRP
2021,NIDCR,33526918,restIRP
2021,NIDCR,34026202,restIRP
2021,NIDCR,32152251,restIRP
2021,NIDCR,32505898,restIRP
2021,NIDCR,34311291,restIRP
2021,NIDCR,34324420,restIRP
2021,NIDCR,32174180,restIRP
2021,NIDCR,32304666,restIRP
2021,NIDCR,32638197,restIRP
2021,NIDCR,32775497,restIRP
2021,NIDCR,33294494,restIRP
2021,NIDCR,34036345,restIRP
2021,NIDCR,31882545,restIRP
2021,NIDCR,32669364,restIRP
2021,NIDCR,33068214,restIRP
2021,NIDCR,33564758,restIRP
2021,NIDCR,33977199,restIRP
2021,NIDCR,33085847,restIRP
2021,NIDCR,33705692,restIRP
2021,NIDCR,34133940,restIRP
2021,NIDCR,32061886,restIRP
2021,NIDCR,32792616,restIRP
2021,NIDCR,32950603,restIRP
2021,NIDCR,32673566,restIRP
2021,NIDCR,33277492,restIRP
2021,NIDCR,33891544,restIRP
2021,NIDCR,33906493,restIRP
2021,NIDCR,32953934,restIRP
2021,NIDCR,33305192,restIRP
2021,NIDCR,32631973,restIRP
2021,NIDCR,32905668,restIRP
2021,NIDCR,33049075,restIRP
2021,NIDCR,32379225,restIRP
2021,NIDCR,32702253,restIRP
2021,NIDCR,33186546,restIRP
2021,NIDCR,33446526,restIRP
2021,NIDCR,34129837,restIRP
2021,NIDCR,33398032,restIRP
2021,NIDCR,33413652,restIRP
2021,NIDCR,32669460,restIRP
2021,NIDCR,33154487,restIRP
2021,NIDCR,33260070,restIRP
2021,NIDCR,33650216,restIRP
2021,NIDCR,32203159,restIRP
2021,NIDCR,32849498,restIRP
2021,NIDCR,32849598,restIRP
2021,NIDCR,33997712,restIRP
2021,NIDCR,34185428,restIRP
2021,NIDCR,34187897,restIRP
2021,NIDCR,34248973,restIRP
2021,NIDCR,34280776,restIRP
2021,NIDCR,32555825,restIRP
2021,NIDCR,34179644,restIRP
2021,NIDCR,34083484,restIRP
2022,NIDCR,34878901,restIRP
2022,NIDCR,35793467,restIRP
2022,NIDCR,34668234,restIRP
2022,NIDCR,34692955,restIRP
2022,NIDCR,35262711,restIRP
2022,NIDCR,35370900,restIRP
2022,NIDCR,35372387,restIRP
2022,NIDCR,36054890,restIRP
2022,NIDCR,34043268,restIRP
2022,NIDCR,34183697,restIRP
2022,NIDCR,34653670,restIRP
2022,NIDCR,34679246,restIRP
2022,NIDCR,34780561,restIRP
2022,NIDCR,35263573,restIRP
2022,NIDCR,35304484,restIRP
2022,NIDCR,35726573,restIRP
2022,NIDCR,34788508,restIRP
2022,NIDCR,35113815,restIRP
2022,NIDCR,35360001,restIRP
2022,NIDCR,35868845,restIRP
2022,NIDCR,35896530,restIRP
2022,NIDCR,34055777,restIRP
2022,NIDCR,35390636,restIRP
2022,NIDCR,33833270,restIRP
2022,NIDCR,35022238,restIRP
2022,NIDCR,34380090,restIRP
2022,NIDCR,34994225,restIRP
2022,NIDCR,35005541,restIRP
2022,NIDCR,35262093,restIRP
2022,NIDCR,35417692,restIRP
2022,NIDCR,35653263,restIRP
2022,NIDCR,35852866,restIRP
2022,NIDCR,33389762,restIRP
2022,NIDCR,34652576,restIRP
2022,NIDCR,34698187,restIRP
2022,NIDCR,34916229,restIRP
2022,NIDCR,34732583,restIRP
2022,NIDCR,35304331,restIRP
2022,NIDCR,34375508,restIRP
2022,NIDCR,35443185,restIRP
2022,NIDCR,35228612,restIRP
2022,NIDCR,35036900,restIRP
2022,NIDCR,35509631,restIRP
2022,NIDCR,34480893,restIRP
2022,NIDCR,34757808,restIRP
2022,NIDCR,35704588,restIRP
2022,NIDCR,34585778,restIRP
2022,NIDCR,35879818,restIRP
2022,NIDCR,35991529,restIRP
2022,NIDCR,34825887,restIRP
2022,NIDCR,34936382,restIRP
2022,NIDCR,34857734,restIRP
2022,NIDCR,35354960,restIRP
2022,NIDCR,34871548,restIRP
2022,NIDCR,34958662,restIRP
2022,NIDCR,35730316,restIRP
2022,NIDCR,35743186,restIRP
2022,NIDCR,35899070,restIRP
2022,NIDCR,34529884,restIRP
2022,NIDCR,34765923,restIRP
2022,NIDCR,35857536,restIRP
2023,NIDCR,36898370,restIRP
2023,NIDCR,37495603,restIRP
2023,NIDCR,37621214,restIRP
2023,NIDCR,33512531,restIRP
2023,NIDCR,36111273,restIRP
2023,NIDCR,36812441,restIRP
2023,NIDCR,36871185,restIRP
2023,NIDCR,37091244,restIRP
2023,NIDCR,36008132,restIRP
2023,NIDCR,36329045,restIRP
2023,NIDCR,36788255,restIRP
2023,NIDCR,36821638,restIRP
2023,NIDCR,36963628,restIRP
2023,NIDCR,36891503,restIRP
2023,NIDCR,35067905,restIRP
2023,NIDCR,35116027,restIRP
2023,NIDCR,35177862,restIRP
2023,NIDCR,35851312,restIRP
2023,NIDCR,36111172,restIRP
2023,NIDCR,36263161,restIRP
2023,NIDCR,36517603,restIRP
2023,NIDCR,36695611,restIRP
2023,NIDCR,36875114,restIRP
2023,NIDCR,37481623,restIRP
2023,NIDCR,36252017,restIRP
2023,NIDCR,37115803,restIRP
2023,NIDCR,36135279,restIRP
2023,NIDCR,36366748,restIRP
2023,NIDCR,36408969,restIRP
2023,NIDCR,36875017,restIRP
2023,NIDCR,37222511,restIRP
2023,NIDCR,37862385,restIRP
2023,NIDCR,35768512,restIRP
2023,NIDCR,35816444,restIRP
2023,NIDCR,36966175,restIRP
2023,NIDCR,37168562,restIRP
2023,NIDCR,37235665,restIRP
2023,NIDCR,36093861,restIRP
2023,NIDCR,37261457,restIRP
2023,NIDCR,35853852,restIRP
2023,NIDCR,36151928,restIRP
2023,NIDCR,37028583,restIRP
2023,NIDCR,37159663,restIRP
2023,NIDCR,36827419,restIRP
2023,NIDCR,35416932,restIRP
2023,NIDCR,36574698,restIRP
2023,NIDCR,37539662,restIRP
2023,NIDCR,35606923,restIRP
2023,NIDCR,36241625,restIRP
2023,NIDCR,35045743,restIRP
2023,NIDCR,36220867,restIRP
2023,NIDCR,36430826,restIRP
2023,NIDCR,36634189,restIRP
2023,NIDCR,36658436,restIRP
2023,NIDCR,37435391,restIRP
2023,NIDCR,37023756,restIRP
2023,NIDCR,37612268,restIRP
2021,NIDDK,31903484,restIRP
2021,NIDDK,31961826,restIRP
2021,NIDDK,31970907,restIRP
2021,NIDDK,33257475,restIRP
2021,NIDDK,33476636,restIRP
2021,NIDDK,33724063,restIRP
2021,NIDDK,34100382,restIRP
2021,NIDDK,34198011,restIRP
2021,NIDDK,34825496,restIRP
2021,NIDDK,32081587,restIRP
2021,NIDDK,32113145,restIRP
2021,NIDDK,32916024,restIRP
2021,NIDDK,33453683,restIRP
2021,NIDDK,33582134,restIRP
2021,NIDDK,34041264,restIRP
2021,NIDDK,34268819,restIRP
2021,NIDDK,34836627,restIRP
2021,NIDDK,34836988,restIRP
2021,NIDDK,31604144,restIRP
2021,NIDDK,32759980,restIRP
2021,NIDDK,33713800,restIRP
2021,NIDDK,33582145,restIRP
2021,NIDDK,32086248,restIRP
2021,NIDDK,32490809,restIRP
2021,NIDDK,32550489,restIRP
2021,NIDDK,32550497,restIRP
2021,NIDDK,32550511,restIRP
2021,NIDDK,32656511,restIRP
2021,NIDDK,33064774,restIRP
2021,NIDDK,33688625,restIRP
2021,NIDDK,34449775,restIRP
2021,NIDDK,32960220,restIRP
2021,NIDDK,31958302,restIRP
2021,NIDDK,32179385,restIRP
2021,NIDDK,32599711,restIRP
2021,NIDDK,32801129,restIRP
2021,NIDDK,33153960,restIRP
2021,NIDDK,33333954,restIRP
2021,NIDDK,31904337,restIRP
2021,NIDDK,32797042,restIRP
2021,NIDDK,33967818,restIRP
2021,NIDDK,35669519,restIRP
2021,NIDDK,33596074,restIRP
2021,NIDDK,34293906,restIRP
2021,NIDDK,31914647,restIRP
2021,NIDDK,32014111,restIRP
2021,NIDDK,33453153,restIRP
2021,NIDDK,32743590,restIRP
2021,NIDDK,33446526,restIRP
2021,NIDDK,33574619,restIRP
2021,NIDDK,33619483,restIRP
2021,NIDDK,33657395,restIRP
2021,NIDDK,33827897,restIRP
2021,NIDDK,33980601,restIRP
2021,NIDDK,34215186,restIRP
2021,NIDDK,34764490,restIRP
2021,NIDDK,34932384,restIRP
2021,NIDDK,32169161,restIRP
2021,NIDDK,32179478,restIRP
2021,NIDDK,32550484,restIRP
2021,NIDDK,33563972,restIRP
2021,NIDDK,31986017,restIRP
2021,NIDDK,32191460,restIRP
2021,NIDDK,32866011,restIRP
2021,NIDDK,33077647,restIRP
2021,NIDDK,33444500,restIRP
2021,NIDDK,34028251,restIRP
2021,NIDDK,31961070,restIRP
2021,NIDDK,32438524,restIRP
2021,NIDDK,32523987,restIRP
2021,NIDDK,32510525,restIRP
2021,NIDDK,32667909,restIRP
2021,NIDDK,33173914,restIRP
2021,NIDDK,33564783,restIRP
2021,NIDDK,33979654,restIRP
2021,NIDDK,34236312,restIRP
2021,NIDDK,32477569,restIRP
2021,NIDDK,32557834,restIRP
2021,NIDDK,33027083,restIRP
2021,NIDDK,34048594,restIRP
2021,NIDDK,34084591,restIRP
2021,NIDDK,34302839,restIRP
2021,NIDDK,31160665,restIRP
2021,NIDDK,32002540,restIRP
2021,NIDDK,32030914,restIRP
2021,NIDDK,32118268,restIRP
2021,NIDDK,32139384,restIRP
2021,NIDDK,32289874,restIRP
2021,NIDDK,32341039,restIRP
2021,NIDDK,32352645,restIRP
2021,NIDDK,32424540,restIRP
2021,NIDDK,32640185,restIRP
2021,NIDDK,32808484,restIRP
2021,NIDDK,32886191,restIRP
2021,NIDDK,33334808,restIRP
2021,NIDDK,33418499,restIRP
2021,NIDDK,33479452,restIRP
2021,NIDDK,33616283,restIRP
2021,NIDDK,33676366,restIRP
2021,NIDDK,33776937,restIRP
2021,NIDDK,33875299,restIRP
2021,NIDDK,33918032,restIRP
2021,NIDDK,33938613,restIRP
2021,NIDDK,34159373,restIRP
2021,NIDDK,34285097,restIRP
2021,NIDDK,33309599,restIRP
2021,NIDDK,33949002,restIRP
2021,NIDDK,32393514,restIRP
2021,NIDDK,33406227,restIRP
2021,NIDDK,33435393,restIRP
2021,NIDDK,34365505,restIRP
2021,NIDDK,32851975,restIRP
2021,NIDDK,33602873,restIRP
2021,NIDDK,34436572,restIRP
2021,NIDDK,34234130,restIRP
2021,NIDDK,34319984,restIRP
2021,NIDDK,32651359,restIRP
2021,NIDDK,33006208,restIRP
2021,NIDDK,32917811,restIRP
2021,NIDDK,33238161,restIRP
2021,NIDDK,33975952,restIRP
2021,NIDDK,34342986,restIRP
2021,NIDDK,34384537,restIRP
2021,NIDDK,35372986,restIRP
2021,NIDDK,31901865,restIRP
2021,NIDDK,31925293,restIRP
2021,NIDDK,32996200,restIRP
2021,NIDDK,33705710,restIRP
2021,NIDDK,33947759,restIRP
2021,NIDDK,34399610,restIRP
2021,NIDDK,32527832,restIRP
2021,NIDDK,32620782,restIRP
2021,NIDDK,32791086,restIRP
2021,NIDDK,32854642,restIRP
2021,NIDDK,33823128,restIRP
2021,NIDDK,34086271,restIRP
2021,NIDDK,31704717,restIRP
2021,NIDDK,31805824,restIRP
2021,NIDDK,32132976,restIRP
2021,NIDDK,32202644,restIRP
2021,NIDDK,32297436,restIRP
2021,NIDDK,32394796,restIRP
2021,NIDDK,32425890,restIRP
2021,NIDDK,32748840,restIRP
2021,NIDDK,32911610,restIRP
2021,NIDDK,32941925,restIRP
2021,NIDDK,33119105,restIRP
2021,NIDDK,33355247,restIRP
2021,NIDDK,33551992,restIRP
2021,NIDDK,34042535,restIRP
2021,NIDDK,34152827,restIRP
2021,NIDDK,34322645,restIRP
2021,NIDDK,32402277,restIRP
2021,NIDDK,33006972,restIRP
2021,NIDDK,33253217,restIRP
2021,NIDDK,33300544,restIRP
2021,NIDDK,33883138,restIRP
2021,NIDDK,33902430,restIRP
2021,NIDDK,33925313,restIRP
2021,NIDDK,31425885,restIRP
2021,NIDDK,32080292,restIRP
2021,NIDDK,32703203,restIRP
2021,NIDDK,32910455,restIRP
2021,NIDDK,34328798,restIRP
2021,NIDDK,31968253,restIRP
2021,NIDDK,32365172,restIRP
2021,NIDDK,32446320,restIRP
2021,NIDDK,32544095,restIRP
2021,NIDDK,32601106,restIRP
2021,NIDDK,32668765,restIRP
2021,NIDDK,32994220,restIRP
2021,NIDDK,32230785,restIRP
2021,NIDDK,32589669,restIRP
2021,NIDDK,32619224,restIRP
2021,NIDDK,32695777,restIRP
2021,NIDDK,32999459,restIRP
2021,NIDDK,34718701,restIRP
2021,NIDDK,32550481,restIRP
2021,NIDDK,32820039,restIRP
2021,NIDDK,34586415,restIRP
2021,NIDDK,31460850,restIRP
2021,NIDDK,31787357,restIRP
2021,NIDDK,32187120,restIRP
2021,NIDDK,32289314,restIRP
2021,NIDDK,32408534,restIRP
2021,NIDDK,32720036,restIRP
2021,NIDDK,32787142,restIRP
2021,NIDDK,33031923,restIRP
2021,NIDDK,33062176,restIRP
2021,NIDDK,33129204,restIRP
2021,NIDDK,33175530,restIRP
2021,NIDDK,33199639,restIRP
2021,NIDDK,33325691,restIRP
2021,NIDDK,33326493,restIRP
2021,NIDDK,32294435,restIRP
2021,NIDDK,32351324,restIRP
2021,NIDDK,32437658,restIRP
2021,NIDDK,32766882,restIRP
2021,NIDDK,34286695,restIRP
2021,NIDDK,31105044,restIRP
2021,NIDDK,32163927,restIRP
2021,NIDDK,32174135,restIRP
2021,NIDDK,32331863,restIRP
2021,NIDDK,32413039,restIRP
2021,NIDDK,32534820,restIRP
2021,NIDDK,33037281,restIRP
2021,NIDDK,33269598,restIRP
2021,NIDDK,33820958,restIRP
2021,NIDDK,34007002,restIRP
2021,NIDDK,32130200,restIRP
2021,NIDDK,32375048,restIRP
2021,NIDDK,32590342,restIRP
2021,NIDDK,32706863,restIRP
2021,NIDDK,32755590,restIRP
2021,NIDDK,33268595,restIRP
2021,NIDDK,33501441,restIRP
2021,NIDDK,33608566,restIRP
2021,NIDDK,33854063,restIRP
2021,NIDDK,34013280,restIRP
2021,NIDDK,34079039,restIRP
2021,NIDDK,34100027,restIRP
2021,NIDDK,34345808,restIRP
2021,NIDDK,32380475,restIRP
2021,NIDDK,33236107,restIRP
2021,NIDDK,33470755,restIRP
2021,NIDDK,33507248,restIRP
2021,NIDDK,33675650,restIRP
2021,NIDDK,33771694,restIRP
2021,NIDDK,34195531,restIRP
2021,NIDDK,31220357,restIRP
2021,NIDDK,31323381,restIRP
2021,NIDDK,31909352,restIRP
2021,NIDDK,32139262,restIRP
2021,NIDDK,32265408,restIRP
2021,NIDDK,32869840,restIRP
2021,NIDDK,32936969,restIRP
2021,NIDDK,33559089,restIRP
2021,NIDDK,33567193,restIRP
2021,NIDDK,33743541,restIRP
2021,NIDDK,33784424,restIRP
2021,NIDDK,33840726,restIRP
2021,NIDDK,34133774,restIRP
2021,NIDDK,34355475,restIRP
2021,NIDDK,34363922,restIRP
2021,NIDDK,32229422,restIRP
2021,NIDDK,32271569,restIRP
2021,NIDDK,32691633,restIRP
2021,NIDDK,33621215,restIRP
2021,NIDDK,31613020,restIRP
2021,NIDDK,31703148,restIRP
2021,NIDDK,32246547,restIRP
2021,NIDDK,31911474,restIRP
2021,NIDDK,32152203,restIRP
2021,NIDDK,32317004,restIRP
2021,NIDDK,32920226,restIRP
2021,NIDDK,33184629,restIRP
2021,NIDDK,33385326,restIRP
2021,NIDDK,32052016,restIRP
2021,NIDDK,32191645,restIRP
2021,NIDDK,32573497,restIRP
2021,NIDDK,32599082,restIRP
2021,NIDDK,33442570,restIRP
2021,NIDDK,32747789,restIRP
2021,NIDDK,33596417,restIRP
2021,NIDDK,33779547,restIRP
2021,NIDDK,34038711,restIRP
2021,NIDDK,34262177,restIRP
2021,NIDDK,31974205,restIRP
2021,NIDDK,33556964,restIRP
2021,NIDDK,33990576,restIRP
2021,NIDDK,34016977,restIRP
2021,NIDDK,32779242,restIRP
2021,NIDDK,33888555,restIRP
2021,NIDDK,33910017,restIRP
2021,NIDDK,34027896,restIRP
2021,NIDDK,34211180,restIRP
2021,NIDDK,34326065,restIRP
2021,NIDDK,34417593,restIRP
2021,NIDDK,33707014,restIRP
2021,NIDDK,33889675,restIRP
2021,NIDDK,34103502,restIRP
2021,NIDDK,34422323,restIRP
2021,NIDDK,32294341,restIRP
2021,NIDDK,32404416,restIRP
2021,NIDDK,32511430,restIRP
2021,NIDDK,33027662,restIRP
2021,NIDDK,33658354,restIRP
2021,NIDDK,32461690,restIRP
2021,NIDDK,33910563,restIRP
2021,NIDDK,34260899,restIRP
2021,NIDDK,32010873,restIRP
2021,NIDDK,32382759,restIRP
2021,NIDDK,32776829,restIRP
2021,NIDDK,33817539,restIRP
2021,NIDDK,33901270,restIRP
2021,NIDDK,34205507,restIRP
2021,NIDDK,33020283,restIRP
2021,NIDDK,32029474,restIRP
2021,NIDDK,33301355,restIRP
2021,NIDDK,33926208,restIRP
2021,NIDDK,34297830,restIRP
2021,NIDDK,33184256,restIRP
2021,NIDDK,33302617,restIRP
2021,NIDDK,33602856,restIRP
2021,NIDDK,33752373,restIRP
2021,NIDDK,33953328,restIRP
2021,NIDDK,34197597,restIRP
2021,NIDDK,34404723,restIRP
2021,NIDDK,33538948,restIRP
2021,NIDDK,34105995,restIRP
2021,NIDDK,32561647,restIRP
2021,NIDDK,32658569,restIRP
2021,NIDDK,32698776,restIRP
2021,NIDDK,32737116,restIRP
2021,NIDDK,32739420,restIRP
2021,NIDDK,32798563,restIRP
2021,NIDDK,33038424,restIRP
2021,NIDDK,33097384,restIRP
2021,NIDDK,33122288,restIRP
2021,NIDDK,33309860,restIRP
2021,NIDDK,32964398,restIRP
2021,NIDDK,33131345,restIRP
2021,NIDDK,33667782,restIRP
2021,NIDDK,34515662,restIRP
2021,NIDDK,33479282,restIRP
2021,NIDDK,33771765,restIRP
2021,NIDDK,32343673,restIRP
2021,NIDDK,32671344,restIRP
2021,NIDDK,33230482,restIRP
2021,NIDDK,34038674,restIRP
2021,NIDDK,34097506,restIRP
2021,NIDDK,32179432,restIRP
2021,NIDDK,32341150,restIRP
2021,NIDDK,33431654,restIRP
2021,NIDDK,33593918,restIRP
2021,NIDDK,33831509,restIRP
2021,NIDDK,34375097,restIRP
2021,NIDDK,34725161,restIRP
2021,NIDDK,32350260,restIRP
2021,NIDDK,31623522,restIRP
2021,NIDDK,33179823,restIRP
2021,NIDDK,33778019,restIRP
2021,NIDDK,34084151,restIRP
2021,NIDDK,32112311,restIRP
2021,NIDDK,32620929,restIRP
2021,NIDDK,33089781,restIRP
2021,NIDDK,33140490,restIRP
2021,NIDDK,32170115,restIRP
2021,NIDDK,33503433,restIRP
2021,NIDDK,32163375,restIRP
2021,NIDDK,32386595,restIRP
2021,NIDDK,32446278,restIRP
2021,NIDDK,32526205,restIRP
2021,NIDDK,32796650,restIRP
2021,NIDDK,32868923,restIRP
2021,NIDDK,34184537,restIRP
2021,NIDDK,31407130,restIRP
2021,NIDDK,32585411,restIRP
2021,NIDDK,32919899,restIRP
2021,NIDDK,33638875,restIRP
2021,NIDDK,33895359,restIRP
2021,NIDDK,32289940,restIRP
2021,NIDDK,34391794,restIRP
2021,NIDDK,32817521,restIRP
2021,NIDDK,33452718,restIRP
2021,NIDDK,34088846,restIRP
2021,NIDDK,32165573,restIRP
2021,NIDDK,32527859,restIRP
2021,NIDDK,32812912,restIRP
2021,NIDDK,32881403,restIRP
2021,NIDDK,33020052,restIRP
2021,NIDDK,33168654,restIRP
2021,NIDDK,33238176,restIRP
2021,NIDDK,33267558,restIRP
2021,NIDDK,33394545,restIRP
2021,NIDDK,33444158,restIRP
2021,NIDDK,34080585,restIRP
2021,NIDDK,34258889,restIRP
2021,NIDDK,32350052,restIRP
2021,NIDDK,32349126,restIRP
2021,NIDDK,33826368,restIRP
2021,NIDDK,34323918,restIRP
2021,NIDDK,34445723,restIRP
2021,NIDDK,32867573,restIRP
2021,NIDDK,32973038,restIRP
2021,NIDDK,33860117,restIRP
2021,NIDDK,34558821,restIRP
2021,NIDDK,33298900,restIRP
2022,NIDDK,35760872,restIRP
2022,NIDDK,34623907,restIRP
2022,NIDDK,34700041,restIRP
2022,NIDDK,34757725,restIRP
2022,NIDDK,35394743,restIRP
2022,NIDDK,35700771,restIRP
2022,NIDDK,35032643,restIRP
2022,NIDDK,34718768,restIRP
2022,NIDDK,34433964,restIRP
2022,NIDDK,35081349,restIRP
2022,NIDDK,33859044,restIRP
2022,NIDDK,34799570,restIRP
2022,NIDDK,35015055,restIRP
2022,NIDDK,33861718,restIRP
2022,NIDDK,34531244,restIRP
2022,NIDDK,35270258,restIRP
2022,NIDDK,35783481,restIRP
2022,NIDDK,35871298,restIRP
2022,NIDDK,35058881,restIRP
2022,NIDDK,35131294,restIRP
2022,NIDDK,35240684,restIRP
2022,NIDDK,35300967,restIRP
2022,NIDDK,33503264,restIRP
2022,NIDDK,34667116,restIRP
2022,NIDDK,36114169,restIRP
2022,NIDDK,35322416,restIRP
2022,NIDDK,34812649,restIRP
2022,NIDDK,34885778,restIRP
2022,NIDDK,35313954,restIRP
2022,NIDDK,34455040,restIRP
2022,NIDDK,32393786,restIRP
2022,NIDDK,34268503,restIRP
2022,NIDDK,34483500,restIRP
2022,NIDDK,34777366,restIRP
2022,NIDDK,35431416,restIRP
2022,NIDDK,32892374,restIRP
2022,NIDDK,34087243,restIRP
2022,NIDDK,34545374,restIRP
2022,NIDDK,34558806,restIRP
2022,NIDDK,35384045,restIRP
2022,NIDDK,35932817,restIRP
2022,NIDDK,34225360,restIRP
2022,NIDDK,34531242,restIRP
2022,NIDDK,35043601,restIRP
2022,NIDDK,35074459,restIRP
2022,NIDDK,35511610,restIRP
2022,NIDDK,35563754,restIRP
2022,NIDDK,35674698,restIRP
2022,NIDDK,35918877,restIRP
2022,NIDDK,34812507,restIRP
2022,NIDDK,34424055,restIRP
2022,NIDDK,34849884,restIRP
2022,NIDDK,34550019,restIRP
2022,NIDDK,35438787,restIRP
2022,NIDDK,34784250,restIRP
2022,NIDDK,35416977,restIRP
2022,NIDDK,34737269,restIRP
2022,NIDDK,35239439,restIRP
2022,NIDDK,35239675,restIRP
2022,NIDDK,35708663,restIRP
2022,NIDDK,35809062,restIRP
2022,NIDDK,35819192,restIRP
2022,NIDDK,34403695,restIRP
2022,NIDDK,33558242,restIRP
2022,NIDDK,34267199,restIRP
2022,NIDDK,35140179,restIRP
2022,NIDDK,35233052,restIRP
2022,NIDDK,35390166,restIRP
2022,NIDDK,34099679,restIRP
2022,NIDDK,35013148,restIRP
2022,NIDDK,35351896,restIRP
2022,NIDDK,34142023,restIRP
2022,NIDDK,34433910,restIRP
2022,NIDDK,35443736,restIRP
2022,NIDDK,35513123,restIRP
2022,NIDDK,35257747,restIRP
2022,NIDDK,35294859,restIRP
2022,NIDDK,35290118,restIRP
2022,NIDDK,33359152,restIRP
2022,NIDDK,33674766,restIRP
2022,NIDDK,33794228,restIRP
2022,NIDDK,33901548,restIRP
2022,NIDDK,33969317,restIRP
2022,NIDDK,34039022,restIRP
2022,NIDDK,34651582,restIRP
2022,NIDDK,34723246,restIRP
2022,NIDDK,35058790,restIRP
2022,NIDDK,35100591,restIRP
2022,NIDDK,35155868,restIRP
2022,NIDDK,35358541,restIRP
2022,NIDDK,35450819,restIRP
2022,NIDDK,35694561,restIRP
2022,NIDDK,35787257,restIRP
2022,NIDDK,34817557,restIRP
2022,NIDDK,35454173,restIRP
2022,NIDDK,35760780,restIRP
2022,NIDDK,34625552,restIRP
2022,NIDDK,35005638,restIRP
2022,NIDDK,35347133,restIRP
2022,NIDDK,35580054,restIRP
2022,NIDDK,35821638,restIRP
2022,NIDDK,34326811,restIRP
2022,NIDDK,34714162,restIRP
2022,NIDDK,34896620,restIRP
2022,NIDDK,34764359,restIRP
2022,NIDDK,35093590,restIRP
2022,NIDDK,35183508,restIRP
2022,NIDDK,35432339,restIRP
2022,NIDDK,35782611,restIRP
2022,NIDDK,34705466,restIRP
2022,NIDDK,34804549,restIRP
2022,NIDDK,35477935,restIRP
2022,NIDDK,35128809,restIRP
2022,NIDDK,35920141,restIRP
2022,NIDDK,33804872,restIRP
2022,NIDDK,35181508,restIRP
2022,NIDDK,35777694,restIRP
2022,NIDDK,33831001,restIRP
2022,NIDDK,33712604,restIRP
2022,NIDDK,33852868,restIRP
2022,NIDDK,34583087,restIRP
2022,NIDDK,34890228,restIRP
2022,NIDDK,36378541,restIRP
2022,NIDDK,35729184,restIRP
2022,NIDDK,33203518,restIRP
2022,NIDDK,33422981,restIRP
2022,NIDDK,33738064,restIRP
2022,NIDDK,33787273,restIRP
2022,NIDDK,33792561,restIRP
2022,NIDDK,33801676,restIRP
2022,NIDDK,33831560,restIRP
2022,NIDDK,33860193,restIRP
2022,NIDDK,33920062,restIRP
2022,NIDDK,33935761,restIRP
2022,NIDDK,34048882,restIRP
2022,NIDDK,34075613,restIRP
2022,NIDDK,34157422,restIRP
2022,NIDDK,34163862,restIRP
2022,NIDDK,34171656,restIRP
2022,NIDDK,34418353,restIRP
2022,NIDDK,34435786,restIRP
2022,NIDDK,34469110,restIRP
2022,NIDDK,34713378,restIRP
2022,NIDDK,34844790,restIRP
2022,NIDDK,35080883,restIRP
2022,NIDDK,35093182,restIRP
2022,NIDDK,35113556,restIRP
2022,NIDDK,35152062,restIRP
2022,NIDDK,35335209,restIRP
2022,NIDDK,35395239,restIRP
2022,NIDDK,35408685,restIRP
2022,NIDDK,35450351,restIRP
2022,NIDDK,35480676,restIRP
2022,NIDDK,35572558,restIRP
2022,NIDDK,35814244,restIRP
2022,NIDDK,33759395,restIRP
2022,NIDDK,35377871,restIRP
2022,NIDDK,35042933,restIRP
2022,NIDDK,35162330,restIRP
2022,NIDDK,35283114,restIRP
2022,NIDDK,35367918,restIRP
2022,NIDDK,33637728,restIRP
2022,NIDDK,34091063,restIRP
2022,NIDDK,34105807,restIRP
2022,NIDDK,34788508,restIRP
2022,NIDDK,34883278,restIRP
2022,NIDDK,35721211,restIRP
2022,NIDDK,36111275,restIRP
2022,NIDDK,35181735,restIRP
2022,NIDDK,35395191,restIRP
2022,NIDDK,35465056,restIRP
2022,NIDDK,35637788,restIRP
2022,NIDDK,35784346,restIRP
2022,NIDDK,36172132,restIRP
2022,NIDDK,36001971,restIRP
2022,NIDDK,35881986,restIRP
2022,NIDDK,34698347,restIRP
2022,NIDDK,35578388,restIRP
2022,NIDDK,34478905,restIRP
2022,NIDDK,33633966,restIRP
2022,NIDDK,33644966,restIRP
2022,NIDDK,33769060,restIRP
2022,NIDDK,34137596,restIRP
2022,NIDDK,34329805,restIRP
2022,NIDDK,34688687,restIRP
2022,NIDDK,33512468,restIRP
2022,NIDDK,35537862,restIRP
2022,NIDDK,35750958,restIRP
2022,NIDDK,34936881,restIRP
2022,NIDDK,35108515,restIRP
2022,NIDDK,35507386,restIRP
2022,NIDDK,35147231,restIRP
2022,NIDDK,34948160,restIRP
2022,NIDDK,34849797,restIRP
2022,NIDDK,34870418,restIRP
2022,NIDDK,34571960,restIRP
2022,NIDDK,34805134,restIRP
2022,NIDDK,34521638,restIRP
2022,NIDDK,35690929,restIRP
2022,NIDDK,35690966,restIRP
2022,NIDDK,34223895,restIRP
2022,NIDDK,34718628,restIRP
2022,NIDDK,35301125,restIRP
2022,NIDDK,33742650,restIRP
2022,NIDDK,33857305,restIRP
2022,NIDDK,35568252,restIRP
2022,NIDDK,34861940,restIRP
2022,NIDDK,33675846,restIRP
2022,NIDDK,33758952,restIRP
2022,NIDDK,33933144,restIRP
2022,NIDDK,34027894,restIRP
2022,NIDDK,34140396,restIRP
2022,NIDDK,34169199,restIRP
2022,NIDDK,34257069,restIRP
2022,NIDDK,34365812,restIRP
2022,NIDDK,34435718,restIRP
2022,NIDDK,34437304,restIRP
2022,NIDDK,34554658,restIRP
2022,NIDDK,34586495,restIRP
2022,NIDDK,35644465,restIRP
2022,NIDDK,36900170,restIRP
2022,NIDDK,37138671,restIRP
2022,NIDDK,34697033,restIRP
2022,NIDDK,35147199,restIRP
2022,NIDDK,35175249,restIRP
2022,NIDDK,35260800,restIRP
2022,NIDDK,35603600,restIRP
2022,NIDDK,32778536,restIRP
2022,NIDDK,33651717,restIRP
2022,NIDDK,34035881,restIRP
2022,NIDDK,35105816,restIRP
2022,NIDDK,35605126,restIRP
2022,NIDDK,35617672,restIRP
2022,NIDDK,35986970,restIRP
2022,NIDDK,34161786,restIRP
2022,NIDDK,34408009,restIRP
2022,NIDDK,34752333,restIRP
2022,NIDDK,35076390,restIRP
2022,NIDDK,34394844,restIRP
2022,NIDDK,34853804,restIRP
2022,NIDDK,35012356,restIRP
2022,NIDDK,35615005,restIRP
2022,NIDDK,33338684,restIRP
2022,NIDDK,33708388,restIRP
2022,NIDDK,35095905,restIRP
2022,NIDDK,35425944,restIRP
2022,NIDDK,35443665,restIRP
2022,NIDDK,35730393,restIRP
2022,NIDDK,35868845,restIRP
2022,NIDDK,35914929,restIRP
2022,NIDDK,34525568,restIRP
2022,NIDDK,34688607,restIRP
2022,NIDDK,33510387,restIRP
2022,NIDDK,34969861,restIRP
2022,NIDDK,35945419,restIRP
2022,NIDDK,35326576,restIRP
2022,NIDDK,33891012,restIRP
2022,NIDDK,35077243,restIRP
2022,NIDDK,36055226,restIRP
2022,NIDDK,33398028,restIRP
2022,NIDDK,35506243,restIRP
2023,NIDDK,36344764,restIRP
2023,NIDDK,35165177,restIRP
2023,NIDDK,35727979,restIRP
2023,NIDDK,35972230,restIRP
2023,NIDDK,36115062,restIRP
2023,NIDDK,36317052,restIRP
2023,NIDDK,36753641,restIRP
2023,NIDDK,37330294,restIRP
2023,NIDDK,37448874,restIRP
2023,NIDDK,36195542,restIRP
2023,NIDDK,36461652,restIRP
2023,NIDDK,36859526,restIRP
2023,NIDDK,36895793,restIRP
2023,NIDDK,37299453,restIRP
2023,NIDDK,36584680,restIRP
2023,NIDDK,36645076,restIRP
2023,NIDDK,36748043,restIRP
2023,NIDDK,35297980,restIRP
2023,NIDDK,36018801,restIRP
2023,NIDDK,36093576,restIRP
2023,NIDDK,35639929,restIRP
2023,NIDDK,36537219,restIRP
2023,NIDDK,36987692,restIRP
2023,NIDDK,37431909,restIRP
2023,NIDDK,37564361,restIRP
2023,NIDDK,31371577,restIRP
2023,NIDDK,36453088,restIRP
2023,NIDDK,37207367,restIRP
2023,NIDDK,37220746,restIRP
2023,NIDDK,37443284,restIRP
2023,NIDDK,37564740,restIRP
2023,NIDDK,37572656,restIRP
2023,NIDDK,35239393,restIRP
2023,NIDDK,36037023,restIRP
2023,NIDDK,36418514,restIRP
2023,NIDDK,36439394,restIRP
2023,NIDDK,36650008,restIRP
2023,NIDDK,36795469,restIRP
2023,NIDDK,37036230,restIRP
2023,NIDDK,37232385,restIRP
2023,NIDDK,35537058,restIRP
2023,NIDDK,37488207,restIRP
2023,NIDDK,37127137,restIRP
2023,NIDDK,37098064,restIRP
2023,NIDDK,37202424,restIRP
2023,NIDDK,34012620,restIRP
2023,NIDDK,35441161,restIRP
2023,NIDDK,35532082,restIRP
2023,NIDDK,36204530,restIRP
2023,NIDDK,35678263,restIRP
2023,NIDDK,35688891,restIRP
2023,NIDDK,36129996,restIRP
2023,NIDDK,36129997,restIRP
2023,NIDDK,36806387,restIRP
2023,NIDDK,37094945,restIRP
2023,NIDDK,37213109,restIRP
2023,NIDDK,36179402,restIRP
2023,NIDDK,36215040,restIRP
2023,NIDDK,36268125,restIRP
2023,NIDDK,36552355,restIRP
2023,NIDDK,37099734,restIRP
2023,NIDDK,37120429,restIRP
2023,NIDDK,37446010,restIRP
2023,NIDDK,36413498,restIRP
2023,NIDDK,37540694,restIRP
2023,NIDDK,36196375,restIRP
2023,NIDDK,36467586,restIRP
2023,NIDDK,36454759,restIRP
2023,NIDDK,36631163,restIRP
2023,NIDDK,37033230,restIRP
2023,NIDDK,37491363,restIRP
2023,NIDDK,37419448,restIRP
2023,NIDDK,35320569,restIRP
2023,NIDDK,36100597,restIRP
2023,NIDDK,36530475,restIRP
2023,NIDDK,36165532,restIRP
2023,NIDDK,37673863,restIRP
2023,NIDDK,36129874,restIRP
2023,NIDDK,36644347,restIRP
2023,NIDDK,36759615,restIRP
2023,NIDDK,37194248,restIRP
2023,NIDDK,37231155,restIRP
2023,NIDDK,37253356,restIRP
2023,NIDDK,28657510,restIRP
2023,NIDDK,28790138,restIRP
2023,NIDDK,29255621,restIRP
2023,NIDDK,29691295,restIRP
2023,NIDDK,29972703,restIRP
2023,NIDDK,30201849,restIRP
2023,NIDDK,30327187,restIRP
2023,NIDDK,30398411,restIRP
2023,NIDDK,30707227,restIRP
2023,NIDDK,31127272,restIRP
2023,NIDDK,31620364,restIRP
2023,NIDDK,31903181,restIRP
2023,NIDDK,35243857,restIRP
2023,NIDDK,35356009,restIRP
2023,NIDDK,36249761,restIRP
2023,NIDDK,36777465,restIRP
2023,NIDDK,36937987,restIRP
2023,NIDDK,36969797,restIRP
2023,NIDDK,30250452,restIRP
2023,NIDDK,31467334,restIRP
2023,NIDDK,35294432,restIRP
2023,NIDDK,36092250,restIRP
2023,NIDDK,36112613,restIRP
2023,NIDDK,36383567,restIRP
2023,NIDDK,36387851,restIRP
2023,NIDDK,36114420,restIRP
2023,NIDDK,36334779,restIRP
2023,NIDDK,37271339,restIRP
2023,NIDDK,36724075,restIRP
2023,NIDDK,36727488,restIRP
2023,NIDDK,37257918,restIRP
2023,NIDDK,36604594,restIRP
2023,NIDDK,36741385,restIRP
2023,NIDDK,36797416,restIRP
2023,NIDDK,37140208,restIRP
2023,NIDDK,30970188,restIRP
2023,NIDDK,35403689,restIRP
2023,NIDDK,35913761,restIRP
2023,NIDDK,36075220,restIRP
2023,NIDDK,37120588,restIRP
2023,NIDDK,37443745,restIRP
2023,NIDDK,35947946,restIRP
2023,NIDDK,37342879,restIRP
2023,NIDDK,35687212,restIRP
2023,NIDDK,35977382,restIRP
2023,NIDDK,35983277,restIRP
2023,NIDDK,36150180,restIRP
2023,NIDDK,36268115,restIRP
2023,NIDDK,36362112,restIRP
2023,NIDDK,36367749,restIRP
2023,NIDDK,36494860,restIRP
2023,NIDDK,36781870,restIRP
2023,NIDDK,36918461,restIRP
2023,NIDDK,36926457,restIRP
2023,NIDDK,37382926,restIRP
2023,NIDDK,35284849,restIRP
2023,NIDDK,35488870,restIRP
2023,NIDDK,36695055,restIRP
2023,NIDDK,36858190,restIRP
2023,NIDDK,36897799,restIRP
2023,NIDDK,37133531,restIRP
2023,NIDDK,37276937,restIRP
2023,NIDDK,37485302,restIRP
2023,NIDDK,36062913,restIRP
2023,NIDDK,36806683,restIRP
2023,NIDDK,35348391,restIRP
2023,NIDDK,35811576,restIRP
2023,NIDDK,35958407,restIRP
2023,NIDDK,36374225,restIRP
2023,NIDDK,36540889,restIRP
2023,NIDDK,36935552,restIRP
2023,NIDDK,36950857,restIRP
2023,NIDDK,36961765,restIRP
2023,NIDDK,37284613,restIRP
2023,NIDDK,37288292,restIRP
2023,NIDDK,37307230,restIRP
2023,NIDDK,37339334,restIRP
2023,NIDDK,37482187,restIRP
2023,NIDDK,36267551,restIRP
2023,NIDDK,36427325,restIRP
2023,NIDDK,36630562,restIRP
2023,NIDDK,37132521,restIRP
2023,NIDDK,37485422,restIRP
2023,NIDDK,37559725,restIRP
2023,NIDDK,36846212,restIRP
2023,NIDDK,37261392,restIRP
2023,NIDDK,37531629,restIRP
2023,NIDDK,35189332,restIRP
2023,NIDDK,37083933,restIRP
2023,NIDDK,37433116,restIRP
2023,NIDDK,34973459,restIRP
2023,NIDDK,35843468,restIRP
2023,NIDDK,35850413,restIRP
2023,NIDDK,37184524,restIRP
2023,NIDDK,36339094,restIRP
2023,NIDDK,36781825,restIRP
2023,NIDDK,35247211,restIRP
2023,NIDDK,35703323,restIRP
2023,NIDDK,35759799,restIRP
2023,NIDDK,35858329,restIRP
2023,NIDDK,35877206,restIRP
2023,NIDDK,33620405,restIRP
2023,NIDDK,35330204,restIRP
2023,NIDDK,35681624,restIRP
2023,NIDDK,36248829,restIRP
2023,NIDDK,37229630,restIRP
2023,NIDDK,37264998,restIRP
2023,NIDDK,36724784,restIRP
2023,NIDDK,34630052,restIRP
2023,NIDDK,35984878,restIRP
2023,NIDDK,37442130,restIRP
2023,NIDDK,37506697,restIRP
2023,NIDDK,37582617,restIRP
2023,NIDDK,35460276,restIRP
2023,NIDDK,36435799,restIRP
2023,NIDDK,37309259,restIRP
2023,NIDDK,37395281,restIRP
2023,NIDDK,36693370,restIRP
2023,NIDDK,28228424,restIRP
2023,NIDDK,36459969,restIRP
2023,NIDDK,36611062,restIRP
2023,NIDDK,35690958,restIRP
2023,NIDDK,29531168,restIRP
2023,NIDDK,30847226,restIRP
2023,NIDDK,30990519,restIRP
2023,NIDDK,31620670,restIRP
2023,NIDDK,33822100,restIRP
2023,NIDDK,33890058,restIRP
2023,NIDDK,34677608,restIRP
2023,NIDDK,34693755,restIRP
2023,NIDDK,35696182,restIRP
2023,NIDDK,35709010,restIRP
2023,NIDDK,35771980,restIRP
2023,NIDDK,36397776,restIRP
2023,NIDDK,36869714,restIRP
2023,NIDDK,37313426,restIRP
2023,NIDDK,37515588,restIRP
2023,NIDDK,35787049,restIRP
2023,NIDDK,37141188,restIRP
2023,NIDDK,35917044,restIRP
2023,NIDDK,36139489,restIRP
2023,NIDDK,36197001,restIRP
2023,NIDDK,36700853,restIRP
2023,NIDDK,36709532,restIRP
2023,NIDDK,36753412,restIRP
2023,NIDDK,37871851,restIRP
2023,NIDDK,36259321,restIRP
2023,NIDDK,37478179,restIRP
2023,NIDDK,34175376,restIRP
2023,NIDDK,34562525,restIRP
2023,NIDDK,35006272,restIRP
2023,NIDDK,35144840,restIRP
2023,NIDDK,35286453,restIRP
2023,NIDDK,35377940,restIRP
2023,NIDDK,35507146,restIRP
2023,NIDDK,35523653,restIRP
2023,NIDDK,35618095,restIRP
2023,NIDDK,35763030,restIRP
2023,NIDDK,35923113,restIRP
2023,NIDDK,35947673,restIRP
2023,NIDDK,36055599,restIRP
2023,NIDDK,36176662,restIRP
2023,NIDDK,36326718,restIRP
2023,NIDDK,36550108,restIRP
2023,NIDDK,36627643,restIRP
2023,NIDDK,36637914,restIRP
2023,NIDDK,36736426,restIRP
2023,NIDDK,36803209,restIRP
2023,NIDDK,37188670,restIRP
2023,NIDDK,37518982,restIRP
2023,NIDDK,37586079,restIRP
2023,NIDDK,37616058,restIRP
2023,NIDDK,34529832,restIRP
2023,NIDDK,35932909,restIRP
2023,NIDDK,36062951,restIRP
2023,NIDDK,36525397,restIRP
2023,NIDDK,36862161,restIRP
2023,NIDDK,37148359,restIRP
2023,NIDDK,36757801,restIRP
2023,NIDDK,36869703,restIRP
2023,NIDDK,36893281,restIRP
2023,NIDDK,37221174,restIRP
2023,NIDDK,37424505,restIRP
2023,NIDDK,37433222,restIRP
2023,NIDDK,37433832,restIRP
2023,NIDDK,37450591,restIRP
2023,NIDDK,35930411,restIRP
2023,NIDDK,36107739,restIRP
2023,NIDDK,36997331,restIRP
2023,NIDDK,37268817,restIRP
2023,NIDDK,34363474,restIRP
2023,NIDDK,37624230,restIRP
2023,NIDDK,36331958,restIRP
2023,NIDDK,36537709,restIRP
2023,NIDDK,36807310,restIRP
2023,NIDDK,37283960,restIRP
2023,NIDDK,37885910,restIRP
2023,NIDDK,36519897,restIRP
2023,NIDDK,37154158,restIRP
2023,NIDDK,37225764,restIRP
2023,NIDDK,34978374,restIRP
2023,NIDDK,35366607,restIRP
2023,NIDDK,35576529,restIRP
2023,NIDDK,36161945,restIRP
2023,NIDDK,36379793,restIRP
2023,NIDDK,37219953,restIRP
2023,NIDDK,35404596,restIRP
2023,NIDDK,35440680,restIRP
2023,NIDDK,35790999,restIRP
2023,NIDDK,36848233,restIRP
2021,NIEHS,32064123,restIRP
2021,NIEHS,32972455,restIRP
2021,NIEHS,33211615,restIRP
2021,NIEHS,33252833,restIRP
2021,NIEHS,33387538,restIRP
2021,NIEHS,33693587,restIRP
2021,NIEHS,34038541,restIRP
2021,NIEHS,34086784,restIRP
2021,NIEHS,34173819,restIRP
2021,NIEHS,34268559,restIRP
2021,NIEHS,31974142,restIRP
2021,NIEHS,32180510,restIRP
2021,NIEHS,32227433,restIRP
2021,NIEHS,32381493,restIRP
2021,NIEHS,32401030,restIRP
2021,NIEHS,32547333,restIRP
2021,NIEHS,32667715,restIRP
2021,NIEHS,32817964,restIRP
2021,NIEHS,32941389,restIRP
2021,NIEHS,32966559,restIRP
2021,NIEHS,33400596,restIRP
2021,NIEHS,33662111,restIRP
2021,NIEHS,33863751,restIRP
2021,NIEHS,33963087,restIRP
2021,NIEHS,34231218,restIRP
2021,NIEHS,33941685,restIRP
2021,NIEHS,32068843,restIRP
2021,NIEHS,32303745,restIRP
2021,NIEHS,33226277,restIRP
2021,NIEHS,32009654,restIRP
2021,NIEHS,32668405,restIRP
2021,NIEHS,32779213,restIRP
2021,NIEHS,33227893,restIRP
2021,NIEHS,33716049,restIRP
2021,NIEHS,33850196,restIRP
2021,NIEHS,34385434,restIRP
2021,NIEHS,31826744,restIRP
2021,NIEHS,32306082,restIRP
2021,NIEHS,32393308,restIRP
2021,NIEHS,32989322,restIRP
2021,NIEHS,34468815,restIRP
2021,NIEHS,35368437,restIRP
2021,NIEHS,35404422,restIRP
2021,NIEHS,35876604,restIRP
2021,NIEHS,33238290,restIRP
2021,NIEHS,31184953,restIRP
2021,NIEHS,31633839,restIRP
2021,NIEHS,31671270,restIRP
2021,NIEHS,31760063,restIRP
2021,NIEHS,31931071,restIRP
2021,NIEHS,32017962,restIRP
2021,NIEHS,32074459,restIRP
2021,NIEHS,32095488,restIRP
2021,NIEHS,32097706,restIRP
2021,NIEHS,32126256,restIRP
2021,NIEHS,32152214,restIRP
2021,NIEHS,32200032,restIRP
2021,NIEHS,32203803,restIRP
2021,NIEHS,32205187,restIRP
2021,NIEHS,32212926,restIRP
2021,NIEHS,32242622,restIRP
2021,NIEHS,32380031,restIRP
2021,NIEHS,32392305,restIRP
2021,NIEHS,32402876,restIRP
2021,NIEHS,32407153,restIRP
2021,NIEHS,32416200,restIRP
2021,NIEHS,32437845,restIRP
2021,NIEHS,32438830,restIRP
2021,NIEHS,32452041,restIRP
2021,NIEHS,32492150,restIRP
2021,NIEHS,32494578,restIRP
2021,NIEHS,32501182,restIRP
2021,NIEHS,32511287,restIRP
2021,NIEHS,32539633,restIRP
2021,NIEHS,32551233,restIRP
2021,NIEHS,32553663,restIRP
2021,NIEHS,32586141,restIRP
2021,NIEHS,32626449,restIRP
2021,NIEHS,32629249,restIRP
2021,NIEHS,32658296,restIRP
2021,NIEHS,32679240,restIRP
2021,NIEHS,32702374,restIRP
2021,NIEHS,32708093,restIRP
2021,NIEHS,32731638,restIRP
2021,NIEHS,32755358,restIRP
2021,NIEHS,32760656,restIRP
2021,NIEHS,32780832,restIRP
2021,NIEHS,32790152,restIRP
2021,NIEHS,32798798,restIRP
2021,NIEHS,32815483,restIRP
2021,NIEHS,32853628,restIRP
2021,NIEHS,32865633,restIRP
2021,NIEHS,32886793,restIRP
2021,NIEHS,32904430,restIRP
2021,NIEHS,32928243,restIRP
2021,NIEHS,32937126,restIRP
2021,NIEHS,32980429,restIRP
2021,NIEHS,32980856,restIRP
2021,NIEHS,32985913,restIRP
2021,NIEHS,33010401,restIRP
2021,NIEHS,33022361,restIRP
2021,NIEHS,33031531,restIRP
2021,NIEHS,33063992,restIRP
2021,NIEHS,33075405,restIRP
2021,NIEHS,33078273,restIRP
2021,NIEHS,33206002,restIRP
2021,NIEHS,33213203,restIRP
2021,NIEHS,33241551,restIRP
2021,NIEHS,33263755,restIRP
2021,NIEHS,33334257,restIRP
2021,NIEHS,33336684,restIRP
2021,NIEHS,33338515,restIRP
2021,NIEHS,33388407,restIRP
2021,NIEHS,33421504,restIRP
2021,NIEHS,33431448,restIRP
2021,NIEHS,33438723,restIRP
2021,NIEHS,33508353,restIRP
2021,NIEHS,33512500,restIRP
2021,NIEHS,33556048,restIRP
2021,NIEHS,33579300,restIRP
2021,NIEHS,33628855,restIRP
2021,NIEHS,33683982,restIRP
2021,NIEHS,33716356,restIRP
2021,NIEHS,33744279,restIRP
2021,NIEHS,33777704,restIRP
2021,NIEHS,33784186,restIRP
2021,NIEHS,33844597,restIRP
2021,NIEHS,33860111,restIRP
2021,NIEHS,33918289,restIRP
2021,NIEHS,33929904,restIRP
2021,NIEHS,33952035,restIRP
2021,NIEHS,33969458,restIRP
2021,NIEHS,34165557,restIRP
2021,NIEHS,34303791,restIRP
2021,NIEHS,34357831,restIRP
2021,NIEHS,34411659,restIRP
2021,NIEHS,31980401,restIRP
2021,NIEHS,32112620,restIRP
2021,NIEHS,32154560,restIRP
2021,NIEHS,32400388,restIRP
2021,NIEHS,32406503,restIRP
2021,NIEHS,32492711,restIRP
2021,NIEHS,32505024,restIRP
2021,NIEHS,32622645,restIRP
2021,NIEHS,33098646,restIRP
2021,NIEHS,33235331,restIRP
2021,NIEHS,33277428,restIRP
2021,NIEHS,33299371,restIRP
2021,NIEHS,33322020,restIRP
2021,NIEHS,33348851,restIRP
2021,NIEHS,33433939,restIRP
2021,NIEHS,33471974,restIRP
2021,NIEHS,33495599,restIRP
2021,NIEHS,33516778,restIRP
2021,NIEHS,33597508,restIRP
2021,NIEHS,33769540,restIRP
2021,NIEHS,34039897,restIRP
2021,NIEHS,34101481,restIRP
2021,NIEHS,34146516,restIRP
2021,NIEHS,34290340,restIRP
2021,NIEHS,34349265,restIRP
2021,NIEHS,30926951,restIRP
2021,NIEHS,30989176,restIRP
2021,NIEHS,31143935,restIRP
2021,NIEHS,31389007,restIRP
2021,NIEHS,31478597,restIRP
2021,NIEHS,31910280,restIRP
2021,NIEHS,31911677,restIRP
2021,NIEHS,31915142,restIRP
2021,NIEHS,31932455,restIRP
2021,NIEHS,32012248,restIRP
2021,NIEHS,32019616,restIRP
2021,NIEHS,32115800,restIRP
2021,NIEHS,32138787,restIRP
2021,NIEHS,32145292,restIRP
2021,NIEHS,32168019,restIRP
2021,NIEHS,32168021,restIRP
2021,NIEHS,32182198,restIRP
2021,NIEHS,32205228,restIRP
2021,NIEHS,32209500,restIRP
2021,NIEHS,32242893,restIRP
2021,NIEHS,32249687,restIRP
2021,NIEHS,32255670,restIRP
2021,NIEHS,32266792,restIRP
2021,NIEHS,32311902,restIRP
2021,NIEHS,32317301,restIRP
2021,NIEHS,32329357,restIRP
2021,NIEHS,32357211,restIRP
2021,NIEHS,32371477,restIRP
2021,NIEHS,32424353,restIRP
2021,NIEHS,32427313,restIRP
2021,NIEHS,32437829,restIRP
2021,NIEHS,32613154,restIRP
2021,NIEHS,32692250,restIRP
2021,NIEHS,32727823,restIRP
2021,NIEHS,32732252,restIRP
2021,NIEHS,32745512,restIRP
2021,NIEHS,32791983,restIRP
2021,NIEHS,32832842,restIRP
2021,NIEHS,32898563,restIRP
2021,NIEHS,32919961,restIRP
2021,NIEHS,32936300,restIRP
2021,NIEHS,33009797,restIRP
2021,NIEHS,33097675,restIRP
2021,NIEHS,33109223,restIRP
2021,NIEHS,33146735,restIRP
2021,NIEHS,33220500,restIRP
2021,NIEHS,33237602,restIRP
2021,NIEHS,33247915,restIRP
2021,NIEHS,33293341,restIRP
2021,NIEHS,33336134,restIRP
2021,NIEHS,33448434,restIRP
2021,NIEHS,33524122,restIRP
2021,NIEHS,33791771,restIRP
2021,NIEHS,33984062,restIRP
2021,NIEHS,33989625,restIRP
2021,NIEHS,34010345,restIRP
2021,NIEHS,34184747,restIRP
2021,NIEHS,34187551,restIRP
2021,NIEHS,34280418,restIRP
2021,NIEHS,34303682,restIRP
2021,NIEHS,34319145,restIRP
2021,NIEHS,34326186,restIRP
2021,NIEHS,34368831,restIRP
2021,NIEHS,34571455,restIRP
2021,NIEHS,32116704,restIRP
2021,NIEHS,32299908,restIRP
2021,NIEHS,32344187,restIRP
2021,NIEHS,32365470,restIRP
2021,NIEHS,32486275,restIRP
2021,NIEHS,32592197,restIRP
2021,NIEHS,32987880,restIRP
2021,NIEHS,33290178,restIRP
2021,NIEHS,33326144,restIRP
2021,NIEHS,33564758,restIRP
2021,NIEHS,33979561,restIRP
2021,NIEHS,31986059,restIRP
2021,NIEHS,32064121,restIRP
2021,NIEHS,32148470,restIRP
2021,NIEHS,33231115,restIRP
2021,NIEHS,33343064,restIRP
2021,NIEHS,34013335,restIRP
2021,NIEHS,32059757,restIRP
2021,NIEHS,32706372,restIRP
2021,NIEHS,32100375,restIRP
2021,NIEHS,32287273,restIRP
2021,NIEHS,33034629,restIRP
2021,NIEHS,33006981,restIRP
2021,NIEHS,33020667,restIRP
2021,NIEHS,32060608,restIRP
2021,NIEHS,32343675,restIRP
2021,NIEHS,32787142,restIRP
2021,NIEHS,33647226,restIRP
2021,NIEHS,33787273,restIRP
2021,NIEHS,33792561,restIRP
2021,NIEHS,33971182,restIRP
2021,NIEHS,33995384,restIRP
2021,NIEHS,34027896,restIRP
2021,NIEHS,30692588,restIRP
2021,NIEHS,32018967,restIRP
2021,NIEHS,32105679,restIRP
2021,NIEHS,32285479,restIRP
2021,NIEHS,32424331,restIRP
2021,NIEHS,32768397,restIRP
2021,NIEHS,32888171,restIRP
2021,NIEHS,32925595,restIRP
2021,NIEHS,33350944,restIRP
2021,NIEHS,33427764,restIRP
2021,NIEHS,33667128,restIRP
2021,NIEHS,33752880,restIRP
2021,NIEHS,33778359,restIRP
2021,NIEHS,34038935,restIRP
2021,NIEHS,34124698,restIRP
2021,NIEHS,34366109,restIRP
2021,NIEHS,34403666,restIRP
2021,NIEHS,33163982,restIRP
2021,NIEHS,33558336,restIRP
2021,NIEHS,32424276,restIRP
2021,NIEHS,31908010,restIRP
2021,NIEHS,32123781,restIRP
2021,NIEHS,32243837,restIRP
2021,NIEHS,32354741,restIRP
2021,NIEHS,32493987,restIRP
2021,NIEHS,32558878,restIRP
2021,NIEHS,32843721,restIRP
2021,NIEHS,32948877,restIRP
2021,NIEHS,33023986,restIRP
2021,NIEHS,33048843,restIRP
2021,NIEHS,33262282,restIRP
2021,NIEHS,33496365,restIRP
2021,NIEHS,33707208,restIRP
2021,NIEHS,33818810,restIRP
2021,NIEHS,33833456,restIRP
2021,NIEHS,33882289,restIRP
2021,NIEHS,34099644,restIRP
2021,NIEHS,34142658,restIRP
2021,NIEHS,33688047,restIRP
2021,NIEHS,33720118,restIRP
2021,NIEHS,32884836,restIRP
2021,NIEHS,33199844,restIRP
2021,NIEHS,33087905,restIRP
2021,NIEHS,32428649,restIRP
2021,NIEHS,32945847,restIRP
2021,NIEHS,33193599,restIRP
2021,NIEHS,33684916,restIRP
2021,NIEHS,34155146,restIRP
2021,NIEHS,34288113,restIRP
2021,NIEHS,32321598,restIRP
2021,NIEHS,32359158,restIRP
2021,NIEHS,32409115,restIRP
2021,NIEHS,32678018,restIRP
2021,NIEHS,32749174,restIRP
2021,NIEHS,32805005,restIRP
2021,NIEHS,32930425,restIRP
2021,NIEHS,33398198,restIRP
2021,NIEHS,33987535,restIRP
2021,NIEHS,34234117,restIRP
2021,NIEHS,34411412,restIRP
2021,NIEHS,31759816,restIRP
2021,NIEHS,33219026,restIRP
2021,NIEHS,33444353,restIRP
2021,NIEHS,34322645,restIRP
2021,NIEHS,33504779,restIRP
2021,NIEHS,31912905,restIRP
2021,NIEHS,32436654,restIRP
2021,NIEHS,32709933,restIRP
2021,NIEHS,32727504,restIRP
2021,NIEHS,33124745,restIRP
2021,NIEHS,33510463,restIRP
2021,NIEHS,33616039,restIRP
2021,NIEHS,33634751,restIRP
2021,NIEHS,33960279,restIRP
2021,NIEHS,32198158,restIRP
2021,NIEHS,32521265,restIRP
2021,NIEHS,32747789,restIRP
2021,NIEHS,33242572,restIRP
2021,NIEHS,31988243,restIRP
2021,NIEHS,33979654,restIRP
2021,NIEHS,32201854,restIRP
2021,NIEHS,32210262,restIRP
2021,NIEHS,32716663,restIRP
2021,NIEHS,32797061,restIRP
2021,NIEHS,32805249,restIRP
2021,NIEHS,32905853,restIRP
2021,NIEHS,33095772,restIRP
2021,NIEHS,33159049,restIRP
2021,NIEHS,33761273,restIRP
2021,NIEHS,34086648,restIRP
2021,NIEHS,33064339,restIRP
2021,NIEHS,33254076,restIRP
2021,NIEHS,33665240,restIRP
2021,NIEHS,33938323,restIRP
2021,NIEHS,34245615,restIRP
2021,NIEHS,34339164,restIRP
2021,NIEHS,34350716,restIRP
2021,NIEHS,34368410,restIRP
2021,NIEHS,32637805,restIRP
2021,NIEHS,32803198,restIRP
2021,NIEHS,33907233,restIRP
2021,NIEHS,32432645,restIRP
2021,NIEHS,32524767,restIRP
2021,NIEHS,32843325,restIRP
2021,NIEHS,32889531,restIRP
2021,NIEHS,32896253,restIRP
2021,NIEHS,33067611,restIRP
2021,NIEHS,33140079,restIRP
2021,NIEHS,33510427,restIRP
2021,NIEHS,33851273,restIRP
2021,NIEHS,34313394,restIRP
2021,NIEHS,31903849,restIRP
2021,NIEHS,32065256,restIRP
2021,NIEHS,31980614,restIRP
2021,NIEHS,32332168,restIRP
2021,NIEHS,32511343,restIRP
2021,NIEHS,32699321,restIRP
2021,NIEHS,33785757,restIRP
2021,NIEHS,33798940,restIRP
2021,NIEHS,34019795,restIRP
2021,NIEHS,34239123,restIRP
2021,NIEHS,34403466,restIRP
2021,NIEHS,32602232,restIRP
2021,NIEHS,33063372,restIRP
2021,NIEHS,33166672,restIRP
2021,NIEHS,32094468,restIRP
2021,NIEHS,33064405,restIRP
2021,NIEHS,33863402,restIRP
2021,NIEHS,32811816,restIRP
2021,NIEHS,33941775,restIRP
2021,NIEHS,34414388,restIRP
2021,NIEHS,33253193,restIRP
2021,NIEHS,32094226,restIRP
2021,NIEHS,32591281,restIRP
2021,NIEHS,32922402,restIRP
2021,NIEHS,32983182,restIRP
2021,NIEHS,34667120,restIRP
2021,NIEHS,31388190,restIRP
2021,NIEHS,32009518,restIRP
2021,NIEHS,32655620,restIRP
2021,NIEHS,32765594,restIRP
2021,NIEHS,33846644,restIRP
2021,NIEHS,33863344,restIRP
2021,NIEHS,33863366,restIRP
2021,NIEHS,32476018,restIRP
2021,NIEHS,34152326,restIRP
2021,NIEHS,32139577,restIRP
2021,NIEHS,31945542,restIRP
2021,NIEHS,31963223,restIRP
2021,NIEHS,31999437,restIRP
2021,NIEHS,32221313,restIRP
2021,NIEHS,32513688,restIRP
2021,NIEHS,32620932,restIRP
2021,NIEHS,32647014,restIRP
2021,NIEHS,32788345,restIRP
2021,NIEHS,33202115,restIRP
2021,NIEHS,33824325,restIRP
2021,NIEHS,32356875,restIRP
2021,NIEHS,32516598,restIRP
2021,NIEHS,32649862,restIRP
2021,NIEHS,32878989,restIRP
2021,NIEHS,33444456,restIRP
2021,NIEHS,33473124,restIRP
2021,NIEHS,33608267,restIRP
2021,NIEHS,33220084,restIRP
2021,NIEHS,33410399,restIRP
2021,NIEHS,33629462,restIRP
2021,NIEHS,34077736,restIRP
2021,NIEHS,34228646,restIRP
2021,NIEHS,32314781,restIRP
2021,NIEHS,32375682,restIRP
2021,NIEHS,31989925,restIRP
2021,NIEHS,32908007,restIRP
2021,NIEHS,32083347,restIRP
2021,NIEHS,32114984,restIRP
2021,NIEHS,32119036,restIRP
2021,NIEHS,32233861,restIRP
2021,NIEHS,32392078,restIRP
2021,NIEHS,32615170,restIRP
2021,NIEHS,32967681,restIRP
2021,NIEHS,33031218,restIRP
2021,NIEHS,33057025,restIRP
2021,NIEHS,33239103,restIRP
2021,NIEHS,33268398,restIRP
2021,NIEHS,33331245,restIRP
2021,NIEHS,33414500,restIRP
2021,NIEHS,33648978,restIRP
2021,NIEHS,33931109,restIRP
2021,NIEHS,34136910,restIRP
2021,NIEHS,31693394,restIRP
2021,NIEHS,32019887,restIRP
2021,NIEHS,32727897,restIRP
2021,NIEHS,32898583,restIRP
2021,NIEHS,33247133,restIRP
2021,NIEHS,33190396,restIRP
2021,NIEHS,33771185,restIRP
2021,NIEHS,32943091,restIRP
2021,NIEHS,33355208,restIRP
2021,NIEHS,34019669,restIRP
2021,NIEHS,32371454,restIRP
2021,NIEHS,32710630,restIRP
2021,NIEHS,32719843,restIRP
2021,NIEHS,32170217,restIRP
2021,NIEHS,31550240,restIRP
2021,NIEHS,32213598,restIRP
2021,NIEHS,33454015,restIRP
2021,NIEHS,32987186,restIRP
2021,NIEHS,33450185,restIRP
2021,NIEHS,33858332,restIRP
2021,NIEHS,34042046,restIRP
2022,NIEHS,34793633,restIRP
2022,NIEHS,34862502,restIRP
2022,NIEHS,35881585,restIRP
2022,NIEHS,34847083,restIRP
2022,NIEHS,34894486,restIRP
2022,NIEHS,34906967,restIRP
2022,NIEHS,34934887,restIRP
2022,NIEHS,35377195,restIRP
2022,NIEHS,35577901,restIRP
2022,NIEHS,35620221,restIRP
2022,NIEHS,34437536,restIRP
2022,NIEHS,34607834,restIRP
2022,NIEHS,34670583,restIRP
2022,NIEHS,34671776,restIRP
2022,NIEHS,34882655,restIRP
2022,NIEHS,35192692,restIRP
2022,NIEHS,35786392,restIRP
2022,NIEHS,34332095,restIRP
2022,NIEHS,34451101,restIRP
2022,NIEHS,35071781,restIRP
2022,NIEHS,35358566,restIRP
2022,NIEHS,35433273,restIRP
2022,NIEHS,35453445,restIRP
2022,NIEHS,34055569,restIRP
2022,NIEHS,34157127,restIRP
2022,NIEHS,34495761,restIRP
2022,NIEHS,35104260,restIRP
2022,NIEHS,35147198,restIRP
2022,NIEHS,35568191,restIRP
2022,NIEHS,35754929,restIRP
2022,NIEHS,35834313,restIRP
2022,NIEHS,35860226,restIRP
2022,NIEHS,35893912,restIRP
2022,NIEHS,34705506,restIRP
2022,NIEHS,34756888,restIRP
2022,NIEHS,35168121,restIRP
2022,NIEHS,35775377,restIRP
2022,NIEHS,35838947,restIRP
2022,NIEHS,35061813,restIRP
2022,NIEHS,35082309,restIRP
2022,NIEHS,35155574,restIRP
2022,NIEHS,33383509,restIRP
2022,NIEHS,33818655,restIRP
2022,NIEHS,34493674,restIRP
2022,NIEHS,34558968,restIRP
2022,NIEHS,35032343,restIRP
2022,NIEHS,35069963,restIRP
2022,NIEHS,35453667,restIRP
2022,NIEHS,35878308,restIRP
2022,NIEHS,33749773,restIRP
2022,NIEHS,35058173,restIRP
2022,NIEHS,35387429,restIRP
2022,NIEHS,35435491,restIRP
2022,NIEHS,35532929,restIRP
2022,NIEHS,35586187,restIRP
2022,NIEHS,35639960,restIRP
2022,NIEHS,34267371,restIRP
2022,NIEHS,34805168,restIRP
2022,NIEHS,32725587,restIRP
2022,NIEHS,33494425,restIRP
2022,NIEHS,33719931,restIRP
2022,NIEHS,33822649,restIRP
2022,NIEHS,34193392,restIRP
2022,NIEHS,34197610,restIRP
2022,NIEHS,34215871,restIRP
2022,NIEHS,34283244,restIRP
2022,NIEHS,34284682,restIRP
2022,NIEHS,34475161,restIRP
2022,NIEHS,34620810,restIRP
2022,NIEHS,34742038,restIRP
2022,NIEHS,34789553,restIRP
2022,NIEHS,34978851,restIRP
2022,NIEHS,35389500,restIRP
2022,NIEHS,35466399,restIRP
2022,NIEHS,35580243,restIRP
2022,NIEHS,35705933,restIRP
2022,NIEHS,35886224,restIRP
2022,NIEHS,35901516,restIRP
2022,NIEHS,33533614,restIRP
2022,NIEHS,33757807,restIRP
2022,NIEHS,33792717,restIRP
2022,NIEHS,33929906,restIRP
2022,NIEHS,34013136,restIRP
2022,NIEHS,34298086,restIRP
2022,NIEHS,34333066,restIRP
2022,NIEHS,34501574,restIRP
2022,NIEHS,34516295,restIRP
2022,NIEHS,34688701,restIRP
2022,NIEHS,34718074,restIRP
2022,NIEHS,34874455,restIRP
2022,NIEHS,35192406,restIRP
2022,NIEHS,35205076,restIRP
2022,NIEHS,35426934,restIRP
2022,NIEHS,35446564,restIRP
2022,NIEHS,35447423,restIRP
2022,NIEHS,35496281,restIRP
2022,NIEHS,35679294,restIRP
2022,NIEHS,35935266,restIRP
2022,NIEHS,34605056,restIRP
2022,NIEHS,34672684,restIRP
2022,NIEHS,34788792,restIRP
2022,NIEHS,34839469,restIRP
2022,NIEHS,33856461,restIRP
2022,NIEHS,34929352,restIRP
2022,NIEHS,35812168,restIRP
2022,NIEHS,35813121,restIRP
2022,NIEHS,32803843,restIRP
2022,NIEHS,33387171,restIRP
2022,NIEHS,33404262,restIRP
2022,NIEHS,33783833,restIRP
2022,NIEHS,33881563,restIRP
2022,NIEHS,33911196,restIRP
2022,NIEHS,34019899,restIRP
2022,NIEHS,34104865,restIRP
2022,NIEHS,34292776,restIRP
2022,NIEHS,34409429,restIRP
2022,NIEHS,34417337,restIRP
2022,NIEHS,34417597,restIRP
2022,NIEHS,34458915,restIRP
2022,NIEHS,34473212,restIRP
2022,NIEHS,34516617,restIRP
2022,NIEHS,34561346,restIRP
2022,NIEHS,34637497,restIRP
2022,NIEHS,34642740,restIRP
2022,NIEHS,34652432,restIRP
2022,NIEHS,34895281,restIRP
2022,NIEHS,35123967,restIRP
2022,NIEHS,35152487,restIRP
2022,NIEHS,35195699,restIRP
2022,NIEHS,35369114,restIRP
2022,NIEHS,35390130,restIRP
2022,NIEHS,35460240,restIRP
2022,NIEHS,35682102,restIRP
2022,NIEHS,35688626,restIRP
2022,NIEHS,35702502,restIRP
2022,NIEHS,35867953,restIRP
2022,NIEHS,33334892,restIRP
2022,NIEHS,33378686,restIRP
2022,NIEHS,33567578,restIRP
2022,NIEHS,34390534,restIRP
2022,NIEHS,34591792,restIRP
2022,NIEHS,34732583,restIRP
2022,NIEHS,35665247,restIRP
2022,NIEHS,35681205,restIRP
2022,NIEHS,35868524,restIRP
2022,NIEHS,35068490,restIRP
2022,NIEHS,35488802,restIRP
2022,NIEHS,35796841,restIRP
2022,NIEHS,33993160,restIRP
2022,NIEHS,35319254,restIRP
2022,NIEHS,35576339,restIRP
2022,NIEHS,36479628,restIRP
2022,NIEHS,33712835,restIRP
2022,NIEHS,34493867,restIRP
2022,NIEHS,34413303,restIRP
2022,NIEHS,35113556,restIRP
2022,NIEHS,35191395,restIRP
2022,NIEHS,34520248,restIRP
2022,NIEHS,35484630,restIRP
2022,NIEHS,34580230,restIRP
2022,NIEHS,34719109,restIRP
2022,NIEHS,34899830,restIRP
2022,NIEHS,34934913,restIRP
2022,NIEHS,35357464,restIRP
2022,NIEHS,35475540,restIRP
2022,NIEHS,35575097,restIRP
2022,NIEHS,35681455,restIRP
2022,NIEHS,34800622,restIRP
2022,NIEHS,34995370,restIRP
2022,NIEHS,35139305,restIRP
2022,NIEHS,35628231,restIRP
2022,NIEHS,35799831,restIRP
2022,NIEHS,34139016,restIRP
2022,NIEHS,34916526,restIRP
2022,NIEHS,34449112,restIRP
2022,NIEHS,35840551,restIRP
2022,NIEHS,34127801,restIRP
2022,NIEHS,34341517,restIRP
2022,NIEHS,34790817,restIRP
2022,NIEHS,34886879,restIRP
2022,NIEHS,34983606,restIRP
2022,NIEHS,35031163,restIRP
2022,NIEHS,35042965,restIRP
2022,NIEHS,35554533,restIRP
2022,NIEHS,32870266,restIRP
2022,NIEHS,33442024,restIRP
2022,NIEHS,34326490,restIRP
2022,NIEHS,36453989,restIRP
2022,NIEHS,34942977,restIRP
2022,NIEHS,33398432,restIRP
2022,NIEHS,33933476,restIRP
2022,NIEHS,34487349,restIRP
2022,NIEHS,31745235,restIRP
2022,NIEHS,33446515,restIRP
2022,NIEHS,34630052,restIRP
2022,NIEHS,34649938,restIRP
2022,NIEHS,34671157,restIRP
2022,NIEHS,32612153,restIRP
2022,NIEHS,33421362,restIRP
2022,NIEHS,33830080,restIRP
2022,NIEHS,34504346,restIRP
2022,NIEHS,34521764,restIRP
2022,NIEHS,34784298,restIRP
2022,NIEHS,33467519,restIRP
2022,NIEHS,34062395,restIRP
2022,NIEHS,34112176,restIRP
2022,NIEHS,34339697,restIRP
2022,NIEHS,34637358,restIRP
2022,NIEHS,34682373,restIRP
2022,NIEHS,34899005,restIRP
2022,NIEHS,35429919,restIRP
2022,NIEHS,35452257,restIRP
2022,NIEHS,35461852,restIRP
2022,NIEHS,35473917,restIRP
2022,NIEHS,35490822,restIRP
2022,NIEHS,35548680,restIRP
2022,NIEHS,35609418,restIRP
2022,NIEHS,35741034,restIRP
2022,NIEHS,35473450,restIRP
2022,NIEHS,34417448,restIRP
2022,NIEHS,34464898,restIRP
2022,NIEHS,34509798,restIRP
2022,NIEHS,35037018,restIRP
2022,NIEHS,35468885,restIRP
2022,NIEHS,35815205,restIRP
2022,NIEHS,35223137,restIRP
2022,NIEHS,35778389,restIRP
2022,NIEHS,33441297,restIRP
2022,NIEHS,34791066,restIRP
2022,NIEHS,34791087,restIRP
2022,NIEHS,35094092,restIRP
2022,NIEHS,35154106,restIRP
2022,NIEHS,35225224,restIRP
2022,NIEHS,35352506,restIRP
2022,NIEHS,35372396,restIRP
2022,NIEHS,35414090,restIRP
2022,NIEHS,35443665,restIRP
2022,NIEHS,35762821,restIRP
2022,NIEHS,35902632,restIRP
2022,NIEHS,35961028,restIRP
2022,NIEHS,34487426,restIRP
2022,NIEHS,34751270,restIRP
2022,NIEHS,35476528,restIRP
2022,NIEHS,35545668,restIRP
2022,NIEHS,35613580,restIRP
2022,NIEHS,35643313,restIRP
2022,NIEHS,35778410,restIRP
2022,NIEHS,35779765,restIRP
2022,NIEHS,35801916,restIRP
2022,NIEHS,35839459,restIRP
2022,NIEHS,35914129,restIRP
2022,NIEHS,35947606,restIRP
2022,NIEHS,35997703,restIRP
2022,NIEHS,36029241,restIRP
2022,NIEHS,36570797,restIRP
2022,NIEHS,34957260,restIRP
2022,NIEHS,35103557,restIRP
2022,NIEHS,34740385,restIRP
2022,NIEHS,34999890,restIRP
2022,NIEHS,33630047,restIRP
2022,NIEHS,34875272,restIRP
2022,NIEHS,35005296,restIRP
2022,NIEHS,35121673,restIRP
2022,NIEHS,34552440,restIRP
2022,NIEHS,35486721,restIRP
2022,NIEHS,35984878,restIRP
2022,NIEHS,34485936,restIRP
2022,NIEHS,34718810,restIRP
2022,NIEHS,37020391,restIRP
2022,NIEHS,32467605,restIRP
2022,NIEHS,32987153,restIRP
2022,NIEHS,33497366,restIRP
2022,NIEHS,33569048,restIRP
2022,NIEHS,34358715,restIRP
2022,NIEHS,34502288,restIRP
2022,NIEHS,34718768,restIRP
2022,NIEHS,34774847,restIRP
2022,NIEHS,35262076,restIRP
2022,NIEHS,35611336,restIRP
2022,NIEHS,35680862,restIRP
2022,NIEHS,35717762,restIRP
2022,NIEHS,33504769,restIRP
2022,NIEHS,34105804,restIRP
2022,NIEHS,34485225,restIRP
2022,NIEHS,35522528,restIRP
2022,NIEHS,34629570,restIRP
2022,NIEHS,33517896,restIRP
2022,NIEHS,33517419,restIRP
2022,NIEHS,34429407,restIRP
2022,NIEHS,34588469,restIRP
2022,NIEHS,34855941,restIRP
2022,NIEHS,34905031,restIRP
2022,NIEHS,35034648,restIRP
2022,NIEHS,35448546,restIRP
2022,NIEHS,35536696,restIRP
2022,NIEHS,35790973,restIRP
2022,NIEHS,33475202,restIRP
2022,NIEHS,33649228,restIRP
2022,NIEHS,33659052,restIRP
2022,NIEHS,33785611,restIRP
2022,NIEHS,35467861,restIRP
2022,NIEHS,35635723,restIRP
2022,NIEHS,34088363,restIRP
2022,NIEHS,34887558,restIRP
2022,NIEHS,35859187,restIRP
2022,NIEHS,34908132,restIRP
2022,NIEHS,32660355,restIRP
2022,NIEHS,34115967,restIRP
2022,NIEHS,35753962,restIRP
2022,NIEHS,34604445,restIRP
2022,NIEHS,34777884,restIRP
2022,NIEHS,34942146,restIRP
2022,NIEHS,35860755,restIRP
2022,NIEHS,34286291,restIRP
2022,NIEHS,34510484,restIRP
2022,NIEHS,34609966,restIRP
2022,NIEHS,34871625,restIRP
2023,NIEHS,37371096,restIRP
2023,NIEHS,37524076,restIRP
2023,NIEHS,37572656,restIRP
2023,NIEHS,36084405,restIRP
2023,NIEHS,36222982,restIRP
2023,NIEHS,36228848,restIRP
2023,NIEHS,36245087,restIRP
2023,NIEHS,36642125,restIRP
2023,NIEHS,36917478,restIRP
2023,NIEHS,37018759,restIRP
2023,NIEHS,37224678,restIRP
2023,NIEHS,37542784,restIRP
2023,NIEHS,37821066,restIRP
2023,NIEHS,35474345,restIRP
2023,NIEHS,35899108,restIRP
2023,NIEHS,36142363,restIRP
2023,NIEHS,36279283,restIRP
2023,NIEHS,36383734,restIRP
2023,NIEHS,36542476,restIRP
2023,NIEHS,36638125,restIRP
2023,NIEHS,36909352,restIRP
2023,NIEHS,37242509,restIRP
2023,NIEHS,37242540,restIRP
2023,NIEHS,37371044,restIRP
2023,NIEHS,37415812,restIRP
2023,NIEHS,35195447,restIRP
2023,NIEHS,36201310,restIRP
2023,NIEHS,36398312,restIRP
2023,NIEHS,36436258,restIRP
2023,NIEHS,36562586,restIRP
2023,NIEHS,36749982,restIRP
2023,NIEHS,36849026,restIRP
2023,NIEHS,36880770,restIRP
2023,NIEHS,37152101,restIRP
2023,NIEHS,37158481,restIRP
2023,NIEHS,35856268,restIRP
2023,NIEHS,35872013,restIRP
2023,NIEHS,36323641,restIRP
2023,NIEHS,36843608,restIRP
2023,NIEHS,36999846,restIRP
2023,NIEHS,37491114,restIRP
2023,NIEHS,37578898,restIRP
2023,NIEHS,35816333,restIRP
2023,NIEHS,36244407,restIRP
2023,NIEHS,36346334,restIRP
2023,NIEHS,36460524,restIRP
2023,NIEHS,37403415,restIRP
2023,NIEHS,36793061,restIRP
2023,NIEHS,36084801,restIRP
2023,NIEHS,36130203,restIRP
2023,NIEHS,36328762,restIRP
2023,NIEHS,37459895,restIRP
2023,NIEHS,36312032,restIRP
2023,NIEHS,36525647,restIRP
2023,NIEHS,36867521,restIRP
2023,NIEHS,36918070,restIRP
2023,NIEHS,37126156,restIRP
2023,NIEHS,37252683,restIRP
2023,NIEHS,37280141,restIRP
2023,NIEHS,37312564,restIRP
2023,NIEHS,37396161,restIRP
2023,NIEHS,36767684,restIRP
2023,NIEHS,36823605,restIRP
2023,NIEHS,37194699,restIRP
2023,NIEHS,37235222,restIRP
2023,NIEHS,37415598,restIRP
2023,NIEHS,37441091,restIRP
2023,NIEHS,35648421,restIRP
2023,NIEHS,36259385,restIRP
2023,NIEHS,36328784,restIRP
2023,NIEHS,36623243,restIRP
2023,NIEHS,36703164,restIRP
2023,NIEHS,37381583,restIRP
2023,NIEHS,37426660,restIRP
2023,NIEHS,37467056,restIRP
2023,NIEHS,37559094,restIRP
2023,NIEHS,36152849,restIRP
2023,NIEHS,36311298,restIRP
2023,NIEHS,35027648,restIRP
2023,NIEHS,35103485,restIRP
2023,NIEHS,35104325,restIRP
2023,NIEHS,35110947,restIRP
2023,NIEHS,35150465,restIRP
2023,NIEHS,35175286,restIRP
2023,NIEHS,35253072,restIRP
2023,NIEHS,35266981,restIRP
2023,NIEHS,35274129,restIRP
2023,NIEHS,35390128,restIRP
2023,NIEHS,35390131,restIRP
2023,NIEHS,35785669,restIRP
2023,NIEHS,35921771,restIRP
2023,NIEHS,35929779,restIRP
2023,NIEHS,35939862,restIRP
2023,NIEHS,35940867,restIRP
2023,NIEHS,36177040,restIRP
2023,NIEHS,36210504,restIRP
2023,NIEHS,36303815,restIRP
2023,NIEHS,36403648,restIRP
2023,NIEHS,36586457,restIRP
2023,NIEHS,36603461,restIRP
2023,NIEHS,36629488,restIRP
2023,NIEHS,36806439,restIRP
2023,NIEHS,36974720,restIRP
2023,NIEHS,37149022,restIRP
2023,NIEHS,37149030,restIRP
2023,NIEHS,37224072,restIRP
2023,NIEHS,37334620,restIRP
2023,NIEHS,37346380,restIRP
2023,NIEHS,37594315,restIRP
2023,NIEHS,37261896,restIRP
2023,NIEHS,37770135,restIRP
2023,NIEHS,35985007,restIRP
2023,NIEHS,34591708,restIRP
2023,NIEHS,36843654,restIRP
2023,NIEHS,37072321,restIRP
2023,NIEHS,37476396,restIRP
2023,NIEHS,33405340,restIRP
2023,NIEHS,35083394,restIRP
2023,NIEHS,35916740,restIRP
2023,NIEHS,36165699,restIRP
2023,NIEHS,36408349,restIRP
2023,NIEHS,36548593,restIRP
2023,NIEHS,36548602,restIRP
2023,NIEHS,36788734,restIRP
2023,NIEHS,37197290,restIRP
2023,NIEHS,37579019,restIRP
2023,NIEHS,35148812,restIRP
2023,NIEHS,35981855,restIRP
2023,NIEHS,36755207,restIRP
2023,NIEHS,37078607,restIRP
2023,NIEHS,37471042,restIRP
2023,NIEHS,36268115,restIRP
2023,NIEHS,37382926,restIRP
2023,NIEHS,33974903,restIRP
2023,NIEHS,35031943,restIRP
2023,NIEHS,35056458,restIRP
2023,NIEHS,35067565,restIRP
2023,NIEHS,36104525,restIRP
2023,NIEHS,36414993,restIRP
2023,NIEHS,36588050,restIRP
2023,NIEHS,37148957,restIRP
2023,NIEHS,37231515,restIRP
2023,NIEHS,37507442,restIRP
2023,NIEHS,34058008,restIRP
2023,NIEHS,35895287,restIRP
2023,NIEHS,36120506,restIRP
2023,NIEHS,37489832,restIRP
2023,NIEHS,35891619,restIRP
2023,NIEHS,36647835,restIRP
2023,NIEHS,36960093,restIRP
2023,NIEHS,35029775,restIRP
2023,NIEHS,35813470,restIRP
2023,NIEHS,35915272,restIRP
2023,NIEHS,36321828,restIRP
2023,NIEHS,35715418,restIRP
2023,NIEHS,35776651,restIRP
2023,NIEHS,35880016,restIRP
2023,NIEHS,36373979,restIRP
2023,NIEHS,36623805,restIRP
2023,NIEHS,35622670,restIRP
2023,NIEHS,36204418,restIRP
2023,NIEHS,36430923,restIRP
2023,NIEHS,37099375,restIRP
2023,NIEHS,37339320,restIRP
2023,NIEHS,36326835,restIRP
2023,NIEHS,36995926,restIRP
2023,NIEHS,36822325,restIRP
2023,NIEHS,35289719,restIRP
2023,NIEHS,35882502,restIRP
2023,NIEHS,36121258,restIRP
2023,NIEHS,36505727,restIRP
2023,NIEHS,36800423,restIRP
2023,NIEHS,37085578,restIRP
2023,NIEHS,37216102,restIRP
2023,NIEHS,35995266,restIRP
2023,NIEHS,36102641,restIRP
2023,NIEHS,36301822,restIRP
2023,NIEHS,36301831,restIRP
2023,NIEHS,36719087,restIRP
2023,NIEHS,37045819,restIRP
2023,NIEHS,37229703,restIRP
2023,NIEHS,37537369,restIRP
2023,NIEHS,36539401,restIRP
2023,NIEHS,36351913,restIRP
2023,NIEHS,36687508,restIRP
2023,NIEHS,35909228,restIRP
2023,NIEHS,36027952,restIRP
2023,NIEHS,36241081,restIRP
2023,NIEHS,36400174,restIRP
2023,NIEHS,36841368,restIRP
2023,NIEHS,37001215,restIRP
2023,NIEHS,37606291,restIRP
2023,NIEHS,36470072,restIRP
2023,NIEHS,36612280,restIRP
2023,NIEHS,36739463,restIRP
2023,NIEHS,37336437,restIRP
2023,NIEHS,37558924,restIRP
2023,NIEHS,35901271,restIRP
2023,NIEHS,35984756,restIRP
2023,NIEHS,37231153,restIRP
2023,NIEHS,36788244,restIRP
2023,NIEHS,37235665,restIRP
2023,NIEHS,35649416,restIRP
2023,NIEHS,36171069,restIRP
2023,NIEHS,36478205,restIRP
2023,NIEHS,36580032,restIRP
2023,NIEHS,36657109,restIRP
2023,NIEHS,36661295,restIRP
2023,NIEHS,36929918,restIRP
2023,NIEHS,36929923,restIRP
2023,NIEHS,37144941,restIRP
2023,NIEHS,37286372,restIRP
2023,NIEHS,35835555,restIRP
2023,NIEHS,36721982,restIRP
2023,NIEHS,36741535,restIRP
2023,NIEHS,32855298,restIRP
2023,NIEHS,34729560,restIRP
2023,NIEHS,36001818,restIRP
2023,NIEHS,36067314,restIRP
2023,NIEHS,36227998,restIRP
2023,NIEHS,36941311,restIRP
2023,NIEHS,35072664,restIRP
2023,NIEHS,35073285,restIRP
2023,NIEHS,35073286,restIRP
2023,NIEHS,35073562,restIRP
2023,NIEHS,37250531,restIRP
2023,NIEHS,36589902,restIRP
2023,NIEHS,37061082,restIRP
2023,NIEHS,36706677,restIRP
2023,NIEHS,36821369,restIRP
2023,NIEHS,37127649,restIRP
2023,NIEHS,36962417,restIRP
2023,NIEHS,36247730,restIRP
2023,NIEHS,35028637,restIRP
2023,NIEHS,35572547,restIRP
2023,NIEHS,37122023,restIRP
2023,NIEHS,35154260,restIRP
2023,NIEHS,35279790,restIRP
2023,NIEHS,35316214,restIRP
2023,NIEHS,35550189,restIRP
2023,NIEHS,36263047,restIRP
2023,NIEHS,36269839,restIRP
2023,NIEHS,37535204,restIRP
2023,NIEHS,36738688,restIRP
2023,NIEHS,35097227,restIRP
2023,NIEHS,35293623,restIRP
2023,NIEHS,35331842,restIRP
2023,NIEHS,35563566,restIRP
2023,NIEHS,35689632,restIRP
2023,NIEHS,37555834,restIRP
2023,NIEHS,36198268,restIRP
2023,NIEHS,37592734,restIRP
2023,NIEHS,36762588,restIRP
2023,NIEHS,36971428,restIRP
2023,NIEHS,37159095,restIRP
2023,NIEHS,35145228,restIRP
2023,NIEHS,35254863,restIRP
2023,NIEHS,35385699,restIRP
2023,NIEHS,35467708,restIRP
2023,NIEHS,35766891,restIRP
2023,NIEHS,36006053,restIRP
2023,NIEHS,36213999,restIRP
2023,NIEHS,36569583,restIRP
2023,NIEHS,36700736,restIRP
2023,NIEHS,36914875,restIRP
2023,NIEHS,36974632,restIRP
2023,NIEHS,37093107,restIRP
2023,NIEHS,37392093,restIRP
2023,NIEHS,36533450,restIRP
2023,NIEHS,36182693,restIRP
2023,NIEHS,37427795,restIRP
2023,NIEHS,36065188,restIRP
2023,NIEHS,36801810,restIRP
2021,NIMH,32065076,NIMH
2021,NIMH,31996763,NIMH
2021,NIMH,33203742,NIMH
2021,NIMH,33542404,NIMH
2021,NIMH,34008916,NIMH
2021,NIMH,34009243,NIMH
2021,NIMH,32836087,NIMH
2021,NIMH,33074143,NIMH
2021,NIMH,33192714,NIMH
2021,NIMH,34220581,NIMH
2021,NIMH,33080229,NIMH
2021,NIMH,30108313,NIMH
2021,NIMH,32002143,NIMH
2021,NIMH,32444868,NIMH
2021,NIMH,32638919,NIMH
2021,NIMH,32683586,NIMH
2021,NIMH,32702738,NIMH
2021,NIMH,32869041,NIMH
2021,NIMH,33001331,NIMH
2021,NIMH,33263759,NIMH
2021,NIMH,33331195,NIMH
2021,NIMH,33472387,NIMH
2021,NIMH,33624124,NIMH
2021,NIMH,33854103,NIMH
2021,NIMH,34128464,NIMH
2021,NIMH,35452785,NIMH
2021,NIMH,32078800,NIMH
2021,NIMH,32143830,NIMH
2021,NIMH,32170019,NIMH
2021,NIMH,32515138,NIMH
2021,NIMH,32537627,NIMH
2021,NIMH,32620757,NIMH
2021,NIMH,32690678,NIMH
2021,NIMH,32831602,NIMH
2021,NIMH,32959043,NIMH
2021,NIMH,33667782,NIMH
2021,NIMH,32107139,NIMH
2021,NIMH,32314393,NIMH
2021,NIMH,33369747,NIMH
2021,NIMH,33550636,NIMH
2021,NIMH,33559393,NIMH
2021,NIMH,33833479,NIMH
2021,NIMH,33910615,NIMH
2021,NIMH,33962531,NIMH
2021,NIMH,34007002,NIMH
2021,NIMH,34023184,NIMH
2021,NIMH,34049209,NIMH
2021,NIMH,34050321,NIMH
2021,NIMH,34382689,NIMH
2021,NIMH,32075678,NIMH
2021,NIMH,32533064,NIMH
2021,NIMH,31445059,NIMH
2021,NIMH,31604917,NIMH
2021,NIMH,32302596,NIMH
2021,NIMH,33116314,NIMH
2021,NIMH,34236312,NIMH
2021,NIMH,32954409,NIMH
2021,NIMH,32992244,NIMH
2021,NIMH,33303679,NIMH
2021,NIMH,33563989,NIMH
2021,NIMH,33773241,NIMH
2021,NIMH,33799270,NIMH
2021,NIMH,33927342,NIMH
2021,NIMH,34103546,NIMH
2021,NIMH,31791675,NIMH
2021,NIMH,31928949,NIMH
2021,NIMH,31973999,NIMH
2021,NIMH,31995812,NIMH
2021,NIMH,32236521,NIMH
2021,NIMH,32252062,NIMH
2021,NIMH,32416543,NIMH
2021,NIMH,32459405,NIMH
2021,NIMH,32801348,NIMH
2021,NIMH,32861983,NIMH
2021,NIMH,33212404,NIMH
2021,NIMH,33945878,NIMH
2021,NIMH,34565652,NIMH
2021,NIMH,32303566,NIMH
2021,NIMH,32569795,NIMH
2021,NIMH,31811030,NIMH
2021,NIMH,32253361,NIMH
2021,NIMH,32259476,NIMH
2021,NIMH,33031743,NIMH
2021,NIMH,31264693,NIMH
2021,NIMH,32483289,NIMH
2021,NIMH,32908146,NIMH
2021,NIMH,33046861,NIMH
2021,NIMH,33285563,NIMH
2021,NIMH,33383478,NIMH
2021,NIMH,33497776,NIMH
2021,NIMH,33500275,NIMH
2021,NIMH,33563728,NIMH
2021,NIMH,34031795,NIMH
2021,NIMH,34099511,NIMH
2021,NIMH,31791039,NIMH
2021,NIMH,32307560,NIMH
2021,NIMH,33005039,NIMH
2021,NIMH,33150947,NIMH
2021,NIMH,33846229,NIMH
2021,NIMH,33950220,NIMH
2021,NIMH,33970290,NIMH
2021,NIMH,34254405,NIMH
2021,NIMH,30616705,NIMH
2021,NIMH,31955915,NIMH
2021,NIMH,32138938,NIMH
2021,NIMH,32252541,NIMH
2021,NIMH,32369878,NIMH
2021,NIMH,32452462,NIMH
2021,NIMH,32500960,NIMH
2021,NIMH,32592873,NIMH
2021,NIMH,32682075,NIMH
2021,NIMH,32787994,NIMH
2021,NIMH,33030612,NIMH
2021,NIMH,33385507,NIMH
2021,NIMH,33440203,NIMH
2021,NIMH,33517759,NIMH
2021,NIMH,33538051,NIMH
2021,NIMH,33703868,NIMH
2021,NIMH,34146888,NIMH
2021,NIMH,31932765,NIMH
2021,NIMH,32253509,NIMH
2021,NIMH,32498743,NIMH
2021,NIMH,32928886,NIMH
2021,NIMH,32984816,NIMH
2021,NIMH,33065012,NIMH
2021,NIMH,33278356,NIMH
2021,NIMH,33636119,NIMH
2021,NIMH,33710282,NIMH
2021,NIMH,33822908,NIMH
2021,NIMH,32095901,NIMH
2021,NIMH,32699316,NIMH
2021,NIMH,33551757,NIMH
2021,NIMH,33551759,NIMH
2021,NIMH,34189375,NIMH
2021,NIMH,34354220,NIMH
2021,NIMH,33796638,NIMH
2021,NIMH,34264694,NIMH
2021,NIMH,32220318,NIMH
2021,NIMH,32437761,NIMH
2021,NIMH,33156829,NIMH
2021,NIMH,33277552,NIMH
2021,NIMH,32584213,NIMH
2021,NIMH,32663842,NIMH
2021,NIMH,32790927,NIMH
2021,NIMH,32882144,NIMH
2021,NIMH,33294965,NIMH
2021,NIMH,33295573,NIMH
2021,NIMH,32839438,NIMH
2021,NIMH,33441847,NIMH
2021,NIMH,33558674,NIMH
2021,NIMH,33650257,NIMH
2021,NIMH,33927182,NIMH
2021,NIMH,33975707,NIMH
2021,NIMH,34002096,NIMH
2021,NIMH,34321704,NIMH
2021,NIMH,33626343,NIMH
2021,NIMH,32218435,NIMH
2021,NIMH,33038042,NIMH
2021,NIMH,33060182,NIMH
2021,NIMH,33192273,NIMH
2021,NIMH,33051346,NIMH
2021,NIMH,32521478,NIMH
2021,NIMH,32990357,NIMH
2021,NIMH,31838871,NIMH
2021,NIMH,31974374,NIMH
2021,NIMH,32456505,NIMH
2021,NIMH,33667672,NIMH
2021,NIMH,33771694,NIMH
2021,NIMH,33833224,NIMH
2021,NIMH,34487600,NIMH
2021,NIMH,32745641,NIMH
2021,NIMH,32826283,NIMH
2021,NIMH,33324266,NIMH
2021,NIMH,33444383,NIMH
2021,NIMH,33595445,NIMH
2021,NIMH,33638252,NIMH
2021,NIMH,33656940,NIMH
2021,NIMH,33721086,NIMH
2021,NIMH,34145010,NIMH
2021,NIMH,32173151,NIMH
2021,NIMH,33268547,NIMH
2021,NIMH,32835823,NIMH
2021,NIMH,32918972,NIMH
2021,NIMH,33798259,NIMH
2021,NIMH,33277492,NIMH
2021,NIMH,33522482,NIMH
2021,NIMH,31127422,NIMH
2021,NIMH,32022347,NIMH
2021,NIMH,32086029,NIMH
2021,NIMH,32235173,NIMH
2021,NIMH,32487323,NIMH
2021,NIMH,32925705,NIMH
2021,NIMH,32971436,NIMH
2021,NIMH,33306002,NIMH
2021,NIMH,33310014,NIMH
2021,NIMH,33637630,NIMH
2021,NIMH,33712380,NIMH
2021,NIMH,33810884,NIMH
2021,NIMH,34114309,NIMH
2021,NIMH,34219655,NIMH
2021,NIMH,34313741,NIMH
2021,NIMH,30376640,NIMH
2021,NIMH,31128268,NIMH
2021,NIMH,32138933,NIMH
2021,NIMH,32138941,NIMH
2021,NIMH,32167803,NIMH
2021,NIMH,33242544,NIMH
2021,NIMH,32329951,NIMH
2021,NIMH,32421647,NIMH
2021,NIMH,32885124,NIMH
2021,NIMH,30356121,NIMH
2021,NIMH,31372757,NIMH
2021,NIMH,31698079,NIMH
2021,NIMH,32483374,NIMH
2021,NIMH,32528270,NIMH
2021,NIMH,32845057,NIMH
2021,NIMH,33161103,NIMH
2021,NIMH,33181352,NIMH
2021,NIMH,33189929,NIMH
2021,NIMH,33211184,NIMH
2021,NIMH,33227425,NIMH
2021,NIMH,33299002,NIMH
2021,NIMH,33307224,NIMH
2021,NIMH,33462834,NIMH
2021,NIMH,33789138,NIMH
2021,NIMH,33896622,NIMH
2021,NIMH,34033914,NIMH
2021,NIMH,34262518,NIMH
2021,NIMH,32212718,NIMH
2021,NIMH,32359360,NIMH
2021,NIMH,32404505,NIMH
2021,NIMH,33060616,NIMH
2021,NIMH,33030409,NIMH
2021,NIMH,33104235,NIMH
2021,NIMH,33712461,NIMH
2021,NIMH,31957984,NIMH
2021,NIMH,32014552,NIMH
2021,NIMH,32038206,NIMH
2021,NIMH,32066739,NIMH
2021,NIMH,32099765,NIMH
2021,NIMH,32151567,NIMH
2021,NIMH,32187319,NIMH
2021,NIMH,32231523,NIMH
2021,NIMH,32279145,NIMH
2021,NIMH,32289719,NIMH
2021,NIMH,32349366,NIMH
2021,NIMH,32442638,NIMH
2021,NIMH,32636765,NIMH
2021,NIMH,32651051,NIMH
2021,NIMH,32663942,NIMH
2021,NIMH,32690618,NIMH
2021,NIMH,32985049,NIMH
2021,NIMH,33588322,NIMH
2021,NIMH,33924639,NIMH
2021,NIMH,34030059,NIMH
2021,NIMH,34074611,NIMH
2021,NIMH,34105708,NIMH
2021,NIMH,34182182,NIMH
2021,NIMH,34321597,NIMH
2021,NIMH,31399635,NIMH
2021,NIMH,31912366,NIMH
2021,NIMH,33333022,NIMH
2021,NIMH,33897375,NIMH
2021,NIMH,32601431,NIMH
2021,NIMH,32913109,NIMH
2021,NIMH,31924728,NIMH
2021,NIMH,31995256,NIMH
2021,NIMH,32172476,NIMH
2021,NIMH,32284396,NIMH
2021,NIMH,32399622,NIMH
2021,NIMH,32459101,NIMH
2021,NIMH,32803050,NIMH
2021,NIMH,33103560,NIMH
2021,NIMH,33055195,NIMH
2021,NIMH,33303681,NIMH
2021,NIMH,33589740,NIMH
2021,NIMH,33940617,NIMH
2022,NIMH,35186306,NIMH
2022,NIMH,35236846,NIMH
2022,NIMH,33384331,NIMH
2022,NIMH,33723070,NIMH
2022,NIMH,33879819,NIMH
2022,NIMH,35701489,NIMH
2022,NIMH,35903735,NIMH
2022,NIMH,32929215,NIMH
2022,NIMH,35692456,NIMH
2022,NIMH,35728680,NIMH
2022,NIMH,34642704,NIMH
2022,NIMH,34847615,NIMH
2022,NIMH,34921602,NIMH
2022,NIMH,35684987,NIMH
2022,NIMH,35697648,NIMH
2022,NIMH,31875881,NIMH
2022,NIMH,32746445,NIMH
2022,NIMH,33693614,NIMH
2022,NIMH,33704446,NIMH
2022,NIMH,33752588,NIMH
2022,NIMH,33811142,NIMH
2022,NIMH,34117759,NIMH
2022,NIMH,34244364,NIMH
2022,NIMH,34359014,NIMH
2022,NIMH,34519385,NIMH
2022,NIMH,34650408,NIMH
2022,NIMH,34817560,NIMH
2022,NIMH,34845719,NIMH
2022,NIMH,34911436,NIMH
2022,NIMH,34504056,NIMH
2022,NIMH,34518555,NIMH
2022,NIMH,34529251,NIMH
2022,NIMH,34559195,NIMH
2022,NIMH,34652576,NIMH
2022,NIMH,34716842,NIMH
2022,NIMH,34740315,NIMH
2022,NIMH,34913584,NIMH
2022,NIMH,35350914,NIMH
2022,NIMH,33853405,NIMH
2022,NIMH,33987672,NIMH
2022,NIMH,34012109,NIMH
2022,NIMH,34328413,NIMH
2022,NIMH,35770336,NIMH
2022,NIMH,35794012,NIMH
2022,NIMH,34379536,NIMH
2022,NIMH,34647770,NIMH
2022,NIMH,34660212,NIMH
2022,NIMH,34986350,NIMH
2022,NIMH,35468567,NIMH
2022,NIMH,35473766,NIMH
2022,NIMH,35492434,NIMH
2022,NIMH,35622896,NIMH
2022,NIMH,31732715,NIMH
2022,NIMH,33773443,NIMH
2022,NIMH,33795646,NIMH
2022,NIMH,33859356,NIMH
2022,NIMH,33929489,NIMH
2022,NIMH,34052834,NIMH
2022,NIMH,35189151,NIMH
2022,NIMH,35501309,NIMH
2022,NIMH,35768639,NIMH
2022,NIMH,36223450,NIMH
2022,NIMH,33463524,NIMH
2022,NIMH,33888613,NIMH
2022,NIMH,34727232,NIMH
2022,NIMH,35074880,NIMH
2022,NIMH,35597052,NIMH
2022,NIMH,35868861,NIMH
2022,NIMH,32004697,NIMH
2022,NIMH,32954946,NIMH
2022,NIMH,33095373,NIMH
2022,NIMH,33346031,NIMH
2022,NIMH,33386133,NIMH
2022,NIMH,33479511,NIMH
2022,NIMH,33634768,NIMH
2022,NIMH,33706867,NIMH
2022,NIMH,33738691,NIMH
2022,NIMH,33755265,NIMH
2022,NIMH,34111122,NIMH
2022,NIMH,34144216,NIMH
2022,NIMH,34599145,NIMH
2022,NIMH,34674235,NIMH
2022,NIMH,34674239,NIMH
2022,NIMH,34688897,NIMH
2022,NIMH,34737386,NIMH
2022,NIMH,34906711,NIMH
2022,NIMH,35036479,NIMH
2022,NIMH,35132952,NIMH
2022,NIMH,35136030,NIMH
2022,NIMH,35165974,NIMH
2022,NIMH,35189353,NIMH
2022,NIMH,35256733,NIMH
2022,NIMH,35297127,NIMH
2022,NIMH,35342779,NIMH
2022,NIMH,35613517,NIMH
2022,NIMH,35652602,NIMH
2022,NIMH,34795053,NIMH
2022,NIMH,35263138,NIMH
2022,NIMH,34452993,NIMH
2022,NIMH,35654604,NIMH
2022,NIMH,34671032,NIMH
2022,NIMH,35323869,NIMH
2022,NIMH,35389340,NIMH
2022,NIMH,32599006,NIMH
2022,NIMH,34024018,NIMH
2022,NIMH,34076503,NIMH
2022,NIMH,34724835,NIMH
2022,NIMH,34759268,NIMH
2022,NIMH,34867494,NIMH
2022,NIMH,35308882,NIMH
2022,NIMH,35606814,NIMH
2022,NIMH,32203155,NIMH
2022,NIMH,33431852,NIMH
2022,NIMH,34497278,NIMH
2022,NIMH,34845190,NIMH
2022,NIMH,34539512,NIMH
2022,NIMH,35325663,NIMH
2022,NIMH,35422527,NIMH
2022,NIMH,33432721,NIMH
2022,NIMH,35864848,NIMH
2022,NIMH,33527411,NIMH
2022,NIMH,33754230,NIMH
2022,NIMH,33836219,NIMH
2022,NIMH,35687680,NIMH
2022,NIMH,34083381,NIMH
2022,NIMH,33682938,NIMH
2022,NIMH,33735267,NIMH
2022,NIMH,33837086,NIMH
2022,NIMH,35752065,NIMH
2022,NIMH,33218283,NIMH
2022,NIMH,34132755,NIMH
2022,NIMH,34762337,NIMH
2022,NIMH,34820293,NIMH
2022,NIMH,35017298,NIMH
2022,NIMH,34401891,NIMH
2022,NIMH,34658255,NIMH
2022,NIMH,34762054,NIMH
2022,NIMH,34838604,NIMH
2022,NIMH,35030631,NIMH
2022,NIMH,35123338,NIMH
2022,NIMH,35291296,NIMH
2022,NIMH,35386056,NIMH
2022,NIMH,35677875,NIMH
2022,NIMH,33486153,NIMH
2022,NIMH,33960038,NIMH
2022,NIMH,34400158,NIMH
2022,NIMH,34741979,NIMH
2022,NIMH,35666232,NIMH
2022,NIMH,35841324,NIMH
2022,NIMH,34413514,NIMH
2022,NIMH,35923858,NIMH
2022,NIMH,33574462,NIMH
2022,NIMH,33948606,NIMH
2022,NIMH,34033972,NIMH
2022,NIMH,34382119,NIMH
2022,NIMH,34671781,NIMH
2022,NIMH,34798488,NIMH
2022,NIMH,34995831,NIMH
2022,NIMH,35605238,NIMH
2022,NIMH,33692176,NIMH
2022,NIMH,33975068,NIMH
2022,NIMH,34060361,NIMH
2022,NIMH,34086728,NIMH
2022,NIMH,34147585,NIMH
2022,NIMH,34390050,NIMH
2022,NIMH,34438022,NIMH
2022,NIMH,34706463,NIMH
2022,NIMH,35641787,NIMH
2022,NIMH,35794298,NIMH
2022,NIMH,35944754,NIMH
2022,NIMH,37622161,NIMH
2022,NIMH,34371135,NIMH
2022,NIMH,34675189,NIMH
2022,NIMH,34838750,NIMH
2022,NIMH,35780660,NIMH
2022,NIMH,33813007,NIMH
2022,NIMH,34273456,NIMH
2022,NIMH,34364993,NIMH
2022,NIMH,32788687,NIMH
2022,NIMH,33470755,NIMH
2022,NIMH,34035477,NIMH
2022,NIMH,34097071,NIMH
2022,NIMH,32978284,NIMH
2022,NIMH,33491441,NIMH
2022,NIMH,33796956,NIMH
2022,NIMH,34151207,NIMH
2022,NIMH,34756026,NIMH
2022,NIMH,34766247,NIMH
2022,NIMH,35027372,NIMH
2022,NIMH,35209743,NIMH
2022,NIMH,35772961,NIMH
2022,NIMH,34050024,NIMH
2022,NIMH,34433830,NIMH
2022,NIMH,34838844,NIMH
2022,NIMH,35132885,NIMH
2022,NIMH,35767957,NIMH
2022,NIMH,35997251,NIMH
2022,NIMH,34551415,NIMH
2022,NIMH,34651464,NIMH
2022,NIMH,34974116,NIMH
2022,NIMH,35038479,NIMH
2022,NIMH,35377345,NIMH
2022,NIMH,35572122,NIMH
2022,NIMH,35745751,NIMH
2022,NIMH,35795258,NIMH
2022,NIMH,34916590,NIMH
2022,NIMH,35027407,NIMH
2022,NIMH,35042795,NIMH
2022,NIMH,34293414,NIMH
2022,NIMH,34649926,NIMH
2022,NIMH,35332326,NIMH
2022,NIMH,33479620,NIMH
2022,NIMH,33890705,NIMH
2022,NIMH,34363068,NIMH
2022,NIMH,35017259,NIMH
2022,NIMH,34614419,NIMH
2022,NIMH,34927540,NIMH
2022,NIMH,35122262,NIMH
2022,NIMH,35169716,NIMH
2022,NIMH,35584788,NIMH
2022,NIMH,35688289,NIMH
2023,NIMH,36849591,NIMH
2023,NIMH,35288121,NIMH
2023,NIMH,35546886,NIMH
2023,NIMH,35851328,NIMH
2023,NIMH,36257690,NIMH
2023,NIMH,36805499,NIMH
2023,NIMH,37002277,NIMH
2023,NIMH,36008415,NIMH
2023,NIMH,36772948,NIMH
2023,NIMH,36578652,NIMH
2023,NIMH,36610394,NIMH
2023,NIMH,36912623,NIMH
2023,NIMH,35354053,NIMH
2023,NIMH,35388223,NIMH
2023,NIMH,35393403,NIMH
2023,NIMH,35544191,NIMH
2023,NIMH,35730989,NIMH
2023,NIMH,35868430,NIMH
2023,NIMH,35939696,NIMH
2023,NIMH,36203018,NIMH
2023,NIMH,36309332,NIMH
2023,NIMH,36342372,NIMH
2023,NIMH,36631267,NIMH
2023,NIMH,36697121,NIMH
2023,NIMH,36803654,NIMH
2023,NIMH,37192167,NIMH
2023,NIMH,37480975,NIMH
2023,NIMH,34981308,NIMH
2023,NIMH,35093143,NIMH
2023,NIMH,35876076,NIMH
2023,NIMH,36562498,NIMH
2023,NIMH,36973172,NIMH
2023,NIMH,37276389,NIMH
2023,NIMH,36716320,NIMH
2023,NIMH,35092868,NIMH
2023,NIMH,35194167,NIMH
2023,NIMH,35732692,NIMH
2023,NIMH,37536999,NIMH
2023,NIMH,35245431,NIMH
2023,NIMH,35494244,NIMH
2023,NIMH,36104281,NIMH
2023,NIMH,37024449,NIMH
2023,NIMH,36316315,NIMH
2023,NIMH,36459788,NIMH
2023,NIMH,36791506,NIMH
2023,NIMH,36847339,NIMH
2023,NIMH,37012369,NIMH
2023,NIMH,37023490,NIMH
2023,NIMH,37126552,NIMH
2023,NIMH,35358745,NIMH
2023,NIMH,36442665,NIMH
2023,NIMH,36044550,NIMH
2023,NIMH,36335105,NIMH
2023,NIMH,36961903,NIMH
2023,NIMH,36976252,NIMH
2023,NIMH,37137888,NIMH
2023,NIMH,36319119,NIMH
2023,NIMH,36273204,NIMH
2023,NIMH,36309512,NIMH
2023,NIMH,37479723,NIMH
2023,NIMH,35039102,NIMH
2023,NIMH,37030330,NIMH
2023,NIMH,35048876,NIMH
2023,NIMH,35225756,NIMH
2023,NIMH,36882501,NIMH
2023,NIMH,36932057,NIMH
2023,NIMH,37528149,NIMH
2023,NIMH,36525362,NIMH
2023,NIMH,36714202,NIMH
2023,NIMH,36781221,NIMH
2023,NIMH,37497043,NIMH
2023,NIMH,36311277,NIMH
2023,NIMH,36837829,NIMH
2023,NIMH,37183798,NIMH
2023,NIMH,37500714,NIMH
2023,NIMH,33712377,NIMH
2023,NIMH,35922549,NIMH
2023,NIMH,36648999,NIMH
2023,NIMH,36104774,NIMH
2023,NIMH,36273745,NIMH
2023,NIMH,36345264,NIMH
2023,NIMH,36501197,NIMH
2023,NIMH,36528859,NIMH
2023,NIMH,36694157,NIMH
2023,NIMH,36788583,NIMH
2023,NIMH,37338905,NIMH
2023,NIMH,37430261,NIMH
2023,NIMH,37538853,NIMH
2023,NIMH,37309259,NIMH
2023,NIMH,36269044,NIMH
2023,NIMH,36867023,NIMH
2023,NIMH,36858826,NIMH
2023,NIMH,35089540,NIMH
2023,NIMH,35248306,NIMH
2023,NIMH,35618222,NIMH
2023,NIMH,35876450,NIMH
2023,NIMH,36071616,NIMH
2023,NIMH,36094488,NIMH
2023,NIMH,36384062,NIMH
2023,NIMH,36574583,NIMH
2023,NIMH,36789551,NIMH
2023,NIMH,37105760,NIMH
2023,NIMH,37301325,NIMH
2023,NIMH,36287532,NIMH
2023,NIMH,36325887,NIMH
2023,NIMH,36977629,NIMH
2023,NIMH,37062362,NIMH
2023,NIMH,37327955,NIMH
2023,NIMH,37359142,NIMH
2023,NIMH,37431391,NIMH
2023,NIMH,36456558,NIMH
2023,NIMH,36793774,NIMH
2023,NIMH,37116766,NIMH
2023,NIMH,37253795,NIMH
2023,NIMH,35781079,NIMH
2023,NIMH,37090794,NIMH
2023,NIMH,37243588,NIMH
2023,NIMH,36782063,NIMH
2023,NIMH,37372414,NIMH
2023,NIMH,35798558,NIMH
2023,NIMH,37249618,NIMH
2023,NIMH,35453132,NIMH
2023,NIMH,35642516,NIMH
2023,NIMH,36115809,NIMH
2023,NIMH,36240726,NIMH
2023,NIMH,36280099,NIMH
2023,NIMH,36482369,NIMH
2023,NIMH,36548994,NIMH
2023,NIMH,36746924,NIMH
2023,NIMH,36780560,NIMH
2023,NIMH,36878110,NIMH
2023,NIMH,36922930,NIMH
2023,NIMH,36925066,NIMH
2023,NIMH,37196934,NIMH
2023,NIMH,37198960,NIMH
2023,NIMH,37400828,NIMH
2023,NIMH,37519467,NIMH
2023,NIMH,36441759,NIMH
2023,NIMH,36163279,NIMH
2023,NIMH,36380233,NIMH
2023,NIMH,36694041,NIMH
2023,NIMH,37037607,NIMH
2023,NIMH,37133648,NIMH
2023,NIMH,36316563,NIMH
2023,NIMH,36958466,NIMH
2023,NIMH,35996540,NIMH
2023,NIMH,36608175,NIMH
2023,NIMH,36652272,NIMH
2023,NIMH,37017827,NIMH
2023,NIMH,36414405,NIMH
2021,NIMHD,33667782,restIRP
2021,NIMHD,34215871,restIRP
2021,NIMHD,32132128,restIRP
2021,NIMHD,32391864,restIRP
2021,NIMHD,32622645,restIRP
2021,NIMHD,32915234,restIRP
2021,NIMHD,32931935,restIRP
2021,NIMHD,33158179,restIRP
2021,NIMHD,33219026,restIRP
2021,NIMHD,33250621,restIRP
2021,NIMHD,33526872,restIRP
2021,NIMHD,33563263,restIRP
2021,NIMHD,33937608,restIRP
2021,NIMHD,33937611,restIRP
2021,NIMHD,34115967,restIRP
2021,NIMHD,34244895,restIRP
2021,NIMHD,34386746,restIRP
2021,NIMHD,34407795,restIRP
2021,NIMHD,31927591,restIRP
2021,NIMHD,31981644,restIRP
2021,NIMHD,32560342,restIRP
2021,NIMHD,33208132,restIRP
2021,NIMHD,33372564,restIRP
2021,NIMHD,33511044,restIRP
2021,NIMHD,32336559,restIRP
2021,NIMHD,33048127,restIRP
2021,NIMHD,33154031,restIRP
2021,NIMHD,33341182,restIRP
2021,NIMHD,33364325,restIRP
2021,NIMHD,33574564,restIRP
2021,NIMHD,33592090,restIRP
2021,NIMHD,33632805,restIRP
2021,NIMHD,33667467,restIRP
2021,NIMHD,33821743,restIRP
2021,NIMHD,34086845,restIRP
2021,NIMHD,34299759,restIRP
2021,NIMHD,32650787,restIRP
2021,NIMHD,33371027,restIRP
2021,NIMHD,31911546,restIRP
2021,NIMHD,32321568,restIRP
2021,NIMHD,33410471,restIRP
2021,NIMHD,33511996,restIRP
2021,NIMHD,34611667,restIRP
2021,NIMHD,34650589,restIRP
2021,NIMHD,34733313,restIRP
2021,NIMHD,34966482,restIRP
2021,NIMHD,32842872,restIRP
2021,NIMHD,34066049,restIRP
2021,NIMHD,34342260,restIRP
2021,NIMHD,32879892,restIRP
2021,NIMHD,33342316,restIRP
2021,NIMHD,33382041,restIRP
2021,NIMHD,33646963,restIRP
2021,NIMHD,33941582,restIRP
2022,NIMHD,34117112,restIRP
2022,NIMHD,35005182,restIRP
2022,NIMHD,35381348,restIRP
2022,NIMHD,35699190,restIRP
2022,NIMHD,33933283,restIRP
2022,NIMHD,34127301,restIRP
2022,NIMHD,34379251,restIRP
2022,NIMHD,34475161,restIRP
2022,NIMHD,34606321,restIRP
2022,NIMHD,34619742,restIRP
2022,NIMHD,34794175,restIRP
2022,NIMHD,34868830,restIRP
2022,NIMHD,34988044,restIRP
2022,NIMHD,34998436,restIRP
2022,NIMHD,35039947,restIRP
2022,NIMHD,35232996,restIRP
2022,NIMHD,35592895,restIRP
2022,NIMHD,35639484,restIRP
2022,NIMHD,35717994,restIRP
2022,NIMHD,35829986,restIRP
2022,NIMHD,35967922,restIRP
2022,NIMHD,35984990,restIRP
2022,NIMHD,36002845,restIRP
2022,NIMHD,33718323,restIRP
2022,NIMHD,33729186,restIRP
2022,NIMHD,33941168,restIRP
2022,NIMHD,34836465,restIRP
2022,NIMHD,34952199,restIRP
2022,NIMHD,35150465,restIRP
2022,NIMHD,35537056,restIRP
2022,NIMHD,35650549,restIRP
2022,NIMHD,35651993,restIRP
2022,NIMHD,35681947,restIRP
2022,NIMHD,35771945,restIRP
2022,NIMHD,35898195,restIRP
2022,NIMHD,35955060,restIRP
2022,NIMHD,36078786,restIRP
2022,NIMHD,34487749,restIRP
2022,NIMHD,34766643,restIRP
2022,NIMHD,35228079,restIRP
2022,NIMHD,35266149,restIRP
2022,NIMHD,35457307,restIRP
2022,NIMHD,35682264,restIRP
2022,NIMHD,35749867,restIRP
2022,NIMHD,35820496,restIRP
2022,NIMHD,35901840,restIRP
2022,NIMHD,35994174,restIRP
2022,NIMHD,32691611,restIRP
2022,NIMHD,33681448,restIRP
2022,NIMHD,33778019,restIRP
2022,NIMHD,34831926,restIRP
2022,NIMHD,35816374,restIRP
2023,NIMHD,36684993,restIRP
2023,NIMHD,37017086,restIRP
2023,NIMHD,37126156,restIRP
2023,NIMHD,35913542,restIRP
2023,NIMHD,35944710,restIRP
2023,NIMHD,36029183,restIRP
2023,NIMHD,36265162,restIRP
2023,NIMHD,36360602,restIRP
2023,NIMHD,36421749,restIRP
2023,NIMHD,36962397,restIRP
2023,NIMHD,37067915,restIRP
2023,NIMHD,37097810,restIRP
2023,NIMHD,37244545,restIRP
2023,NIMHD,37554349,restIRP
2023,NIMHD,34301838,restIRP
2023,NIMHD,34697090,restIRP
2023,NIMHD,35780974,restIRP
2023,NIMHD,36156283,restIRP
2023,NIMHD,36220674,restIRP
2023,NIMHD,36325251,restIRP
2023,NIMHD,36412209,restIRP
2023,NIMHD,36417791,restIRP
2023,NIMHD,36483578,restIRP
2023,NIMHD,36767383,restIRP
2023,NIMHD,36767414,restIRP
2023,NIMHD,36871639,restIRP
2023,NIMHD,36963472,restIRP
2023,NIMHD,37004012,restIRP
2023,NIMHD,37294098,restIRP
2023,NIMHD,37336095,restIRP
2023,NIMHD,37193404,restIRP
2023,NIMHD,35047841,restIRP
2023,NIMHD,35064017,restIRP
2023,NIMHD,35772650,restIRP
2023,NIMHD,36068478,restIRP
2023,NIMHD,36304842,restIRP
2023,NIMHD,36313969,restIRP
2023,NIMHD,36538317,restIRP
2023,NIMHD,36928108,restIRP
2023,NIMHD,36963080,restIRP
2023,NIMHD,37114803,restIRP
2023,NIMHD,37514109,restIRP
2023,NIMHD,35229211,restIRP
2023,NIMHD,36260413,restIRP
2023,NIMHD,36414998,restIRP
2023,NIMHD,36624533,restIRP
2023,NIMHD,36863851,restIRP
2023,NIMHD,36876231,restIRP
2023,NIMHD,36932332,restIRP
2023,NIMHD,37007686,restIRP
2023,NIMHD,37042413,restIRP
2023,NIMHD,37074947,restIRP
2023,NIMHD,37145128,restIRP
2023,NIMHD,37280141,restIRP
2023,NIMHD,37351533,restIRP
2023,NIMHD,37483650,restIRP
2023,NIMHD,37600165,restIRP
2023,NIMHD,37638353,restIRP
2021,NINDS,31972283,restIRP
2021,NINDS,32335077,restIRP
2021,NINDS,32556241,restIRP
2021,NINDS,32638424,restIRP
2021,NINDS,32662913,restIRP
2021,NINDS,32665027,restIRP
2021,NINDS,32763897,restIRP
2021,NINDS,32828923,restIRP
2021,NINDS,32913109,restIRP
2021,NINDS,33353972,restIRP
2021,NINDS,33378608,restIRP
2021,NINDS,33420210,restIRP
2021,NINDS,33538073,restIRP
2021,NINDS,33654672,restIRP
2021,NINDS,33955213,restIRP
2021,NINDS,33219145,restIRP
2021,NINDS,33742095,restIRP
2021,NINDS,34103343,restIRP
2021,NINDS,32724196,restIRP
2021,NINDS,32690972,restIRP
2021,NINDS,33522897,restIRP
2021,NINDS,33591273,restIRP
2021,NINDS,33229545,restIRP
2021,NINDS,33383587,restIRP
2021,NINDS,33462791,restIRP
2021,NINDS,33475954,restIRP
2021,NINDS,33556144,restIRP
2021,NINDS,33637630,restIRP
2021,NINDS,33693440,restIRP
2021,NINDS,33710649,restIRP
2021,NINDS,33993053,restIRP
2021,NINDS,33326662,restIRP
2021,NINDS,32571898,restIRP
2021,NINDS,32585628,restIRP
2021,NINDS,32776697,restIRP
2021,NINDS,32925083,restIRP
2021,NINDS,32993373,restIRP
2021,NINDS,33057202,restIRP
2021,NINDS,33217308,restIRP
2021,NINDS,33397769,restIRP
2021,NINDS,33441455,restIRP
2021,NINDS,33510158,restIRP
2021,NINDS,33559681,restIRP
2021,NINDS,33750322,restIRP
2021,NINDS,33755597,restIRP
2021,NINDS,33963192,restIRP
2021,NINDS,34011573,restIRP
2021,NINDS,34059824,restIRP
2021,NINDS,34240052,restIRP
2021,NINDS,34281576,restIRP
2021,NINDS,33543803,restIRP
2021,NINDS,34057829,restIRP
2021,NINDS,34419119,restIRP
2021,NINDS,32799417,restIRP
2021,NINDS,32818883,restIRP
2021,NINDS,32901254,restIRP
2021,NINDS,32955488,restIRP
2021,NINDS,32961401,restIRP
2021,NINDS,33090071,restIRP
2021,NINDS,33149302,restIRP
2021,NINDS,33170776,restIRP
2021,NINDS,33177959,restIRP
2021,NINDS,33395989,restIRP
2021,NINDS,33693571,restIRP
2021,NINDS,33754887,restIRP
2021,NINDS,33757115,restIRP
2021,NINDS,34086012,restIRP
2021,NINDS,34088875,restIRP
2021,NINDS,34215150,restIRP
2021,NINDS,34302788,restIRP
2021,NINDS,34390015,restIRP
2021,NINDS,32945260,restIRP
2021,NINDS,30626912,restIRP
2021,NINDS,30883109,restIRP
2021,NINDS,31604917,restIRP
2021,NINDS,31665630,restIRP
2021,NINDS,32019899,restIRP
2021,NINDS,32054879,restIRP
2021,NINDS,32342685,restIRP
2021,NINDS,32865974,restIRP
2021,NINDS,32969645,restIRP
2021,NINDS,32164435,restIRP
2021,NINDS,32579581,restIRP
2021,NINDS,32945121,restIRP
2021,NINDS,33216462,restIRP
2021,NINDS,33589841,restIRP
2021,NINDS,33677553,restIRP
2021,NINDS,33894018,restIRP
2021,NINDS,33981791,restIRP
2021,NINDS,33991113,restIRP
2021,NINDS,34076298,restIRP
2021,NINDS,34144933,restIRP
2021,NINDS,34246578,restIRP
2021,NINDS,31719114,restIRP
2021,NINDS,32183977,restIRP
2021,NINDS,32338760,restIRP
2021,NINDS,32706155,restIRP
2021,NINDS,33685343,restIRP
2021,NINDS,32094187,restIRP
2021,NINDS,32152116,restIRP
2021,NINDS,32503876,restIRP
2021,NINDS,33439121,restIRP
2021,NINDS,33462481,restIRP
2021,NINDS,33497361,restIRP
2021,NINDS,34083229,restIRP
2021,NINDS,34206262,restIRP
2021,NINDS,34428178,restIRP
2021,NINDS,32705457,restIRP
2021,NINDS,33030435,restIRP
2021,NINDS,33520712,restIRP
2021,NINDS,33611592,restIRP
2021,NINDS,33709018,restIRP
2021,NINDS,34320218,restIRP
2021,NINDS,33465062,restIRP
2021,NINDS,33629685,restIRP
2021,NINDS,33634751,restIRP
2021,NINDS,34235409,restIRP
2021,NINDS,31929531,restIRP
2021,NINDS,32313949,restIRP
2021,NINDS,33189929,restIRP
2021,NINDS,31689535,restIRP
2021,NINDS,32145438,restIRP
2021,NINDS,32613032,restIRP
2021,NINDS,33480108,restIRP
2021,NINDS,34364993,restIRP
2021,NINDS,34083252,restIRP
2021,NINDS,32337341,restIRP
2021,NINDS,32339736,restIRP
2021,NINDS,32340193,restIRP
2021,NINDS,32342332,restIRP
2021,NINDS,32620877,restIRP
2021,NINDS,32724039,restIRP
2021,NINDS,33023913,restIRP
2021,NINDS,33325656,restIRP
2021,NINDS,33057193,restIRP
2021,NINDS,33087444,restIRP
2021,NINDS,33077947,restIRP
2021,NINDS,33381761,restIRP
2021,NINDS,33627872,restIRP
2021,NINDS,34112787,restIRP
2021,NINDS,34000417,restIRP
2021,NINDS,32243781,restIRP
2021,NINDS,32446925,restIRP
2021,NINDS,32496194,restIRP
2021,NINDS,32601459,restIRP
2021,NINDS,33247100,restIRP
2021,NINDS,33556791,restIRP
2021,NINDS,33693588,restIRP
2021,NINDS,34290240,restIRP
2021,NINDS,34324277,restIRP
2021,NINDS,34354282,restIRP
2021,NINDS,34113010,restIRP
2021,NINDS,31957062,restIRP
2021,NINDS,32641584,restIRP
2021,NINDS,33575118,restIRP
2021,NINDS,33646171,restIRP
2021,NINDS,33884143,restIRP
2021,NINDS,33979606,restIRP
2021,NINDS,34084490,restIRP
2021,NINDS,34417184,restIRP
2021,NINDS,33667877,restIRP
2021,NINDS,32054451,restIRP
2021,NINDS,32228304,restIRP
2021,NINDS,32508732,restIRP
2021,NINDS,32614835,restIRP
2021,NINDS,32807487,restIRP
2021,NINDS,33176180,restIRP
2021,NINDS,33210039,restIRP
2021,NINDS,33363505,restIRP
2021,NINDS,33472921,restIRP
2021,NINDS,33687142,restIRP
2021,NINDS,33829156,restIRP
2021,NINDS,34284378,restIRP
2021,NINDS,32687898,restIRP
2021,NINDS,33967725,restIRP
2021,NINDS,34107255,restIRP
2021,NINDS,34210989,restIRP
2021,NINDS,33220232,restIRP
2021,NINDS,33508244,restIRP
2021,NINDS,33565025,restIRP
2021,NINDS,33658361,restIRP
2021,NINDS,33930031,restIRP
2021,NINDS,34767787,restIRP
2021,NINDS,31918151,restIRP
2021,NINDS,32042569,restIRP
2021,NINDS,32175656,restIRP
2021,NINDS,32193164,restIRP
2021,NINDS,32417700,restIRP
2021,NINDS,32428227,restIRP
2021,NINDS,32535288,restIRP
2021,NINDS,32791313,restIRP
2021,NINDS,32796128,restIRP
2021,NINDS,32827221,restIRP
2021,NINDS,32864186,restIRP
2021,NINDS,32883381,restIRP
2021,NINDS,32927211,restIRP
2021,NINDS,33010725,restIRP
2021,NINDS,33097635,restIRP
2021,NINDS,33150096,restIRP
2021,NINDS,33329355,restIRP
2021,NINDS,32878961,restIRP
2021,NINDS,33840591,restIRP
2021,NINDS,31968264,restIRP
2021,NINDS,33201688,restIRP
2021,NINDS,33207181,restIRP
2021,NINDS,33464298,restIRP
2021,NINDS,33767446,restIRP
2021,NINDS,33831364,restIRP
2021,NINDS,33940617,restIRP
2021,NINDS,33106803,restIRP
2021,NINDS,33984026,restIRP
2021,NINDS,32232325,restIRP
2021,NINDS,32714280,restIRP
2021,NINDS,34074746,restIRP
2021,NINDS,32817065,restIRP
2021,NINDS,34282048,restIRP
2021,NINDS,34349010,restIRP
2021,NINDS,34431373,restIRP
2021,NINDS,32516362,restIRP
2021,NINDS,33029617,restIRP
2021,NINDS,33201170,restIRP
2021,NINDS,34083262,restIRP
2021,NINDS,32939452,restIRP
2021,NINDS,33556161,restIRP
2021,NINDS,34115967,restIRP
2021,NINDS,34302487,restIRP
2021,NINDS,34521765,restIRP
2021,NINDS,32329951,restIRP
2021,NINDS,31919423,restIRP
2021,NINDS,32798317,restIRP
2021,NINDS,32846874,restIRP
2021,NINDS,34098250,restIRP
2021,NINDS,31958187,restIRP
2021,NINDS,31983538,restIRP
2021,NINDS,32098967,restIRP
2021,NINDS,32601912,restIRP
2021,NINDS,33107653,restIRP
2021,NINDS,33208543,restIRP
2021,NINDS,33242422,restIRP
2021,NINDS,33341150,restIRP
2021,NINDS,30730246,restIRP
2021,NINDS,32620176,restIRP
2021,NINDS,33168705,restIRP
2021,NINDS,34161903,restIRP
2021,NINDS,33314354,restIRP
2021,NINDS,33414275,restIRP
2021,NINDS,33443156,restIRP
2021,NINDS,33066817,restIRP
2021,NINDS,34082785,restIRP
2021,NINDS,33761345,restIRP
2021,NINDS,32937133,restIRP
2021,NINDS,32130884,restIRP
2021,NINDS,33020662,restIRP
2022,NINDS,33739417,restIRP
2022,NINDS,34445399,restIRP
2022,NINDS,34748596,restIRP
2022,NINDS,34775619,restIRP
2022,NINDS,34801823,restIRP
2022,NINDS,34957633,restIRP
2022,NINDS,35510986,restIRP
2022,NINDS,35953450,restIRP
2022,NINDS,35179228,restIRP
2022,NINDS,36609526,restIRP
2022,NINDS,34022132,restIRP
2022,NINDS,34912111,restIRP
2022,NINDS,34584091,restIRP
2022,NINDS,34588430,restIRP
2022,NINDS,33511235,restIRP
2022,NINDS,33813917,restIRP
2022,NINDS,33983376,restIRP
2022,NINDS,34145313,restIRP
2022,NINDS,34326180,restIRP
2022,NINDS,34382119,restIRP
2022,NINDS,34670817,restIRP
2022,NINDS,35611338,restIRP
2022,NINDS,35182524,restIRP
2022,NINDS,34114613,restIRP
2022,NINDS,34581780,restIRP
2022,NINDS,34729958,restIRP
2022,NINDS,34779586,restIRP
2022,NINDS,35694931,restIRP
2022,NINDS,35844027,restIRP
2022,NINDS,32318692,restIRP
2022,NINDS,32476593,restIRP
2022,NINDS,34418400,restIRP
2022,NINDS,34487221,restIRP
2022,NINDS,34497421,restIRP
2022,NINDS,34644666,restIRP
2022,NINDS,34851712,restIRP
2022,NINDS,35026625,restIRP
2022,NINDS,35027474,restIRP
2022,NINDS,35142571,restIRP
2022,NINDS,35297114,restIRP
2022,NINDS,35674284,restIRP
2022,NINDS,35713309,restIRP
2022,NINDS,35747540,restIRP
2022,NINDS,35748669,restIRP
2022,NINDS,35767314,restIRP
2022,NINDS,35792417,restIRP
2022,NINDS,33221389,restIRP
2022,NINDS,33589583,restIRP
2022,NINDS,33820956,restIRP
2022,NINDS,33859356,restIRP
2022,NINDS,34353882,restIRP
2022,NINDS,35194167,restIRP
2022,NINDS,35768639,restIRP
2022,NINDS,34919634,restIRP
2022,NINDS,35260194,restIRP
2022,NINDS,35457170,restIRP
2022,NINDS,35621196,restIRP
2022,NINDS,34495738,restIRP
2022,NINDS,35990703,restIRP
2022,NINDS,34556874,restIRP
2022,NINDS,34644563,restIRP
2022,NINDS,34792530,restIRP
2022,NINDS,35145086,restIRP
2022,NINDS,35354951,restIRP
2022,NINDS,35373177,restIRP
2022,NINDS,35523960,restIRP
2022,NINDS,33692351,restIRP
2022,NINDS,35857718,restIRP
2022,NINDS,34033914,restIRP
2022,NINDS,34041478,restIRP
2022,NINDS,34890597,restIRP
2022,NINDS,35106536,restIRP
2022,NINDS,34326420,restIRP
2022,NINDS,35746716,restIRP
2022,NINDS,33960930,restIRP
2022,NINDS,34624401,restIRP
2022,NINDS,35801347,restIRP
2022,NINDS,35796425,restIRP
2022,NINDS,33777639,restIRP
2022,NINDS,34257421,restIRP
2022,NINDS,34335453,restIRP
2022,NINDS,34448046,restIRP
2022,NINDS,34598155,restIRP
2022,NINDS,35022322,restIRP
2022,NINDS,35118385,restIRP
2022,NINDS,35477752,restIRP
2022,NINDS,35875691,restIRP
2022,NINDS,33979604,restIRP
2022,NINDS,34616066,restIRP
2022,NINDS,34616075,restIRP
2022,NINDS,33597751,restIRP
2022,NINDS,35670560,restIRP
2022,NINDS,35397211,restIRP
2022,NINDS,34485806,restIRP
2022,NINDS,34779398,restIRP
2022,NINDS,35288121,restIRP
2022,NINDS,34353896,restIRP
2022,NINDS,31942037,restIRP
2022,NINDS,33554969,restIRP
2022,NINDS,34725572,restIRP
2022,NINDS,35741698,restIRP
2022,NINDS,35867854,restIRP
2022,NINDS,36072267,restIRP
2022,NINDS,35302848,restIRP
2022,NINDS,35788586,restIRP
2022,NINDS,35921424,restIRP
2022,NINDS,34415061,restIRP
2022,NINDS,34884829,restIRP
2022,NINDS,35075270,restIRP
2022,NINDS,34587830,restIRP
2022,NINDS,35841868,restIRP
2022,NINDS,35925037,restIRP
2022,NINDS,35198874,restIRP
2022,NINDS,35220002,restIRP
2022,NINDS,35600934,restIRP
2022,NINDS,35714180,restIRP
2022,NINDS,35760780,restIRP
2022,NINDS,35609986,restIRP
2022,NINDS,33404161,restIRP
2022,NINDS,33516934,restIRP
2022,NINDS,33611075,restIRP
2022,NINDS,33792966,restIRP
2022,NINDS,33816653,restIRP
2022,NINDS,34203993,restIRP
2022,NINDS,34261345,restIRP
2022,NINDS,34296504,restIRP
2022,NINDS,34583301,restIRP
2022,NINDS,34740139,restIRP
2022,NINDS,34749232,restIRP
2022,NINDS,34753449,restIRP
2022,NINDS,34754602,restIRP
2022,NINDS,34814237,restIRP
2022,NINDS,34939228,restIRP
2022,NINDS,34982113,restIRP
2022,NINDS,34997620,restIRP
2022,NINDS,35098346,restIRP
2022,NINDS,35106185,restIRP
2022,NINDS,35146058,restIRP
2022,NINDS,35146059,restIRP
2022,NINDS,35201381,restIRP
2022,NINDS,35586528,restIRP
2022,NINDS,35716653,restIRP
2022,NINDS,35780660,restIRP
2022,NINDS,35800887,restIRP
2022,NINDS,34083484,restIRP
2022,NINDS,34088841,restIRP
2022,NINDS,34214470,restIRP
2022,NINDS,34551316,restIRP
2022,NINDS,34812142,restIRP
2022,NINDS,34592985,restIRP
2022,NINDS,35063084,restIRP
2022,NINDS,35139144,restIRP
2022,NINDS,35197628,restIRP
2022,NINDS,35953545,restIRP
2022,NINDS,33442737,restIRP
2022,NINDS,33457210,restIRP
2022,NINDS,34549489,restIRP
2022,NINDS,34818478,restIRP
2022,NINDS,35855304,restIRP
2022,NINDS,36001971,restIRP
2022,NINDS,36130486,restIRP
2022,NINDS,33893307,restIRP
2022,NINDS,34043799,restIRP
2022,NINDS,34921108,restIRP
2022,NINDS,35001894,restIRP
2022,NINDS,35072712,restIRP
2022,NINDS,35155735,restIRP
2022,NINDS,35315884,restIRP
2022,NINDS,35421897,restIRP
2022,NINDS,35527548,restIRP
2022,NINDS,35596270,restIRP
2022,NINDS,35613930,restIRP
2022,NINDS,35666174,restIRP
2022,NINDS,35793088,restIRP
2022,NINDS,35853922,restIRP
2022,NINDS,35862192,restIRP
2022,NINDS,35871337,restIRP
2022,NINDS,35946474,restIRP
2022,NINDS,33891012,restIRP
2022,NINDS,35579236,restIRP
2022,NINDS,34015244,restIRP
2022,NINDS,33642973,restIRP
2022,NINDS,34387357,restIRP
2022,NINDS,35049499,restIRP
2022,NINDS,35237733,restIRP
2022,NINDS,33523105,restIRP
2022,NINDS,33824317,restIRP
2022,NINDS,33901317,restIRP
2022,NINDS,33960523,restIRP
2022,NINDS,34148545,restIRP
2022,NINDS,34459874,restIRP
2022,NINDS,35381062,restIRP
2022,NINDS,35794204,restIRP
2022,NINDS,35810449,restIRP
2022,NINDS,33500404,restIRP
2022,NINDS,33616082,restIRP
2022,NINDS,33837058,restIRP
2022,NINDS,35062340,restIRP
2022,NINDS,35165199,restIRP
2022,NINDS,34857844,restIRP
2022,NINDS,35589775,restIRP
2022,NINDS,34758303,restIRP
2022,NINDS,33568460,restIRP
2022,NINDS,33741046,restIRP
2022,NINDS,33997662,restIRP
2022,NINDS,34083449,restIRP
2022,NINDS,34432492,restIRP
2022,NINDS,34506725,restIRP
2022,NINDS,34799570,restIRP
2022,NINDS,35314674,restIRP
2022,NINDS,35387667,restIRP
2022,NINDS,35700042,restIRP
2022,NINDS,35783502,restIRP
2022,NINDS,35324301,restIRP
2022,NINDS,35931070,restIRP
2022,NINDS,32332993,restIRP
2022,NINDS,33878344,restIRP
2022,NINDS,34087103,restIRP
2023,NINDS,36256604,restIRP
2023,NINDS,36716914,restIRP
2023,NINDS,36944712,restIRP
2023,NINDS,37245561,restIRP
2023,NINDS,37429842,restIRP
2023,NINDS,37498298,restIRP
2023,NINDS,37620930,restIRP
2023,NINDS,36347241,restIRP
2023,NINDS,37074962,restIRP
2023,NINDS,36163250,restIRP
2023,NINDS,36352232,restIRP
2023,NINDS,36731429,restIRP
2023,NINDS,36867023,restIRP
2023,NINDS,34994387,restIRP
2023,NINDS,35831747,restIRP
2023,NINDS,36546649,restIRP
2023,NINDS,36655171,restIRP
2023,NINDS,36739295,restIRP
2023,NINDS,36801811,restIRP
2023,NINDS,36930640,restIRP
2023,NINDS,37105760,restIRP
2023,NINDS,37147136,restIRP
2023,NINDS,37185124,restIRP
2023,NINDS,37327963,restIRP
2023,NINDS,37395282,restIRP
2023,NINDS,37579159,restIRP
2023,NINDS,37201800,restIRP
2023,NINDS,35121673,restIRP
2023,NINDS,35321494,restIRP
2023,NINDS,35393337,restIRP
2023,NINDS,35484142,restIRP
2023,NINDS,35900868,restIRP
2023,NINDS,35904184,restIRP
2023,NINDS,35932216,restIRP
2023,NINDS,36714460,restIRP
2023,NINDS,37070061,restIRP
2023,NINDS,37167966,restIRP
2023,NINDS,37435845,restIRP
2023,NINDS,37483011,restIRP
2023,NINDS,37541196,restIRP
2023,NINDS,37599828,restIRP
2023,NINDS,35975888,restIRP
2023,NINDS,36130924,restIRP
2023,NINDS,36216875,restIRP
2023,NINDS,36480267,restIRP
2023,NINDS,36715449,restIRP
2023,NINDS,36749211,restIRP
2023,NINDS,36858332,restIRP
2023,NINDS,37065926,restIRP
2023,NINDS,37083540,restIRP
2023,NINDS,37253317,restIRP
2023,NINDS,37386131,restIRP
2023,NINDS,37437310,restIRP
2023,NINDS,34757909,restIRP
2023,NINDS,36213206,restIRP
2023,NINDS,36265584,restIRP
2023,NINDS,35732692,restIRP
2023,NINDS,35982797,restIRP
2023,NINDS,36654757,restIRP
2023,NINDS,37047571,restIRP
2023,NINDS,36367221,restIRP
2023,NINDS,35640906,restIRP
2023,NINDS,37327776,restIRP
2023,NINDS,37340056,restIRP
2023,NINDS,36179012,restIRP
2023,NINDS,36411380,restIRP
2023,NINDS,36426970,restIRP
2023,NINDS,36709665,restIRP
2023,NINDS,36748316,restIRP
2023,NINDS,37339049,restIRP
2023,NINDS,35385353,restIRP
2023,NINDS,36100689,restIRP
2023,NINDS,36439175,restIRP
2023,NINDS,37018064,restIRP
2023,NINDS,37043503,restIRP
2023,NINDS,37609425,restIRP
2023,NINDS,35927959,restIRP
2023,NINDS,36476875,restIRP
2023,NINDS,37223966,restIRP
2023,NINDS,37282493,restIRP
2023,NINDS,37354919,restIRP
2023,NINDS,34217547,restIRP
2023,NINDS,35528741,restIRP
2023,NINDS,36151879,restIRP
2023,NINDS,36588876,restIRP
2023,NINDS,37093609,restIRP
2023,NINDS,35688316,restIRP
2023,NINDS,36332366,restIRP
2023,NINDS,37527925,restIRP
2023,NINDS,35642544,restIRP
2023,NINDS,35957524,restIRP
2023,NINDS,35982947,restIRP
2023,NINDS,36433874,restIRP
2023,NINDS,36572976,restIRP
2023,NINDS,36789106,restIRP
2023,NINDS,36796878,restIRP
2023,NINDS,36826851,restIRP
2023,NINDS,37109107,restIRP
2023,NINDS,37363915,restIRP
2023,NINDS,35915229,restIRP
2023,NINDS,37590138,restIRP
2023,NINDS,36412516,restIRP
2023,NINDS,36490308,restIRP
2023,NINDS,36648507,restIRP
2023,NINDS,36729683,restIRP
2023,NINDS,36861959,restIRP
2023,NINDS,37187039,restIRP
2023,NINDS,37188513,restIRP
2023,NINDS,37527460,restIRP
2023,NINDS,37550285,restIRP
2023,NINDS,36453989,restIRP
2023,NINDS,36746939,restIRP
2023,NINDS,36197416,restIRP
2023,NINDS,36940138,restIRP
2023,NINDS,37199723,restIRP
2023,NINDS,35980299,restIRP
2023,NINDS,36053951,restIRP
2023,NINDS,36598996,restIRP
2023,NINDS,36894627,restIRP
2023,NINDS,36958667,restIRP
2023,NINDS,37037607,restIRP
2023,NINDS,34903681,restIRP
2023,NINDS,35866426,restIRP
2023,NINDS,36434858,restIRP
2023,NINDS,36574814,restIRP
2023,NINDS,36808164,restIRP
2023,NINDS,35776639,restIRP
2023,NINDS,36528790,restIRP
2023,NINDS,37637198,restIRP
2023,NINDS,34590113,restIRP
2023,NINDS,35570149,restIRP
2023,NINDS,35570651,restIRP
2023,NINDS,35947366,restIRP
2023,NINDS,36026515,restIRP
2023,NINDS,36291333,restIRP
2023,NINDS,36339317,restIRP
2023,NINDS,36822140,restIRP
2023,NINDS,36847357,restIRP
2023,NINDS,37016359,restIRP
2023,NINDS,37018058,restIRP
2023,NINDS,34804862,restIRP
2023,NINDS,36454826,restIRP
2023,NINDS,36576240,restIRP
2023,NINDS,36304555,restIRP
2023,NINDS,36149413,restIRP
2023,NINDS,36846212,restIRP
2023,NINDS,37153111,restIRP
2023,NINDS,37261392,restIRP
2023,NINDS,36848233,restIRP
2023,NINDS,37597794,restIRP
2023,NINDS,36351817,restIRP
2023,NINDS,34887073,restIRP
2023,NINDS,34992967,restIRP
2023,NINDS,35193028,restIRP
2023,NINDS,35344962,restIRP
2023,NINDS,35345409,restIRP
2023,NINDS,35468496,restIRP
2023,NINDS,35511193,restIRP
2023,NINDS,35943854,restIRP
2023,NINDS,35964190,restIRP
2023,NINDS,36050589,restIRP
2023,NINDS,36149265,restIRP
2023,NINDS,36179945,restIRP
2023,NINDS,36213999,restIRP
2023,NINDS,36246772,restIRP
2023,NINDS,36257719,restIRP
2023,NINDS,36400454,restIRP
2023,NINDS,36463445,restIRP
2023,NINDS,36504665,restIRP
2023,NINDS,36535774,restIRP
2023,NINDS,36689218,restIRP
2023,NINDS,36710673,restIRP
2023,NINDS,36808817,restIRP
2023,NINDS,36924350,restIRP
2023,NINDS,36951053,restIRP
2023,NINDS,36998058,restIRP
2023,NINDS,37094376,restIRP
2023,NINDS,37195662,restIRP
2023,NINDS,37218405,restIRP
2023,NINDS,37221246,restIRP
2023,NINDS,37252710,restIRP
2023,NINDS,37414568,restIRP
2023,NINDS,37419460,restIRP
2023,NINDS,37462968,restIRP
2023,NINDS,37467317,restIRP
2023,NINDS,37519456,restIRP
2023,NINDS,37541841,restIRP
2023,NINDS,37541842,restIRP
2023,NINDS,37550152,restIRP
2023,NINDS,37580152,restIRP
2023,NINDS,37440574,restIRP
2023,NINDS,35855480,restIRP
2023,NINDS,36695634,restIRP
2023,NINDS,36797998,restIRP
2023,NINDS,37117178,restIRP
2023,NINDS,37192343,restIRP
2023,NINDS,37348876,restIRP
2023,NINDS,37388914,restIRP
2023,NINDS,37401389,restIRP
2023,NINDS,35474866,restIRP
2023,NINDS,37562974,restIRP
2023,NINDS,36950690,restIRP
2023,NINDS,36186623,restIRP
2023,NINDS,37091879,restIRP
2023,NINDS,37369583,restIRP
2023,NINDS,35534528,restIRP
2023,NINDS,36216503,restIRP
2023,NINDS,37354904,restIRP
2023,NINDS,35970564,restIRP
2021,NINR,32174881,restIRP
2021,NINR,32191323,restIRP
2021,NINR,31977061,restIRP
2021,NINR,32450801,restIRP
2021,NINR,32458732,restIRP
2021,NINR,32461282,restIRP
2021,NINR,32477238,restIRP
2021,NINR,32641538,restIRP
2021,NINR,32720179,restIRP
2021,NINR,32733367,restIRP
2021,NINR,32928028,restIRP
2021,NINR,33280032,restIRP
2021,NINR,33616662,restIRP
2021,NINR,31895173,restIRP
2021,NINR,32110475,restIRP
2021,NINR,32704524,restIRP
2021,NINR,32963072,restIRP
2021,NINR,33406883,restIRP
2021,NINR,33670149,restIRP
2021,NINR,34346898,restIRP
2022,NINR,33534943,restIRP
2022,NINR,34079794,restIRP
2022,NINR,34429399,restIRP
2022,NINR,34499774,restIRP
2022,NINR,34589770,restIRP
2022,NINR,35416182,restIRP
2022,NINR,35547250,restIRP
2023,NINR,37352392,restIRP
2021,NLM,32341050,restIRP
2021,NLM,32546673,restIRP
2021,NLM,33371012,restIRP
2021,NLM,33398296,restIRP
2021,NLM,33569737,restIRP
2021,NLM,32182349,restIRP
2021,NLM,32321568,restIRP
2021,NLM,33098859,restIRP
2021,NLM,33299912,restIRP
2021,NLM,31592532,restIRP
2021,NLM,32065628,restIRP
2021,NLM,32308840,restIRP
2021,NLM,32308868,restIRP
2021,NLM,32365190,restIRP
2021,NLM,32477678,restIRP
2021,NLM,32562898,restIRP
2021,NLM,33009402,restIRP
2021,NLM,33293900,restIRP
2021,NLM,33364628,restIRP
2021,NLM,33364629,restIRP
2021,NLM,33936479,restIRP
2021,NLM,34457160,restIRP
2021,NLM,33148243,restIRP
2021,NLM,33269367,restIRP
2021,NLM,33398300,restIRP
2021,NLM,33555973,restIRP
2021,NLM,33594055,restIRP
2021,NLM,33753464,restIRP
2021,NLM,33781338,restIRP
2021,NLM,34027407,restIRP
2021,NLM,34028251,restIRP
2021,NLM,34253028,restIRP
2021,NLM,34292871,restIRP
2021,NLM,34413232,restIRP
2021,NLM,31887344,restIRP
2021,NLM,32169219,restIRP
2021,NLM,33872375,restIRP
2021,NLM,32472120,restIRP
2021,NLM,32639856,restIRP
2021,NLM,32683453,restIRP
2021,NLM,32940692,restIRP
2021,NLM,33017454,restIRP
2021,NLM,33024121,restIRP
2021,NLM,33140074,restIRP
2021,NLM,33150094,restIRP
2021,NLM,33164982,restIRP
2021,NLM,33879673,restIRP
2021,NLM,33936456,restIRP
2021,NLM,33936506,restIRP
2021,NLM,34133313,restIRP
2021,NLM,34285666,restIRP
2021,NLM,34348410,restIRP
2021,NLM,31923263,restIRP
2021,NLM,32813726,restIRP
2021,NLM,32968428,restIRP
2021,NLM,34255772,restIRP
2021,NLM,32038561,restIRP
2021,NLM,32101166,restIRP
2021,NLM,32117448,restIRP
2021,NLM,32234470,restIRP
2021,NLM,32393638,restIRP
2021,NLM,32471829,restIRP
2021,NLM,32533024,restIRP
2021,NLM,32843553,restIRP
2021,NLM,32868406,restIRP
2021,NLM,33357439,restIRP
2021,NLM,33731348,restIRP
2021,NLM,34061031,restIRP
2021,NLM,33462801,restIRP
2021,NLM,33934422,restIRP
2021,NLM,34498740,restIRP
2021,NLM,33029614,restIRP
2021,NLM,34383897,restIRP
2021,NLM,32663838,restIRP
2021,NLM,32847630,restIRP
2021,NLM,32864105,restIRP
2021,NLM,33013228,restIRP
2021,NLM,33066261,restIRP
2021,NLM,33083825,restIRP
2021,NLM,33151290,restIRP
2021,NLM,33156333,restIRP
2021,NLM,33166387,restIRP
2021,NLM,33196830,restIRP
2021,NLM,33239395,restIRP
2021,NLM,33270901,restIRP
2021,NLM,33290865,restIRP
2021,NLM,33322070,restIRP
2021,NLM,33373910,restIRP
2021,NLM,33622857,restIRP
2021,NLM,33685519,restIRP
2021,NLM,33750380,restIRP
2021,NLM,33762777,restIRP
2021,NLM,33767203,restIRP
2021,NLM,33863344,restIRP
2021,NLM,33911273,restIRP
2021,NLM,33934723,restIRP
2021,NLM,33953399,restIRP
2021,NLM,34030732,restIRP
2021,NLM,34070911,restIRP
2021,NLM,34093666,restIRP
2021,NLM,34135355,restIRP
2021,NLM,34229711,restIRP
2021,NLM,34285669,restIRP
2021,NLM,34285679,restIRP
2021,NLM,34322655,restIRP
2021,NLM,31947707,restIRP
2021,NLM,32211231,restIRP
2021,NLM,32257736,restIRP
2021,NLM,32308878,restIRP
2021,NLM,32486140,restIRP
2021,NLM,32511448,restIRP
2021,NLM,32635269,restIRP
2021,NLM,32742893,restIRP
2021,NLM,33072178,restIRP
2021,NLM,33080509,restIRP
2021,NLM,33119516,restIRP
2021,NLM,33176716,restIRP
2021,NLM,33180877,restIRP
2021,NLM,33804469,restIRP
2021,NLM,33808240,restIRP
2021,NLM,33828898,restIRP
2021,NLM,34067034,restIRP
2021,NLM,34423072,restIRP
2021,NLM,33089107,restIRP
2021,NLM,33146390,restIRP
2021,NLM,34563136,restIRP
2021,NLM,34745023,restIRP
2021,NLM,33573382,restIRP
2021,NLM,34381737,restIRP
2021,NLM,32904246,restIRP
2021,NLM,33166392,restIRP
2021,NLM,33382655,restIRP
2021,NLM,33416851,restIRP
2021,NLM,33523805,restIRP
2021,NLM,33792724,restIRP
2021,NLM,33950204,restIRP
2021,NLM,33997112,restIRP
2022,NLM,35436293,restIRP
2022,NLM,33167031,restIRP
2022,NLM,33410471,restIRP
2022,NLM,33511996,restIRP
2022,NLM,34785526,restIRP
2022,NLM,35864125,restIRP
2022,NLM,34384346,restIRP
2022,NLM,35230423,restIRP
2022,NLM,33563283,restIRP
2022,NLM,33907754,restIRP
2022,NLM,34463877,restIRP
2022,NLM,34872347,restIRP
2022,NLM,35289643,restIRP
2022,NLM,35316140,restIRP
2022,NLM,35466371,restIRP
2022,NLM,35638784,restIRP
2022,NLM,35639694,restIRP
2022,NLM,35746792,restIRP
2022,NLM,34829341,restIRP
2022,NLM,35308957,restIRP
2022,NLM,34314492,restIRP
2022,NLM,34417873,restIRP
2022,NLM,34560325,restIRP
2022,NLM,34753956,restIRP
2022,NLM,34792593,restIRP
2022,NLM,34850094,restIRP
2022,NLM,34850941,restIRP
2022,NLM,34850943,restIRP
2022,NLM,34876495,restIRP
2022,NLM,34980216,restIRP
2022,NLM,34992730,restIRP
2022,NLM,34996510,restIRP
2022,NLM,35042802,restIRP
2022,NLM,35083439,restIRP
2022,NLM,35132260,restIRP
2022,NLM,35169842,restIRP
2022,NLM,35197464,restIRP
2022,NLM,35227770,restIRP
2022,NLM,35229639,restIRP
2022,NLM,35252351,restIRP
2022,NLM,35311178,restIRP
2022,NLM,35357919,restIRP
2022,NLM,35357935,restIRP
2022,NLM,35380458,restIRP
2022,NLM,35388217,restIRP
2022,NLM,35538602,restIRP
2022,NLM,35559614,restIRP
2022,NLM,35561186,restIRP
2022,NLM,35675101,restIRP
2022,NLM,35688481,restIRP
2022,NLM,35899067,restIRP
2022,NLM,35980627,restIRP
2022,NLM,33692906,restIRP
2022,NLM,33704064,restIRP
2022,NLM,34486668,restIRP
2022,NLM,35065768,restIRP
2022,NLM,35264790,restIRP
2022,NLM,35307029,restIRP
2022,NLM,34514472,restIRP
2022,NLM,34643710,restIRP
2022,NLM,35672978,restIRP
2022,NLM,35672982,restIRP
2022,NLM,36093038,restIRP
2022,NLM,34178558,restIRP
2022,NLM,34800038,restIRP
2022,NLM,34968393,restIRP
2022,NLM,35085334,restIRP
2022,NLM,35358235,restIRP
2022,NLM,35626005,restIRP
2022,NLM,35740345,restIRP
2022,NLM,35741252,restIRP
2022,NLM,34252970,restIRP
2022,NLM,35239393,restIRP
2022,NLM,34607084,restIRP
2022,NLM,35013297,restIRP
2022,NLM,35247986,restIRP
2022,NLM,35937545,restIRP
2022,NLM,34661792,restIRP
2022,NLM,35500907,restIRP
2022,NLM,34861173,restIRP
2022,NLM,34967748,restIRP
2022,NLM,34990643,restIRP
2022,NLM,35051899,restIRP
2022,NLM,35308963,restIRP
2022,NLM,35536809,restIRP
2022,NLM,35623021,restIRP
2022,NLM,35849818,restIRP
2022,NLM,35856889,restIRP
2022,NLM,35904569,restIRP
2022,NLM,35961013,restIRP
2023,NLM,37068113,restIRP
2023,NLM,35166834,restIRP
2023,NLM,35761366,restIRP
2023,NLM,36083212,restIRP
2023,NLM,36599892,restIRP
2023,NLM,36949119,restIRP
2023,NLM,37244917,restIRP
2023,NLM,35951700,restIRP
2023,NLM,36696902,restIRP
2023,NLM,36830658,restIRP
2023,NLM,36996101,restIRP
2023,NLM,37005419,restIRP
2023,NLM,37017580,restIRP
2023,NLM,37138077,restIRP
2023,NLM,35105669,restIRP
2023,NLM,36212030,restIRP
2023,NLM,36791193,restIRP
2023,NLM,34993110,restIRP
2023,NLM,35369790,restIRP
2023,NLM,35626219,restIRP
2023,NLM,35877095,restIRP
2023,NLM,35948881,restIRP
2023,NLM,36532947,restIRP
2023,NLM,36652957,restIRP
2023,NLM,36707822,restIRP
2023,NLM,36819642,restIRP
2023,NLM,37008654,restIRP
2023,NLM,37305615,restIRP
2023,NLM,37418391,restIRP
2023,NLM,36702468,restIRP
2023,NLM,37595401,restIRP
2023,NLM,36146784,restIRP
2023,NLM,36968430,restIRP
2023,NLM,37160116,restIRP
2023,NLM,35634782,restIRP
2023,NLM,35778397,restIRP
2023,NLM,37013952,restIRP
2023,NLM,37264049,restIRP
2023,NLM,37431685,restIRP
2023,NLM,37673981,restIRP
2023,NLM,35829770,restIRP
2023,NLM,36261518,restIRP
2023,NLM,36304115,restIRP
2023,NLM,36305812,restIRP
2023,NLM,36330812,restIRP
2023,NLM,36350640,restIRP
2023,NLM,36350672,restIRP
2023,NLM,36352452,restIRP
2023,NLM,36370100,restIRP
2023,NLM,36374038,restIRP
2023,NLM,36380121,restIRP
2023,NLM,36424512,restIRP
2023,NLM,36477806,restIRP
2023,NLM,36514120,restIRP
2023,NLM,36598231,restIRP
2023,NLM,36648443,restIRP
2023,NLM,36662619,restIRP
2023,NLM,36677521,restIRP
2023,NLM,36679939,restIRP
2023,NLM,36683075,restIRP
2023,NLM,36683094,restIRP
2023,NLM,36748495,restIRP
2023,NLM,36749728,restIRP
2023,NLM,36761845,restIRP
2023,NLM,36806329,restIRP
2023,NLM,36967390,restIRP
2023,NLM,36995689,restIRP
2023,NLM,37129482,restIRP
2023,NLM,37165242,restIRP
2023,NLM,37283088,restIRP
2023,NLM,37296383,restIRP
2023,NLM,36539234,restIRP
2023,NLM,37053378,restIRP
2023,NLM,37407272,restIRP
2023,NLM,37528056,restIRP
2023,NLM,35868819,restIRP
2023,NLM,36134959,restIRP
2023,NLM,36381384,restIRP
2023,NLM,36507892,restIRP
2023,NLM,36559994,restIRP
2023,NLM,36780238,restIRP
2023,NLM,36832235,restIRP
2023,NLM,36860349,restIRP
2023,NLM,36980375,restIRP
2023,NLM,37139170,restIRP
2023,NLM,37396668,restIRP
2023,NLM,37397242,restIRP
2023,NLM,36037023,restIRP
2023,NLM,36291592,restIRP
2023,NLM,36418514,restIRP
2023,NLM,36795469,restIRP
2023,NLM,36879282,restIRP
2023,NLM,36892768,restIRP
2023,NLM,36933724,restIRP
2023,NLM,37074922,restIRP
2023,NLM,37487082,restIRP
2023,NLM,36481221,restIRP
2023,NLM,37304045,restIRP
2024,CC,37939262,restIRP
2024,CC,38374090,restIRP
2024,CC,38864632,restIRP
2024,CC,37951090,restIRP
2024,CC,38634344,restIRP
2024,CC,39162344,restIRP
2024,CC,36853056,restIRP
2024,CC,37792462,restIRP
2024,CC,38566573,restIRP
2024,CC,38059274,restIRP
2024,CC,39000996,restIRP
2024,CC,38953355,restIRP
2024,CC,37564740,restIRP
2024,CC,38899875,restIRP
2024,CC,38190702,restIRP
2024,CC,38516258,restIRP
2024,CC,37984294,restIRP
2024,CC,35666575,restIRP
2024,CC,36620075,restIRP
2024,CC,38817044,restIRP
2024,CC,36932076,restIRP
2024,CC,36662884,restIRP
2024,CC,37349293,restIRP
2024,CC,39084187,restIRP
2024,CC,38218683,restIRP
2024,CC,38128256,restIRP
2024,CC,38262813,restIRP
2024,CC,37858505,restIRP
2024,CC,37788501,restIRP
2024,CC,38184304,restIRP
2024,CC,38599280,restIRP
2024,CC,38978563,restIRP
2024,CC,39227382,restIRP
2024,CC,38858467,restIRP
2024,CC,39022660,restIRP
2024,CC,38468864,restIRP
2024,CC,38651785,restIRP
2024,CC,37775447,restIRP
2024,CC,37811666,restIRP
2024,CC,38958754,restIRP
2024,CC,38713024,restIRP
2024,CC,38712741,restIRP
2024,CC,38075027,restIRP
2024,CC,37954494,restIRP
2024,CC,38205877,restIRP
2024,CC,37221466,restIRP
2024,CC,38670874,restIRP
2024,CC,37717420,restIRP
2024,CC,38514150,restIRP
2024,CC,39042847,restIRP
2024,CC,38747144,restIRP
2024,CC,39101496,restIRP
2024,CC,39101510,restIRP
2024,CC,38791441,restIRP
2024,CC,38337747,restIRP
2024,CC,38976710,restIRP
2024,CC,38380929,restIRP
2024,CC,38535207,restIRP
2024,CC,38786710,restIRP
2024,CC,38903073,restIRP
2024,CC,37840858,restIRP
2024,CC,38633751,restIRP
2024,CC,37644730,restIRP
2024,CC,38935374,restIRP
2024,CC,38679036,restIRP
2024,CC,37725486,restIRP
2024,CC,37566016,restIRP
2024,CC,37698922,restIRP
2024,CC,37511618,restIRP
2024,CC,38982564,restIRP
2024,CC,37157918,restIRP
2024,CC,38064910,restIRP
2024,CC,37643900,restIRP
2024,CC,38706369,restIRP
2024,CC,38405151,restIRP
2024,CC,38473790,restIRP
2024,CC,36833192,restIRP
2024,CC,38516178,restIRP
2024,CC,37155651,restIRP
2024,CC,37921867,restIRP
2024,CC,37068595,restIRP
2024,CC,38900043,restIRP
2024,CC,38925254,restIRP
2024,CC,39371589,restIRP
2024,CC,38213827,restIRP
2024,CC,37829549,restIRP
2024,CC,38850624,restIRP
2024,CC,38758290,restIRP
2024,CC,39043988,restIRP
2024,CC,38984986,restIRP
2024,CC,38233598,restIRP
2024,CC,37326816,restIRP
2024,CC,38740719,restIRP
2024,CC,39379241,restIRP
2024,CC,38447381,restIRP
2024,CC,39053035,restIRP
2024,CC,38231038,restIRP
2024,CC,38501075,restIRP
2024,CC,38271870,restIRP
2024,CC,38787397,restIRP
2024,CC,38635793,restIRP
2024,CC,39037378,restIRP
2024,CC,38934378,restIRP
2024,CC,37449298,restIRP
2024,CC,38517234,restIRP
2024,CC,38358739,restIRP
2024,CC,38094088,restIRP
2024,CC,38478734,restIRP
2024,CC,37652048,restIRP
2024,CC,37738626,restIRP
2024,CC,38306657,restIRP
2024,CC,37561579,restIRP
2024,CC,37897136,restIRP
2024,CC,38961223,restIRP
2024,CC,37595058,restIRP
2024,CC,37586319,restIRP
2024,CC,38261410,restIRP
2024,CC,38691673,restIRP
2024,CC,38226965,restIRP
2024,CC,38981485,restIRP
2024,CC,36963628,restIRP
2024,CC,37175182,restIRP
2024,CC,38155568,restIRP
2024,CC,38910003,restIRP
2024,CC,37487185,restIRP
2024,CC,37623682,restIRP
2024,CC,37213420,restIRP
2024,CC,38226493,restIRP
2024,CC,38828955,restIRP
2024,CC,38190931,restIRP
2024,CC,37640029,restIRP
2024,CC,38387758,restIRP
2024,CC,37882528,restIRP
2024,CC,38369987,restIRP
2024,CC,38666394,restIRP
2024,CC,37285821,restIRP
2024,CC,37951310,restIRP
2024,NCATS,38261809,restIRP
2024,NCATS,39005353,restIRP
2024,NCATS,38776814,restIRP
2024,NCATS,38863121,restIRP
2024,NCATS,38482198,restIRP
2024,NCATS,37704594,restIRP
2024,NCATS,38051215,restIRP
2024,NCATS,38376604,restIRP
2024,NCATS,38600242,restIRP
2024,NCATS,38241710,restIRP
2024,NCATS,38906156,restIRP
2024,NCATS,38701792,restIRP
2024,NCATS,38899693,restIRP
2024,NCATS,37875111,restIRP
2024,NCATS,38330185,restIRP
2024,NCATS,38280460,restIRP
2024,NCATS,37172199,restIRP
2024,NCATS,39054770,restIRP
2024,NCATS,38656874,restIRP
2024,NCATS,37358955,restIRP
2024,NCATS,38001860,restIRP
2024,NCATS,38823574,restIRP
2024,NCATS,37587458,restIRP
2024,NCATS,38271343,restIRP
2024,NCATS,39251042,restIRP
2024,NCATS,38809710,restIRP
2024,NCATS,37558718,restIRP
2024,NCATS,37737090,restIRP
2024,NCATS,38154120,restIRP
2024,NCATS,37937963,restIRP
2024,NCATS,37862312,restIRP
2024,NCATS,39315277,restIRP
2024,NCATS,39223664,restIRP
2024,NCATS,37723160,restIRP
2024,NCATS,38203516,restIRP
2024,NCATS,37734204,restIRP
2024,NCATS,37591946,restIRP
2024,NCATS,37749605,restIRP
2024,NCATS,37759342,restIRP
2024,NCATS,38727192,restIRP
2024,NCATS,38108064,restIRP
2024,NCATS,37890204,restIRP
2024,NCATS,38421044,restIRP
2024,NCATS,37573009,restIRP
2024,NCATS,37828466,restIRP
2024,NCATS,39144561,restIRP
2024,NCATS,37449063,restIRP
2024,NCATS,37540718,restIRP
2024,NCATS,38318198,restIRP
2024,NCATS,38249841,restIRP
2024,NCATS,37627061,restIRP
2024,NCATS,37669225,restIRP
2024,NCATS,38948230,restIRP
2024,NCATS,38046670,restIRP
2024,NCATS,37900350,restIRP
2024,NCCIH,38271138,restIRP
2024,NCCIH,38267952,restIRP
2024,NCCIH,38331576,restIRP
2024,NCCIH,39178115,restIRP
2024,NCCIH,37616369,restIRP
2024,NCI,38347726,restIRP
2024,NCI,38954785,restIRP
2024,NCI,38555285,restIRP
2024,NCI,38706610,restIRP
2024,NCI,36580595,restIRP
2024,NCI,36726377,restIRP
2024,NCI,37935253,restIRP
2024,NCI,36369657,restIRP
2024,NCI,38239681,restIRP
2024,NCI,38085330,restIRP
2024,NCI,38830868,restIRP
2024,NCI,37946677,restIRP
2024,NCI,37978802,restIRP
2024,NCI,38591710,restIRP
2024,NCI,36814845,restIRP
2024,NCI,37925498,restIRP
2024,NCI,36808143,restIRP
2024,NCI,36573259,restIRP
2024,NCI,38703777,restIRP
2024,NCI,38031352,restIRP
2024,NCI,37944913,restIRP
2024,NCI,37967247,restIRP
2024,NCI,37858437,restIRP
2024,NCI,38883739,restIRP
2024,NCI,38899693,restIRP
2024,NCI,37526549,restIRP
2024,NCI,37682953,restIRP
2024,NCI,38363979,restIRP
2024,NCI,37627061,restIRP
2024,NCI,37870291,restIRP
2024,NCI,38976733,restIRP
2024,NCI,37427791,restIRP
2024,NCI,37193066,restIRP
2024,NCI,38624210,restIRP
2024,NCI,37876533,restIRP
2024,NCI,38191484,restIRP
2024,NCI,38523484,restIRP
2024,NCI,38964503,restIRP
2024,NCI,38500181,restIRP
2024,NCI,38814655,restIRP
2024,NCI,37632791,restIRP
2024,NCI,38513273,restIRP
2024,NCI,38625612,restIRP
2024,NCI,38953355,restIRP
2024,NCI,38016985,restIRP
2024,NCI,38026572,restIRP
2024,NCI,37925632,restIRP
2024,NCI,38610926,restIRP
2024,NCI,38791950,restIRP
2024,NCI,37871205,restIRP
2024,NCI,37624046,restIRP
2024,NCI,37859621,restIRP
2024,NCI,37609485,restIRP
2024,NCI,38570533,restIRP
2024,NCI,38383456,restIRP
2024,NCI,38513324,restIRP
2024,NCI,37840856,restIRP
2024,NCI,38145744,restIRP
2024,NCI,38230272,restIRP
2024,NCI,37797431,restIRP
2024,NCI,38491505,restIRP
2024,NCI,37111745,restIRP
2024,NCI,37048130,restIRP
2024,NCI,38791198,restIRP
2024,NCI,37762275,restIRP
2024,NCI,38004460,restIRP
2024,NCI,38509366,restIRP
2024,NCI,38596017,restIRP
2024,NCI,38455403,restIRP
2024,NCI,38298111,restIRP
2024,NCI,38778816,restIRP
2024,NCI,38709657,restIRP
2024,NCI,38427131,restIRP
2024,NCI,39089931,restIRP
2024,NCI,37469403,restIRP
2024,NCI,37592106,restIRP
2024,NCI,38155568,restIRP
2024,NCI,39043666,restIRP
2024,NCI,38722825,restIRP
2024,NCI,38149583,restIRP
2024,NCI,38997291,restIRP
2024,NCI,37648321,restIRP
2024,NCI,37821516,restIRP
2024,NCI,38821922,restIRP
2024,NCI,39029450,restIRP
2024,NCI,38657228,restIRP
2024,NCI,38588446,restIRP
2024,NCI,38506112,restIRP
2024,NCI,37622756,restIRP
2024,NCI,38128256,restIRP
2024,NCI,38262813,restIRP
2024,NCI,37858505,restIRP
2024,NCI,38468864,restIRP
2024,NCI,38651785,restIRP
2024,NCI,37775447,restIRP
2024,NCI,38423786,restIRP
2024,NCI,38587770,restIRP
2024,NCI,37811666,restIRP
2024,NCI,38713024,restIRP
2024,NCI,38712741,restIRP
2024,NCI,38489582,restIRP
2024,NCI,37370903,restIRP
2024,NCI,37892059,restIRP
2024,NCI,38670874,restIRP
2024,NCI,37717420,restIRP
2024,NCI,38760413,restIRP
2024,NCI,38953042,restIRP
2024,NCI,38822730,restIRP
2024,NCI,38009642,restIRP
2024,NCI,38940866,restIRP
2024,NCI,38057307,restIRP
2024,NCI,37781088,restIRP
2024,NCI,38513665,restIRP
2024,NCI,38316354,restIRP
2024,NCI,37540432,restIRP
2024,NCI,36602710,restIRP
2024,NCI,38574841,restIRP
2024,NCI,37664721,restIRP
2024,NCI,37045811,restIRP
2024,NCI,38466627,restIRP
2024,NCI,38581680,restIRP
2024,NCI,38832027,restIRP
2024,NCI,36513065,restIRP
2024,NCI,38292240,restIRP
2024,NCI,38115586,restIRP
2024,NCI,37380974,restIRP
2024,NCI,39025450,restIRP
2024,NCI,37484839,restIRP
2024,NCI,38897168,restIRP
2024,NCI,37725716,restIRP
2024,NCI,38912586,restIRP
2024,NCI,38398178,restIRP
2024,NCI,38918394,restIRP
2024,NCI,38709562,restIRP
2024,NCI,38724854,restIRP
2024,NCI,38351384,restIRP
2024,NCI,38717453,restIRP
2024,NCI,38903099,restIRP
2024,NCI,38307027,restIRP
2024,NCI,37737643,restIRP
2024,NCI,38318504,restIRP
2024,NCI,38733995,restIRP
2024,NCI,37689790,restIRP
2024,NCI,38291024,restIRP
2024,NCI,37804930,restIRP
2024,NCI,37728600,restIRP
2024,NCI,38987356,restIRP
2024,NCI,37777824,restIRP
2024,NCI,38063144,restIRP
2024,NCI,38819344,restIRP
2024,NCI,39070603,restIRP
2024,NCI,39036705,restIRP
2024,NCI,37331598,restIRP
2024,NCI,37838170,restIRP
2024,NCI,37886645,restIRP
2024,NCI,38601063,restIRP
2024,NCI,37672694,restIRP
2024,NCI,38483557,restIRP
2024,NCI,37531248,restIRP
2024,NCI,38641411,restIRP
2024,NCI,38010394,restIRP
2024,NCI,39004526,restIRP
2024,NCI,37770440,restIRP
2024,NCI,38383518,restIRP
2024,NCI,38851816,restIRP
2024,NCI,37954081,restIRP
2024,NCI,37980571,restIRP
2024,NCI,38020927,restIRP
2024,NCI,37494434,restIRP
2024,NCI,37967174,restIRP
2024,NCI,39025963,restIRP
2024,NCI,38428410,restIRP
2024,NCI,38280378,restIRP
2024,NCI,38959321,restIRP
2024,NCI,38912579,restIRP
2024,NCI,39043633,restIRP
2024,NCI,38039963,restIRP
2024,NCI,37800623,restIRP
2024,NCI,38019654,restIRP
2024,NCI,38490105,restIRP
2024,NCI,38915782,restIRP
2024,NCI,37736195,restIRP
2024,NCI,37561409,restIRP
2024,NCI,38328795,restIRP
2024,NCI,39038244,restIRP
2024,NCI,38074919,restIRP
2024,NCI,37917578,restIRP
2024,NCI,38134889,restIRP
2024,NCI,38698852,restIRP
2024,NCI,37963022,restIRP
2024,NCI,38451783,restIRP
2024,NCI,37597186,restIRP
2024,NCI,38598634,restIRP
2024,NCI,38458201,restIRP
2024,NCI,37491889,restIRP
2024,NCI,37824137,restIRP
2024,NCI,38118412,restIRP
2024,NCI,38495618,restIRP
2024,NCI,37651197,restIRP
2024,NCI,38315396,restIRP
2024,NCI,38557493,restIRP
2024,NCI,38666764,restIRP
2024,NCI,38304146,restIRP
2024,NCI,38179474,restIRP
2024,NCI,38501449,restIRP
2024,NCI,38798323,restIRP
2024,NCI,38967598,restIRP
2024,NCI,38757950,restIRP
2024,NCI,38184304,restIRP
2024,NCI,38954150,restIRP
2024,NCI,38314748,restIRP
2024,NCI,37583647,restIRP
2024,NCI,38762169,restIRP
2024,NCI,38304571,restIRP
2024,NCI,38682079,restIRP
2024,NCI,38527764,restIRP
2024,NCI,38718138,restIRP
2024,NCI,38088382,restIRP
2024,NCI,38895230,restIRP
2024,NCI,35770681,restIRP
2024,NCI,38626448,restIRP
2024,NCI,38205877,restIRP
2024,NCI,38810185,restIRP
2024,NCI,38416280,restIRP
2024,NCI,38196575,restIRP
2024,NCI,37676726,restIRP
2024,NCI,37944134,restIRP
2024,NCI,37356729,restIRP
2024,NCI,37883246,restIRP
2024,NCI,37780722,restIRP
2024,NCI,37358271,restIRP
2024,NCI,37482186,restIRP
2024,NCI,38964316,restIRP
2024,NCI,38453899,restIRP
2024,NCI,37940068,restIRP
2024,NCI,37607904,restIRP
2024,NCI,38447592,restIRP
2024,NCI,38589034,restIRP
2024,NCI,38049566,restIRP
2024,NCI,38498025,restIRP
2024,NCI,38868186,restIRP
2024,NCI,37883719,restIRP
2024,NCI,37714395,restIRP
2024,NCI,38508719,restIRP
2024,NCI,38224480,restIRP
2024,NCI,38642305,restIRP
2024,NCI,37796477,restIRP
2024,NCI,37945821,restIRP
2024,NCI,37500886,restIRP
2024,NCI,38298420,restIRP
2024,NCI,39074471,restIRP
2024,NCI,39040146,restIRP
2024,NCI,38127463,restIRP
2024,NCI,37843072,restIRP
2024,NCI,37450696,restIRP
2024,NCI,38013591,restIRP
2024,NCI,38387085,restIRP
2024,NCI,38451742,restIRP
2024,NCI,38066693,restIRP
2024,NCI,38768076,restIRP
2024,NCI,38701792,restIRP
2024,NCI,38215749,restIRP
2024,NCI,37495782,restIRP
2024,NCI,37783689,restIRP
2024,NCI,38271119,restIRP
2024,NCI,38662827,restIRP
2024,NCI,37774317,restIRP
2024,NCI,37088379,restIRP
2024,NCI,38320737,restIRP
2024,NCI,38376604,restIRP
2024,NCI,38103827,restIRP
2024,NCI,38977798,restIRP
2024,NCI,38411275,restIRP
2024,NCI,37343696,restIRP
2024,NCI,38868205,restIRP
2024,NCI,37608989,restIRP
2024,NCI,38770717,restIRP
2024,NCI,37974213,restIRP
2024,NCI,36854751,restIRP
2024,NCI,37924862,restIRP
2024,NCI,37968328,restIRP
2024,NCI,37673863,restIRP
2024,NCI,37781157,restIRP
2024,NCI,38129791,restIRP
2024,NCI,37878492,restIRP
2024,NCI,37673066,restIRP
2024,NCI,37856326,restIRP
2024,NCI,38445358,restIRP
2024,NCI,38268471,restIRP
2024,NCI,38180357,restIRP
2024,NCI,37944090,restIRP
2024,NCI,38194606,restIRP
2024,NCI,38783714,restIRP
2024,NCI,39100747,restIRP
2024,NCI,38310404,restIRP
2024,NCI,37840576,restIRP
2024,NCI,38405263,restIRP
2024,NCI,37710248,restIRP
2024,NCI,38218793,restIRP
2024,NCI,38337629,restIRP
2024,NCI,37980415,restIRP
2024,NCI,38758429,restIRP
2024,NCI,39212669,restIRP
2024,NCI,38113462,restIRP
2024,NCI,38669315,restIRP
2024,NCI,38259542,restIRP
2024,NCI,38753616,restIRP
2024,NCI,38357212,restIRP
2024,NCI,37584292,restIRP
2024,NCI,38418824,restIRP
2024,NCI,37569529,restIRP
2024,NCI,37944040,restIRP
2024,NCI,38372706,restIRP
2024,NCI,37776201,restIRP
2024,NCI,38070489,restIRP
2024,NCI,38847607,restIRP
2024,NCI,37701981,restIRP
2024,NCI,37856141,restIRP
2024,NCI,37615573,restIRP
2024,NCI,38547426,restIRP
2024,NCI,38473350,restIRP
2024,NCI,38614090,restIRP
2024,NCI,37506697,restIRP
2024,NCI,38979199,restIRP
2024,NCI,38813719,restIRP
2024,NCI,38572241,restIRP
2024,NCI,37711632,restIRP
2024,NCI,37645658,restIRP
2024,NCI,37976160,restIRP
2024,NCI,37801092,restIRP
2024,NCI,38811596,restIRP
2024,NCI,39001264,restIRP
2024,NCI,38901402,restIRP
2024,NCI,38400646,restIRP
2024,NCI,38145439,restIRP
2024,NCI,38908662,restIRP
2024,NCI,38795658,restIRP
2024,NCI,36808241,restIRP
2024,NCI,37856832,restIRP
2024,NCI,38092046,restIRP
2024,NCI,38197649,restIRP
2024,NCI,38636274,restIRP
2024,NCI,37902275,restIRP
2024,NCI,38448681,restIRP
2024,NCI,37741007,restIRP
2024,NCI,38504322,restIRP
2024,NCI,38497801,restIRP
2024,NCI,38566558,restIRP
2024,NCI,38629587,restIRP
2024,NCI,36834278,restIRP
2024,NCI,38180898,restIRP
2024,NCI,38254178,restIRP
2024,NCI,38702190,restIRP
2024,NCI,38651675,restIRP
2024,NCI,37721487,restIRP
2024,NCI,38793767,restIRP
2024,NCI,37264688,restIRP
2024,NCI,37191544,restIRP
2024,NCI,38437560,restIRP
2024,NCI,38226624,restIRP
2024,NCI,38657061,restIRP
2024,NCI,38420614,restIRP
2024,NCI,37706203,restIRP
2024,NCI,37862381,restIRP
2024,NCI,38961599,restIRP
2024,NCI,38701425,restIRP
2024,NCI,37897136,restIRP
2024,NCI,37486616,restIRP
2024,NCI,38864817,restIRP
2024,NCI,38159568,restIRP
2024,NCI,38285606,restIRP
2024,NCI,38554236,restIRP
2024,NCI,38990952,restIRP
2024,NCI,37910104,restIRP
2024,NCI,38465801,restIRP
2024,NCI,38814579,restIRP
2024,NCI,37858159,restIRP
2024,NCI,38553628,restIRP
2024,NCI,38151017,restIRP
2024,NCI,37468456,restIRP
2024,NCI,38151903,restIRP
2024,NCI,37945903,restIRP
2024,NCI,39014393,restIRP
2024,NCI,38402212,restIRP
2024,NCI,38998987,restIRP
2024,NCI,38753096,restIRP
2024,NCI,37141817,restIRP
2024,NCI,37884890,restIRP
2024,NCI,38772931,restIRP
2024,NCI,38741014,restIRP
2024,NCI,36827971,restIRP
2024,NCI,38082317,restIRP
2024,NCI,36922547,restIRP
2024,NCI,37749244,restIRP
2024,NCI,38837903,restIRP
2024,NCI,38296990,restIRP
2024,NCI,37292314,restIRP
2024,NCI,38761410,restIRP
2024,NCI,38677292,restIRP
2024,NCI,37903316,restIRP
2024,NCI,37707375,restIRP
2024,NCI,38561804,restIRP
2024,NCI,38151817,restIRP
2024,NCI,38160317,restIRP
2024,NCI,38744291,restIRP
2024,NCI,38353705,restIRP
2024,NCI,37354904,restIRP
2024,NCI,37552767,restIRP
2024,NCI,38782915,restIRP
2024,NCI,38351125,restIRP
2024,NCI,37307512,restIRP
2024,NCI,38685564,restIRP
2024,NCI,36623247,restIRP
2024,NCI,38454124,restIRP
2024,NCI,38718185,restIRP
2024,NCI,38432461,restIRP
2024,NCI,38524920,restIRP
2024,NCI,37457112,restIRP
2024,NCI,37138341,restIRP
2024,NCI,38077272,restIRP
2024,NCI,38865710,restIRP
2024,NCI,38149602,restIRP
2024,NCI,38867579,restIRP
2024,NCI,37981238,restIRP
2024,NCI,38718210,restIRP
2024,NCI,37725435,restIRP
2024,NCI,38563224,restIRP
2024,NCI,38260576,restIRP
2024,NCI,38708958,restIRP
2024,NCI,37948524,restIRP
2024,NCI,38759225,restIRP
2024,NCI,37966258,restIRP
2024,NCI,38700789,restIRP
2024,NCI,37878787,restIRP
2024,NCI,37345354,restIRP
2024,NCI,38016478,restIRP
2024,NCI,38238687,restIRP
2024,NCI,38743809,restIRP
2024,NCI,38692308,restIRP
2024,NCI,37781858,restIRP
2024,NCI,38658531,restIRP
2024,NCI,37146241,restIRP
2024,NCI,38227666,restIRP
2024,NCI,38730723,restIRP
2024,NCI,38563855,restIRP
2024,NCI,37619838,restIRP
2024,NCI,37287573,restIRP
2024,NCI,37875111,restIRP
2024,NCI,38031763,restIRP
2024,NCI,38020527,restIRP
2024,NCI,38865696,restIRP
2024,NCI,37384546,restIRP
2024,NCI,38767436,restIRP
2024,NCI,38913566,restIRP
2024,NCI,38714380,restIRP
2024,NCI,37452654,restIRP
2024,NCI,37453304,restIRP
2024,NCI,38703764,restIRP
2024,NCI,37353242,restIRP
2024,NCI,37380769,restIRP
2024,NCI,38554725,restIRP
2024,NCI,38241710,restIRP
2024,NCI,38759516,restIRP
2024,NCI,38754067,restIRP
2024,NCI,37616468,restIRP
2024,NCI,37778955,restIRP
2024,NCI,38393723,restIRP
2024,NCI,38937630,restIRP
2024,NCI,38383255,restIRP
2024,NCI,38299714,restIRP
2024,NCI,38939691,restIRP
2024,NCI,38906156,restIRP
2024,NCI,38652812,restIRP
2024,NCI,38713084,restIRP
2024,NCI,37632787,restIRP
2024,NCI,37890463,restIRP
2024,NCI,38081198,restIRP
2024,NCI,39083380,restIRP
2024,NCI,37390814,restIRP
2024,NCI,37591946,restIRP
2024,NCI,37851801,restIRP
2024,NCI,38275890,restIRP
2024,NCI,37854696,restIRP
2024,NCI,38675440,restIRP
2024,NCI,37817415,restIRP
2024,NCI,38941593,restIRP
2024,NCI,37352498,restIRP
2024,NCI,37740179,restIRP
2024,NCI,38564482,restIRP
2024,NCI,38263330,restIRP
2024,NCI,38170993,restIRP
2024,NCI,39008527,restIRP
2024,NCI,37747202,restIRP
2024,NCI,37368408,restIRP
2024,NCI,38699227,restIRP
2024,NCI,38346249,restIRP
2024,NCI,38192537,restIRP
2024,NCI,39002674,restIRP
2024,NCI,38192023,restIRP
2024,NCI,37806772,restIRP
2024,NCI,37714151,restIRP
2024,NCI,38727681,restIRP
2024,NCI,37557062,restIRP
2024,NCI,38177144,restIRP
2024,NCI,37788501,restIRP
2024,NCI,39022660,restIRP
2024,NCI,38958754,restIRP
2024,NCI,37527906,restIRP
2024,NCI,38596291,restIRP
2024,NCI,38236978,restIRP
2024,NCI,37565819,restIRP
2024,NCI,37887277,restIRP
2024,NCI,37971407,restIRP
2024,NCI,38593586,restIRP
2024,NCI,38822345,restIRP
2024,NCI,39042728,restIRP
2024,NCI,38284984,restIRP
2024,NCI,37190191,restIRP
2024,NCI,39117617,restIRP
2024,NCI,37637066,restIRP
2024,NCI,37892181,restIRP
2024,NCI,37760597,restIRP
2024,NCI,37345009,restIRP
2024,NCI,38612892,restIRP
2024,NCI,38832931,restIRP
2024,NCI,38835757,restIRP
2024,NCI,38797885,restIRP
2024,NCI,38509799,restIRP
2024,NCI,38595133,restIRP
2024,NCI,38002957,restIRP
2024,NCI,38532642,restIRP
2024,NCI,38057633,restIRP
2024,NCI,37395282,restIRP
2024,NCI,38114483,restIRP
2024,NCI,38538833,restIRP
2024,NCI,37083535,restIRP
2024,NCI,38696257,restIRP
2024,NCI,37389844,restIRP
2024,NCI,37906952,restIRP
2024,NCI,38629450,restIRP
2024,NCI,38668247,restIRP
2024,NCI,37637115,restIRP
2024,NCI,38281073,restIRP
2024,NCI,38069666,restIRP
2024,NCI,37150264,restIRP
2024,NCI,37104681,restIRP
2024,NCI,37902916,restIRP
2024,NCI,39006527,restIRP
2024,NCI,38338394,restIRP
2024,NCI,37812322,restIRP
2024,NCI,38360993,restIRP
2024,NCI,38509117,restIRP
2024,NCI,37590133,restIRP
2024,NCI,38487241,restIRP
2024,NCI,38700979,restIRP
2024,NCI,38828478,restIRP
2024,NCI,37980342,restIRP
2024,NCI,37600974,restIRP
2024,NCI,37670571,restIRP
2024,NCI,37579177,restIRP
2024,NCI,38733583,restIRP
2024,NCI,37094826,restIRP
2024,NCI,38113854,restIRP
2024,NCI,37942280,restIRP
2024,NCI,38063210,restIRP
2024,NCI,38872853,restIRP
2024,NCI,38868945,restIRP
2024,NCI,37788377,restIRP
2024,NCI,37622115,restIRP
2024,NCI,38457606,restIRP
2024,NCI,38319286,restIRP
2024,NCI,38553763,restIRP
2024,NCI,35834008,restIRP
2024,NCI,36971511,restIRP
2024,NCI,38359816,restIRP
2024,NCI,38886519,restIRP
2024,NCI,38134936,restIRP
2024,NCI,37597513,restIRP
2024,NCI,38653778,restIRP
2024,NCI,37739951,restIRP
2024,NCI,37732905,restIRP
2024,NCI,38102140,restIRP
2024,NCI,37774704,restIRP
2024,NCI,38448539,restIRP
2024,NCI,38600242,restIRP
2024,NCI,38979889,restIRP
2024,NCI,38955422,restIRP
2024,NCI,38914546,restIRP
2024,NCI,38427670,restIRP
2024,NCI,37732899,restIRP
2024,NCI,37595021,restIRP
2024,NCI,37471141,restIRP
2024,NCI,38715784,restIRP
2024,NCI,37678928,restIRP
2024,NCI,37345133,restIRP
2024,NCI,38428681,restIRP
2024,NCI,37209097,restIRP
2024,NCI,37770002,restIRP
2024,NCI,38335815,restIRP
2024,NCI,38304834,restIRP
2024,NCI,38376944,restIRP
2024,NCI,37729613,restIRP
2024,NCI,36433814,restIRP
2024,NCI,37173324,restIRP
2024,NCI,37314923,restIRP
2024,NCI,38186237,restIRP
2024,NCI,37146592,restIRP
2024,NCI,38142462,restIRP
2024,NCI,37922907,restIRP
2024,NCI,37948185,restIRP
2024,NCI,37713444,restIRP
2024,NCI,37437002,restIRP
2024,NCI,37386403,restIRP
2024,NCI,38769004,restIRP
2024,NCI,37232457,restIRP
2024,NCI,37425683,restIRP
2024,NCI,37289457,restIRP
2024,NCI,38741774,restIRP
2024,NCI,38424218,restIRP
2024,NCI,38838676,restIRP
2024,NCI,38826792,restIRP
2024,NCI,37351909,restIRP
2024,NCI,36929942,restIRP
2024,NCI,37896768,restIRP
2024,NCI,38302823,restIRP
2024,NCI,38895436,restIRP
2024,NCI,36630568,restIRP
2024,NCI,38791901,restIRP
2024,NCI,36526922,restIRP
2024,NCI,37676121,restIRP
2024,NCI,37733366,restIRP
2024,NCI,37531109,restIRP
2024,NCI,38374065,restIRP
2024,NCI,37783704,restIRP
2024,NCI,37844029,restIRP
2024,NCI,38647528,restIRP
2024,NCI,37707473,restIRP
2024,NCI,36990610,restIRP
2024,NCI,37936022,restIRP
2024,NCI,37307230,restIRP
2024,NCI,37758801,restIRP
2024,NCI,36694330,restIRP
2024,NCI,38473790,restIRP
2024,NCI,38874874,restIRP
2024,NCI,36776716,restIRP
2024,NCI,38873722,restIRP
2024,NCI,38989414,restIRP
2024,NCI,39233015,restIRP
2024,NCI,38659083,restIRP
2024,NCI,37442348,restIRP
2024,NCI,38310101,restIRP
2024,NCI,37593221,restIRP
2024,NCI,38816232,restIRP
2024,NCI,38826362,restIRP
2024,NCI,38451249,restIRP
2024,NCI,38048593,restIRP
2024,NCI,38409211,restIRP
2024,NCI,37282346,restIRP
2024,NCI,37753082,restIRP
2024,NCI,38521835,restIRP
2024,NCI,37845222,restIRP
2024,NCI,37835579,restIRP
2024,NCI,37859800,restIRP
2024,NCI,37852738,restIRP
2024,NCI,38218178,restIRP
2024,NCI,37078793,restIRP
2024,NCI,38441406,restIRP
2024,NCI,38917794,restIRP
2024,NCI,38640896,restIRP
2024,NCI,38697668,restIRP
2024,NCI,36855860,restIRP
2024,NCI,38657065,restIRP
2024,NCI,38574162,restIRP
2024,NCI,37989735,restIRP
2024,NCI,39043639,restIRP
2024,NCI,38374401,restIRP
2024,NCI,38019931,restIRP
2024,NCI,38309720,restIRP
2024,NCI,37347686,restIRP
2024,NCI,37839622,restIRP
2024,NCI,36948922,restIRP
2024,NCI,38260854,restIRP
2024,NCI,37878675,restIRP
2024,NCI,38485188,restIRP
2024,NCI,36054490,restIRP
2024,NCI,37310790,restIRP
2024,NCI,36682187,restIRP
2024,NCI,38758582,restIRP
2024,NCI,37949227,restIRP
2024,NCI,38915721,restIRP
2024,NCI,38617535,restIRP
2024,NCI,38280375,restIRP
2024,NCI,37932011,restIRP
2024,NCI,37758652,restIRP
2024,NCI,37784185,restIRP
2024,NCI,38362961,restIRP
2024,NCI,38057395,restIRP
2024,NCI,36593103,restIRP
2024,NCI,38134284,restIRP
2024,NCI,38857989,restIRP
2024,NCI,37201508,restIRP
2024,NCI,37191831,restIRP
2024,NCI,36889791,restIRP
2024,NCI,38879521,restIRP
2024,NCI,37704705,restIRP
2024,NCI,38503853,restIRP
2024,NCI,37596407,restIRP
2024,NCI,38871684,restIRP
2024,NCI,38685845,restIRP
2024,NCI,37697938,restIRP
2024,NCI,38757245,restIRP
2024,NCI,37600162,restIRP
2024,NCI,38081806,restIRP
2024,NCI,38993671,restIRP
2024,NCI,37709749,restIRP
2024,NCI,38758104,restIRP
2024,NCI,38168135,restIRP
2024,NCI,36724417,restIRP
2024,NCI,38547242,restIRP
2024,NCI,38380929,restIRP
2024,NCI,38084929,restIRP
2024,NCI,38285941,restIRP
2024,NCI,39096900,restIRP
2024,NCI,37894922,restIRP
2024,NCI,38096133,restIRP
2024,NCI,38292408,restIRP
2024,NCI,38984667,restIRP
2024,NCI,38907342,restIRP
2024,NCI,39006526,restIRP
2024,NCI,38869947,restIRP
2024,NCI,37889049,restIRP
2024,NCI,37877369,restIRP
2024,NCI,37776044,restIRP
2024,NCI,38372904,restIRP
2024,NCI,38318699,restIRP
2024,NCI,36980006,restIRP
2024,NCI,37865722,restIRP
2024,NCI,38124450,restIRP
2024,NCI,36957974,restIRP
2024,NCI,37697037,restIRP
2024,NCI,37252343,restIRP
2024,NCI,38903087,restIRP
2024,NCI,38894923,restIRP
2024,NCI,37312842,restIRP
2024,NCI,37962331,restIRP
2024,NCI,38668553,restIRP
2024,NCI,38217297,restIRP
2024,NCI,37244628,restIRP
2024,NCI,38011490,restIRP
2024,NCI,38810947,restIRP
2024,NCI,39086924,restIRP
2024,NCI,38892296,restIRP
2024,NCI,38213719,restIRP
2024,NCI,36810713,restIRP
2024,NCI,39062684,restIRP
2024,NCI,37656618,restIRP
2024,NCI,37798301,restIRP
2024,NCI,37798281,restIRP
2024,NCI,38112617,restIRP
2024,NCI,37603725,restIRP
2024,NCI,38509386,restIRP
2024,NCI,37595058,restIRP
2024,NCI,38428309,restIRP
2024,NCI,38052229,restIRP
2024,NCI,36626642,restIRP
2024,NCI,36796223,restIRP
2024,NCI,38786053,restIRP
2024,NCI,38091879,restIRP
2024,NCI,38237593,restIRP
2024,NCI,37626746,restIRP
2024,NCI,38326609,restIRP
2024,NCI,38297077,restIRP
2024,NCI,37334379,restIRP
2024,NCI,38767350,restIRP
2024,NCI,37717940,restIRP
2024,NCI,37515840,restIRP
2024,NCI,37556879,restIRP
2024,NCI,35655096,restIRP
2024,NCI,37623879,restIRP
2024,NCI,38250563,restIRP
2024,NCI,38596715,restIRP
2024,NCI,38596717,restIRP
2024,NCI,38181064,restIRP
2024,NCI,38555315,restIRP
2024,NCI,37461129,restIRP
2024,NCI,38272345,restIRP
2024,NCI,38671582,restIRP
2024,NCI,38663219,restIRP
2024,NCI,37254845,restIRP
2024,NCI,36961472,restIRP
2024,NCI,36201744,restIRP
2024,NCI,38959448,restIRP
2024,NCI,38572163,restIRP
2024,NCI,37921511,restIRP
2024,NCI,38701426,restIRP
2024,NCI,37330907,restIRP
2024,NCI,37078927,restIRP
2024,NCI,38466775,restIRP
2024,NCI,38000366,restIRP
2024,NCI,39001383,restIRP
2024,NCI,37884054,restIRP
2024,NCI,38979305,restIRP
2024,NCI,37534568,restIRP
2024,NCI,37662965,restIRP
2024,NCI,39095780,restIRP
2024,NCI,38922615,restIRP
2024,NCI,37691690,restIRP
2024,NCI,38017130,restIRP
2024,NCI,37679461,restIRP
2024,NCI,38024238,restIRP
2024,NCI,37678915,restIRP
2024,NCI,37505292,restIRP
2024,NCI,37688579,restIRP
2024,NCI,38546643,restIRP
2024,NCI,38033283,restIRP
2024,NCI,37603740,restIRP
2024,NCI,38013230,restIRP
2024,NCI,38275237,restIRP
2024,NCI,37212632,restIRP
2024,NCI,37527359,restIRP
2024,NCI,38574836,restIRP
2024,NCI,38684317,restIRP
2024,NCI,38866555,restIRP
2024,NCI,38502482,restIRP
2024,NCI,38354234,restIRP
2024,NCI,38051788,restIRP
2024,NCI,37762633,restIRP
2024,NCI,37710018,restIRP
2024,NCI,38135904,restIRP
2024,NCI,38938288,restIRP
2024,NCI,37930698,restIRP
2024,NCI,38263910,restIRP
2024,NCI,37906280,restIRP
2024,NCI,38697998,restIRP
2024,NCI,37902422,restIRP
2024,NCI,38299841,restIRP
2024,NCI,37007799,restIRP
2024,NCI,37515232,restIRP
2024,NCI,37561579,restIRP
2024,NCI,37558661,restIRP
2024,NCI,38846999,restIRP
2024,NCI,36791193,restIRP
2024,NCI,37520992,restIRP
2024,NCI,38589905,restIRP
2024,NCI,38445882,restIRP
2024,NCI,38141369,restIRP
2024,NCI,37487000,restIRP
2024,NCI,38014578,restIRP
2024,NCI,38424165,restIRP
2024,NCI,38599279,restIRP
2024,NCI,38079601,restIRP
2024,NCI,38377945,restIRP
2024,NCI,37129502,restIRP
2024,NCI,37850658,restIRP
2024,NCI,38055811,restIRP
2024,NCI,38182727,restIRP
2024,NCI,37532928,restIRP
2024,NCI,38615318,restIRP
2024,NCI,38061376,restIRP
2024,NCI,37788895,restIRP
2024,NCI,38427738,restIRP
2024,NCI,37276387,restIRP
2024,NCI,38965764,restIRP
2024,NCI,38550554,restIRP
2024,NCI,37982134,restIRP
2024,NCI,38084291,restIRP
2024,NCI,36800291,restIRP
2024,NCI,37799980,restIRP
2024,NCI,37694774,restIRP
2024,NCI,36972976,restIRP
2024,NCI,38343734,restIRP
2024,NCI,37672956,restIRP
2024,NCI,37969032,restIRP
2024,NCI,37678486,restIRP
2024,NCI,38527850,restIRP
2024,NCI,38282387,restIRP
2024,NCI,38927128,restIRP
2024,NCI,38446575,restIRP
2024,NCI,38087115,restIRP
2024,NCI,38502707,restIRP
2024,NCI,37738543,restIRP
2024,NCI,38103985,restIRP
2024,NCI,38693841,restIRP
2024,NCI,38110618,restIRP
2024,NCI,37096582,restIRP
2024,NCI,37096575,restIRP
2024,NCI,38937431,restIRP
2024,NCI,38408246,restIRP
2024,NCI,36303448,restIRP
2024,NCI,38824171,restIRP
2024,NCI,38538574,restIRP
2024,NCI,37338984,restIRP
2024,NCI,38607725,restIRP
2024,NCI,37045940,restIRP
2024,NCI,39057134,restIRP
2024,NCI,38455264,restIRP
2024,NCI,37654973,restIRP
2024,NCI,39000579,restIRP
2024,NCI,38055050,restIRP
2024,NCI,38191926,restIRP
2024,NCI,38354883,restIRP
2024,NCI,39026261,restIRP
2024,NCI,37862860,restIRP
2024,NCI,37917689,restIRP
2024,NCI,39078448,restIRP
2024,NCI,38038247,restIRP
2024,NCI,38977329,restIRP
2024,NCI,38867583,restIRP
2024,NCI,38412359,restIRP
2024,NCI,37561538,restIRP
2024,NCI,38635786,restIRP
2024,NCI,37988030,restIRP
2024,NCI,37665145,restIRP
2024,NCI,37904191,restIRP
2024,NCI,37962958,restIRP
2024,NCI,37758250,restIRP
2024,NCI,37639593,restIRP
2024,NCI,37945476,restIRP
2024,NCI,36456359,restIRP
2024,NCI,38381906,restIRP
2024,NCI,37227159,restIRP
2024,NCI,37037594,restIRP
2024,NCI,38896450,restIRP
2024,NCI,37877800,restIRP
2024,NCI,37478401,restIRP
2024,NCI,38311120,restIRP
2024,NCI,38941509,restIRP
2024,NCI,37592810,restIRP
2024,NCI,37804122,restIRP
2024,NCI,38011569,restIRP
2024,NCI,39088318,restIRP
2024,NCI,37559123,restIRP
2024,NCI,38873015,restIRP
2024,NCI,37847874,restIRP
2024,NCI,38206818,restIRP
2024,NCI,37463943,restIRP
2024,NCI,38374336,restIRP
2024,NCI,37909885,restIRP
2024,NCI,38167144,restIRP
2024,NCI,37488826,restIRP
2024,NCI,37349293,restIRP
2024,NCI,37967185,restIRP
2024,NCI,38881577,restIRP
2024,NCI,37612584,restIRP
2024,NCI,37998365,restIRP
2024,NCI,38033506,restIRP
2024,NCI,38788713,restIRP
2024,NCI,36564591,restIRP
2024,NCI,38443376,restIRP
2024,NCI,37590148,restIRP
2024,NCI,37737090,restIRP
2024,NCI,37486078,restIRP
2024,NCI,38858597,restIRP
2024,NCI,38653235,restIRP
2024,NCI,38301652,restIRP
2024,NCI,38355795,restIRP
2024,NCI,38956378,restIRP
2024,NCI,37540600,restIRP
2024,NCI,38912776,restIRP
2024,NCI,38740383,restIRP
2024,NCI,37552215,restIRP
2024,NCI,38903092,restIRP
2024,NCI,37706491,restIRP
2024,NCI,37890925,restIRP
2024,NCI,37924987,restIRP
2024,NCI,38895289,restIRP
2024,NCI,38355759,restIRP
2024,NCI,39043602,restIRP
2024,NCI,38005994,restIRP
2024,NCI,38071106,restIRP
2024,NCI,38876558,restIRP
2024,NCI,38303638,restIRP
2024,NCI,37239846,restIRP
2024,NCI,37723249,restIRP
2024,NCI,38421709,restIRP
2024,NCI,38268980,restIRP
2024,NCI,38782979,restIRP
2024,NEI,38447053,restIRP
2024,NEI,39175871,restIRP
2024,NEI,36807241,restIRP
2024,NEI,39056049,restIRP
2024,NEI,38502138,restIRP
2024,NEI,38735647,restIRP
2024,NEI,37885910,restIRP
2024,NEI,38697116,restIRP
2024,NEI,38157227,restIRP
2024,NEI,38920670,restIRP
2024,NEI,37149860,restIRP
2024,NEI,38219151,restIRP
2024,NEI,38600290,restIRP
2024,NEI,38048369,restIRP
2024,NEI,37899750,restIRP
2024,NEI,38483382,restIRP
2024,NEI,39034314,restIRP
2024,NEI,38962280,restIRP
2024,NEI,37747415,restIRP
2024,NEI,38823088,restIRP
2024,NEI,37828227,restIRP
2024,NEI,38092908,restIRP
2024,NEI,39070778,restIRP
2024,NEI,38959893,restIRP
2024,NEI,38790316,restIRP
2024,NEI,38438351,restIRP
2024,NEI,38195602,restIRP
2024,NEI,38333717,restIRP
2024,NEI,37440030,restIRP
2024,NEI,37864333,restIRP
2024,NEI,39159867,restIRP
2024,NEI,39085199,restIRP
2024,NEI,37917882,restIRP
2024,NEI,38019490,restIRP
2024,NEI,38261611,restIRP
2024,NEI,39058580,restIRP
2024,NEI,37695603,restIRP
2024,NEI,38478753,restIRP
2024,NEI,39109177,restIRP
2024,NEI,38542347,restIRP
2024,NEI,38470318,restIRP
2024,NEI,37184593,restIRP
2024,NEI,37762633,restIRP
2024,NEI,38570500,restIRP
2024,NEI,38691088,restIRP
2024,NEI,37906163,restIRP
2024,NEI,38015937,restIRP
2024,NEI,38868184,restIRP
2024,NEI,39165693,restIRP
2024,NEI,37290057,restIRP
2024,NEI,38472380,restIRP
2024,NEI,38759221,restIRP
2024,NEI,36996445,restIRP
2024,NEI,38109704,restIRP
2024,NEI,38108061,restIRP
2024,NEI,37440047,restIRP
2024,NEI,38104223,restIRP
2024,NEI,39084215,restIRP
2024,NHGRI,38308411,restIRP
2024,NHGRI,38722839,restIRP
2024,NHGRI,37993282,restIRP
2024,NHGRI,37346458,restIRP
2024,NHGRI,38811727,restIRP
2024,NHGRI,38570684,restIRP
2024,NHGRI,37710018,restIRP
2024,NHGRI,39110522,restIRP
2024,NHGRI,38168989,restIRP
2024,NHGRI,38724243,restIRP
2024,NHGRI,38376487,restIRP
2024,NHGRI,37857613,restIRP
2024,NHGRI,38508693,restIRP
2024,NHGRI,38041964,restIRP
2024,NHGRI,38991538,restIRP
2024,NHGRI,38381787,restIRP
2024,NHGRI,37013609,restIRP
2024,NHGRI,37552066,restIRP
2024,NHGRI,38435320,restIRP
2024,NHGRI,37822540,restIRP
2024,NHGRI,37862187,restIRP
2024,NHGRI,37388215,restIRP
2024,NHGRI,38513662,restIRP
2024,NHGRI,37994247,restIRP
2024,NHGRI,38706460,restIRP
2024,NHGRI,38408849,restIRP
2024,NHGRI,39167656,restIRP
2024,NHGRI,38961223,restIRP
2024,NHGRI,37422272,restIRP
2024,NHGRI,38716726,restIRP
2024,NHGRI,38560530,restIRP
2024,NHGRI,38985449,restIRP
2024,NHGRI,38903121,restIRP
2024,NHGRI,37561875,restIRP
2024,NHGRI,37783804,restIRP
2024,NHGRI,38255002,restIRP
2024,NHGRI,36991555,restIRP
2024,NHGRI,38096292,restIRP
2024,NHGRI,37563227,restIRP
2024,NHGRI,37582787,restIRP
2024,NHGRI,38778091,restIRP
2024,NHGRI,38791829,restIRP
2024,NHGRI,38772452,restIRP
2024,NHGRI,38019014,restIRP
2024,NHGRI,37885303,restIRP
2024,NHGRI,37811899,restIRP
2024,NHGRI,38433376,restIRP
2024,NHGRI,38798587,restIRP
2024,NHGRI,37756546,restIRP
2024,NHGRI,37738626,restIRP
2024,NHGRI,37406166,restIRP
2024,NHGRI,38903081,restIRP
2024,NHGRI,39149293,restIRP
2024,NHGRI,38412177,restIRP
2024,NHGRI,37246194,restIRP
2024,NHGRI,38940144,restIRP
2024,NHGRI,38488790,restIRP
2024,NHGRI,37824190,restIRP
2024,NHGRI,37708295,restIRP
2024,NHGRI,38502060,restIRP
2024,NHGRI,38329168,restIRP
2024,NHGRI,38351603,restIRP
2024,NHGRI,38032519,restIRP
2024,NHGRI,38951027,restIRP
2024,NHGRI,38321508,restIRP
2024,NHGRI,37582932,restIRP
2024,NHGRI,38271099,restIRP
2024,NHGRI,38200289,restIRP
2024,NHGRI,38745823,restIRP
2024,NHGRI,38895471,restIRP
2024,NHGRI,38129991,restIRP
2024,NHGRI,38073021,restIRP
2024,NHGRI,38899875,restIRP
2024,NHGRI,38339105,restIRP
2024,NHGRI,37991836,restIRP
2024,NHGRI,38505474,restIRP
2024,NHGRI,38689001,restIRP
2024,NHGRI,38263490,restIRP
2024,NHGRI,38374256,restIRP
2024,NHGRI,38946996,restIRP
2024,NHGRI,38200081,restIRP
2024,NHGRI,38444015,restIRP
2024,NHGRI,37935687,restIRP
2024,NHGRI,38806494,restIRP
2024,NHGRI,38649715,restIRP
2024,NHGRI,36869417,restIRP
2024,NHGRI,38989943,restIRP
2024,NHGRI,38647370,restIRP
2024,NHGRI,38773124,restIRP
2024,NHGRI,38806089,restIRP
2024,NHGRI,38353623,restIRP
2024,NHGRI,38967666,restIRP
2024,NHGRI,39005353,restIRP
2024,NHGRI,37858332,restIRP
2024,NHGRI,38126779,restIRP
2024,NHGRI,37757827,restIRP
2024,NHGRI,37956283,restIRP
2024,NHGRI,38883723,restIRP
2024,NHGRI,37946302,restIRP
2024,NHGRI,38191666,restIRP
2024,NHGRI,37871851,restIRP
2024,NHGRI,38641994,restIRP
2024,NHGRI,37267847,restIRP
2024,NHGRI,38053937,restIRP
2024,NHGRI,38103548,restIRP
2024,NHGRI,39111319,restIRP
2024,NHGRI,38306657,restIRP
2024,NHGRI,37928541,restIRP
2024,NHGRI,38315653,restIRP
2024,NHGRI,38958468,restIRP
2024,NHGRI,38899758,restIRP
2024,NHGRI,38959600,restIRP
2024,NHGRI,37890204,restIRP
2024,NHLBI,39150750,restIRP
2024,NHLBI,38337747,restIRP
2024,NHLBI,36825385,restIRP
2024,NHLBI,38462764,restIRP
2024,NHLBI,36735910,restIRP
2024,NHLBI,38764093,restIRP
2024,NHLBI,38564303,restIRP
2024,NHLBI,38168575,restIRP
2024,NHLBI,38469944,restIRP
2024,NHLBI,39084187,restIRP
2024,NHLBI,38157298,restIRP
2024,NHLBI,38331834,restIRP
2024,NHLBI,38338310,restIRP
2024,NHLBI,38252511,restIRP
2024,NHLBI,38862544,restIRP
2024,NHLBI,37220746,restIRP
2024,NHLBI,37499656,restIRP
2024,NHLBI,37647895,restIRP
2024,NHLBI,38489272,restIRP
2024,NHLBI,38903101,restIRP
2024,NHLBI,38553473,restIRP
2024,NHLBI,38663399,restIRP
2024,NHLBI,38353656,restIRP
2024,NHLBI,38862506,restIRP
2024,NHLBI,39067449,restIRP
2024,NHLBI,37914934,restIRP
2024,NHLBI,36800430,restIRP
2024,NHLBI,39091844,restIRP
2024,NHLBI,38507449,restIRP
2024,NHLBI,38805288,restIRP
2024,NHLBI,38019611,restIRP
2024,NHLBI,38412299,restIRP
2024,NHLBI,39166297,restIRP
2024,NHLBI,37729913,restIRP
2024,NHLBI,37310585,restIRP
2024,NHLBI,38843830,restIRP
2024,NHLBI,38015629,restIRP
2024,NHLBI,39056563,restIRP
2024,NHLBI,37480881,restIRP
2024,NHLBI,38516784,restIRP
2024,NHLBI,38533960,restIRP
2024,NHLBI,39034314,restIRP
2024,NHLBI,38132146,restIRP
2024,NHLBI,38033424,restIRP
2024,NHLBI,38394163,restIRP
2024,NHLBI,36822664,restIRP
2024,NHLBI,39439193,restIRP
2024,NHLBI,39388845,restIRP
2024,NHLBI,38234298,restIRP
2024,NHLBI,38205543,restIRP
2024,NHLBI,39024358,restIRP
2024,NHLBI,37916285,restIRP
2024,NHLBI,39032602,restIRP
2024,NHLBI,37865316,restIRP
2024,NHLBI,38374071,restIRP
2024,NHLBI,37902619,restIRP
2024,NHLBI,38157227,restIRP
2024,NHLBI,38447164,restIRP
2024,NHLBI,37488949,restIRP
2024,NHLBI,38131150,restIRP
2024,NHLBI,37286372,restIRP
2024,NHLBI,37982276,restIRP
2024,NHLBI,38903100,restIRP
2024,NHLBI,38774805,restIRP
2024,NHLBI,38993285,restIRP
2024,NHLBI,37908554,restIRP
2024,NHLBI,38981485,restIRP
2024,NHLBI,39105115,restIRP
2024,NHLBI,37689744,restIRP
2024,NHLBI,37867905,restIRP
2024,NHLBI,38321508,restIRP
2024,NHLBI,37738807,restIRP
2024,NHLBI,37698922,restIRP
2024,NHLBI,37106374,restIRP
2024,NHLBI,37623682,restIRP
2024,NHLBI,37219524,restIRP
2024,NHLBI,36161320,restIRP
2024,NHLBI,39086133,restIRP
2024,NHLBI,38501940,restIRP
2024,NHLBI,38049085,restIRP
2024,NHLBI,38921831,restIRP
2024,NHLBI,38506770,restIRP
2024,NHLBI,39110999,restIRP
2024,NHLBI,39106600,restIRP
2024,NHLBI,38703666,restIRP
2024,NHLBI,37890331,restIRP
2024,NHLBI,37185821,restIRP
2024,NHLBI,38628440,restIRP
2024,NHLBI,38747181,restIRP
2024,NHLBI,38018177,restIRP
2024,NHLBI,39073239,restIRP
2024,NHLBI,38293922,restIRP
2024,NHLBI,38591341,restIRP
2024,NHLBI,38290242,restIRP
2024,NHLBI,37812697,restIRP
2024,NHLBI,38259435,restIRP
2024,NHLBI,39115939,restIRP
2024,NHLBI,39191751,restIRP
2024,NHLBI,37922339,restIRP
2024,NHLBI,38501482,restIRP
2024,NHLBI,37621214,restIRP
2024,NHLBI,37644144,restIRP
2024,NHLBI,37597794,restIRP
2024,NHLBI,36642186,restIRP
2024,NHLBI,38156948,restIRP
2024,NHLBI,36758122,restIRP
2024,NHLBI,38808571,restIRP
2024,NHLBI,38364309,restIRP
2024,NHLBI,38226488,restIRP
2024,NHLBI,38860398,restIRP
2024,NHLBI,39070619,restIRP
2024,NHLBI,37804200,restIRP
2024,NHLBI,37889181,restIRP
2024,NHLBI,37019514,restIRP
2024,NHLBI,37449212,restIRP
2024,NHLBI,38614090,restIRP
2024,NHLBI,37709987,restIRP
2024,NHLBI,38866970,restIRP
2024,NHLBI,38277395,restIRP
2024,NHLBI,37759487,restIRP
2024,NHLBI,37018390,restIRP
2024,NHLBI,38380929,restIRP
2024,NHLBI,37986950,restIRP
2024,NHLBI,38429930,restIRP
2024,NHLBI,38639409,restIRP
2024,NHLBI,38854449,restIRP
2024,NHLBI,38564214,restIRP
2024,NHLBI,39107416,restIRP
2024,NHLBI,38992441,restIRP
2024,NHLBI,39077052,restIRP
2024,NHLBI,37477595,restIRP
2024,NHLBI,38049983,restIRP
2024,NHLBI,38306657,restIRP
2024,NHLBI,38961223,restIRP
2024,NHLBI,38865133,restIRP
2024,NHLBI,37586319,restIRP
2024,NHLBI,38639088,restIRP
2024,NHLBI,37610299,restIRP
2024,NHLBI,37305705,restIRP
2024,NHLBI,38684038,restIRP
2024,NHLBI,38165046,restIRP
2024,NHLBI,38117233,restIRP
2024,NHLBI,37730434,restIRP
2024,NHLBI,38299308,restIRP
2024,NHLBI,38375637,restIRP
2024,NHLBI,37145128,restIRP
2024,NHLBI,37074947,restIRP
2024,NHLBI,37164291,restIRP
2024,NHLBI,37581100,restIRP
2024,NHLBI,39348098,restIRP
2024,NHLBI,37007686,restIRP
2024,NHLBI,38099902,restIRP
2024,NHLBI,38680611,restIRP
2024,NHLBI,38207130,restIRP
2024,NHLBI,38831164,restIRP
2024,NHLBI,38265935,restIRP
2024,NHLBI,38474420,restIRP
2024,NHLBI,38895335,restIRP
2024,NHLBI,38048388,restIRP
2024,NHLBI,37828021,restIRP
2024,NHLBI,38903108,restIRP
2024,NHLBI,39068648,restIRP
2024,NHLBI,39117617,restIRP
2024,NHLBI,37468118,restIRP
2024,NHLBI,38152039,restIRP
2024,NHLBI,37834110,restIRP
2024,NHLBI,37259612,restIRP
2024,NHLBI,39021060,restIRP
2024,NHLBI,38058170,restIRP
2024,NHLBI,38756352,restIRP
2024,NHLBI,38675440,restIRP
2024,NHLBI,38930845,restIRP
2024,NHLBI,38154120,restIRP
2024,NHLBI,38829568,restIRP
2024,NHLBI,36997331,restIRP
2024,NHLBI,38019654,restIRP
2024,NHLBI,38024238,restIRP
2024,NHLBI,38937448,restIRP
2024,NHLBI,36396453,restIRP
2024,NHLBI,37906952,restIRP
2024,NHLBI,36961903,restIRP
2024,NHLBI,38560747,restIRP
2024,NHLBI,37507014,restIRP
2024,NHLBI,38509117,restIRP
2024,NHLBI,38143802,restIRP
2024,NHLBI,38151017,restIRP
2024,NHLBI,37774000,restIRP
2024,NHLBI,38016478,restIRP
2024,NHLBI,38047069,restIRP
2024,NHLBI,37175182,restIRP
2024,NHLBI,39061666,restIRP
2024,NHLBI,39025205,restIRP
2024,NHLBI,38614127,restIRP
2024,NHLBI,38388717,restIRP
2024,NHLBI,37739031,restIRP
2024,NHLBI,37603754,restIRP
2024,NHLBI,38280375,restIRP
2024,NHLBI,38811575,restIRP
2024,NHLBI,39007366,restIRP
2024,NHLBI,37728600,restIRP
2024,NHLBI,39106172,restIRP
2024,NHLBI,38606465,restIRP
2024,NHLBI,38832814,restIRP
2024,NHLBI,38767436,restIRP
2024,NHLBI,35767224,restIRP
2024,NHLBI,39073621,restIRP
2024,NHLBI,38715187,restIRP
2024,NHLBI,39084829,restIRP
2024,NHLBI,37586847,restIRP
2024,NHLBI,38083374,restIRP
2024,NHLBI,38316344,restIRP
2024,NHLBI,38943084,restIRP
2024,NHLBI,37669972,restIRP
2024,NHLBI,38214677,restIRP
2024,NHLBI,37009059,restIRP
2024,NHLBI,37178079,restIRP
2024,NHLBI,37466990,restIRP
2024,NHLBI,37746744,restIRP
2024,NHLBI,38666037,restIRP
2024,NHLBI,38385929,restIRP
2024,NHLBI,38759116,restIRP
2024,NHLBI,36607469,restIRP
2024,NHLBI,36932097,restIRP
2024,NHLBI,36914719,restIRP
2024,NHLBI,36586175,restIRP
2024,NHLBI,38041477,restIRP
2024,NHLBI,39096970,restIRP
2024,NHLBI,39055737,restIRP
2024,NHLBI,36935515,restIRP
2024,NHLBI,38044439,restIRP
2024,NHLBI,38168055,restIRP
2024,NHLBI,38903737,restIRP
2024,NHLBI,38347187,restIRP
2024,NHLBI,37952647,restIRP
2024,NHLBI,38983382,restIRP
2024,NHLBI,38150567,restIRP
2024,NHLBI,38151903,restIRP
2024,NHLBI,37396880,restIRP
2024,NHLBI,38539573,restIRP
2024,NHLBI,39072033,restIRP
2024,NHLBI,37481019,restIRP
2024,NHLBI,38432633,restIRP
2024,NHLBI,38809710,restIRP
2024,NHLBI,38903096,restIRP
2024,NHLBI,38903072,restIRP
2024,NHLBI,38488779,restIRP
2024,NHLBI,38809898,restIRP
2024,NHLBI,38658440,restIRP
2024,NHLBI,38450513,restIRP
2024,NHLBI,38309265,restIRP
2024,NHLBI,37898735,restIRP
2024,NHLBI,37767768,restIRP
2024,NHLBI,38945550,restIRP
2024,NHLBI,38631502,restIRP
2024,NHLBI,37845412,restIRP
2024,NHLBI,37758949,restIRP
2024,NHLBI,39159362,restIRP
2024,NHLBI,38791441,restIRP
2024,NHLBI,37039367,restIRP
2024,NHLBI,38533653,restIRP
2024,NHLBI,39091280,restIRP
2024,NHLBI,37119119,restIRP
2024,NHLBI,37351876,restIRP
2024,NHLBI,38528787,restIRP
2024,NHLBI,38651675,restIRP
2024,NHLBI,36972977,restIRP
2024,NHLBI,38676403,restIRP
2024,NHLBI,38465801,restIRP
2024,NHLBI,37721487,restIRP
2024,NHLBI,38508195,restIRP
2024,NHLBI,37938626,restIRP
2024,NHLBI,38333717,restIRP
2024,NHLBI,37991280,restIRP
2024,NHLBI,38944161,restIRP
2024,NHLBI,38285943,restIRP
2024,NHLBI,37723160,restIRP
2024,NHLBI,38904853,restIRP
2024,NHLBI,38071482,restIRP
2024,NHLBI,38813256,restIRP
2024,NHLBI,38912868,restIRP
2024,NHLBI,38092139,restIRP
2024,NHLBI,37832188,restIRP
2024,NHLBI,38273315,restIRP
2024,NHLBI,38163367,restIRP
2024,NHLBI,37084634,restIRP
2024,NHLBI,38733082,restIRP
2024,NIA,39060173,restIRP
2024,NIA,38847146,restIRP
2024,NIA,36652230,restIRP
2024,NIA,37350340,restIRP
2024,NIA,38387456,restIRP
2024,NIA,38978598,restIRP
2024,NIA,37823711,restIRP
2024,NIA,37437544,restIRP
2024,NIA,37325957,restIRP
2024,NIA,39001573,restIRP
2024,NIA,38574841,restIRP
2024,NIA,38978722,restIRP
2024,NIA,37953850,restIRP
2024,NIA,37743657,restIRP
2024,NIA,38591250,restIRP
2024,NIA,37982669,restIRP
2024,NIA,37462673,restIRP
2024,NIA,38866970,restIRP
2024,NIA,37535204,restIRP
2024,NIA,38701790,restIRP
2024,NIA,36915530,restIRP
2024,NIA,37719154,restIRP
2024,NIA,38622654,restIRP
2024,NIA,37690676,restIRP
2024,NIA,36702318,restIRP
2024,NIA,38184623,restIRP
2024,NIA,36785484,restIRP
2024,NIA,38423253,restIRP
2024,NIA,38286207,restIRP
2024,NIA,38864887,restIRP
2024,NIA,37386035,restIRP
2024,NIA,39060285,restIRP
2024,NIA,38789445,restIRP
2024,NIA,39108519,restIRP
2024,NIA,38978726,restIRP
2024,NIA,38915717,restIRP
2024,NIA,38191510,restIRP
2024,NIA,38251633,restIRP
2024,NIA,37817005,restIRP
2024,NIA,38837025,restIRP
2024,NIA,37369886,restIRP
2024,NIA,37667259,restIRP
2024,NIA,37795971,restIRP
2024,NIA,38457361,restIRP
2024,NIA,38066663,restIRP
2024,NIA,37967346,restIRP
2024,NIA,37770635,restIRP
2024,NIA,37303267,restIRP
2024,NIA,38471053,restIRP
2024,NIA,39041216,restIRP
2024,NIA,37901957,restIRP
2024,NIA,38290090,restIRP
2024,NIA,38135769,restIRP
2024,NIA,37160657,restIRP
2024,NIA,37780863,restIRP
2024,NIA,38689358,restIRP
2024,NIA,37837441,restIRP
2024,NIA,38026756,restIRP
2024,NIA,37990735,restIRP
2024,NIA,38977137,restIRP
2024,NIA,39129354,restIRP
2024,NIA,37600506,restIRP
2024,NIA,37473978,restIRP
2024,NIA,38526701,restIRP
2024,NIA,37465095,restIRP
2024,NIA,38655188,restIRP
2024,NIA,38742659,restIRP
2024,NIA,37123017,restIRP
2024,NIA,38537892,restIRP
2024,NIA,38915636,restIRP
2024,NIA,38353984,restIRP
2024,NIA,38381532,restIRP
2024,NIA,38653745,restIRP
2024,NIA,38127979,restIRP
2024,NIA,38191573,restIRP
2024,NIA,39147830,restIRP
2024,NIA,38188934,restIRP
2024,NIA,37657151,restIRP
2024,NIA,37836476,restIRP
2024,NIA,37744304,restIRP
2024,NIA,37920273,restIRP
2024,NIA,37084120,restIRP
2024,NIA,38227372,restIRP
2024,NIA,38507413,restIRP
2024,NIA,37831778,restIRP
2024,NIA,37696579,restIRP
2024,NIA,38000373,restIRP
2024,NIA,37667102,restIRP
2024,NIA,37872153,restIRP
2024,NIA,37862381,restIRP
2024,NIA,38162029,restIRP
2024,NIA,38721764,restIRP
2024,NIA,36585921,restIRP
2024,NIA,38410516,restIRP
2024,NIA,38637019,restIRP
2024,NIA,36641369,restIRP
2024,NIA,37475956,restIRP
2024,NIA,37930826,restIRP
2024,NIA,36892048,restIRP
2024,NIA,38461321,restIRP
2024,NIA,38047387,restIRP
2024,NIA,38901423,restIRP
2024,NIA,38754047,restIRP
2024,NIA,39102080,restIRP
2024,NIA,38521766,restIRP
2024,NIA,36082967,restIRP
2024,NIA,38375574,restIRP
2024,NIA,38307123,restIRP
2024,NIA,38615247,restIRP
2024,NIA,38116708,restIRP
2024,NIA,36637077,restIRP
2024,NIA,38778220,restIRP
2024,NIA,37701981,restIRP
2024,NIA,38689157,restIRP
2024,NIA,37561875,restIRP
2024,NIA,37493860,restIRP
2024,NIA,39131309,restIRP
2024,NIA,38532069,restIRP
2024,NIA,39058717,restIRP
2024,NIA,38316796,restIRP
2024,NIA,38483906,restIRP
2024,NIA,38967697,restIRP
2024,NIA,38790903,restIRP
2024,NIA,39143319,restIRP
2024,NIA,38302317,restIRP
2024,NIA,37923804,restIRP
2024,NIA,38093390,restIRP
2024,NIA,38500537,restIRP
2024,NIA,38277467,restIRP
2024,NIA,39133076,restIRP
2024,NIA,38310640,restIRP
2024,NIA,36915903,restIRP
2024,NIA,37679499,restIRP
2024,NIA,37391043,restIRP
2024,NIA,39076610,restIRP
2024,NIA,37114095,restIRP
2024,NIA,38493525,restIRP
2024,NIA,38195151,restIRP
2024,NIA,37847074,restIRP
2024,NIA,38226778,restIRP
2024,NIA,38332659,restIRP
2024,NIA,38183599,restIRP
2024,NIA,36069964,restIRP
2024,NIA,38699999,restIRP
2024,NIA,38428731,restIRP
2024,NIA,38347745,restIRP
2024,NIA,38809390,restIRP
2024,NIA,38874616,restIRP
2024,NIA,37710018,restIRP
2024,NIA,38605461,restIRP
2024,NIA,38021223,restIRP
2024,NIA,38770829,restIRP
2024,NIA,38145006,restIRP
2024,NIA,38906887,restIRP
2024,NIA,38905058,restIRP
2024,NIA,38346990,restIRP
2024,NIA,36778948,restIRP
2024,NIA,38216113,restIRP
2024,NIA,36326302,restIRP
2024,NIA,38635668,restIRP
2024,NIA,38788462,restIRP
2024,NIA,37814955,restIRP
2024,NIA,37218405,restIRP
2024,NIA,38567509,restIRP
2024,NIA,37638398,restIRP
2024,NIA,36729476,restIRP
2024,NIA,38764894,restIRP
2024,NIA,38951643,restIRP
2024,NIA,38280460,restIRP
2024,NIA,38226163,restIRP
2024,NIA,37730689,restIRP
2024,NIA,37842184,restIRP
2024,NIA,38549640,restIRP
2024,NIA,37026915,restIRP
2024,NIA,38667317,restIRP
2024,NIA,36671553,restIRP
2024,NIA,38868956,restIRP
2024,NIA,37643509,restIRP
2024,NIA,38612641,restIRP
2024,NIA,38132093,restIRP
2024,NIA,38049923,restIRP
2024,NIA,38717724,restIRP
2024,NIA,37072092,restIRP
2024,NIA,37828917,restIRP
2024,NIA,38899223,restIRP
2024,NIA,38689001,restIRP
2024,NIA,37741911,restIRP
2024,NIA,38529358,restIRP
2024,NIA,39044131,restIRP
2024,NIA,38881577,restIRP
2024,NIA,37527539,restIRP
2024,NIA,38218318,restIRP
2024,NIA,37555749,restIRP
2024,NIA,38300640,restIRP
2024,NIA,39159379,restIRP
2024,NIA,36879434,restIRP
2024,NIA,38499959,restIRP
2024,NIA,38140172,restIRP
2024,NIA,37798131,restIRP
2024,NIA,38483119,restIRP
2024,NIA,38996940,restIRP
2024,NIA,38251682,restIRP
2024,NIA,38181731,restIRP
2024,NIA,38487808,restIRP
2024,NIA,38853922,restIRP
2024,NIA,39030740,restIRP
2024,NIA,38889728,restIRP
2024,NIA,37539664,restIRP
2024,NIA,38849413,restIRP
2024,NIA,39017683,restIRP
2024,NIA,37998365,restIRP
2024,NIA,38148905,restIRP
2024,NIA,37744735,restIRP
2024,NIA,38284995,restIRP
2024,NIA,39062586,restIRP
2024,NIA,38627765,restIRP
2024,NIA,38563864,restIRP
2024,NIA,39143693,restIRP
2024,NIA,37728586,restIRP
2024,NIA,38587072,restIRP
2024,NIA,38769646,restIRP
2024,NIA,39069555,restIRP
2024,NIA,36739565,restIRP
2024,NIA,37729920,restIRP
2024,NIA,38191580,restIRP
2024,NIA,37633302,restIRP
2024,NIA,36915943,restIRP
2024,NIA,38770228,restIRP
2024,NIA,39011113,restIRP
2024,NIAAA,38969487,restIRP
2024,NIAAA,36593103,restIRP
2024,NIAAA,36631664,restIRP
2024,NIAAA,35844150,restIRP
2024,NIAAA,38811575,restIRP
2024,NIAAA,38724220,restIRP
2024,NIAAA,37720784,restIRP
2024,NIAAA,38998987,restIRP
2024,NIAAA,38732230,restIRP
2024,NIAAA,38245501,restIRP
2024,NIAAA,38776446,restIRP
2024,NIAAA,37739964,restIRP
2024,NIAAA,38941461,restIRP
2024,NIAAA,38693144,restIRP
2024,NIAAA,38200648,restIRP
2024,NIAAA,38877790,restIRP
2024,NIAAA,39050135,restIRP
2024,NIAAA,38354113,restIRP
2024,NIAAA,38761171,restIRP
2024,NIAAA,38855287,restIRP
2024,NIAAA,38953334,restIRP
2024,NIAAA,39108535,restIRP
2024,NIAAA,37891965,restIRP
2024,NIAAA,38891060,restIRP
2024,NIAAA,38978321,restIRP
2024,NIAAA,37935861,restIRP
2024,NIAAA,38619432,restIRP
2024,NIAAA,38956031,restIRP
2024,NIAAA,37769594,restIRP
2024,NIAAA,38982564,restIRP
2024,NIAAA,38865325,restIRP
2024,NIAAA,38537764,restIRP
2024,NIAAA,38727677,restIRP
2024,NIAAA,38281600,restIRP
2024,NIAAA,36991131,restIRP
2024,NIAAA,38276909,restIRP
2024,NIAAA,38017640,restIRP
2024,NIAAA,37726433,restIRP
2024,NIAAA,39144568,restIRP
2024,NIAAA,37642933,restIRP
2024,NIAAA,38052772,restIRP
2024,NIAAA,38630423,restIRP
2024,NIAAA,38094682,restIRP
2024,NIAAA,37762130,restIRP
2024,NIAAA,38806481,restIRP
2024,NIAAA,38717781,restIRP
2024,NIAAA,38677161,restIRP
2024,NIAAA,38491089,restIRP
2024,NIAAA,38486046,restIRP
2024,NIAAA,38417787,restIRP
2024,NIAAA,38410637,restIRP
2024,NIAAA,38409281,restIRP
2024,NIAAA,38326458,restIRP
2024,NIAAA,38300178,restIRP
2024,NIAAA,38182782,restIRP
2024,NIAAA,38109535,restIRP
2024,NIAAA,37991773,restIRP
2024,NIAAA,37938560,restIRP
2024,NIAAA,37844966,restIRP
2024,NIAAA,37832975,restIRP
2024,NIAAA,37804305,restIRP
2024,NIAAA,37769983,restIRP
2024,NIAAA,37140715,restIRP
2024,NIAAA,38756556,restIRP
2024,NIAAA,38918547,restIRP
2024,NIAAA,36796842,restIRP
2024,NIAAA,38838841,restIRP
2024,NIAAA,37890204,restIRP
2024,NIAAA,39024537,restIRP
2024,NIAAA,37824216,restIRP
2024,NIAAA,38711244,restIRP
2024,NIAAA,38697012,restIRP
2024,NIAAA,38059389,restIRP
2024,NIAAA,37796138,restIRP
2024,NIAAA,39020286,restIRP
2024,NIAAA,38315678,restIRP
2024,NIAAA,38034930,restIRP
2024,NIAAA,38479194,restIRP
2024,NIAAA,38087917,restIRP
2024,NIAAA,38827175,restIRP
2024,NIAAA,39208422,restIRP
2024,NIAID,38677292,restIRP
2024,NIAID,38513665,restIRP
2024,NIAID,38123151,restIRP
2024,NIAID,38185798,restIRP
2024,NIAID,38154666,restIRP
2024,NIAID,38422122,restIRP
2024,NIAID,38701783,restIRP
2024,NIAID,38015619,restIRP
2024,NIAID,37938781,restIRP
2024,NIAID,37883797,restIRP
2024,NIAID,37757827,restIRP
2024,NIAID,38129705,restIRP
2024,NIAID,38099988,restIRP
2024,NIAID,38810185,restIRP
2024,NIAID,38399799,restIRP
2024,NIAID,38367737,restIRP
2024,NIAID,38096800,restIRP
2024,NIAID,38022635,restIRP
2024,NIAID,38324638,restIRP
2024,NIAID,37567393,restIRP
2024,NIAID,38290608,restIRP
2024,NIAID,37562003,restIRP
2024,NIAID,37478401,restIRP
2024,NIAID,37982627,restIRP
2024,NIAID,38131664,restIRP
2024,NIAID,38451947,restIRP
2024,NIAID,38430907,restIRP
2024,NIAID,37766976,restIRP
2024,NIAID,38096058,restIRP
2024,NIAID,38096052,restIRP
2024,NIAID,38873606,restIRP
2024,NIAID,38670113,restIRP
2024,NIAID,38177625,restIRP
2024,NIAID,38717904,restIRP
2024,NIAID,37659505,restIRP
2024,NIAID,37953324,restIRP
2024,NIAID,38987885,restIRP
2024,NIAID,38836869,restIRP
2024,NIAID,37488949,restIRP
2024,NIAID,38653530,restIRP
2024,NIAID,37600812,restIRP
2024,NIAID,37486733,restIRP
2024,NIAID,38170993,restIRP
2024,NIAID,38446669,restIRP
2024,NIAID,38194268,restIRP
2024,NIAID,37809077,restIRP
2024,NIAID,38009914,restIRP
2024,NIAID,38048388,restIRP
2024,NIAID,38512721,restIRP
2024,NIAID,37874152,restIRP
2024,NIAID,38802937,restIRP
2024,NIAID,38809710,restIRP
2024,NIAID,37748059,restIRP
2024,NIAID,38413566,restIRP
2024,NIAID,38177144,restIRP
2024,NIAID,38819987,restIRP
2024,NIAID,39028623,restIRP
2024,NIAID,37824621,restIRP
2024,NIAID,37877800,restIRP
2024,NIAID,38670948,restIRP
2024,NIAID,37729613,restIRP
2024,NIAID,37481623,restIRP
2024,NIAID,38632492,restIRP
2024,NIAID,38344971,restIRP
2024,NIAID,37797893,restIRP
2024,NIAID,38593221,restIRP
2024,NIAID,37777067,restIRP
2024,NIAID,38172257,restIRP
2024,NIAID,38903111,restIRP
2024,NIAID,37862356,restIRP
2024,NIAID,37861280,restIRP
2024,NIAID,37726484,restIRP
2024,NIAID,39174553,restIRP
2024,NIAID,38042809,restIRP
2024,NIAID,38455906,restIRP
2024,NIAID,39059380,restIRP
2024,NIAID,39127706,restIRP
2024,NIAID,37616192,restIRP
2024,NIAID,38971776,restIRP
2024,NIAID,38901428,restIRP
2024,NIAID,39019011,restIRP
2024,NIAID,38704253,restIRP
2024,NIAID,37660103,restIRP
2024,NIAID,38793797,restIRP
2024,NIAID,37909740,restIRP
2024,NIAID,37943633,restIRP
2024,NIAID,38290009,restIRP
2024,NIAID,39059381,restIRP
2024,NIAID,38849365,restIRP
2024,NIAID,37735574,restIRP
2024,NIAID,38184666,restIRP
2024,NIAID,37743535,restIRP
2024,NIAID,37793572,restIRP
2024,NIAID,36928087,restIRP
2024,NIAID,37620741,restIRP
2024,NIAID,36332160,restIRP
2024,NIAID,37042708,restIRP
2024,NIAID,39013374,restIRP
2024,NIAID,37967137,restIRP
2024,NIAID,38932227,restIRP
2024,NIAID,38064524,restIRP
2024,NIAID,38773089,restIRP
2024,NIAID,37607234,restIRP
2024,NIAID,38279124,restIRP
2024,NIAID,38749479,restIRP
2024,NIAID,37506197,restIRP
2024,NIAID,38349163,restIRP
2024,NIAID,39045514,restIRP
2024,NIAID,38134275,restIRP
2024,NIAID,38877178,restIRP
2024,NIAID,37781651,restIRP
2024,NIAID,38903096,restIRP
2024,NIAID,38416804,restIRP
2024,NIAID,37852960,restIRP
2024,NIAID,38916317,restIRP
2024,NIAID,38863702,restIRP
2024,NIAID,38662650,restIRP
2024,NIAID,37737588,restIRP
2024,NIAID,37794071,restIRP
2024,NIAID,38557723,restIRP
2024,NIAID,38564303,restIRP
2024,NIAID,37919280,restIRP
2024,NIAID,38633260,restIRP
2024,NIAID,39070615,restIRP
2024,NIAID,38193710,restIRP
2024,NIAID,38976733,restIRP
2024,NIAID,36681898,restIRP
2024,NIAID,38940866,restIRP
2024,NIAID,38669354,restIRP
2024,NIAID,37939134,restIRP
2024,NIAID,37819130,restIRP
2024,NIAID,37811984,restIRP
2024,NIAID,38362501,restIRP
2024,NIAID,37838705,restIRP
2024,NIAID,38399310,restIRP
2024,NIAID,38445878,restIRP
2024,NIAID,37655895,restIRP
2024,NIAID,38297316,restIRP
2024,NIAID,37905910,restIRP
2024,NIAID,37845211,restIRP
2024,NIAID,39140311,restIRP
2024,NIAID,38593167,restIRP
2024,NIAID,38144450,restIRP
2024,NIAID,38030609,restIRP
2024,NIAID,37652048,restIRP
2024,NIAID,38071106,restIRP
2024,NIAID,38456672,restIRP
2024,NIAID,37790281,restIRP
2024,NIAID,38011570,restIRP
2024,NIAID,37791340,restIRP
2024,NIAID,38291301,restIRP
2024,NIAID,38982564,restIRP
2024,NIAID,38512841,restIRP
2024,NIAID,38961223,restIRP
2024,NIAID,38903125,restIRP
2024,NIAID,38950078,restIRP
2024,NIAID,37900981,restIRP
2024,NIAID,38696257,restIRP
2024,NIAID,38953379,restIRP
2024,NIAID,38365823,restIRP
2024,NIAID,38243165,restIRP
2024,NIAID,38404200,restIRP
2024,NIAID,38937448,restIRP
2024,NIAID,38235425,restIRP
2024,NIAID,38420591,restIRP
2024,NIAID,38335224,restIRP
2024,NIAID,38530888,restIRP
2024,NIAID,38168288,restIRP
2024,NIAID,38619967,restIRP
2024,NIAID,38402303,restIRP
2024,NIAID,37967199,restIRP
2024,NIAID,38195666,restIRP
2024,NIAID,38295108,restIRP
2024,NIAID,38527474,restIRP
2024,NIAID,37935664,restIRP
2024,NIAID,38713583,restIRP
2024,NIAID,38834971,restIRP
2024,NIAID,37868648,restIRP
2024,NIAID,38070892,restIRP
2024,NIAID,38422185,restIRP
2024,NIAID,37995692,restIRP
2024,NIAID,38930554,restIRP
2024,NIAID,38719176,restIRP
2024,NIAID,36662884,restIRP
2024,NIAID,38320737,restIRP
2024,NIAID,38587079,restIRP
2024,NIAID,37989731,restIRP
2024,NIAID,38802413,restIRP
2024,NIAID,38250850,restIRP
2024,NIAID,38704686,restIRP
2024,NIAID,37849396,restIRP
2024,NIAID,38667967,restIRP
2024,NIAID,38728839,restIRP
2024,NIAID,38174935,restIRP
2024,NIAID,38380929,restIRP
2024,NIAID,38899875,restIRP
2024,NIAID,38081806,restIRP
2024,NIAID,38751433,restIRP
2024,NIAID,38889712,restIRP
2024,NIAID,37638355,restIRP
2024,NIAID,39233015,restIRP
2024,NIAID,38692285,restIRP
2024,NIAID,37119057,restIRP
2024,NIAID,39023559,restIRP
2024,NIAID,38578389,restIRP
2024,NIAID,38988315,restIRP
2024,NIAID,38437239,restIRP
2024,NIAID,38432633,restIRP
2024,NIAID,38263330,restIRP
2024,NIAID,39134521,restIRP
2024,NIAID,37796477,restIRP
2024,NIAID,37731001,restIRP
2024,NIAID,37233305,restIRP
2024,NIAID,38986025,restIRP
2024,NIAID,37606364,restIRP
2024,NIAID,37316806,restIRP
2024,NIAID,37975682,restIRP
2024,NIAID,38502192,restIRP
2024,NIAID,38236633,restIRP
2024,NIAID,37651206,restIRP
2024,NIAID,39042728,restIRP
2024,NIAID,38117233,restIRP
2024,NIAID,37847010,restIRP
2024,NIAID,37819097,restIRP
2024,NIAID,38128541,restIRP
2024,NIAID,38611048,restIRP
2024,NIAID,39068290,restIRP
2024,NIAID,38194689,restIRP
2024,NIAID,37796973,restIRP
2024,NIAID,38485563,restIRP
2024,NIAID,37768797,restIRP
2024,NIAID,38587077,restIRP
2024,NIAID,38729611,restIRP
2024,NIAID,38842160,restIRP
2024,NIAID,37802314,restIRP
2024,NIAID,38086794,restIRP
2024,NIAID,37949888,restIRP
2024,NIAID,37730434,restIRP
2024,NIAID,38722159,restIRP
2024,NIAID,37883420,restIRP
2024,NIAID,38163367,restIRP
2024,NIAID,37587458,restIRP
2024,NIAID,38678364,restIRP
2024,NIAID,37990257,restIRP
2024,NIAID,38743047,restIRP
2024,NIAID,39025963,restIRP
2024,NIAID,38026221,restIRP
2024,NIAID,37616377,restIRP
2024,NIAID,37878467,restIRP
2024,NIAID,38780248,restIRP
2024,NIAID,37866114,restIRP
2024,NIAID,38336916,restIRP
2024,NIAID,38252532,restIRP
2024,NIAID,38149583,restIRP
2024,NIAID,37698922,restIRP
2024,NIAID,38487996,restIRP
2024,NIAID,39084187,restIRP
2024,NIAID,38511932,restIRP
2024,NIAID,38428508,restIRP
2024,NIAID,38658802,restIRP
2024,NIAID,38912868,restIRP
2024,NIAID,37910561,restIRP
2024,NIAID,36755544,restIRP
2024,NIAID,38694513,restIRP
2024,NIAID,37703304,restIRP
2024,NIAID,38572241,restIRP
2024,NIAID,37832027,restIRP
2024,NIAID,38056457,restIRP
2024,NIAID,38604871,restIRP
2024,NIAID,38502482,restIRP
2024,NIAID,38265935,restIRP
2024,NIAID,37622664,restIRP
2024,NIAID,38739647,restIRP
2024,NIAID,38932114,restIRP
2024,NIAID,36988432,restIRP
2024,NIAID,37672587,restIRP
2024,NIAID,38404292,restIRP
2024,NIAID,37756057,restIRP
2024,NIAID,38261786,restIRP
2024,NIAID,37643006,restIRP
2024,NIAID,38769294,restIRP
2024,NIAID,37562033,restIRP
2024,NIAID,38382314,restIRP
2024,NIAID,38400054,restIRP
2024,NIAID,37880247,restIRP
2024,NIAID,38548922,restIRP
2024,NIAID,38165394,restIRP
2024,NIAID,38652660,restIRP
2024,NIAID,37596837,restIRP
2024,NIAID,38669579,restIRP
2024,NIAID,38973065,restIRP
2024,NIAID,38861603,restIRP
2024,NIAID,38636200,restIRP
2024,NIAID,38620029,restIRP
2024,NIAID,38798642,restIRP
2024,NIAID,38903118,restIRP
2024,NIAID,38366179,restIRP
2024,NIAID,38903060,restIRP
2024,NIAID,38059179,restIRP
2024,NIAID,38816418,restIRP
2024,NIAID,38110569,restIRP
2024,NIAID,37758795,restIRP
2024,NIAID,37624343,restIRP
2024,NIAID,38955221,restIRP
2024,NIAID,38281054,restIRP
2024,NIAID,38774866,restIRP
2024,NIAID,37821447,restIRP
2024,NIAID,38134511,restIRP
2024,NIAID,38321047,restIRP
2024,NIAID,38387018,restIRP
2024,NIAID,37610299,restIRP
2024,NIAID,38110118,restIRP
2024,NIAID,38745866,restIRP
2024,NIAID,37690772,restIRP
2024,NIAID,37951310,restIRP
2024,NIAID,37285821,restIRP
2024,NIAID,38928133,restIRP
2024,NIAID,38666394,restIRP
2024,NIAID,38838942,restIRP
2024,NIAID,37984795,restIRP
2024,NIAID,37348524,restIRP
2024,NIAID,37224227,restIRP
2024,NIAID,38110611,restIRP
2024,NIAID,38460680,restIRP
2024,NIAID,37861342,restIRP
2024,NIAID,38294906,restIRP
2024,NIAID,37976351,restIRP
2024,NIAID,38834052,restIRP
2024,NIAID,37080161,restIRP
2024,NIAID,38803064,restIRP
2024,NIAID,37544771,restIRP
2024,NIAID,37379584,restIRP
2024,NIAID,37255467,restIRP
2024,NIAID,37811983,restIRP
2024,NIAID,37195924,restIRP
2024,NIAID,38181070,restIRP
2024,NIAID,39044942,restIRP
2024,NIAID,37724870,restIRP
2024,NIAID,37744365,restIRP
2024,NIAID,38009954,restIRP
2024,NIAID,37620337,restIRP
2024,NIAID,37534607,restIRP
2024,NIAID,38813260,restIRP
2024,NIAID,38189332,restIRP
2024,NIAID,39106267,restIRP
2024,NIAID,38819322,restIRP
2024,NIAID,37705364,restIRP
2024,NIAID,38956017,restIRP
2024,NIAID,38052974,restIRP
2024,NIAID,38408217,restIRP
2024,NIAID,37585383,restIRP
2024,NIAID,38444369,restIRP
2024,NIAID,38483534,restIRP
2024,NIAID,37637232,restIRP
2024,NIAID,38377078,restIRP
2024,NIAID,38114162,restIRP
2024,NIAID,38332519,restIRP
2024,NIAID,38423018,restIRP
2024,NIAID,37380166,restIRP
2024,NIAID,38109082,restIRP
2024,NIAID,37079374,restIRP
2024,NIAID,38057307,restIRP
2024,NIAID,37659419,restIRP
2024,NIAID,39007069,restIRP
2024,NIAID,38194272,restIRP
2024,NIAID,38175961,restIRP
2024,NIAID,38383504,restIRP
2024,NIAID,37275364,restIRP
2024,NIAID,39018444,restIRP
2024,NIAID,37441774,restIRP
2024,NIAID,38657001,restIRP
2024,NIAID,38978558,restIRP
2024,NIAID,38946967,restIRP
2024,NIAID,38261617,restIRP
2024,NIAID,38018102,restIRP
2024,NIAID,38990838,restIRP
2024,NIAID,39033080,restIRP
2024,NIAID,38392905,restIRP
2024,NIAID,39198422,restIRP
2024,NIAID,38914562,restIRP
2024,NIAID,37747931,restIRP
2024,NIAID,38072056,restIRP
2024,NIAID,38884646,restIRP
2024,NIAID,38640117,restIRP
2024,NIAID,37783968,restIRP
2024,NIAID,38895320,restIRP
2024,NIAID,38903070,restIRP
2024,NIAID,37683824,restIRP
2024,NIAID,38946991,restIRP
2024,NIAID,38785423,restIRP
2024,NIAID,39089348,restIRP
2024,NIAID,37677136,restIRP
2024,NIAID,38564496,restIRP
2024,NIAID,39026652,restIRP
2024,NIAID,37948640,restIRP
2024,NIAID,38180236,restIRP
2024,NIAID,38218737,restIRP
2024,NIAID,39209843,restIRP
2024,NIAID,38663723,restIRP
2024,NIAID,38981485,restIRP
2024,NIAID,38361992,restIRP
2024,NIAID,37487610,restIRP
2024,NIAID,38278170,restIRP
2024,NIAID,38923692,restIRP
2024,NIAID,38817344,restIRP
2024,NIAID,39037378,restIRP
2024,NIAID,38786655,restIRP
2024,NIAID,38753806,restIRP
2024,NIAID,38318357,restIRP
2024,NIAID,38226493,restIRP
2024,NIAID,38531104,restIRP
2024,NIAID,37801035,restIRP
2024,NIAID,37488257,restIRP
2024,NIAID,38502693,restIRP
2024,NIAID,37751477,restIRP
2024,NIAID,38066332,restIRP
2024,NIAID,37720210,restIRP
2024,NIAID,38363547,restIRP
2024,NIAID,37595007,restIRP
2024,NIAID,38041964,restIRP
2024,NIAID,38900479,restIRP
2024,NIAID,38941593,restIRP
2024,NIAID,37389815,restIRP
2024,NIAID,38005838,restIRP
2024,NIAID,38078733,restIRP
2024,NIAID,38443376,restIRP
2024,NIAID,37896833,restIRP
2024,NIAID,38802531,restIRP
2024,NIAID,38114057,restIRP
2024,NIAID,38854427,restIRP
2024,NIAID,38637498,restIRP
2024,NIAID,38710903,restIRP
2024,NIAID,37564740,restIRP
2024,NIAID,38861030,restIRP
2024,NIAID,38228150,restIRP
2024,NIAID,37286807,restIRP
2024,NIAID,37971871,restIRP
2024,NIAID,38383456,restIRP
2024,NIAID,38938682,restIRP
2024,NIAID,37083882,restIRP
2024,NIAID,37840858,restIRP
2024,NIAID,37488500,restIRP
2024,NIAID,38448840,restIRP
2024,NIAID,36706504,restIRP
2024,NIAID,38508195,restIRP
2024,NIAID,37996063,restIRP
2024,NIAID,39060200,restIRP
2024,NIAID,38159432,restIRP
2024,NIAID,38394332,restIRP
2024,NIAID,37366802,restIRP
2024,NIAID,38182727,restIRP
2024,NIAID,38980042,restIRP
2024,NIAID,37616303,restIRP
2024,NIAID,38267444,restIRP
2024,NIAID,38428410,restIRP
2024,NIAID,38479361,restIRP
2024,NIAID,38778039,restIRP
2024,NIAID,38900844,restIRP
2024,NIAID,37627756,restIRP
2024,NIAID,38391516,restIRP
2024,NIAID,37795985,restIRP
2024,NIAID,36709074,restIRP
2024,NIAID,38019653,restIRP
2024,NIAID,37639457,restIRP
2024,NIAID,37544326,restIRP
2024,NIAID,38061025,restIRP
2024,NIAID,38829668,restIRP
2024,NIAID,38507462,restIRP
2024,NIAID,38693565,restIRP
2024,NIAID,37251388,restIRP
2024,NIAID,37402742,restIRP
2024,NIAID,38460050,restIRP
2024,NIAID,37578898,restIRP
2024,NIAID,37487061,restIRP
2024,NIAID,38896609,restIRP
2024,NIAID,39149309,restIRP
2024,NIAID,38266286,restIRP
2024,NIAID,38185496,restIRP
2024,NIAID,37285529,restIRP
2024,NIAID,38754459,restIRP
2024,NIAID,39089468,restIRP
2024,NIAID,38140590,restIRP
2024,NIAID,38512815,restIRP
2024,NIAID,38861571,restIRP
2024,NIAID,39078193,restIRP
2024,NIAID,39081315,restIRP
2024,NIAID,38903073,restIRP
2024,NIAID,37909749,restIRP
2024,NIAID,38188518,restIRP
2024,NIAID,38718859,restIRP
2024,NIAID,37406177,restIRP
2024,NIAID,38838155,restIRP
2024,NIAID,38614090,restIRP
2024,NIAID,38723629,restIRP
2024,NIAID,38283350,restIRP
2024,NIAID,38359797,restIRP
2024,NIAID,38568811,restIRP
2024,NIAID,38527097,restIRP
2024,NIAID,38096317,restIRP
2024,NIAID,38516355,restIRP
2024,NIAID,38680612,restIRP
2024,NIAID,37558059,restIRP
2024,NIAID,37946302,restIRP
2024,NIAID,38548091,restIRP
2024,NIAID,37738626,restIRP
2024,NIAID,37857747,restIRP
2024,NIAID,37883332,restIRP
2024,NIAID,38781931,restIRP
2024,NIAID,38980441,restIRP
2024,NIAID,38049877,restIRP
2024,NIAID,38394123,restIRP
2024,NIAID,38123476,restIRP
2024,NIAID,38426210,restIRP
2024,NIAID,39070798,restIRP
2024,NIAID,37756526,restIRP
2024,NIAID,39131331,restIRP
2024,NIAID,38901738,restIRP
2024,NIAID,37932470,restIRP
2024,NIAID,38274790,restIRP
2024,NIAID,38434609,restIRP
2024,NIAID,37918403,restIRP
2024,NIAID,38742044,restIRP
2024,NIAID,37745942,restIRP
2024,NIAID,38913614,restIRP
2024,NIAID,38005840,restIRP
2024,NIAID,38975122,restIRP
2024,NIAID,38116577,restIRP
2024,NIAID,39028003,restIRP
2024,NIAID,38415923,restIRP
2024,NIAID,38205253,restIRP
2024,NIAID,38262502,restIRP
2024,NIAID,38637696,restIRP
2024,NIAID,37692200,restIRP
2024,NIAID,38680611,restIRP
2024,NIAID,38196575,restIRP
2024,NIAMS,38142927,restIRP
2024,NIAMS,37516309,restIRP
2024,NIAMS,39121214,restIRP
2024,NIAMS,38527764,restIRP
2024,NIAMS,38969660,restIRP
2024,NIAMS,39005319,restIRP
2024,NIAMS,37805600,restIRP
2024,NIAMS,38502482,restIRP
2024,NIAMS,38696257,restIRP
2024,NIAMS,38453480,restIRP
2024,NIAMS,38697116,restIRP
2024,NIAMS,37928541,restIRP
2024,NIAMS,38357212,restIRP
2024,NIAMS,37756335,restIRP
2024,NIAMS,38343435,restIRP
2024,NIAMS,38126779,restIRP
2024,NIAMS,37757827,restIRP
2024,NIAMS,37956283,restIRP
2024,NIAMS,37054678,restIRP
2024,NIAMS,37946302,restIRP
2024,NIAMS,37495514,restIRP
2024,NIAMS,37552767,restIRP
2024,NIAMS,38926363,restIRP
2024,NIAMS,36762496,restIRP
2024,NIAMS,39073022,restIRP
2024,NIAMS,38902010,restIRP
2024,NIAMS,38272842,restIRP
2024,NIAMS,36996276,restIRP
2024,NIAMS,38059274,restIRP
2024,NIAMS,38383456,restIRP
2024,NIAMS,39153475,restIRP
2024,NIAMS,38277395,restIRP
2024,NIAMS,36912080,restIRP
2024,NIAMS,36924503,restIRP
2024,NIAMS,37592256,restIRP
2024,NIAMS,38372062,restIRP
2024,NIAMS,38748579,restIRP
2024,NIAMS,38007359,restIRP
2024,NIAMS,38049983,restIRP
2024,NIAMS,38408849,restIRP
2024,NIAMS,38807125,restIRP
2024,NIAMS,37683824,restIRP
2024,NIAMS,38435320,restIRP
2024,NIAMS,38810185,restIRP
2024,NIAMS,38955181,restIRP
2024,NIAMS,38225170,restIRP
2024,NIAMS,36828585,restIRP
2024,NIAMS,38343337,restIRP
2024,NIAMS,36938663,restIRP
2024,NIAMS,37922339,restIRP
2024,NIAMS,37384752,restIRP
2024,NIAMS,37738626,restIRP
2024,NIAMS,38759225,restIRP
2024,NIAMS,37435833,restIRP
2024,NIAMS,38811719,restIRP
2024,NIAMS,38170500,restIRP
2024,NIAMS,37098006,restIRP
2024,NIAMS,38828730,restIRP
2024,NIAMS,36737106,restIRP
2024,NIAMS,38266271,restIRP
2024,NIAMS,37755087,restIRP
2024,NIAMS,38398178,restIRP
2024,NIAMS,36661295,restIRP
2024,NIAMS,37737377,restIRP
2024,NIAMS,38564998,restIRP
2024,NIAMS,37769878,restIRP
2024,NIAMS,37990257,restIRP
2024,NIBIB,38903106,restIRP
2024,NIBIB,36650008,restIRP
2024,NIBIB,38455403,restIRP
2024,NIBIB,38302573,restIRP
2024,NIBIB,38497797,restIRP
2024,NIBIB,38291798,restIRP
2024,NIBIB,38726888,restIRP
2024,NIBIB,38582148,restIRP
2024,NIBIB,38285943,restIRP
2024,NIBIB,37010311,restIRP
2024,NIBIB,37933490,restIRP
2024,NIBIB,38336934,restIRP
2024,NIBIB,36737758,restIRP
2024,NIBIB,37669309,restIRP
2024,NIBIB,38967176,restIRP
2024,NIBIB,38587193,restIRP
2024,NIBIB,38600167,restIRP
2024,NIBIB,38502707,restIRP
2024,NIBIB,38941236,restIRP
2024,NIBIB,39107416,restIRP
2024,NIBIB,38321040,restIRP
2024,NIBIB,38017066,restIRP
2024,NIBIB,37670571,restIRP
2024,NIBIB,38903092,restIRP
2024,NIBIB,37824621,restIRP
2024,NIBIB,38706694,restIRP
2024,NIBIB,38741699,restIRP
2024,NIBIB,38170778,restIRP
2024,NIBIB,38192168,restIRP
2024,NIBIB,38018991,restIRP
2024,NICHD,37806612,restIRP
2024,NICHD,37944273,restIRP
2024,NICHD,38047079,restIRP
2024,NICHD,38198568,restIRP
2024,NICHD,38134931,restIRP
2024,NICHD,37647360,restIRP
2024,NICHD,38913421,restIRP
2024,NICHD,38419656,restIRP
2024,NICHD,38354736,restIRP
2024,NICHD,36717694,restIRP
2024,NICHD,35567646,restIRP
2024,NICHD,37310302,restIRP
2024,NICHD,38805237,restIRP
2024,NICHD,37078547,restIRP
2024,NICHD,36470574,restIRP
2024,NICHD,37517328,restIRP
2024,NICHD,37065726,restIRP
2024,NICHD,36719165,restIRP
2024,NICHD,37338096,restIRP
2024,NICHD,38673803,restIRP
2024,NICHD,38236648,restIRP
2024,NICHD,36638187,restIRP
2024,NICHD,36461157,restIRP
2024,NICHD,37587458,restIRP
2024,NICHD,39048052,restIRP
2024,NICHD,37662495,restIRP
2024,NICHD,38863022,restIRP
2024,NICHD,37953850,restIRP
2024,NICHD,39030631,restIRP
2024,NICHD,38012987,restIRP
2024,NICHD,38052982,restIRP
2024,NICHD,38474842,restIRP
2024,NICHD,38936550,restIRP
2024,NICHD,37697338,restIRP
2024,NICHD,37992405,restIRP
2024,NICHD,37935839,restIRP
2024,NICHD,38808605,restIRP
2024,NICHD,38972510,restIRP
2024,NICHD,39008499,restIRP
2024,NICHD,38752206,restIRP
2024,NICHD,38378678,restIRP
2024,NICHD,38903088,restIRP
2024,NICHD,38266075,restIRP
2024,NICHD,38573742,restIRP
2024,NICHD,38011569,restIRP
2024,NICHD,37843988,restIRP
2024,NICHD,38599239,restIRP
2024,NICHD,37774000,restIRP
2024,NICHD,38950322,restIRP
2024,NICHD,39091844,restIRP
2024,NICHD,38334640,restIRP
2024,NICHD,38401883,restIRP
2024,NICHD,37717995,restIRP
2024,NICHD,36823612,restIRP
2024,NICHD,38569548,restIRP
2024,NICHD,38597904,restIRP
2024,NICHD,38923438,restIRP
2024,NICHD,37935042,restIRP
2024,NICHD,39103247,restIRP
2024,NICHD,38987029,restIRP
2024,NICHD,38658523,restIRP
2024,NICHD,37791340,restIRP
2024,NICHD,38637284,restIRP
2024,NICHD,37943608,restIRP
2024,NICHD,37754655,restIRP
2024,NICHD,37987184,restIRP
2024,NICHD,37965354,restIRP
2024,NICHD,38600832,restIRP
2024,NICHD,37536224,restIRP
2024,NICHD,38640597,restIRP
2024,NICHD,38671361,restIRP
2024,NICHD,38271099,restIRP
2024,NICHD,38165046,restIRP
2024,NICHD,38903091,restIRP
2024,NICHD,39025931,restIRP
2024,NICHD,38423450,restIRP
2024,NICHD,37985885,restIRP
2024,NICHD,39067449,restIRP
2024,NICHD,38913752,restIRP
2024,NICHD,38569506,restIRP
2024,NICHD,38151220,restIRP
2024,NICHD,36928064,restIRP
2024,NICHD,37946325,restIRP
2024,NICHD,38838912,restIRP
2024,NICHD,38078856,restIRP
2024,NICHD,37224071,restIRP
2024,NICHD,37741977,restIRP
2024,NICHD,38187988,restIRP
2024,NICHD,37607904,restIRP
2024,NICHD,38732071,restIRP
2024,NICHD,38895471,restIRP
2024,NICHD,38938682,restIRP
2024,NICHD,37938562,restIRP
2024,NICHD,38625612,restIRP
2024,NICHD,38993671,restIRP
2024,NICHD,39061791,restIRP
2024,NICHD,38600167,restIRP
2024,NICHD,39005447,restIRP
2024,NICHD,37709732,restIRP
2024,NICHD,38274045,restIRP
2024,NICHD,38706540,restIRP
2024,NICHD,38477760,restIRP
2024,NICHD,39091802,restIRP
2024,NICHD,37979772,restIRP
2024,NICHD,38903077,restIRP
2024,NICHD,37353106,restIRP
2024,NICHD,38297144,restIRP
2024,NICHD,37945821,restIRP
2024,NICHD,37938555,restIRP
2024,NICHD,37861066,restIRP
2024,NICHD,37666439,restIRP
2024,NICHD,37467014,restIRP
2024,NICHD,39026837,restIRP
2024,NICHD,37995681,restIRP
2024,NICHD,38600066,restIRP
2024,NICHD,36602298,restIRP
2024,NICHD,37866371,restIRP
2024,NICHD,37969031,restIRP
2024,NICHD,38325378,restIRP
2024,NICHD,38634798,restIRP
2024,NICHD,36788284,restIRP
2024,NICHD,37660974,restIRP
2024,NICHD,37419197,restIRP
2024,NICHD,38220066,restIRP
2024,NICHD,35986149,restIRP
2024,NICHD,38677086,restIRP
2024,NICHD,38815746,restIRP
2024,NICHD,38323609,restIRP
2024,NICHD,38211592,restIRP
2024,NICHD,37723282,restIRP
2024,NICHD,37776852,restIRP
2024,NICHD,38211816,restIRP
2024,NICHD,38838028,restIRP
2024,NICHD,38431257,restIRP
2024,NICHD,38663539,restIRP
2024,NICHD,38670302,restIRP
2024,NICHD,38128568,restIRP
2024,NICHD,38772452,restIRP
2024,NICHD,38281682,restIRP
2024,NICHD,39116647,restIRP
2024,NICHD,37669128,restIRP
2024,NICHD,38617535,restIRP
2024,NICHD,38835047,restIRP
2024,NICHD,38169732,restIRP
2024,NICHD,37429920,restIRP
2024,NICHD,38239832,restIRP
2024,NICHD,38657072,restIRP
2024,NICHD,38818047,restIRP
2024,NICHD,38889363,restIRP
2024,NICHD,38574162,restIRP
2024,NICHD,38152138,restIRP
2024,NICHD,37935254,restIRP
2024,NICHD,38705361,restIRP
2024,NICHD,39029375,restIRP
2024,NICHD,36988887,restIRP
2024,NICHD,38627600,restIRP
2024,NICHD,38918635,restIRP
2024,NICHD,38095310,restIRP
2024,NICHD,38568811,restIRP
2024,NICHD,38097317,restIRP
2024,NICHD,38633897,restIRP
2024,NICHD,38626285,restIRP
2024,NICHD,38096802,restIRP
2024,NICHD,36846212,restIRP
2024,NICHD,37261392,restIRP
2024,NICHD,39105065,restIRP
2024,NICHD,38756303,restIRP
2024,NICHD,37669768,restIRP
2024,NICHD,39037866,restIRP
2024,NIDA,38481684,restIRP
2024,NIDA,38272669,restIRP
2024,NIDA,38189238,restIRP
2024,NIDA,39155312,restIRP
2024,NIDA,37620443,restIRP
2024,NIDA,38402210,restIRP
2024,NIDA,37804827,restIRP
2024,NIDA,37603693,restIRP
2024,NIDA,37796827,restIRP
2024,NIDA,38755004,restIRP
2024,NIDA,38796563,restIRP
2024,NIDA,38413576,restIRP
2024,NIDA,38794765,restIRP
2024,NIDA,38128767,restIRP
2024,NIDA,38927116,restIRP
2024,NIDA,38357284,restIRP
2024,NIDA,38191696,restIRP
2024,NIDA,37847546,restIRP
2024,NIDA,37792512,restIRP
2024,NIDA,37629030,restIRP
2024,NIDA,37599183,restIRP
2024,NIDA,38660044,restIRP
2024,NIDA,38680653,restIRP
2024,NIDA,38863429,restIRP
2024,NIDA,38145984,restIRP
2024,NIDA,36898838,restIRP
2024,NIDA,37291212,restIRP
2024,NIDA,37466616,restIRP
2024,NIDA,37316576,restIRP
2024,NIDA,37981240,restIRP
2024,NIDA,38948457,restIRP
2024,NIDA,38788532,restIRP
2024,NIDA,37213182,restIRP
2024,NIDA,37214465,restIRP
2024,NIDA,38277146,restIRP
2024,NIDA,38174871,restIRP
2024,NIDA,38497810,restIRP
2024,NIDA,39117899,restIRP
2024,NIDA,39079555,restIRP
2024,NIDA,38917939,restIRP
2024,NIDA,38776446,restIRP
2024,NIDA,38197836,restIRP
2024,NIDA,37993282,restIRP
2024,NIDA,38234369,restIRP
2024,NIDA,38305357,restIRP
2024,NIDA,38305356,restIRP
2024,NIDA,38640709,restIRP
2024,NIDA,38865325,restIRP
2024,NIDA,38409282,restIRP
2024,NIDA,37833300,restIRP
2024,NIDA,38831763,restIRP
2024,NIDA,38346894,restIRP
2024,NIDA,38853878,restIRP
2024,NIDA,38582939,restIRP
2024,NIDA,37081296,restIRP
2024,NIDA,38615102,restIRP
2024,NIDA,37494470,restIRP
2024,NIDA,38291050,restIRP
2024,NIDA,37872145,restIRP
2024,NIDA,38796702,restIRP
2024,NIDA,37848025,restIRP
2024,NIDA,38020807,restIRP
2024,NIDA,38253691,restIRP
2024,NIDA,36434081,restIRP
2024,NIDA,37270620,restIRP
2024,NIDA,36683829,restIRP
2024,NIDA,39103497,restIRP
2024,NIDA,37646374,restIRP
2024,NIDA,37467430,restIRP
2024,NIDA,36661568,restIRP
2024,NIDA,38926603,restIRP
2024,NIDA,38195566,restIRP
2024,NIDA,37632750,restIRP
2024,NIDA,37739964,restIRP
2024,NIDA,38216113,restIRP
2024,NIDA,38324323,restIRP
2024,NIDA,38407905,restIRP
2024,NIDA,38280945,restIRP
2024,NIDA,38206627,restIRP
2024,NIDA,38017638,restIRP
2024,NIDA,38491746,restIRP
2024,NIDA,38067439,restIRP
2024,NIDA,37759895,restIRP
2024,NIDA,39064909,restIRP
2024,NIDA,38731416,restIRP
2024,NIDA,38637015,restIRP
2024,NIDA,37381112,restIRP
2024,NIDA,38113481,restIRP
2024,NIDA,39006169,restIRP
2024,NIDA,38530887,restIRP
2024,NIDA,38609548,restIRP
2024,NIDA,38055637,restIRP
2024,NIDA,38419897,restIRP
2024,NIDA,38359839,restIRP
2024,NIDA,38444104,restIRP
2024,NIDA,38838841,restIRP
2024,NIDA,38965184,restIRP
2024,NIDA,38467480,restIRP
2024,NIDA,38351172,restIRP
2024,NIDA,37479780,restIRP
2024,NIDA,38374108,restIRP
2024,NIDA,38600154,restIRP
2024,NIDA,38631564,restIRP
2024,NIDCD,38454547,restIRP
2024,NIDCD,36807241,restIRP
2024,NIDCD,39062623,restIRP
2024,NIDCD,38826223,restIRP
2024,NIDCD,37668839,restIRP
2024,NIDCD,38321040,restIRP
2024,NIDCD,38516320,restIRP
2024,NIDCD,38497797,restIRP
2024,NIDCD,38085763,restIRP
2024,NIDCD,37733989,restIRP
2024,NIDCD,38516318,restIRP
2024,NIDCD,37154552,restIRP
2024,NIDCD,38816375,restIRP
2024,NIDCD,38330941,restIRP
2024,NIDCD,38826689,restIRP
2024,NIDCD,37390046,restIRP
2024,NIDCD,37952154,restIRP
2024,NIDCD,37641232,restIRP
2024,NIDCD,38183347,restIRP
2024,NIDCD,37720106,restIRP
2024,NIDCD,38464021,restIRP
2024,NIDCD,38641994,restIRP
2024,NIDCD,2023005101,restIRP
2024,NIDCD,38500996,restIRP
2024,NIDCD,37786945,restIRP
2024,NIDCD,38445151,restIRP
2024,NIDCD,37481704,restIRP
2024,NIDCD,37693946,restIRP
2024,NIDCD,38937103,restIRP
2024,NIDCD,39185230,restIRP
2024,NIDCD,38653806,restIRP
2024,NIDCD,39047106,restIRP
2024,NIDCD,39121996,restIRP
2024,NIDCD,39091850,restIRP
2024,NIDCD,37977818,restIRP
2024,NIDCD,38196575,restIRP
2024,NIDCR,39083380,restIRP
2024,NIDCR,37914710,restIRP
2024,NIDCR,37552767,restIRP
2024,NIDCR,36814928,restIRP
2024,NIDCR,37843279,restIRP
2024,NIDCR,37253786,restIRP
2024,NIDCR,39098533,restIRP
2024,NIDCR,38484798,restIRP
2024,NIDCR,38285943,restIRP
2024,NIDCR,39189023,restIRP
2024,NIDCR,37607230,restIRP
2024,NIDCR,38557489,restIRP
2024,NIDCR,38378678,restIRP
2024,NIDCR,38727310,restIRP
2024,NIDCR,39108358,restIRP
2024,NIDCR,39273006,restIRP
2024,NIDCR,39046425,restIRP
2024,NIDCR,38660800,restIRP
2024,NIDCR,38926424,restIRP
2024,NIDCR,38630439,restIRP
2024,NIDCR,38876998,restIRP
2024,NIDCR,38791829,restIRP
2024,NIDCR,36271817,restIRP
2024,NIDCR,38990647,restIRP
2024,NIDCR,37823398,restIRP
2024,NIDCR,37804088,restIRP
2024,NIDCR,37975816,restIRP
2024,NIDCR,37477421,restIRP
2024,NIDCR,38041865,restIRP
2024,NIDCR,37984376,restIRP
2024,NIDCR,37982142,restIRP
2024,NIDCR,37887318,restIRP
2024,NIDCR,37906629,restIRP
2024,NIDCR,37482770,restIRP
2024,NIDCR,39156641,restIRP
2024,NIDCR,39017661,restIRP
2024,NIDCR,38614208,restIRP
2024,NIDCR,38381848,restIRP
2024,NIDCR,38245560,restIRP
2024,NIDCR,37362901,restIRP
2024,NIDCR,38201241,restIRP
2024,NIDCR,39193188,restIRP
2024,NIDCR,37686058,restIRP
2024,NIDCR,38805282,restIRP
2024,NIDCR,36894654,restIRP
2024,NIDCR,38715201,restIRP
2024,NIDCR,38103869,restIRP
2024,NIDCR,37741818,restIRP
2024,NIDCR,37616369,restIRP
2024,NIDCR,38753510,restIRP
2024,NIDCR,38360993,restIRP
2024,NIDCR,38646944,restIRP
2024,NIDCR,38727273,restIRP
2024,NIDCR,38280375,restIRP
2024,NIDCR,39011118,restIRP
2024,NIDCR,37821496,restIRP
2024,NIDCR,38196575,restIRP
2024,NIDCR,38527764,restIRP
2024,NIDCR,38810185,restIRP
2024,NIDCR,37096570,restIRP
2024,NIDCR,36762418,restIRP
2024,NIDCR,38142927,restIRP
2024,NIDCR,38513665,restIRP
2024,NIDCR,37857906,restIRP
2024,NIDCR,38092914,restIRP
2024,NIDCR,38185798,restIRP
2024,NIDCR,37220746,restIRP
2024,NIDCR,38416819,restIRP
2024,NIDCR,38710711,restIRP
2024,NIDDK,37917585,restIRP
2024,NIDDK,38823018,restIRP
2024,NIDDK,39131278,restIRP
2024,NIDDK,38879678,restIRP
2024,NIDDK,38123151,restIRP
2024,NIDDK,37482779,restIRP
2024,NIDDK,38644683,restIRP
2024,NIDDK,39113385,restIRP
2024,NIDDK,38657735,restIRP
2024,NIDDK,39067024,restIRP
2024,NIDDK,37812612,restIRP
2024,NIDDK,38461354,restIRP
2024,NIDDK,38776371,restIRP
2024,NIDDK,39013141,restIRP
2024,NIDDK,38903748,restIRP
2024,NIDDK,38054972,restIRP
2024,NIDDK,39172553,restIRP
2024,NIDDK,39069090,restIRP
2024,NIDDK,38722661,restIRP
2024,NIDDK,38447046,restIRP
2024,NIDDK,38889007,restIRP
2024,NIDDK,37603740,restIRP
2024,NIDDK,38959401,restIRP
2024,NIDDK,39118542,restIRP
2024,NIDDK,38348474,restIRP
2024,NIDDK,39128719,restIRP
2024,NIDDK,38762033,restIRP
2024,NIDDK,38582148,restIRP
2024,NIDDK,39075051,restIRP
2024,NIDDK,37788367,restIRP
2024,NIDDK,38234231,restIRP
2024,NIDDK,36719974,restIRP
2024,NIDDK,38271099,restIRP
2024,NIDDK,37595266,restIRP
2024,NIDDK,37794082,restIRP
2024,NIDDK,39076107,restIRP
2024,NIDDK,37759770,restIRP
2024,NIDDK,38750319,restIRP
2024,NIDDK,39047106,restIRP
2024,NIDDK,38663399,restIRP
2024,NIDDK,38291301,restIRP
2024,NIDDK,38831164,restIRP
2024,NIDDK,38780785,restIRP
2024,NIDDK,37488949,restIRP
2024,NIDDK,37743535,restIRP
2024,NIDDK,37659505,restIRP
2024,NIDDK,37738626,restIRP
2024,NIDDK,37114910,restIRP
2024,NIDDK,36875114,restIRP
2024,NIDDK,38304571,restIRP
2024,NIDDK,38682079,restIRP
2024,NIDDK,37132021,restIRP
2024,NIDDK,38810185,restIRP
2024,NIDDK,36745932,restIRP
2024,NIDDK,37208598,restIRP
2024,NIDDK,37184208,restIRP
2024,NIDDK,36909343,restIRP
2024,NIDDK,38683977,restIRP
2024,NIDDK,38038135,restIRP
2024,NIDDK,38198796,restIRP
2024,NIDDK,38232960,restIRP
2024,NIDDK,37548612,restIRP
2024,NIDDK,38663546,restIRP
2024,NIDDK,38776413,restIRP
2024,NIDDK,38530923,restIRP
2024,NIDDK,37987359,restIRP
2024,NIDDK,38623149,restIRP
2024,NIDDK,38967598,restIRP
2024,NIDDK,39168375,restIRP
2024,NIDDK,38533303,restIRP
2024,NIDDK,37089591,restIRP
2024,NIDDK,38088382,restIRP
2024,NIDDK,37663553,restIRP
2024,NIDDK,38346015,restIRP
2024,NIDDK,38962799,restIRP
2024,NIDDK,38526670,restIRP
2024,NIDDK,38329121,restIRP
2024,NIDDK,37712417,restIRP
2024,NIDDK,39056049,restIRP
2024,NIDDK,37944134,restIRP
2024,NIDDK,38081939,restIRP
2024,NIDDK,37967247,restIRP
2024,NIDDK,39103247,restIRP
2024,NIDDK,36821613,restIRP
2024,NIDDK,38303711,restIRP
2024,NIDDK,37356515,restIRP
2024,NIDDK,38650517,restIRP
2024,NIDDK,38175730,restIRP
2024,NIDDK,38853101,restIRP
2024,NIDDK,39151649,restIRP
2024,NIDDK,38865325,restIRP
2024,NIDDK,39111550,restIRP
2024,NIDDK,37764650,restIRP
2024,NIDDK,38915761,restIRP
2024,NIDDK,38116442,restIRP
2024,NIDDK,38346249,restIRP
2024,NIDDK,36636252,restIRP
2024,NIDDK,39108535,restIRP
2024,NIDDK,37345661,restIRP
2024,NIDDK,39166750,restIRP
2024,NIDDK,39018443,restIRP
2024,NIDDK,38229171,restIRP
2024,NIDDK,39192769,restIRP
2024,NIDDK,38483351,restIRP
2024,NIDDK,38164708,restIRP
2024,NIDDK,38335342,restIRP
2024,NIDDK,38088474,restIRP
2024,NIDDK,38164609,restIRP
2024,NIDDK,38824166,restIRP
2024,NIDDK,38450513,restIRP
2024,NIDDK,38181784,restIRP
2024,NIDDK,38118071,restIRP
2024,NIDDK,38501482,restIRP
2024,NIDDK,39088556,restIRP
2024,NIDDK,37186848,restIRP
2024,NIDDK,36745787,restIRP
2024,NIDDK,37681752,restIRP
2024,NIDDK,38888555,restIRP
2024,NIDDK,38857530,restIRP
2024,NIDDK,38476051,restIRP
2024,NIDDK,38407839,restIRP
2024,NIDDK,37540183,restIRP
2024,NIDDK,37126039,restIRP
2024,NIDDK,39163341,restIRP
2024,NIDDK,38981655,restIRP
2024,NIDDK,39044678,restIRP
2024,NIDDK,39121214,restIRP
2024,NIDDK,38182432,restIRP
2024,NIDDK,37603705,restIRP
2024,NIDDK,38845345,restIRP
2024,NIDDK,38401537,restIRP
2024,NIDDK,37705595,restIRP
2024,NIDDK,39022354,restIRP
2024,NIDDK,38063851,restIRP
2024,NIDDK,38012390,restIRP
2024,NIDDK,38853900,restIRP
2024,NIDDK,37745315,restIRP
2024,NIDDK,38913752,restIRP
2024,NIDDK,37903258,restIRP
2024,NIDDK,37440568,restIRP
2024,NIDDK,36729673,restIRP
2024,NIDDK,38695352,restIRP
2024,NIDDK,39175109,restIRP
2024,NIDDK,38414855,restIRP
2024,NIDDK,38765560,restIRP
2024,NIDDK,38489364,restIRP
2024,NIDDK,38628440,restIRP
2024,NIDDK,38784116,restIRP
2024,NIDDK,37802364,restIRP
2024,NIDDK,37983196,restIRP
2024,NIDDK,38640066,restIRP
2024,NIDDK,37552767,restIRP
2024,NIDDK,37335229,restIRP
2024,NIDDK,38903092,restIRP
2024,NIDDK,38642553,restIRP
2024,NIDDK,38417435,restIRP
2024,NIDDK,36897309,restIRP
2024,NIDDK,38416332,restIRP
2024,NIDDK,37282749,restIRP
2024,NIDDK,36255737,restIRP
2024,NIDDK,38245224,restIRP
2024,NIDDK,39179644,restIRP
2024,NIDDK,36896966,restIRP
2024,NIDDK,38015841,restIRP
2024,NIDDK,38174154,restIRP
2024,NIDDK,38354736,restIRP
2024,NIDDK,37074026,restIRP
2024,NIDDK,36890337,restIRP
2024,NIDDK,35770681,restIRP
2024,NIDDK,38774487,restIRP
2024,NIDDK,37943957,restIRP
2024,NIDDK,38143802,restIRP
2024,NIDDK,37930118,restIRP
2024,NIDDK,38026167,restIRP
2024,NIDDK,38387456,restIRP
2024,NIDDK,37957287,restIRP
2024,NIDDK,38757950,restIRP
2024,NIDDK,37404375,restIRP
2024,NIDDK,39300608,restIRP
2024,NIDDK,37741687,restIRP
2024,NIDDK,38229744,restIRP
2024,NIDDK,37541364,restIRP
2024,NIDDK,37705594,restIRP
2024,NIDDK,39388845,restIRP
2024,NIDDK,37605951,restIRP
2024,NIDDK,38691673,restIRP
2024,NIDDK,38709489,restIRP
2024,NIDDK,37562117,restIRP
2024,NIDDK,39000391,restIRP
2024,NIDDK,39153475,restIRP
2024,NIDDK,38426493,restIRP
2024,NIDDK,39162228,restIRP
2024,NIDDK,38953252,restIRP
2024,NIDDK,38421044,restIRP
2024,NIDDK,38961841,restIRP
2024,NIDDK,37693326,restIRP
2024,NIDDK,36936198,restIRP
2024,NIDDK,39069898,restIRP
2024,NIDDK,38573125,restIRP
2024,NIDDK,37579205,restIRP
2024,NIDDK,37579208,restIRP
2024,NIDDK,37579202,restIRP
2024,NIDDK,38419421,restIRP
2024,NIDDK,38285957,restIRP
2024,NIDDK,38227900,restIRP
2024,NIDDK,38190619,restIRP
2024,NIDDK,38375634,restIRP
2024,NIDDK,39018199,restIRP
2024,NIDDK,36930528,restIRP
2024,NIDDK,38744971,restIRP
2024,NIDDK,38877099,restIRP
2024,NIDDK,38937606,restIRP
2024,NIDDK,39006414,restIRP
2024,NIDDK,39185211,restIRP
2024,NIDDK,37886645,restIRP
2024,NIDDK,37739311,restIRP
2024,NIDDK,38900043,restIRP
2024,NIDDK,38927013,restIRP
2024,NIDDK,38446423,restIRP
2024,NIDDK,37502163,restIRP
2024,NIDDK,39312723,restIRP
2024,NIDDK,38637284,restIRP
2024,NIDDK,38100748,restIRP
2024,NIDDK,37062516,restIRP
2024,NIDDK,38640597,restIRP
2024,NIDDK,37943608,restIRP
2024,NIDDK,38528741,restIRP
2024,NIDDK,38383456,restIRP
2024,NIDDK,38471816,restIRP
2024,NIDDK,39032602,restIRP
2024,NIDDK,39207915,restIRP
2024,NIDDK,38677522,restIRP
2024,NIDDK,38987291,restIRP
2024,NIDDK,38782915,restIRP
2024,NIDDK,39174534,restIRP
2024,NIDDK,38933891,restIRP
2024,NIDDK,38474737,restIRP
2024,NIDDK,38398850,restIRP
2024,NIDDK,36539161,restIRP
2024,NIDDK,38579707,restIRP
2024,NIDDK,38198888,restIRP
2024,NIDDK,37822508,restIRP
2024,NIDDK,38849395,restIRP
2024,NIDDK,38709562,restIRP
2024,NIDDK,38991747,restIRP
2024,NIDDK,39115341,restIRP
2024,NIDDK,37624904,restIRP
2024,NIDDK,37024617,restIRP
2024,NIDDK,38250006,restIRP
2024,NIDDK,37683539,restIRP
2024,NIDDK,39112705,restIRP
2024,NIEHS,38232086,restIRP
2024,NIEHS,38719065,restIRP
2024,NIEHS,37009983,restIRP
2024,NIEHS,37462673,restIRP
2024,NIEHS,37824071,restIRP
2024,NIEHS,37903626,restIRP
2024,NIEHS,38883724,restIRP
2024,NIEHS,39117638,restIRP
2024,NIEHS,38038723,restIRP
2024,NIEHS,38755683,restIRP
2024,NIEHS,37856394,restIRP
2024,NIEHS,38227347,restIRP
2024,NIEHS,37841523,restIRP
2024,NIEHS,38054814,restIRP
2024,NIEHS,37841286,restIRP
2024,NIEHS,37581941,restIRP
2024,NIEHS,38901189,restIRP
2024,NIEHS,38410055,restIRP
2024,NIEHS,38643701,restIRP
2024,NIEHS,38425336,restIRP
2024,NIEHS,38450326,restIRP
2024,NIEHS,36460922,restIRP
2024,NIEHS,37283961,restIRP
2024,NIEHS,38934375,restIRP
2024,NIEHS,37122256,restIRP
2024,NIEHS,35838483,restIRP
2024,NIEHS,38880195,restIRP
2024,NIEHS,37762531,restIRP
2024,NIEHS,37900350,restIRP
2024,NIEHS,38898799,restIRP
2024,NIEHS,37892925,restIRP
2024,NIEHS,38917890,restIRP
2024,NIEHS,38776814,restIRP
2024,NIEHS,37910202,restIRP
2024,NIEHS,38626992,restIRP
2024,NIEHS,37988482,restIRP
2024,NIEHS,37584675,restIRP
2024,NIEHS,38127057,restIRP
2024,NIEHS,38809813,restIRP
2024,NIEHS,38723632,restIRP
2024,NIEHS,38266360,restIRP
2024,NIEHS,38358741,restIRP
2024,NIEHS,37451831,restIRP
2024,NIEHS,38748950,restIRP
2024,NIEHS,38263910,restIRP
2024,NIEHS,38377945,restIRP
2024,NIEHS,37828137,restIRP
2024,NIEHS,38242893,restIRP
2024,NIEHS,38112642,restIRP
2024,NIEHS,38405619,restIRP
2024,NIEHS,37998895,restIRP
2024,NIEHS,38158428,restIRP
2024,NIEHS,37372419,restIRP
2024,NIEHS,37708814,restIRP
2024,NIEHS,38968832,restIRP
2024,NIEHS,38968089,restIRP
2024,NIEHS,38782334,restIRP
2024,NIEHS,37634691,restIRP
2024,NIEHS,38768789,restIRP
2024,NIEHS,38262546,restIRP
2024,NIEHS,38117586,restIRP
2024,NIEHS,38547869,restIRP
2024,NIEHS,38427725,restIRP
2024,NIEHS,38625038,restIRP
2024,NIEHS,38811575,restIRP
2024,NIEHS,38825983,restIRP
2024,NIEHS,38574841,restIRP
2024,NIEHS,38043324,restIRP
2024,NIEHS,37972849,restIRP
2024,NIEHS,38349723,restIRP
2024,NIEHS,38306193,restIRP
2024,NIEHS,36345811,restIRP
2024,NIEHS,38555664,restIRP
2024,NIEHS,38378618,restIRP
2024,NIEHS,39106156,restIRP
2024,NIEHS,37783441,restIRP
2024,NIEHS,39152469,restIRP
2024,NIEHS,38810806,restIRP
2024,NIEHS,37754843,restIRP
2024,NIEHS,38264543,restIRP
2024,NIEHS,38811800,restIRP
2024,NIEHS,37948866,restIRP
2024,NIEHS,38964352,restIRP
2024,NIEHS,38863127,restIRP
2024,NIEHS,38113074,restIRP
2024,NIEHS,37742819,restIRP
2024,NIEHS,38703044,restIRP
2024,NIEHS,37642942,restIRP
2024,NIEHS,38807480,restIRP
2024,NIEHS,38497661,restIRP
2024,NIEHS,38970902,restIRP
2024,NIEHS,38075021,restIRP
2024,NIEHS,38791569,restIRP
2024,NIEHS,38706609,restIRP
2024,NIEHS,37996424,restIRP
2024,NIEHS,38175716,restIRP
2024,NIEHS,37832548,restIRP
2024,NIEHS,38545462,restIRP
2024,NIEHS,38915480,restIRP
2024,NIEHS,39106165,restIRP
2024,NIEHS,38932681,restIRP
2024,NIEHS,39083421,restIRP
2024,NIEHS,38428373,restIRP
2024,NIEHS,38002285,restIRP
2024,NIEHS,38265424,restIRP
2024,NIEHS,38346116,restIRP
2024,NIEHS,38168500,restIRP
2024,NIEHS,38010310,restIRP
2024,NIEHS,37994350,restIRP
2024,NIEHS,38770187,restIRP
2024,NIEHS,38679211,restIRP
2024,NIEHS,38786655,restIRP
2024,NIEHS,38281222,restIRP
2024,NIEHS,38693102,restIRP
2024,NIEHS,38052359,restIRP
2024,NIEHS,38199042,restIRP
2024,NIEHS,36606409,restIRP
2024,NIEHS,37824216,restIRP
2024,NIEHS,38908504,restIRP
2024,NIEHS,38058990,restIRP
2024,NIEHS,38344436,restIRP
2024,NIEHS,38872937,restIRP
2024,NIEHS,39016170,restIRP
2024,NIEHS,38810714,restIRP
2024,NIEHS,38406178,restIRP
2024,NIEHS,38331584,restIRP
2024,NIEHS,37838945,restIRP
2024,NIEHS,37746145,restIRP
2024,NIEHS,38533639,restIRP
2024,NIEHS,38055050,restIRP
2024,NIEHS,38191926,restIRP
2024,NIEHS,38354883,restIRP
2024,NIEHS,37659638,restIRP
2024,NIEHS,39026261,restIRP
2024,NIEHS,37862860,restIRP
2024,NIEHS,38381478,restIRP
2024,NIEHS,37694147,restIRP
2024,NIEHS,38236648,restIRP
2024,NIEHS,38386777,restIRP
2024,NIEHS,38052982,restIRP
2024,NIEHS,37697338,restIRP
2024,NIEHS,38195839,restIRP
2024,NIEHS,38808605,restIRP
2024,NIEHS,38755200,restIRP
2024,NIEHS,39162226,restIRP
2024,NIEHS,38901254,restIRP
2024,NIEHS,37824328,restIRP
2024,NIEHS,38509386,restIRP
2024,NIEHS,37953271,restIRP
2024,NIEHS,38922117,restIRP
2024,NIEHS,38281186,restIRP
2024,NIEHS,37833956,restIRP
2024,NIEHS,37890265,restIRP
2024,NIEHS,38702768,restIRP
2024,NIEHS,38697404,restIRP
2024,NIEHS,37968395,restIRP
2024,NIEHS,38263798,restIRP
2024,NIEHS,37246224,restIRP
2024,NIEHS,37368980,restIRP
2024,NIEHS,38843512,restIRP
2024,NIEHS,38509221,restIRP
2024,NIEHS,37792892,restIRP
2024,NIEHS,37097810,restIRP
2024,NIEHS,36962397,restIRP
2024,NIEHS,36600698,restIRP
2024,NIEHS,36702196,restIRP
2024,NIEHS,39255309,restIRP
2024,NIEHS,38903859,restIRP
2024,NIEHS,38166637,restIRP
2024,NIEHS,38482198,restIRP
2024,NIEHS,36671538,restIRP
2024,NIEHS,39153120,restIRP
2024,NIEHS,38818880,restIRP
2024,NIEHS,38753668,restIRP
2024,NIEHS,38162683,restIRP
2024,NIEHS,37385129,restIRP
2024,NIEHS,38416540,restIRP
2024,NIEHS,38799263,restIRP
2024,NIEHS,38953171,restIRP
2024,NIEHS,39076610,restIRP
2024,NIEHS,37978840,restIRP
2024,NIEHS,38698385,restIRP
2024,NIEHS,38415184,restIRP
2024,NIEHS,38270531,restIRP
2024,NIEHS,37837808,restIRP
2024,NIEHS,37291422,restIRP
2024,NIEHS,38834865,restIRP
2024,NIEHS,37804001,restIRP
2024,NIEHS,37956733,restIRP
2024,NIEHS,38968090,restIRP
2024,NIEHS,38953246,restIRP
2024,NIEHS,37516304,restIRP
2024,NIEHS,38417538,restIRP
2024,NIEHS,37866700,restIRP
2024,NIEHS,37018437,restIRP
2024,NIEHS,37018435,restIRP
2024,NIEHS,37018438,restIRP
2024,NIEHS,37018436,restIRP
2024,NIEHS,38842447,restIRP
2024,NIEHS,38368582,restIRP
2024,NIEHS,38272842,restIRP
2024,NIEHS,38059274,restIRP
2024,NIEHS,36996276,restIRP
2024,NIEHS,38997299,restIRP
2024,NIEHS,39044428,restIRP
2024,NIEHS,38909264,restIRP
2024,NIEHS,38187868,restIRP
2024,NIEHS,38315794,restIRP
2024,NIEHS,39190000,restIRP
2024,NIEHS,38346713,restIRP
2024,NIEHS,38400646,restIRP
2024,NIEHS,38908662,restIRP
2024,NIEHS,38566558,restIRP
2024,NIEHS,37691174,restIRP
2024,NIEHS,38942474,restIRP
2024,NIEHS,37958403,restIRP
2024,NIEHS,38002248,restIRP
2024,NIEHS,37528140,restIRP
2024,NIEHS,38523431,restIRP
2024,NIEHS,37962238,restIRP
2024,NIEHS,38383456,restIRP
2024,NIEHS,37810883,restIRP
2024,NIEHS,38513665,restIRP
2024,NIEHS,38217501,restIRP
2024,NIEHS,37845729,restIRP
2024,NIEHS,37861803,restIRP
2024,NIEHS,38103472,restIRP
2024,NIEHS,37248288,restIRP
2024,NIEHS,37751914,restIRP
2024,NIEHS,38809557,restIRP
2024,NIEHS,38700861,restIRP
2024,NIEHS,38334631,restIRP
2024,NIEHS,37895177,restIRP
2024,NIEHS,37791933,restIRP
2024,NIEHS,37738419,restIRP
2024,NIEHS,38631496,restIRP
2024,NIEHS,38298165,restIRP
2024,NIEHS,38781223,restIRP
2024,NIEHS,37751677,restIRP
2024,NIEHS,38568693,restIRP
2024,NIEHS,37598998,restIRP
2024,NIEHS,38642767,restIRP
2024,NIEHS,38803157,restIRP
2024,NIEHS,38145700,restIRP
2024,NIEHS,38528062,restIRP
2024,NIEHS,38507406,restIRP
2024,NIEHS,38953252,restIRP
2024,NIEHS,37255483,restIRP
2024,NIEHS,38615146,restIRP
2024,NIEHS,38384388,restIRP
2024,NIEHS,39042458,restIRP
2024,NIEHS,38483511,restIRP
2024,NIEHS,39033027,restIRP
2024,NIEHS,38097206,restIRP
2024,NIEHS,38848187,restIRP
2024,NIEHS,37611509,restIRP
2024,NIEHS,38964382,restIRP
2024,NIEHS,37935791,restIRP
2024,NIEHS,37991758,restIRP
2024,NIEHS,38758104,restIRP
2024,NIEHS,38741014,restIRP
2024,NIEHS,38951643,restIRP
2024,NIEHS,38564089,restIRP
2024,NIEHS,38110618,restIRP
2024,NIEHS,38697998,restIRP
2024,NIEHS,38036213,restIRP
2024,NIEHS,38832928,restIRP
2024,NIEHS,39049451,restIRP
2024,NIEHS,38079601,restIRP
2024,NIEHS,37851582,restIRP
2024,NIEHS,38053627,restIRP
2024,NIEHS,38260971,restIRP
2024,NIEHS,38123557,restIRP
2024,NIEHS,37978828,restIRP
2024,NIEHS,38052229,restIRP
2024,NIEHS,38009914,restIRP
2024,NIEHS,39038796,restIRP
2024,NIEHS,37296232,restIRP
2024,NIEHS,38788945,restIRP
2024,NIEHS,37443296,restIRP
2024,NIEHS,38960154,restIRP
2024,NIMH,38733760,NIMH
2024,NIMH,37804305,NIMH
2024,NIMH,39009835,NIMH
2024,NIMH,38236296,NIMH
2024,NIMH,39131306,NIMH
2024,NIMH,38614102,NIMH
2024,NIMH,37781088,NIMH
2024,NIMH,38766181,NIMH
2024,NIMH,38552022,NIMH
2024,NIMH,38766011,NIMH
2024,NIMH,38040678,NIMH
2024,NIMH,38834540,NIMH
2024,NIMH,38402253,NIMH
2024,NIMH,38697012,NIMH
2024,NIMH,38162029,NIMH
2024,NIMH,37668277,NIMH
2024,NIMH,38127536,NIMH
2024,NIMH,37699706,NIMH
2024,NIMH,38438256,NIMH
2024,NIMH,38809774,NIMH
2024,NIMH,38310748,NIMH
2024,NIMH,38653350,NIMH
2024,NIMH,38472615,NIMH
2024,NIMH,37257724,NIMH
2024,NIMH,37683231,NIMH
2024,NIMH,38389984,NIMH
2024,NIMH,37345685,NIMH
2024,NIMH,38709724,NIMH
2024,NIMH,37881548,NIMH
2024,NIMH,37751811,NIMH
2024,NIMH,38508496,NIMH
2024,NIMH,37316518,NIMH
2024,NIMH,38585923,NIMH
2024,NIMH,38141965,NIMH
2024,NIMH,38458192,NIMH
2024,NIMH,37734478,NIMH
2024,NIMH,38271138,NIMH
2024,NIMH,37676862,NIMH
2024,NIMH,37172584,NIMH
2024,NIMH,38937102,NIMH
2024,NIMH,37963894,NIMH
2024,NIMH,37326523,NIMH
2024,NIMH,38045768,NIMH
2024,NIMH,37662312,NIMH
2024,NIMH,38864574,NIMH
2024,NIMH,37745325,NIMH
2024,NIMH,38062014,NIMH
2024,NIMH,38582659,NIMH
2024,NIMH,36649170,NIMH
2024,NIMH,38705917,NIMH
2024,NIMH,38261410,NIMH
2024,NIMH,37633900,NIMH
2024,NIMH,38375233,NIMH
2024,NIMH,38058018,NIMH
2024,NIMH,38800632,NIMH
2024,NIMH,38865117,NIMH
2024,NIMH,38523136,NIMH
2024,NIMH,37883086,NIMH
2024,NIMH,37980914,NIMH
2024,NIMH,37680185,NIMH
2024,NIMH,37623204,NIMH
2024,NIMH,37082755,NIMH
2024,NIMH,38423785,NIMH
2024,NIMH,38796702,NIMH
2024,NIMH,38253691,NIMH
2024,NIMH,38347293,NIMH
2024,NIMH,37918939,NIMH
2024,NIMH,37644173,NIMH
2024,NIMH,38703765,NIMH
2024,NIMH,37139702,NIMH
2024,NIMH,37789021,NIMH
2024,NIMH,38750701,NIMH
2024,NIMH,36802419,NIMH
2024,NIMH,37519457,NIMH
2024,NIMH,36630962,NIMH
2024,NIMH,38617819,NIMH
2024,NIMH,38266217,NIMH
2024,NIMH,37574463,NIMH
2024,NIMH,39060437,NIMH
2024,NIMH,38688917,NIMH
2024,NIMH,39097600,NIMH
2024,NIMH,38838841,NIMH
2024,NIMH,37684522,NIMH
2024,NIMH,36796842,NIMH
2024,NIMH,38175682,NIMH
2024,NIMH,38212442,NIMH
2024,NIMH,37985787,NIMH
2024,NIMH,38055283,NIMH
2024,NIMH,37626817,NIMH
2024,NIMH,38903065,NIMH
2024,NIMH,38453003,NIMH
2024,NIMH,37275969,NIMH
2024,NIMH,37217075,NIMH
2024,NIMH,38070470,NIMH
2024,NIMH,37169276,NIMH
2024,NIMH,37907689,NIMH
2024,NIMH,38812486,NIMH
2024,NIMH,38009970,NIMH
2024,NIMH,39079555,NIMH
2024,NIMH,38315887,NIMH
2024,NIMH,37873560,NIMH
2024,NIMH,38534532,NIMH
2024,NIMH,38109328,NIMH
2024,NIMH,38316038,NIMH
2024,NIMH,37995942,NIMH
2024,NIMH,37699025,NIMH
2024,NIMH,37881563,NIMH
2024,NIMH,37852041,NIMH
2024,NIMH,38499772,NIMH
2024,NIMH,37965354,NIMH
2024,NIMH,38649755,NIMH
2024,NIMH,38942023,NIMH
2024,NIMH,38488854,NIMH
2024,NIMH,38324465,NIMH
2024,NIMH,38878300,NIMH
2024,NIMH,37777515,NIMH
2024,NIMH,38362961,NIMH
2024,NIMH,38782925,NIMH
2024,NIMH,37688670,NIMH
2024,NIMH,35924876,NIMH
2024,NIMH,38511908,NIMH
2024,NIMH,37992755,NIMH
2024,NIMH,38048352,NIMH
2024,NIMH,36605613,NIMH
2024,NIMH,38467611,NIMH
2024,NIMH,38502331,NIMH
2024,NIMH,38296647,NIMH
2024,NIMH,38870010,NIMH
2024,NIMH,37141014,NIMH
2024,NIMH,38536912,NIMH
2024,NIMH,39101126,NIMH
2024,NIMH,37950937,NIMH
2024,NIMH,38483126,NIMH
2024,NIMH,39026896,NIMH
2024,NIMH,38198528,NIMH
2024,NIMH,38637553,NIMH
2024,NIMH,38524664,NIMH
2024,NIMH,39122558,NIMH
2024,NIMH,37081296,NIMH
2024,NIMH,37397813,NIMH
2024,NIMH,37397810,NIMH
2024,NIMH,37983250,NIMH
2024,NIMH,37953324,NIMH
2024,NIMH,38641994,NIMH
2024,NIMH,37086568,NIMH
2024,NIMH,36650450,NIMH
2024,NIMH,38730350,NIMH
2024,NIMH,37662495,NIMH
2024,NIMH,38200289,NIMH
2024,NIMH,37012188,NIMH
2024,NIMH,38050135,NIMH
2024,NIMH,38538211,NIMH
2024,NIMH,38991613,NIMH
2024,NIMH,38263879,NIMH
2024,NIMH,37851393,NIMH
2024,NIMH,37433967,NIMH
2024,NIMH,38395906,NIMH
2024,NIMH,39006447,NIMH
2024,NIMH,38577766,NIMH
2024,NIMH,38012005,NIMH
2024,NIMH,38987549,NIMH
2024,NIMH,37848282,NIMH
2024,NIMH,38839828,NIMH
2024,NIMH,38670805,NIMH
2024,NIMH,37776852,NIMH
2024,NIMH,38870015,NIMH
2024,NIMH,38562584,NIMH
2024,NIMH,38222065,NIMH
2024,NIMH,38239478,NIMH
2024,NIMH,36283814,NIMH
2024,NIMH,37881538,NIMH
2024,NIMH,38903066,NIMH
2024,NIMH,37745464,NIMH
2024,NIMH,37865083,NIMH
2024,NIMH,37865082,NIMH
2024,NIMH,38602904,NIMH
2024,NIMH,37583705,NIMH
2024,NIMHD,38877517,restIRP
2024,NIMHD,36992166,restIRP
2024,NIMHD,38170022,restIRP
2024,NIMHD,38215510,restIRP
2024,NIMHD,38491362,restIRP
2024,NIMHD,38500115,restIRP
2024,NIMHD,37822807,restIRP
2024,NIMHD,38509221,restIRP
2024,NIMHD,37174168,restIRP
2024,NIMHD,38855351,restIRP
2024,NIMHD,38191340,restIRP
2024,NIMHD,37739183,restIRP
2024,NIMHD,38116249,restIRP
2024,NIMHD,38086590,restIRP
2024,NIMHD,38551558,restIRP
2024,NIMHD,38851433,restIRP
2024,NIMHD,38085206,restIRP
2024,NIMHD,38658790,restIRP
2024,NIMHD,38843512,restIRP
2024,NIMHD,37473992,restIRP
2024,NIMHD,38641573,restIRP
2024,NIMHD,38567886,restIRP
2024,NIMHD,37900019,restIRP
2024,NIMHD,38819825,restIRP
2024,NIMHD,37991758,restIRP
2024,NIMHD,38010458,restIRP
2024,NIMHD,37947337,restIRP
2024,NIMHD,38227031,restIRP
2024,NIMHD,37947339,restIRP
2024,NIMHD,39150750,restIRP
2024,NIMHD,38124887,restIRP
2024,NIMHD,37747771,restIRP
2024,NIMHD,37709268,restIRP
2024,NIMHD,38099902,restIRP
2024,NIMHD,38374312,restIRP
2024,NIMHD,35672144,restIRP
2024,NIMHD,37673195,restIRP
2024,NIMHD,38817359,restIRP
2024,NIMHD,39077552,restIRP
2024,NIMHD,37758124,restIRP
2024,NIMHD,37417788,restIRP
2024,NIMHD,35943488,restIRP
2024,NIMHD,38071582,restIRP
2024,NIMHD,38703079,restIRP
2024,NIMHD,38239263,restIRP
2024,NIMHD,37895188,restIRP
2024,NIMHD,38846999,restIRP
2024,NIMHD,38045036,restIRP
2024,NIMHD,39213390,restIRP
2024,NIMHD,38081806,restIRP
2024,NINDS,38412839,restIRP
2024,NINDS,38420777,restIRP
2024,NINDS,37723223,restIRP
2024,NINDS,38154120,restIRP
2024,NINDS,38829568,restIRP
2024,NINDS,38857819,restIRP
2024,NINDS,37727953,restIRP
2024,NINDS,38509366,restIRP
2024,NINDS,38755145,restIRP
2024,NINDS,38691673,restIRP
2024,NINDS,38592536,restIRP
2024,NINDS,37709353,restIRP
2024,NINDS,37959191,restIRP
2024,NINDS,38394661,restIRP
2024,NINDS,38363713,restIRP
2024,NINDS,38536818,restIRP
2024,NINDS,38906335,restIRP
2024,NINDS,37682953,restIRP
2024,NINDS,38718138,restIRP
2024,NINDS,38724624,restIRP
2024,NINDS,37815936,restIRP
2024,NINDS,38912559,restIRP
2024,NINDS,38818331,restIRP
2024,NINDS,38788180,restIRP
2024,NINDS,38985831,restIRP
2024,NINDS,37587544,restIRP
2024,NINDS,38088067,restIRP
2024,NINDS,38107773,restIRP
2024,NINDS,38854960,restIRP
2024,NINDS,39121861,restIRP
2024,NINDS,39169546,restIRP
2024,NINDS,38547430,restIRP
2024,NINDS,38481081,restIRP
2024,NINDS,38564056,restIRP
2024,NINDS,37622115,restIRP
2024,NINDS,38277467,restIRP
2024,NINDS,38326613,restIRP
2024,NINDS,37923732,restIRP
2024,NINDS,37950874,restIRP
2024,NINDS,38633897,restIRP
2024,NINDS,38145206,restIRP
2024,NINDS,38378815,restIRP
2024,NINDS,38701790,restIRP
2024,NINDS,37583427,restIRP
2024,NINDS,36190676,restIRP
2024,NINDS,37246815,restIRP
2024,NINDS,38059801,restIRP
2024,NINDS,37545108,restIRP
2024,NINDS,38162907,restIRP
2024,NINDS,38168980,restIRP
2024,NINDS,38978726,restIRP
2024,NINDS,38589905,restIRP
2024,NINDS,37758949,restIRP
2024,NINDS,38064553,restIRP
2024,NINDS,38826484,restIRP
2024,NINDS,38903093,restIRP
2024,NINDS,37788383,restIRP
2024,NINDS,38979303,restIRP
2024,NINDS,38562584,restIRP
2024,NINDS,38237090,restIRP
2024,NINDS,38495551,restIRP
2024,NINDS,37699715,restIRP
2024,NINDS,39058580,restIRP
2024,NINDS,38050135,restIRP
2024,NINDS,38781377,restIRP
2024,NINDS,37621214,restIRP
2024,NINDS,39005402,restIRP
2024,NINDS,39088894,restIRP
2024,NINDS,37935042,restIRP
2024,NINDS,38633445,restIRP
2024,NINDS,37905359,restIRP
2024,NINDS,37892234,restIRP
2024,NINDS,37646374,restIRP
2024,NINDS,37599183,restIRP
2024,NINDS,38368457,restIRP
2024,NINDS,38772452,restIRP
2024,NINDS,38973610,restIRP
2024,NINDS,38276245,restIRP
2024,NINDS,37883190,restIRP
2024,NINDS,39173103,restIRP
2024,NINDS,38446362,restIRP
2024,NINDS,38366572,restIRP
2024,NINDS,38383456,restIRP
2024,NINDS,37742121,restIRP
2024,NINDS,38862506,restIRP
2024,NINDS,38600167,restIRP
2024,NINDS,39005384,restIRP
2024,NINDS,38232138,restIRP
2024,NINDS,36707427,restIRP
2024,NINDS,38923692,restIRP
2024,NINDS,37640554,restIRP
2024,NINDS,37769229,restIRP
2024,NINDS,38247051,restIRP
2024,NINDS,38367624,restIRP
2024,NINDS,37774459,restIRP
2024,NINDS,38753617,restIRP
2024,NINDS,38813695,restIRP
2024,NINDS,37672002,restIRP
2024,NINDS,38949838,restIRP
2024,NINDS,37615600,restIRP
2024,NINDS,38977137,restIRP
2024,NINDS,38711107,restIRP
2024,NINDS,38330286,restIRP
2024,NINDS,38716662,restIRP
2024,NINDS,37976795,restIRP
2024,NINDS,38571965,restIRP
2024,NINDS,38155477,restIRP
2024,NINDS,38935599,restIRP
2024,NINDS,37816634,restIRP
2024,NINDS,38284926,restIRP
2024,NINDS,38748919,restIRP
2024,NINDS,39037821,restIRP
2024,NINDS,38700866,restIRP
2024,NINDS,37808483,restIRP
2024,NINDS,38877664,restIRP
2024,NINDS,37231788,restIRP
2024,NINDS,38897982,restIRP
2024,NINDS,38903102,restIRP
2024,NINDS,38387450,restIRP
2024,NINDS,37869909,restIRP
2024,NINDS,38245754,restIRP
2024,NINDS,38408881,restIRP
2024,NINDS,37638398,restIRP
2024,NINDS,37745655,restIRP
2024,NINDS,37335212,restIRP
2024,NINDS,38407883,restIRP
2024,NINDS,38970220,restIRP
2024,NINDS,38018831,restIRP
2024,NINDS,37630831,restIRP
2024,NINDS,38848187,restIRP
2024,NINDS,37659100,restIRP
2024,NINDS,38181329,restIRP
2024,NINDS,38154237,restIRP
2024,NINDS,37918374,restIRP
2024,NINDS,37652701,restIRP
2024,NINDS,37954510,restIRP
2024,NINDS,38787068,restIRP
2024,NINDS,36858044,restIRP
2024,NINDS,37947640,restIRP
2024,NINDS,38730705,restIRP
2024,NINDS,38427131,restIRP
2024,NINDS,39022648,restIRP
2024,NINDS,37776852,restIRP
2024,NINDS,36864132,restIRP
2024,NINDS,38573932,restIRP
2024,NINDS,38271216,restIRP
2024,NINDS,38870929,restIRP
2024,NINDS,37604889,restIRP
2024,NINDS,37940582,restIRP
2024,NINDS,38188300,restIRP
2024,NINDS,38652746,restIRP
2024,NINDS,37769662,restIRP
2024,NINDS,38903067,restIRP
2024,NINDS,37930888,restIRP
2024,NINDS,39171142,restIRP
2024,NINDS,38617974,restIRP
2024,NINDS,38690726,restIRP
2024,NINDS,38041684,restIRP
2024,NINDS,38311799,restIRP
2024,NINDS,38942994,restIRP
2024,NINDS,38915423,restIRP
2024,NINDS,38358893,restIRP
2024,NINDS,37947183,restIRP
2024,NINDS,38086156,restIRP
2024,NINDS,38565148,restIRP
2024,NINDS,38848546,restIRP
2024,NINDS,38950322,restIRP
2024,NINDS,38413582,restIRP
2024,NINDS,38041679,restIRP
2024,NINDS,38429495,restIRP
2024,NINDS,38318125,restIRP
2024,NINDS,38362961,restIRP
2024,NINDS,38897168,restIRP
2024,NINDS,38782925,restIRP
2024,NINDS,38286433,restIRP
2024,NINDS,2023005101,restIRP
2024,NINDS,38383499,restIRP
2024,NINDS,37945821,restIRP
2024,NINDS,37609008,restIRP
2024,NINDS,37782798,restIRP
2024,NINDS,39152115,restIRP
2024,NINDS,37974165,restIRP
2024,NINDS,38989463,restIRP
2024,NINR,38318125,restIRP
2024,NINR,38379321,restIRP
2024,NINR,38039708,restIRP
2024,NINR,37929256,restIRP
2024,NINR,38104481,restIRP
2024,NINR,39123446,restIRP
2024,NINR,38383456,restIRP
2024,NLM,38983834,restIRP
2024,NLM,37128459,restIRP
2024,NLM,36694118,restIRP
2024,NLM,38001031,restIRP
2024,NLM,38630520,restIRP
2024,NLM,39114977,restIRP
2024,NLM,39043988,restIRP
2024,NLM,37930897,restIRP
2024,NLM,38514400,restIRP
2024,NLM,37994677,restIRP
2024,NLM,38572754,restIRP
2024,NLM,37878810,restIRP
2024,NLM,38191464,restIRP
2024,NLM,37679333,restIRP
2024,NLM,37640694,restIRP
2024,NLM,38848249,restIRP
2024,NLM,38078770,restIRP
2024,NLM,37207002,restIRP
2024,NLM,36851697,restIRP
2024,NLM,37229191,restIRP
2024,NLM,38595196,restIRP
2024,NLM,39172922,restIRP
2024,NLM,38066031,restIRP
2024,NLM,37758250,restIRP
2024,NLM,38415180,restIRP
2024,NLM,37845724,restIRP
2024,NLM,38608333,restIRP
2024,NLM,38232121,restIRP
2024,NLM,37864817,restIRP
2024,NLM,38774479,restIRP
2024,NLM,37682418,restIRP
2024,NLM,37390046,restIRP
2024,NLM,36693887,restIRP
2024,NLM,37311768,restIRP
2024,NLM,39121853,restIRP
2024,NLM,37884340,restIRP
2024,NLM,38739430,restIRP
2024,NLM,38698035,restIRP
2024,NLM,38182597,restIRP
2024,NLM,38657076,restIRP
2024,NLM,38805295,restIRP
2024,NLM,38380930,restIRP
2024,NLM,38832788,restIRP
2024,NLM,38643972,restIRP
2024,NLM,38189270,restIRP
2024,NLM,38233646,restIRP
2024,NLM,37140902,restIRP
2024,NLM,37030453,restIRP
2024,NLM,36656578,restIRP
2024,NLM,37689055,restIRP
2024,NLM,38233474,restIRP
2024,NLM,37964658,restIRP
2024,NLM,38059124,restIRP
2024,NLM,37689182,restIRP
2024,NLM,38855676,restIRP
2024,NLM,37216244,restIRP
2024,NLM,36598833,restIRP
2024,NLM,37166816,restIRP
2024,NLM,37721939,restIRP
2024,NLM,39106433,restIRP
2024,NLM,38809013,restIRP
2024,NLM,38809974,restIRP
2024,NLM,37728345,restIRP
2024,NLM,37889040,restIRP
2024,NLM,38177497,restIRP
2024,NLM,37676773,restIRP
2024,NLM,38163645,restIRP
2024,NLM,38104967,restIRP
2024,NLM,39142598,restIRP
2024,NLM,38222422,restIRP
2024,NLM,39211885,restIRP
2024,NLM,38222430,restIRP
2024,NLM,37780058,restIRP
2024,NLM,38222330,restIRP
2024,NLM,37438534,restIRP
2024,NLM,37387183,restIRP
2024,NLM,38978133,restIRP
2024,NLM,37603758,restIRP
2024,NLM,38293962,restIRP
2024,NLM,39181864,restIRP
2024,NLM,37953705,restIRP
2024,NLM,38657840,restIRP
2024,NLM,38104223,restIRP
2024,NLM,39152209,restIRP
2024,NLM,38850624,restIRP
2024,NLM,37326816,restIRP
2024,NLM,38414974,restIRP
2024,NLM,38868205,restIRP
2024,NLM,38409096,restIRP
2024,NLM,37848431,restIRP
2024,NLM,38580653,restIRP
2024,NLM,37933855,restIRP
2024,NLM,38406579,restIRP
2024,NLM,38543795,restIRP
2024,NLM,38601265,restIRP
2024,NLM,38537634,restIRP
2024,NLM,37431591,restIRP
2024,NLM,38860884,restIRP
2024,NLM,38084967,restIRP
2024,NLM,37962425,restIRP
2024,NLM,38880887,restIRP
2024,NLM,38066002,restIRP
2024,NLM,38871749,restIRP
2024,NLM,37894219,restIRP
2024,NLM,38811727,restIRP
2024,NLM,38241320,restIRP
2024,NLM,37842337,restIRP
2024,NLM,38902799,restIRP
2024,NLM,38969627,restIRP
2024,NLM,37840815,restIRP
2024,NLM,38713717,restIRP
2024,NLM,37956405,restIRP
2024,NLM,38273363,restIRP
2024,NLM,37889039,restIRP
2024,NLM,37871188,restIRP
2024,NLM,38755321,restIRP
2024,NLM,38373301,restIRP
2024,NLM,38085797,restIRP
2024,NLM,38115123,restIRP
2024,NLM,38740383,restIRP
2024,NLM,38728051,restIRP
2024,NLM,38301204,restIRP
2024,NLM,37663145,restIRP
2024,NLM,38867279,restIRP
2024,NLM,38587769,restIRP
2024,NLM,38046363,restIRP
2024,NLM,38841662,restIRP
2024,NLM,38895284,restIRP
2024,NLM,37693012,restIRP
2024,NLM,38172624,restIRP
2024,NLM,38649301,restIRP
2024,NLM,38364094,restIRP
2025,CC,39182643,restIRP
2025,CC,39159362,restIRP
2025,CC,38587383,restIRP
2025,CC,40216094,restIRP
2025,CC,40701220,restIRP
2025,CC,40778402,restIRP
2025,CC,40645301,restIRP
2025,CC,38831164,restIRP
2025,CC,40671646,restIRP
2025,CC,39485830,restIRP
2025,CC,38966907,restIRP
2025,CC,39520033,restIRP
2025,CC,40406092,restIRP
2025,CC,40087865,restIRP
2025,CC,38298420,restIRP
2025,CC,40266528,restIRP
2025,CC,39266213,restIRP
2025,CC,40164324,restIRP
2025,CC,39866129,restIRP
2025,CC,40256044,restIRP
2025,CC,40244690,restIRP
2025,CC,40852134,restIRP
2025,CC,39842775,restIRP
2025,CC,40838913,restIRP
2025,CC,40015594,restIRP
2025,CC,40256048,restIRP
2025,CC,38320737,restIRP
2025,CC,39917021,restIRP
2025,CC,39896089,restIRP
2025,CC,39148241,restIRP
2025,CC,39148240,restIRP
2025,CC,38974806,restIRP
2025,CC,39791998,restIRP
2025,CC,39563405,restIRP
2025,CC,40528254,restIRP
2025,CC,39686651,restIRP
2025,CC,39158426,restIRP
2025,CC,40293521,restIRP
2025,CC,40100280,restIRP
2025,CC,39645459,restIRP
2025,CC,38995381,restIRP
2025,CC,40121592,restIRP
2025,CC,40593410,restIRP
2025,CC,39920106,restIRP
2025,CC,39772583,restIRP
2025,CC,40121118,restIRP
2025,CC,40793942,restIRP
2025,CC,39093684,restIRP
2025,CC,40832698,restIRP
2025,CC,40795541,restIRP
2025,CC,40088573,restIRP
2025,CC,40216673,restIRP
2025,CC,39120990,restIRP
2025,CC,40578543,restIRP
2025,CC,40261178,restIRP
2025,CC,40307593,restIRP
2025,CC,40316652,restIRP
2025,CC,38814530,restIRP
2025,CC,38201407,restIRP
2025,CC,38993597,restIRP
2025,CC,39700200,restIRP
2025,CC,39587232,restIRP
2025,CC,39251665,restIRP
2025,CC,39656418,restIRP
2025,CC,40481997,restIRP
2025,CC,40140092,restIRP
2025,CC,39681741,restIRP
2025,CC,39828383,restIRP
2025,CC,40560391,restIRP
2025,CC,40088889,restIRP
2025,CC,40609677,restIRP
2025,CC,40634223,restIRP
2025,CC,40665154,restIRP
2025,CC,40759291,restIRP
2025,CC,40183206,restIRP
2025,CC,40137894,restIRP
2025,CC,40504411,restIRP
2025,CC,40337174,restIRP
2025,CC,38457125,restIRP
2025,CC,40534376,restIRP
2025,CC,40230786,restIRP
2025,CC,40038396,restIRP
2025,CC,38507753,restIRP
2025,CC,39254295,restIRP
2025,CC,39786847,restIRP
2025,CC,39912461,restIRP
2025,CC,40632867,restIRP
2025,CC,40669017,restIRP
2025,CC,40787890,restIRP
2025,CC,39772771,restIRP
2025,CC,39654392,restIRP
2025,CC,39786387,restIRP
2025,CC,39707804,restIRP
2025,CC,39774793,restIRP
2025,CC,40776673,restIRP
2025,CC,39451111,restIRP
2025,CC,39928725,restIRP
2025,CC,40662354,restIRP
2025,CC,40423401,restIRP
2025,CC,40057214,restIRP
2025,CC,39396526,restIRP
2025,CC,39657050,restIRP
2025,CC,39250801,restIRP
2025,CC,40294418,restIRP
2025,CC,40041444,restIRP
2025,CC,40032367,restIRP
2025,CC,40032082,restIRP
2025,CC,39576068,restIRP
2025,CC,40747802,restIRP
2025,CC,39775917,restIRP
2025,CC,38507752,restIRP
2025,CC,39141701,restIRP
2025,CC,39679352,restIRP
2025,CC,39324144,restIRP
2025,CC,40125448,restIRP
2025,CC,39666753,restIRP
2025,CC,39264207,restIRP
2025,CC,39947217,restIRP
2025,CC,39759269,restIRP
2025,CC,39936096,restIRP
2025,CC,40470007,restIRP
2025,CC,39579754,restIRP
2025,CC,40668633,restIRP
2025,CC,40418374,restIRP
2025,CC,40691514,restIRP
2025,CC,39658736,restIRP
2025,CC,39528596,restIRP
2025,CC,38892671,restIRP
2025,CC,38978699,restIRP
2025,CC,40366203,restIRP
2025,CC,40052805,restIRP
2025,CC,38441056,restIRP
2025,CC,40532696,restIRP
2025,CC,38864945,restIRP
2025,CC,38986423,restIRP
2025,CC,39166776,restIRP
2025,CC,38775102,restIRP
2025,CC,40197603,restIRP
2025,CC,40795026,restIRP
2025,CC,40576296,restIRP
2025,CC,40377230,restIRP
2025,CC,40714914,restIRP
2025,CC,40398353,restIRP
2025,CC,39672600,restIRP
2025,CC,38595934,restIRP
2025,CC,39682740,restIRP
2025,CC,39868801,restIRP
2025,CC,39951130,restIRP
2025,CC,40622832,restIRP
2025,CC,40013782,restIRP
2025,CC,40444264,restIRP
2025,CC,37249528,restIRP
2025,CC,40007227,restIRP
2025,CC,40239067,restIRP
2025,CC,40537781,restIRP
2025,CC,40739794,restIRP
2025,CC,39028936,restIRP
2025,CC,38899801,restIRP
2025,NCATS,39384033,restIRP
2025,NCATS,40554661,restIRP
2025,NCATS,40189184,restIRP
2025,NCATS,40032960,restIRP
2025,NCATS,39255953,restIRP
2025,NCATS,40145447,restIRP
2025,NCATS,39868816,restIRP
2025,NCATS,39508053,restIRP
2025,NCATS,40180188,restIRP
2025,NCATS,40467706,restIRP
2025,NCATS,39403992,restIRP
2025,NCATS,40047063,restIRP
2025,NCATS,39972627,restIRP
2025,NCATS,39437787,restIRP
2025,NCATS,40507787,restIRP
2025,NCATS,40550315,restIRP
2025,NCATS,40478799,restIRP
2025,NCATS,39254333,restIRP
2025,NCATS,40957459,restIRP
2025,NCATS,40327632,restIRP
2025,NCATS,40542184,restIRP
2025,NCATS,39971899,restIRP
2025,NCATS,39657117,restIRP
2025,NCATS,40241769,restIRP
2025,NCATS,39162009,restIRP
2025,NCATS,40704654,restIRP
2025,NCATS,39585996,restIRP
2025,NCATS,40253396,restIRP
2025,NCATS,39397296,restIRP
2025,NCATS,40757061,restIRP
2025,NCATS,39698870,restIRP
2025,NCATS,40443932,restIRP
2025,NCATS,40283693,restIRP
2025,NCATS,40427492,restIRP
2025,NCATS,40702186,restIRP
2025,NCATS,40635371,restIRP
2025,NCATS,39976996,restIRP
2025,NCATS,40562976,restIRP
2025,NCATS,39933019,restIRP
2025,NCATS,40393055,restIRP
2025,NCATS,39563805,restIRP
2025,NCATS,40365393,restIRP
2025,NCATS,39625789,restIRP
2025,NCATS,39714192,restIRP
2025,NCATS,39212669,restIRP
2025,NCATS,39622178,restIRP
2025,NCATS,39295639,restIRP
2025,NCATS,39932819,restIRP
2025,NCATS,39078878,restIRP
2025,NCATS,40356417,restIRP
2025,NCATS,40670672,restIRP
2025,NCATS,40616201,restIRP
2025,NCATS,38867136,restIRP
2025,NCATS,39903128,restIRP
2025,NCATS,40754300,restIRP
2025,NCATS,39324128,restIRP
2025,NCATS,38269772,restIRP
2025,NCATS,39773231,restIRP
2025,NCATS,39386760,restIRP
2025,NCATS,40585309,restIRP
2025,NCATS,40768682,restIRP
2025,NCATS,39789725,restIRP
2025,NCATS,39317061,restIRP
2025,NCATS,39719802,restIRP
2025,NCATS,39025788,restIRP
2025,NCATS,40270285,restIRP
2025,NCATS,39939315,restIRP
2025,NCATS,39628575,restIRP
2025,NCATS,39792662,restIRP
2025,NCATS,40346061,restIRP
2025,NCATS,39964642,restIRP
2025,NCATS,38394389,restIRP
2025,NCATS,40544990,restIRP
2025,NCATS,39914194,restIRP
2025,NCATS,39365851,restIRP
2025,NCATS,39427991,restIRP
2025,NCATS,39392349,restIRP
2025,NCATS,40301300,restIRP
2025,NCATS,39657662,restIRP
2025,NCATS,38218214,restIRP
2025,NCATS,39458588,restIRP
2025,NCATS,39829241,restIRP
2025,NCATS,39284767,restIRP
2025,NCATS,40184266,restIRP
2025,NCATS,39067620,restIRP
2025,NCCIH,40269164,restIRP
2025,NCCIH,40100256,restIRP
2025,NCCIH,40323232,restIRP
2025,NCCIH,40721322,restIRP
2025,NCCIH,40134451,restIRP
2025,NCCIH,40623245,restIRP
2025,NCCIH,39271034,restIRP
2025,NCCIH,39033901,restIRP
2025,NCCIH,38270938,restIRP
2025,NCCIH,40405377,restIRP
2025,NCI,40377219,restIRP
2025,NCI,39413793,restIRP
2025,NCI,40064219,restIRP
2025,NCI,38986717,restIRP
2025,NCI,39027236,restIRP
2025,NCI,40015281,restIRP
2025,NCI,40036302,restIRP
2025,NCI,38877802,restIRP
2025,NCI,39069248,restIRP
2025,NCI,39653658,restIRP
2025,NCI,40609532,restIRP
2025,NCI,39489412,restIRP
2025,NCI,39321267,restIRP
2025,NCI,40381698,restIRP
2025,NCI,38992119,restIRP
2025,NCI,39537030,restIRP
2025,NCI,40179178,restIRP
2025,NCI,38927010,restIRP
2025,NCI,39322411,restIRP
2025,NCI,40595495,restIRP
2025,NCI,40165182,restIRP
2025,NCI,39014486,restIRP
2025,NCI,40284913,restIRP
2025,NCI,40744051,restIRP
2025,NCI,39325984,restIRP
2025,NCI,40345802,restIRP
2025,NCI,39953193,restIRP
2025,NCI,39399313,restIRP
2025,NCI,40298128,restIRP
2025,NCI,39185596,restIRP
2025,NCI,40402310,restIRP
2025,NCI,40627448,restIRP
2025,NCI,39512899,restIRP
2025,NCI,39041239,restIRP
2025,NCI,40586102,restIRP
2025,NCI,39909041,restIRP
2025,NCI,38961202,restIRP
2025,NCI,39028621,restIRP
2025,NCI,39284936,restIRP
2025,NCI,39990162,restIRP
2025,NCI,40691706,restIRP
2025,NCI,40748758,restIRP
2025,NCI,40439882,restIRP
2025,NCI,40076642,restIRP
2025,NCI,39092437,restIRP
2025,NCI,38987177,restIRP
2025,NCI,39764864,restIRP
2025,NCI,39861910,restIRP
2025,NCI,40194952,restIRP
2025,NCI,39879241,restIRP
2025,NCI,39303677,restIRP
2025,NCI,39724052,restIRP
2025,NCI,40043836,restIRP
2025,NCI,39665539,restIRP
2025,NCI,39890871,restIRP
2025,NCI,39102723,restIRP
2025,NCI,40682793,restIRP
2025,NCI,40668759,restIRP
2025,NCI,40683285,restIRP
2025,NCI,40431628,restIRP
2025,NCI,39529529,restIRP
2025,NCI,40280970,restIRP
2025,NCI,39961279,restIRP
2025,NCI,40030014,restIRP
2025,NCI,39752250,restIRP
2025,NCI,40397676,restIRP
2025,NCI,39496919,restIRP
2025,NCI,40498369,restIRP
2025,NCI,40106564,restIRP
2025,NCI,40663402,restIRP
2025,NCI,39356141,restIRP
2025,NCI,40185101,restIRP
2025,NCI,39578552,restIRP
2025,NCI,39541347,restIRP
2025,NCI,39423940,restIRP
2025,NCI,39405897,restIRP
2025,NCI,39725134,restIRP
2025,NCI,39388999,restIRP
2025,NCI,39900286,restIRP
2025,NCI,39194126,restIRP
2025,NCI,38987539,restIRP
2025,NCI,40378357,restIRP
2025,NCI,40049160,restIRP
2025,NCI,39504607,restIRP
2025,NCI,39966373,restIRP
2025,NCI,39719040,restIRP
2025,NCI,40533497,restIRP
2025,NCI,39888317,restIRP
2025,NCI,39776902,restIRP
2025,NCI,39082925,restIRP
2025,NCI,39058386,restIRP
2025,NCI,39117696,restIRP
2025,NCI,40214445,restIRP
2025,NCI,39978338,restIRP
2025,NCI,39198554,restIRP
2025,NCI,39965889,restIRP
2025,NCI,40038575,restIRP
2025,NCI,39217614,restIRP
2025,NCI,39854188,restIRP
2025,NCI,40230522,restIRP
2025,NCI,40349482,restIRP
2025,NCI,38958017,restIRP
2025,NCI,39236245,restIRP
2025,NCI,39684607,restIRP
2025,NCI,39637855,restIRP
2025,NCI,38935343,restIRP
2025,NCI,40056147,restIRP
2025,NCI,39465564,restIRP
2025,NCI,39789967,restIRP
2025,NCI,40071935,restIRP
2025,NCI,39409011,restIRP
2025,NCI,39920158,restIRP
2025,NCI,39523440,restIRP
2025,NCI,40319014,restIRP
2025,NCI,39949830,restIRP
2025,NCI,39893637,restIRP
2025,NCI,39314090,restIRP
2025,NCI,39905201,restIRP
2025,NCI,39214978,restIRP
2025,NCI,39169042,restIRP
2025,NCI,39792006,restIRP
2025,NCI,38858602,restIRP
2025,NCI,40216017,restIRP
2025,NCI,39516468,restIRP
2025,NCI,40037709,restIRP
2025,NCI,39348509,restIRP
2025,NCI,39840811,restIRP
2025,NCI,38818077,restIRP
2025,NCI,40015370,restIRP
2025,NCI,39068599,restIRP
2025,NCI,39427854,restIRP
2025,NCI,39015651,restIRP
2025,NCI,38992777,restIRP
2025,NCI,40021049,restIRP
2025,NCI,39956859,restIRP
2025,NCI,40254040,restIRP
2025,NCI,38968359,restIRP
2025,NCI,39041297,restIRP
2025,NCI,39515417,restIRP
2025,NCI,40649822,restIRP
2025,NCI,39256867,restIRP
2025,NCI,39396582,restIRP
2025,NCI,40690835,restIRP
2025,NCI,39142650,restIRP
2025,NCI,39258548,restIRP
2025,NCI,38366633,restIRP
2025,NCI,38630934,restIRP
2025,NCI,38629149,restIRP
2025,NCI,40168125,restIRP
2025,NCI,40331822,restIRP
2025,NCI,40284994,restIRP
2025,NCI,38917054,restIRP
2025,NCI,39459852,restIRP
2025,NCI,39747188,restIRP
2025,NCI,40760255,restIRP
2025,NCI,40384933,restIRP
2025,NCI,39529525,restIRP
2025,NCI,39139402,restIRP
2025,NCI,39855244,restIRP
2025,NCI,40156838,restIRP
2025,NCI,40274284,restIRP
2025,NCI,39162097,restIRP
2025,NCI,39349477,restIRP
2025,NCI,39089300,restIRP
2025,NCI,39426916,restIRP
2025,NCI,39996409,restIRP
2025,NCI,39579754,restIRP
2025,NCI,39809601,restIRP
2025,NCI,39654290,restIRP
2025,NCI,40668633,restIRP
2025,NCI,40418374,restIRP
2025,NCI,40075871,restIRP
2025,NCI,39452554,restIRP
2025,NCI,40473563,restIRP
2025,NCI,40634223,restIRP
2025,NCI,39400232,restIRP
2025,NCI,39682085,restIRP
2025,NCI,39490335,restIRP
2025,NCI,40374923,restIRP
2025,NCI,40628971,restIRP
2025,NCI,40573292,restIRP
2025,NCI,39629126,restIRP
2025,NCI,40284513,restIRP
2025,NCI,39448201,restIRP
2025,NCI,41201455,restIRP
2025,NCI,40550567,restIRP
2025,NCI,40550568,restIRP
2025,NCI,39141577,restIRP
2025,NCI,40360436,restIRP
2025,NCI,40316302,restIRP
2025,NCI,39682120,restIRP
2025,NCI,39557544,restIRP
2025,NCI,39388307,restIRP
2025,NCI,40362635,restIRP
2025,NCI,38901879,restIRP
2025,NCI,39500789,restIRP
2025,NCI,40169810,restIRP
2025,NCI,39984444,restIRP
2025,NCI,38369747,restIRP
2025,NCI,39317422,restIRP
2025,NCI,39956341,restIRP
2025,NCI,39178374,restIRP
2025,NCI,40131370,restIRP
2025,NCI,40274766,restIRP
2025,NCI,39174852,restIRP
2025,NCI,40372913,restIRP
2025,NCI,39046263,restIRP
2025,NCI,39388279,restIRP
2025,NCI,39486411,restIRP
2025,NCI,40586304,restIRP
2025,NCI,39913888,restIRP
2025,NCI,40245140,restIRP
2025,NCI,39103524,restIRP
2025,NCI,38267599,restIRP
2025,NCI,39315813,restIRP
2025,NCI,39727416,restIRP
2025,NCI,39146887,restIRP
2025,NCI,39548594,restIRP
2025,NCI,40523001,restIRP
2025,NCI,39945320,restIRP
2025,NCI,39135477,restIRP
2025,NCI,41138186,restIRP
2025,NCI,38984710,restIRP
2025,NCI,39732170,restIRP
2025,NCI,39226514,restIRP
2025,NCI,39672516,restIRP
2025,NCI,38480799,restIRP
2025,NCI,39827884,restIRP
2025,NCI,40211350,restIRP
2025,NCI,39532242,restIRP
2025,NCI,39915263,restIRP
2025,NCI,39951265,restIRP
2025,NCI,39723380,restIRP
2025,NCI,39822733,restIRP
2025,NCI,39675505,restIRP
2025,NCI,40187604,restIRP
2025,NCI,39639338,restIRP
2025,NCI,40387511,restIRP
2025,NCI,39883527,restIRP
2025,NCI,40681875,restIRP
2025,NCI,39786387,restIRP
2025,NCI,40210239,restIRP
2025,NCI,40536705,restIRP
2025,NCI,39800378,restIRP
2025,NCI,38963837,restIRP
2025,NCI,39491745,restIRP
2025,NCI,39820335,restIRP
2025,NCI,39024560,restIRP
2025,NCI,38811818,restIRP
2025,NCI,39260085,restIRP
2025,NCI,39284337,restIRP
2025,NCI,40274483,restIRP
2025,NCI,39807625,restIRP
2025,NCI,39877936,restIRP
2025,NCI,40222010,restIRP
2025,NCI,40228516,restIRP
2025,NCI,39365820,restIRP
2025,NCI,39395046,restIRP
2025,NCI,39666615,restIRP
2025,NCI,39224595,restIRP
2025,NCI,39936451,restIRP
2025,NCI,39313500,restIRP
2025,NCI,39018505,restIRP
2025,NCI,40605272,restIRP
2025,NCI,39070246,restIRP
2025,NCI,40471621,restIRP
2025,NCI,39899393,restIRP
2025,NCI,40524014,restIRP
2025,NCI,39361706,restIRP
2025,NCI,40329905,restIRP
2025,NCI,40210129,restIRP
2025,NCI,39362362,restIRP
2025,NCI,39999911,restIRP
2025,NCI,39762421,restIRP
2025,NCI,39325869,restIRP
2025,NCI,40105437,restIRP
2025,NCI,39087596,restIRP
2025,NCI,39951686,restIRP
2025,NCI,40008620,restIRP
2025,NCI,39657598,restIRP
2025,NCI,39178097,restIRP
2025,NCI,40691514,restIRP
2025,NCI,39605065,restIRP
2025,NCI,40614733,restIRP
2025,NCI,40582407,restIRP
2025,NCI,40673159,restIRP
2025,NCI,40211119,restIRP
2025,NCI,40098202,restIRP
2025,NCI,40598490,restIRP
2025,NCI,39438480,restIRP
2025,NCI,39301032,restIRP
2025,NCI,38289950,restIRP
2025,NCI,40639377,restIRP
2025,NCI,40180421,restIRP
2025,NCI,40751052,restIRP
2025,NCI,40033018,restIRP
2025,NCI,39779848,restIRP
2025,NCI,39417187,restIRP
2025,NCI,39113863,restIRP
2025,NCI,39803637,restIRP
2025,NCI,39137728,restIRP
2025,NCI,39226152,restIRP
2025,NCI,38825690,restIRP
2025,NCI,38678570,restIRP
2025,NCI,40359993,restIRP
2025,NCI,39848706,restIRP
2025,NCI,39737933,restIRP
2025,NCI,40259574,restIRP
2025,NCI,40588523,restIRP
2025,NCI,40957420,restIRP
2025,NCI,40681578,restIRP
2025,NCI,40049206,restIRP
2025,NCI,39390150,restIRP
2025,NCI,40639874,restIRP
2025,NCI,40130156,restIRP
2025,NCI,39147856,restIRP
2025,NCI,39552878,restIRP
2025,NCI,39433914,restIRP
2025,NCI,38653965,restIRP
2025,NCI,40543584,restIRP
2025,NCI,40161959,restIRP
2025,NCI,40400208,restIRP
2025,NCI,40252045,restIRP
2025,NCI,40365680,restIRP
2025,NCI,40097271,restIRP
2025,NCI,40173049,restIRP
2025,NCI,40097188,restIRP
2025,NCI,39672975,restIRP
2025,NCI,40690752,restIRP
2025,NCI,40169866,restIRP
2025,NCI,39837618,restIRP
2025,NCI,39728619,restIRP
2025,NCI,40068595,restIRP
2025,NCI,39312090,restIRP
2025,NCI,39656418,restIRP
2025,NCI,39446579,restIRP
2025,NCI,39282902,restIRP
2025,NCI,39198374,restIRP
2025,NCI,40047292,restIRP
2025,NCI,38993535,restIRP
2025,NCI,38642472,restIRP
2025,NCI,40034245,restIRP
2025,NCI,39289120,restIRP
2025,NCI,39493820,restIRP
2025,NCI,40546724,restIRP
2025,NCI,39454579,restIRP
2025,NCI,39276360,restIRP
2025,NCI,39603905,restIRP
2025,NCI,41263060,restIRP
2025,NCI,39224814,restIRP
2025,NCI,39147032,restIRP
2025,NCI,39812007,restIRP
2025,NCI,38473380,restIRP
2025,NCI,39520683,restIRP
2025,NCI,39868814,restIRP
2025,NCI,40105034,restIRP
2025,NCI,39175461,restIRP
2025,NCI,39319626,restIRP
2025,NCI,39076030,restIRP
2025,NCI,39824298,restIRP
2025,NCI,40230184,restIRP
2025,NCI,39641785,restIRP
2025,NCI,39662089,restIRP
2025,NCI,39709851,restIRP
2025,NCI,38035854,restIRP
2025,NCI,39481385,restIRP
2025,NCI,40101205,restIRP
2025,NCI,40684476,restIRP
2025,NCI,39641013,restIRP
2025,NCI,40467297,restIRP
2025,NCI,39989223,restIRP
2025,NCI,40363722,restIRP
2025,NCI,39142023,restIRP
2025,NCI,40476486,restIRP
2025,NCI,39453729,restIRP
2025,NCI,39339909,restIRP
2025,NCI,39183914,restIRP
2025,NCI,40138393,restIRP
2025,NCI,39211607,restIRP
2025,NCI,40081569,restIRP
2025,NCI,39455863,restIRP
2025,NCI,39909374,restIRP
2025,NCI,39742997,restIRP
2025,NCI,40254254,restIRP
2025,NCI,39798888,restIRP
2025,NCI,38982303,restIRP
2025,NCI,40730158,restIRP
2025,NCI,39578244,restIRP
2025,NCI,40341939,restIRP
2025,NCI,40488620,restIRP
2025,NCI,39789165,restIRP
2025,NCI,40523602,restIRP
2025,NCI,40770529,restIRP
2025,NCI,40473627,restIRP
2025,NCI,39982819,restIRP
2025,NCI,39140467,restIRP
2025,NCI,39440167,restIRP
2025,NCI,40025700,restIRP
2025,NCI,40028135,restIRP
2025,NCI,40273966,restIRP
2025,NCI,39061197,restIRP
2025,NCI,39357464,restIRP
2025,NCI,38888415,restIRP
2025,NCI,39751657,restIRP
2025,NCI,40245917,restIRP
2025,NCI,39663860,restIRP
2025,NCI,39075200,restIRP
2025,NCI,40440574,restIRP
2025,NCI,39361946,restIRP
2025,NCI,39478560,restIRP
2025,NCI,40670332,restIRP
2025,NCI,39594596,restIRP
2025,NCI,41173140,restIRP
2025,NCI,39696914,restIRP
2025,NCI,39304761,restIRP
2025,NCI,39624437,restIRP
2025,NCI,40101119,restIRP
2025,NCI,39324798,restIRP
2025,NCI,40320641,restIRP
2025,NCI,38285012,restIRP
2025,NCI,39911015,restIRP
2025,NCI,39956830,restIRP
2025,NCI,39680772,restIRP
2025,NCI,39289353,restIRP
2025,NCI,40163345,restIRP
2025,NCI,39676671,restIRP
2025,NCI,38355560,restIRP
2025,NCI,39452894,restIRP
2025,NCI,39217198,restIRP
2025,NCI,40525876,restIRP
2025,NCI,40156235,restIRP
2025,NCI,38952295,restIRP
2025,NCI,40826002,restIRP
2025,NCI,39673668,restIRP
2025,NCI,38711888,restIRP
2025,NCI,39755256,restIRP
2025,NCI,39670843,restIRP
2025,NCI,39908565,restIRP
2025,NCI,40379049,restIRP
2025,NCI,40071498,restIRP
2025,NCI,40419020,restIRP
2025,NCI,40435511,restIRP
2025,NCI,39162578,restIRP
2025,NCI,40550819,restIRP
2025,NCI,39824558,restIRP
2025,NCI,39515881,restIRP
2025,NCI,39652470,restIRP
2025,NCI,40448998,restIRP
2025,NCI,39560993,restIRP
2025,NCI,40659484,restIRP
2025,NCI,39190360,restIRP
2025,NCI,40733578,restIRP
2025,NCI,40048262,restIRP
2025,NCI,38257808,restIRP
2025,NCI,39172125,restIRP
2025,NCI,39984654,restIRP
2025,NCI,39796673,restIRP
2025,NCI,40464417,restIRP
2025,NCI,39089584,restIRP
2025,NCI,40493189,restIRP
2025,NCI,39207123,restIRP
2025,NCI,40157536,restIRP
2025,NCI,39152227,restIRP
2025,NCI,40392977,restIRP
2025,NCI,39412757,restIRP
2025,NCI,39115605,restIRP
2025,NCI,40374715,restIRP
2025,NCI,40435375,restIRP
2025,NCI,39192032,restIRP
2025,NCI,40562354,restIRP
2025,NCI,40344051,restIRP
2025,NCI,39271696,restIRP
2025,NCI,39339899,restIRP
2025,NCI,40231821,restIRP
2025,NCI,39212413,restIRP
2025,NCI,39495123,restIRP
2025,NCI,40495382,restIRP
2025,NCI,40651390,restIRP
2025,NCI,39551185,restIRP
2025,NCI,39093127,restIRP
2025,NCI,40165020,restIRP
2025,NCI,39178856,restIRP
2025,NCI,40447318,restIRP
2025,NCI,39546299,restIRP
2025,NCI,39332423,restIRP
2025,NCI,39915926,restIRP
2025,NCI,40409691,restIRP
2025,NCI,40044256,restIRP
2025,NCI,39370239,restIRP
2025,NCI,40764514,restIRP
2025,NCI,38704148,restIRP
2025,NCI,39752535,restIRP
2025,NCI,39653855,restIRP
2025,NCI,39779213,restIRP
2025,NCI,38942992,restIRP
2025,NCI,39378883,restIRP
2025,NCI,40758600,restIRP
2025,NCI,39579469,restIRP
2025,NCI,39826667,restIRP
2025,NCI,39757918,restIRP
2025,NCI,39412501,restIRP
2025,NCI,39008716,restIRP
2025,NCI,40177616,restIRP
2025,NCI,39928563,restIRP
2025,NCI,39809356,restIRP
2025,NCI,39941108,restIRP
2025,NCI,39278811,restIRP
2025,NCI,39568171,restIRP
2025,NCI,39729709,restIRP
2025,NCI,40342733,restIRP
2025,NCI,39724110,restIRP
2025,NCI,39314089,restIRP
2025,NCI,40001151,restIRP
2025,NCI,39331709,restIRP
2025,NCI,40523990,restIRP
2025,NCI,39051998,restIRP
2025,NCI,39352632,restIRP
2025,NCI,40314593,restIRP
2025,NCI,39113871,restIRP
2025,NCI,41105446,restIRP
2025,NCI,40366383,restIRP
2025,NCI,39911068,restIRP
2025,NCI,39353976,restIRP
2025,NCI,38131352,restIRP
2025,NCI,40366324,restIRP
2025,NCI,39887736,restIRP
2025,NCI,39602117,restIRP
2025,NCI,38753757,restIRP
2025,NCI,40163776,restIRP
2025,NCI,40022167,restIRP
2025,NCI,39113621,restIRP
2025,NCI,38831056,restIRP
2025,NCI,39873477,restIRP
2025,NCI,38760587,restIRP
2025,NCI,39601595,restIRP
2025,NCI,39402030,restIRP
2025,NCI,39642223,restIRP
2025,NCI,39510795,restIRP
2025,NCI,40154482,restIRP
2025,NCI,39251587,restIRP
2025,NCI,39461879,restIRP
2025,NCI,40055572,restIRP
2025,NCI,39972171,restIRP
2025,NCI,38980292,restIRP
2025,NCI,39209555,restIRP
2025,NCI,39673524,restIRP
2025,NCI,40324704,restIRP
2025,NCI,40053555,restIRP
2025,NCI,39235232,restIRP
2025,NCI,39843582,restIRP
2025,NCI,40268897,restIRP
2025,NCI,39561284,restIRP
2025,NCI,39046821,restIRP
2025,NCI,38861351,restIRP
2025,NCI,40653802,restIRP
2025,NCI,38862995,restIRP
2025,NCI,39310755,restIRP
2025,NCI,39402027,restIRP
2025,NCI,39709604,restIRP
2025,NCI,39279778,restIRP
2025,NCI,39012213,restIRP
2025,NCI,40629847,restIRP
2025,NCI,40735274,restIRP
2025,NCI,37870438,restIRP
2025,NCI,39503370,restIRP
2025,NCI,40726154,restIRP
2025,NCI,38312227,restIRP
2025,NCI,38962753,restIRP
2025,NCI,39379704,restIRP
2025,NCI,39902391,restIRP
2025,NCI,39775867,restIRP
2025,NCI,40178835,restIRP
2025,NCI,39851181,restIRP
2025,NCI,39169220,restIRP
2025,NCI,39212325,restIRP
2025,NCI,40156866,restIRP
2025,NCI,39766245,restIRP
2025,NCI,38639853,restIRP
2025,NCI,39422766,restIRP
2025,NCI,40277394,restIRP
2025,NCI,40105650,restIRP
2025,NCI,39301650,restIRP
2025,NCI,39088579,restIRP
2025,NCI,40164352,restIRP
2025,NCI,40555412,restIRP
2025,NCI,38981111,restIRP
2025,NCI,40504671,restIRP
2025,NCI,39398344,restIRP
2025,NCI,40724977,restIRP
2025,NCI,40418889,restIRP
2025,NCI,39489486,restIRP
2025,NCI,38583102,restIRP
2025,NCI,39792305,restIRP
2025,NCI,39171767,restIRP
2025,NCI,39554783,restIRP
2025,NCI,40504684,restIRP
2025,NCI,40249402,restIRP
2025,NCI,39279228,restIRP
2025,NCI,39713960,restIRP
2025,NCI,38446982,restIRP
2025,NCI,40445524,restIRP
2025,NCI,40202541,restIRP
2025,NCI,38874333,restIRP
2025,NCI,39650896,restIRP
2025,NCI,38699943,restIRP
2025,NCI,38893130,restIRP
2025,NCI,39692003,restIRP
2025,NCI,39724142,restIRP
2025,NCI,39589148,restIRP
2025,NCI,38291529,restIRP
2025,NCI,38639066,restIRP
2025,NCI,38912846,restIRP
2025,NCI,38970504,restIRP
2025,NCI,40578407,restIRP
2025,NCI,40058823,restIRP
2025,NCI,39144996,restIRP
2025,NCI,39048905,restIRP
2025,NCI,39196581,restIRP
2025,NCI,40335453,restIRP
2025,NCI,39370233,restIRP
2025,NCI,39733839,restIRP
2025,NCI,39022645,restIRP
2025,NCI,40376677,restIRP
2025,NCI,40044657,restIRP
2025,NCI,39152238,restIRP
2025,NCI,39684556,restIRP
2025,NCI,39460943,restIRP
2025,NCI,38864342,restIRP
2025,NCI,39550386,restIRP
2025,NCI,40396771,restIRP
2025,NCI,40500270,restIRP
2025,NCI,39351526,restIRP
2025,NCI,39915126,restIRP
2025,NCI,40434350,restIRP
2025,NCI,39985705,restIRP
2025,NCI,40502402,restIRP
2025,NCI,40067841,restIRP
2025,NCI,39649120,restIRP
2025,NCI,39822778,restIRP
2025,NCI,40647381,restIRP
2025,NCI,40565098,restIRP
2025,NCI,40473626,restIRP
2025,NCI,39970224,restIRP
2025,NCI,40424469,restIRP
2025,NCI,38611047,restIRP
2025,NCI,40595513,restIRP
2025,NCI,38147627,restIRP
2025,NCI,39913153,restIRP
2025,NCI,39293083,restIRP
2025,NCI,39213421,restIRP
2025,NCI,39226028,restIRP
2025,NCI,40193715,restIRP
2025,NCI,40421891,restIRP
2025,NCI,40548513,restIRP
2025,NCI,40116623,restIRP
2025,NCI,40110990,restIRP
2025,NCI,38925739,restIRP
2025,NCI,40316652,restIRP
2025,NCI,39759269,restIRP
2025,NCI,39936096,restIRP
2025,NCI,40470007,restIRP
2025,NCI,40560391,restIRP
2025,NCI,40609677,restIRP
2025,NCI,39587232,restIRP
2025,NCI,40481997,restIRP
2025,NCI,39528596,restIRP
2025,NCI,40140092,restIRP
2025,NCI,39609527,restIRP
2025,NCI,39981227,restIRP
2025,NCI,40552139,restIRP
2025,NCI,40080170,restIRP
2025,NCI,39843430,restIRP
2025,NCI,39981948,restIRP
2025,NCI,39954255,restIRP
2025,NCI,39652574,restIRP
2025,NCI,39700316,restIRP
2025,NCI,38625793,restIRP
2025,NCI,38374449,restIRP
2025,NCI,40651939,restIRP
2025,NCI,37824061,restIRP
2025,NCI,40715457,restIRP
2025,NCI,38605040,restIRP
2025,NCI,40622679,restIRP
2025,NCI,40500448,restIRP
2025,NCI,39436601,restIRP
2025,NCI,40270498,restIRP
2025,NCI,39636731,restIRP
2025,NCI,39866667,restIRP
2025,NCI,39432666,restIRP
2025,NCI,40185952,restIRP
2025,NCI,40662841,restIRP
2025,NCI,39763645,restIRP
2025,NCI,40124506,restIRP
2025,NCI,38049664,restIRP
2025,NCI,39424729,restIRP
2025,NCI,40291426,restIRP
2025,NCI,39609469,restIRP
2025,NCI,40239657,restIRP
2025,NCI,38451841,restIRP
2025,NCI,39398482,restIRP
2025,NCI,39772237,restIRP
2025,NCI,39551677,restIRP
2025,NCI,40185856,restIRP
2025,NCI,39831159,restIRP
2025,NCI,39442336,restIRP
2025,NCI,39551136,restIRP
2025,NCI,39499215,restIRP
2025,NCI,39280898,restIRP
2025,NCI,39824721,restIRP
2025,NCI,39947182,restIRP
2025,NCI,39468350,restIRP
2025,NCI,38553461,restIRP
2025,NCI,39074263,restIRP
2025,NCI,39418037,restIRP
2025,NCI,40209058,restIRP
2025,NCI,40057510,restIRP
2025,NCI,39483448,restIRP
2025,NCI,40069179,restIRP
2025,NCI,39652347,restIRP
2025,NCI,40221284,restIRP
2025,NCI,39488355,restIRP
2025,NCI,39488348,restIRP
2025,NCI,38823942,restIRP
2025,NCI,39261564,restIRP
2025,NCI,39291716,restIRP
2025,NCI,39435758,restIRP
2025,NCI,40143433,restIRP
2025,NCI,39367182,restIRP
2025,NCI,40232134,restIRP
2025,NCI,39580037,restIRP
2025,NCI,39317919,restIRP
2025,NCI,39384780,restIRP
2025,NCI,39488203,restIRP
2025,NCI,40106572,restIRP
2025,NCI,40165749,restIRP
2025,NCI,40208791,restIRP
2025,NCI,40256602,restIRP
2025,NCI,40669017,restIRP
2025,NCI,39250463,restIRP
2025,NCI,39730693,restIRP
2025,NCI,39798873,restIRP
2025,NCI,39880816,restIRP
2025,NCI,38172567,restIRP
2025,NCI,40367064,restIRP
2025,NCI,40428285,restIRP
2025,NCI,39123468,restIRP
2025,NCI,40362575,restIRP
2025,NCI,39456748,restIRP
2025,NCI,39767713,restIRP
2025,NCI,40878909,restIRP
2025,NCI,39862869,restIRP
2025,NCI,40113261,restIRP
2025,NCI,39559362,restIRP
2025,NCI,39358015,restIRP
2025,NCI,39327484,restIRP
2025,NCI,39261641,restIRP
2025,NCI,39745708,restIRP
2025,NCI,40616977,restIRP
2025,NCI,38960494,restIRP
2025,NCI,40670787,restIRP
2025,NCI,40075731,restIRP
2025,NCI,39992221,restIRP
2025,NCI,38436434,restIRP
2025,NCI,39847385,restIRP
2025,NCI,38280289,restIRP
2025,NCI,40307073,restIRP
2025,NCI,39787983,restIRP
2025,NCI,40078078,restIRP
2025,NCI,38622975,restIRP
2025,NCI,39693144,restIRP
2025,NCI,39540844,restIRP
2025,NCI,39917751,restIRP
2025,NCI,40041201,restIRP
2025,NCI,39789376,restIRP
2025,NCI,40319015,restIRP
2025,NCI,39761421,restIRP
2025,NCI,40127518,restIRP
2025,NCI,38787304,restIRP
2025,NCI,38981485,restIRP
2025,NCI,39702609,restIRP
2025,NCI,40493417,restIRP
2025,NCI,40056148,restIRP
2025,NCI,39658736,restIRP
2025,NCI,40619793,restIRP
2025,NCI,38935882,restIRP
2025,NCI,39354728,restIRP
2025,NCI,39818203,restIRP
2025,NCI,39322434,restIRP
2025,NCI,38488500,restIRP
2025,NCI,39814321,restIRP
2025,NCI,38843830,restIRP
2025,NCI,39680709,restIRP
2025,NCI,39384104,restIRP
2025,NCI,39741408,restIRP
2025,NCI,40447542,restIRP
2025,NCI,40604259,restIRP
2025,NCI,40353516,restIRP
2025,NCI,38532930,restIRP
2025,NCI,39408739,restIRP
2025,NCI,40298918,restIRP
2025,NCI,40390195,restIRP
2025,NCI,40632867,restIRP
2025,NCI,40274761,restIRP
2025,NCI,40437658,restIRP
2025,NCI,38878763,restIRP
2025,NCI,40258181,restIRP
2025,NCI,38964343,restIRP
2025,NCI,39937083,restIRP
2025,NCI,39084261,restIRP
2025,NCI,39461880,restIRP
2025,NCI,38762057,restIRP
2025,NCI,40158936,restIRP
2025,NCI,40179917,restIRP
2025,NCI,39674824,restIRP
2025,NCI,39844726,restIRP
2025,NCI,38945782,restIRP
2025,NCI,38573205,restIRP
2025,NCI,38410224,restIRP
2025,NCI,39427924,restIRP
2025,NCI,39434758,restIRP
2025,NCI,38899877,restIRP
2025,NCI,38976866,restIRP
2025,NCI,39561210,restIRP
2025,NCI,40334787,restIRP
2025,NCI,40323603,restIRP
2025,NCI,40045272,restIRP
2025,NCI,40373289,restIRP
2025,NCI,40780497,restIRP
2025,NCI,39477026,restIRP
2025,NCI,40513117,restIRP
2025,NCI,39609906,restIRP
2025,NCI,39618252,restIRP
2025,NCI,39135136,restIRP
2025,NCI,41165571,restIRP
2025,NCI,39388846,restIRP
2025,NCI,38388856,restIRP
2025,NCI,39247147,restIRP
2025,NCI,39278504,restIRP
2025,NCI,38428594,restIRP
2025,NCI,39217205,restIRP
2025,NCI,40381930,restIRP
2025,NCI,39244057,restIRP
2025,NCI,39760469,restIRP
2025,NCI,40193520,restIRP
2025,NCI,39148003,restIRP
2025,NCI,39197466,restIRP
2025,NCI,38884005,restIRP
2025,NCI,39219504,restIRP
2025,NCI,39642333,restIRP
2025,NCI,39608610,restIRP
2025,NCI,40111318,restIRP
2025,NCI,38757581,restIRP
2025,NCI,39724614,restIRP
2025,NCI,39699684,restIRP
2025,NCI,39812315,restIRP
2025,NCI,39115885,restIRP
2025,NCI,40440356,restIRP
2025,NCI,40112244,restIRP
2025,NCI,39622256,restIRP
2025,NCI,41070818,restIRP
2025,NCI,40196938,restIRP
2025,NCI,39691264,restIRP
2025,NCI,39501104,restIRP
2025,NCI,39585318,restIRP
2025,NCI,39443230,restIRP
2025,NCI,40267387,restIRP
2025,NCI,39680438,restIRP
2025,NCI,39400264,restIRP
2025,NCI,38860978,restIRP
2025,NCI,39540884,restIRP
2025,NCI,40112042,restIRP
2025,NCI,40289254,restIRP
2025,NCI,39168836,restIRP
2025,NCI,39354815,restIRP
2025,NCI,40622863,restIRP
2025,NCI,39937237,restIRP
2025,NCI,39710096,restIRP
2025,NCI,39499225,restIRP
2025,NCI,40397817,restIRP
2025,NCI,39813595,restIRP
2025,NCI,39287844,restIRP
2025,NCI,40902600,restIRP
2025,NCI,40172573,restIRP
2025,NCI,40192513,restIRP
2025,NCI,40338627,restIRP
2025,NCI,39657329,restIRP
2025,NCI,40584741,restIRP
2025,NCI,40377264,restIRP
2025,NCI,39441834,restIRP
2025,NCI,39383209,restIRP
2025,NCI,39267581,restIRP
2025,NCI,39168837,restIRP
2025,NCI,40409575,restIRP
2025,NCI,38965750,restIRP
2025,NCI,39485483,restIRP
2025,NCI,38857048,restIRP
2025,NCI,40192659,restIRP
2025,NCI,39965131,restIRP
2025,NCI,41370847,restIRP
2025,NCI,39804611,restIRP
2025,NCI,39137781,restIRP
2025,NCI,39354183,restIRP
2025,NCI,39179310,restIRP
2025,NCI,39640936,restIRP
2025,NCI,40434915,restIRP
2025,NCI,40306387,restIRP
2025,NCI,40633616,restIRP
2025,NCI,40622981,restIRP
2025,NCI,40392756,restIRP
2025,NCI,39937584,restIRP
2025,NCI,40903012,restIRP
2025,NCI,40393661,restIRP
2025,NCI,39383198,restIRP
2025,NCI,39980340,restIRP
2025,NCI,39358005,restIRP
2025,NCI,39927868,restIRP
2025,NCI,40254337,restIRP
2025,NCI,40307206,restIRP
2025,NCI,39266564,restIRP
2025,NCI,39658222,restIRP
2025,NCI,39580808,restIRP
2025,NCI,39343441,restIRP
2025,NCI,39482824,restIRP
2025,NCI,39725462,restIRP
2025,NCI,39290814,restIRP
2025,NCI,39350044,restIRP
2025,NCI,40323272,restIRP
2025,NCI,39266536,restIRP
2025,NCI,39984572,restIRP
2025,NCI,39356713,restIRP
2025,NCI,39791481,restIRP
2025,NCI,41372401,restIRP
2025,NCI,40504560,restIRP
2025,NCI,38954841,restIRP
2025,NCI,40048157,restIRP
2025,NCI,39964769,restIRP
2025,NCI,39932888,restIRP
2025,NCI,38964803,restIRP
2025,NCI,40121031,restIRP
2025,NCI,40402450,restIRP
2025,NCI,40536473,restIRP
2025,NCI,40758122,restIRP
2025,NCI,39081326,restIRP
2025,NCI,40644923,restIRP
2025,NCI,39848476,restIRP
2025,NCI,38892290,restIRP
2025,NCI,40378155,restIRP
2025,NCI,40493293,restIRP
2025,NCI,39858077,restIRP
2025,NCI,40009403,restIRP
2025,NCI,39848200,restIRP
2025,NCI,39699098,restIRP
2025,NCI,39453974,restIRP
2025,NCI,39655935,restIRP
2025,NCI,40078969,restIRP
2025,NCI,40301924,restIRP
2025,NCI,38684463,restIRP
2025,NCI,39222930,restIRP
2025,NCI,39851932,restIRP
2025,NCI,39923796,restIRP
2025,NCI,40809836,restIRP
2025,NCI,40119553,restIRP
2025,NCI,39612947,restIRP
2025,NCI,40207808,restIRP
2025,NCI,39803998,restIRP
2025,NCI,39238213,restIRP
2025,NCI,40210740,restIRP
2025,NCI,39185906,restIRP
2025,NCI,40434633,restIRP
2025,NCI,39028908,restIRP
2025,NCI,39248039,restIRP
2025,NCI,39546143,restIRP
2025,NCI,40341552,restIRP
2025,NCI,39254214,restIRP
2025,NCI,39576860,restIRP
2025,NCI,39511408,restIRP
2025,NCI,39276774,restIRP
2025,NCI,39741955,restIRP
2025,NCI,40223093,restIRP
2025,NCI,40185352,restIRP
2025,NCI,39238192,restIRP
2025,NCI,39133105,restIRP
2025,NCI,39471809,restIRP
2025,NCI,40880488,restIRP
2025,NCI,39214302,restIRP
2025,NCI,38385972,restIRP
2025,NCI,40343987,restIRP
2025,NCI,40619595,restIRP
2025,NCI,38760339,restIRP
2025,NCI,39214284,restIRP
2025,NCI,39779939,restIRP
2025,NCI,40316020,restIRP
2025,NCI,39397107,restIRP
2025,NCI,40167600,restIRP
2025,NCI,39695231,restIRP
2025,NCI,39854937,restIRP
2025,NCI,40234449,restIRP
2025,NCI,40203088,restIRP
2025,NCI,39737957,restIRP
2025,NCI,40119730,restIRP
2025,NCI,40232858,restIRP
2025,NCI,40155720,restIRP
2025,NCI,38958945,restIRP
2025,NCI,39524212,restIRP
2025,NCI,40710562,restIRP
2025,NCI,40280967,restIRP
2025,NCI,40560640,restIRP
2025,NCI,38842800,restIRP
2025,NCI,40427163,restIRP
2025,NCI,40077949,restIRP
2025,NCI,38585549,restIRP
2025,NCI,40583782,restIRP
2025,NCI,40289594,restIRP
2025,NCI,37822049,restIRP
2025,NCI,40288936,restIRP
2025,NCI,39430735,restIRP
2025,NCI,39455519,restIRP
2025,NCI,39268020,restIRP
2025,NCI,40617240,restIRP
2025,NCI,39744487,restIRP
2025,NCI,40272480,restIRP
2025,NCI,39991148,restIRP
2025,NCI,38952949,restIRP
2025,NCI,40342794,restIRP
2025,NCI,39201599,restIRP
2025,NCI,40275820,restIRP
2025,NCI,40202384,restIRP
2025,NCI,40302806,restIRP
2025,NCI,40302811,restIRP
2025,NCI,38070825,restIRP
2025,NCI,38696741,restIRP
2025,NCI,38867358,restIRP
2025,NCI,39851930,restIRP
2025,NCI,39552372,restIRP
2025,NCI,39678377,restIRP
2025,NCI,40541392,restIRP
2025,NCI,39279939,restIRP
2025,NCI,38862838,restIRP
2025,NCI,39145378,restIRP
2025,NCI,38987096,restIRP
2025,NCI,39190114,restIRP
2025,NCI,39955616,restIRP
2025,NCI,40022856,restIRP
2025,NCI,40304934,restIRP
2025,NCI,40683339,restIRP
2025,NCI,40075678,restIRP
2025,NCI,40039000,restIRP
2025,NCI,39541706,restIRP
2025,NCI,38938691,restIRP
2025,NEI,40450686,restIRP
2025,NEI,40684871,restIRP
2025,NEI,40650988,restIRP
2025,NEI,39385467,restIRP
2025,NEI,39514271,restIRP
2025,NEI,40715346,restIRP
2025,NEI,40093899,restIRP
2025,NEI,40681059,restIRP
2025,NEI,39336783,restIRP
2025,NEI,38243264,restIRP
2025,NEI,38963460,restIRP
2025,NEI,38749530,restIRP
2025,NEI,39191256,restIRP
2025,NEI,39994382,restIRP
2025,NEI,40466854,restIRP
2025,NEI,40118996,restIRP
2025,NEI,40759652,restIRP
2025,NEI,40077641,restIRP
2025,NEI,39496488,restIRP
2025,NEI,41352350,restIRP
2025,NEI,39325754,restIRP
2025,NEI,39930203,restIRP
2025,NEI,39984061,restIRP
2025,NEI,39954235,restIRP
2025,NEI,40047526,restIRP
2025,NEI,39360639,restIRP
2025,NEI,38782642,restIRP
2025,NEI,40231721,restIRP
2025,NEI,40074530,restIRP
2025,NEI,40371891,restIRP
2025,NEI,40114969,restIRP
2025,NEI,39530497,restIRP
2025,NEI,40610405,restIRP
2025,NEI,39840795,restIRP
2025,NEI,40671279,restIRP
2025,NEI,40662679,restIRP
2025,NEI,39152209,restIRP
2025,NEI,39468037,restIRP
2025,NEI,39532089,restIRP
2025,NEI,39499510,restIRP
2025,NEI,39509098,restIRP
2025,NEI,39630464,restIRP
2025,NEI,40493569,restIRP
2025,NEI,40606272,restIRP
2025,NEI,40693847,restIRP
2025,NEI,38958627,restIRP
2025,NEI,38970614,restIRP
2025,NEI,40269122,restIRP
2025,NEI,40478591,restIRP
2025,NEI,40417242,restIRP
2025,NEI,39908134,restIRP
2025,NEI,39793082,restIRP
2025,NEI,38462512,restIRP
2025,NEI,39496489,restIRP
2025,NEI,40127748,restIRP
2025,NEI,39833124,restIRP
2025,NEI,40744518,restIRP
2025,NEI,40738073,restIRP
2025,NEI,40637512,restIRP
2025,NEI,39325468,restIRP
2025,NEI,39903177,restIRP
2025,NEI,39264219,restIRP
2025,NEI,40306279,restIRP
2025,NEI,40627746,restIRP
2025,NEI,40644302,restIRP
2025,NEI,39429097,restIRP
2025,NEI,39701910,restIRP
2025,NEI,39038072,restIRP
2025,NEI,39605875,restIRP
2025,NEI,38479809,restIRP
2025,NEI,40204723,restIRP
2025,NEI,40162802,restIRP
2025,NEI,39172780,restIRP
2025,NEI,40300832,restIRP
2025,NEI,39357522,restIRP
2025,NEI,40471101,restIRP
2025,NEI,39383236,restIRP
2025,NEI,40147933,restIRP
2025,NEI,39039178,restIRP
2025,NHGRI,39747594,restIRP
2025,NHGRI,40737125,restIRP
2025,NHGRI,40480217,restIRP
2025,NHGRI,40562034,restIRP
2025,NHGRI,40662098,restIRP
2025,NHGRI,40383148,restIRP
2025,NHGRI,40854122,restIRP
2025,NHGRI,40232843,restIRP
2025,NHGRI,40763310,restIRP
2025,NHGRI,40442754,restIRP
2025,NHGRI,40148527,restIRP
2025,NHGRI,39772771,restIRP
2025,NHGRI,39654392,restIRP
2025,NHGRI,40613926,restIRP
2025,NHGRI,39047301,restIRP
2025,NHGRI,38990107,restIRP
2025,NHGRI,40304391,restIRP
2025,NHGRI,38320121,restIRP
2025,NHGRI,40717068,restIRP
2025,NHGRI,39326632,restIRP
2025,NHGRI,39345948,restIRP
2025,NHGRI,39662508,restIRP
2025,NHGRI,40314722,restIRP
2025,NHGRI,40532696,restIRP
2025,NHGRI,39508593,restIRP
2025,NHGRI,39910383,restIRP
2025,NHGRI,40736079,restIRP
2025,NHGRI,40577485,restIRP
2025,NHGRI,40745001,restIRP
2025,NHGRI,38848991,restIRP
2025,NHGRI,40720784,restIRP
2025,NHGRI,39841973,restIRP
2025,NHGRI,40417743,restIRP
2025,NHGRI,40375095,restIRP
2025,NHGRI,39708391,restIRP
2025,NHGRI,39622608,restIRP
2025,NHGRI,40681653,restIRP
2025,NHGRI,39945761,restIRP
2025,NHGRI,40265361,restIRP
2025,NHGRI,40087722,restIRP
2025,NHGRI,40462861,restIRP
2025,NHGRI,39739361,restIRP
2025,NHGRI,39910058,restIRP
2025,NHGRI,39292801,restIRP
2025,NHGRI,40144541,restIRP
2025,NHGRI,40088783,restIRP
2025,NHGRI,40529477,restIRP
2025,NHGRI,39991440,restIRP
2025,NHGRI,39405112,restIRP
2025,NHGRI,39121793,restIRP
2025,NHGRI,39105373,restIRP
2025,NHGRI,38240170,restIRP
2025,NHGRI,39383848,restIRP
2025,NHGRI,40369127,restIRP
2025,NHGRI,40101691,restIRP
2025,NHGRI,40024625,restIRP
2025,NHGRI,39568542,restIRP
2025,NHGRI,39571160,restIRP
2025,NHGRI,39422121,restIRP
2025,NHGRI,39787887,restIRP
2025,NHGRI,40618281,restIRP
2025,NHGRI,39976996,restIRP
2025,NHGRI,40014475,restIRP
2025,NHGRI,39048045,restIRP
2025,NHGRI,40053523,restIRP
2025,NHGRI,39833168,restIRP
2025,NHGRI,38605038,restIRP
2025,NHGRI,39440240,restIRP
2025,NHGRI,38389099,restIRP
2025,NHGRI,40739694,restIRP
2025,NHGRI,40192509,restIRP
2025,NHGRI,40016682,restIRP
2025,NHGRI,39887965,restIRP
2025,NHGRI,40568761,restIRP
2025,NHGRI,40543381,restIRP
2025,NHGRI,38540423,restIRP
2025,NHGRI,40346301,restIRP
2025,NHGRI,39388267,restIRP
2025,NHGRI,38978726,restIRP
2025,NHGRI,40087851,restIRP
2025,NHGRI,39576826,restIRP
2025,NHGRI,40084623,restIRP
2025,NHGRI,40613270,restIRP
2025,NHGRI,40537477,restIRP
2025,NHGRI,39755918,restIRP
2025,NHGRI,40323147,restIRP
2025,NHGRI,38965695,restIRP
2025,NHGRI,38937141,restIRP
2025,NHGRI,40345590,restIRP
2025,NHGRI,39019570,restIRP
2025,NHGRI,40499977,restIRP
2025,NHGRI,40122279,restIRP
2025,NHGRI,39906892,restIRP
2025,NHGRI,39924119,restIRP
2025,NHGRI,38965708,restIRP
2025,NHGRI,40279314,restIRP
2025,NHGRI,40127928,restIRP
2025,NHGRI,38955465,restIRP
2025,NHGRI,40445765,restIRP
2025,NHGRI,39156647,restIRP
2025,NHGRI,40149290,restIRP
2025,NHGRI,40638731,restIRP
2025,NHGRI,39001544,restIRP
2025,NHGRI,40305603,restIRP
2025,NHGRI,40527453,restIRP
2025,NHGRI,39255411,restIRP
2025,NHGRI,39644893,restIRP
2025,NHGRI,40614187,restIRP
2025,NHGRI,40393978,restIRP
2025,NHGRI,40011766,restIRP
2025,NHGRI,40110643,restIRP
2025,NHGRI,39320333,restIRP
2025,NHGRI,39745345,restIRP
2025,NHGRI,40693985,restIRP
2025,NHGRI,38385176,restIRP
2025,NHGRI,39427238,restIRP
2025,NHGRI,38561488,restIRP
2025,NHGRI,39934611,restIRP
2025,NHGRI,40389285,restIRP
2025,NHGRI,40702183,restIRP
2025,NHGRI,39505490,restIRP
2025,NHGRI,40205052,restIRP
2025,NHGRI,40011769,restIRP
2025,NHGRI,39778707,restIRP
2025,NHGRI,39533854,restIRP
2025,NHGRI,40499094,restIRP
2025,NHGRI,39774314,restIRP
2025,NHGRI,40009819,restIRP
2025,NHGRI,39812652,restIRP
2025,NHGRI,39531012,restIRP
2025,NHGRI,39570312,restIRP
2025,NHGRI,40657759,restIRP
2025,NHGRI,40758833,restIRP
2025,NHGRI,40557545,restIRP
2025,NHGRI,39806188,restIRP
2025,NHGRI,39146935,restIRP
2025,NHGRI,39815041,restIRP
2025,NHGRI,39723123,restIRP
2025,NHGRI,40785052,restIRP
2025,NHGRI,40266357,restIRP
2025,NHGRI,38958063,restIRP
2025,NHGRI,39273630,restIRP
2025,NHGRI,39918735,restIRP
2025,NHGRI,38374344,restIRP
2025,NHGRI,39143499,restIRP
2025,NHGRI,39696438,restIRP
2025,NHGRI,40405738,restIRP
2025,NHGRI,40561001,restIRP
2025,NHGRI,39531917,restIRP
2025,NHGRI,38992882,restIRP
2025,NHGRI,40050615,restIRP
2025,NHGRI,40437102,restIRP
2025,NHGRI,40522671,restIRP
2025,NHGRI,40500928,restIRP
2025,NHGRI,39657951,restIRP
2025,NHGRI,40451134,restIRP
2025,NHGRI,39405295,restIRP
2025,NHGRI,39212461,restIRP
2025,NHGRI,39051523,restIRP
2025,NHGRI,39657748,restIRP
2025,NHGRI,39540435,restIRP
2025,NHGRI,40156924,restIRP
2025,NHGRI,40696854,restIRP
2025,NHGRI,40693833,restIRP
2025,NHGRI,39421685,restIRP
2025,NHGRI,37804316,restIRP
2025,NHGRI,40618230,restIRP
2025,NHGRI,40608416,restIRP
2025,NHGRI,40166812,restIRP
2025,NHGRI,40129681,restIRP
2025,NHGRI,38279154,restIRP
2025,NHGRI,39106866,restIRP
2025,NHGRI,39073169,restIRP
2025,NHGRI,39453476,restIRP
2025,NHGRI,40017823,restIRP
2025,NHGRI,40215727,restIRP
2025,NHGRI,39629753,restIRP
2025,NHGRI,40677151,restIRP
2025,NHGRI,40597877,restIRP
2025,NHGRI,39474356,restIRP
2025,NHGRI,39464722,restIRP
2025,NHGRI,39758430,restIRP
2025,NHGRI,39446671,restIRP
2025,NHGRI,39779690,restIRP
2025,NHGRI,40038810,restIRP
2025,NHGRI,40670382,restIRP
2025,NHGRI,40772709,restIRP
2025,NHGRI,39624910,restIRP
2025,NHGRI,39934475,restIRP
2025,NHGRI,41180893,restIRP
2025,NHGRI,40813607,restIRP
2025,NHGRI,39060285,restIRP
2025,NHGRI,40730159,restIRP
2025,NHGRI,39085199,restIRP
2025,NHGRI,39351197,restIRP
2025,NHGRI,39611272,restIRP
2025,NHGRI,39265231,restIRP
2025,NHGRI,40331695,restIRP
2025,NHLBI,39059513,restIRP
2025,NHLBI,38445455,restIRP
2025,NHLBI,39854937,restIRP
2025,NHLBI,40339779,restIRP
2025,NHLBI,39674564,restIRP
2025,NHLBI,39936400,restIRP
2025,NHLBI,39303207,restIRP
2025,NHLBI,39681296,restIRP
2025,NHLBI,40880531,restIRP
2025,NHLBI,40360474,restIRP
2025,NHLBI,39330838,restIRP
2025,NHLBI,39900544,restIRP
2025,NHLBI,39694218,restIRP
2025,NHLBI,38822991,restIRP
2025,NHLBI,39739800,restIRP
2025,NHLBI,39670513,restIRP
2025,NHLBI,40749059,restIRP
2025,NHLBI,40326883,restIRP
2025,NHLBI,40291006,restIRP
2025,NHLBI,40112214,restIRP
2025,NHLBI,39680038,restIRP
2025,NHLBI,40194962,restIRP
2025,NHLBI,40488376,restIRP
2025,NHLBI,39468889,restIRP
2025,NHLBI,40799765,restIRP
2025,NHLBI,40341929,restIRP
2025,NHLBI,40493039,restIRP
2025,NHLBI,40613671,restIRP
2025,NHLBI,40076595,restIRP
2025,NHLBI,40268916,restIRP
2025,NHLBI,40522183,restIRP
2025,NHLBI,40884663,restIRP
2025,NHLBI,39729364,restIRP
2025,NHLBI,39508840,restIRP
2025,NHLBI,39931759,restIRP
2025,NHLBI,40106383,restIRP
2025,NHLBI,36571566,restIRP
2025,NHLBI,39938090,restIRP
2025,NHLBI,39559981,restIRP
2025,NHLBI,40050622,restIRP
2025,NHLBI,40147771,restIRP
2025,NHLBI,39752519,restIRP
2025,NHLBI,39196031,restIRP
2025,NHLBI,39699565,restIRP
2025,NHLBI,40320260,restIRP
2025,NHLBI,40085951,restIRP
2025,NHLBI,40429912,restIRP
2025,NHLBI,40411822,restIRP
2025,NHLBI,40009697,restIRP
2025,NHLBI,40086077,restIRP
2025,NHLBI,40447607,restIRP
2025,NHLBI,40009502,restIRP
2025,NHLBI,39642886,restIRP
2025,NHLBI,40621477,restIRP
2025,NHLBI,39523608,restIRP
2025,NHLBI,39741408,restIRP
2025,NHLBI,39582718,restIRP
2025,NHLBI,40615375,restIRP
2025,NHLBI,39393068,restIRP
2025,NHLBI,40555733,restIRP
2025,NHLBI,39701029,restIRP
2025,NHLBI,39843411,restIRP
2025,NHLBI,40018313,restIRP
2025,NHLBI,40704960,restIRP
2025,NHLBI,38811066,restIRP
2025,NHLBI,38342406,restIRP
2025,NHLBI,40120856,restIRP
2025,NHLBI,38645798,restIRP
2025,NHLBI,39960432,restIRP
2025,NHLBI,39070278,restIRP
2025,NHLBI,38498807,restIRP
2025,NHLBI,39841826,restIRP
2025,NHLBI,38538441,restIRP
2025,NHLBI,40680114,restIRP
2025,NHLBI,40742260,restIRP
2025,NHLBI,39786853,restIRP
2025,NHLBI,40369063,restIRP
2025,NHLBI,39317776,restIRP
2025,NHLBI,39792638,restIRP
2025,NHLBI,40160426,restIRP
2025,NHLBI,40241721,restIRP
2025,NHLBI,40654086,restIRP
2025,NHLBI,39212459,restIRP
2025,NHLBI,39950338,restIRP
2025,NHLBI,40393957,restIRP
2025,NHLBI,39526334,restIRP
2025,NHLBI,38323454,restIRP
2025,NHLBI,40056162,restIRP
2025,NHLBI,39243388,restIRP
2025,NHLBI,40932460,restIRP
2025,NHLBI,40010689,restIRP
2025,NHLBI,39729054,restIRP
2025,NHLBI,39104574,restIRP
2025,NHLBI,38246166,restIRP
2025,NHLBI,39414860,restIRP
2025,NHLBI,40149734,restIRP
2025,NHLBI,39076056,restIRP
2025,NHLBI,40735772,restIRP
2025,NHLBI,40139855,restIRP
2025,NHLBI,39243268,restIRP
2025,NHLBI,39478927,restIRP
2025,NHLBI,40231056,restIRP
2025,NHLBI,39445420,restIRP
2025,NHLBI,40514287,restIRP
2025,NHLBI,40025168,restIRP
2025,NHLBI,39383463,restIRP
2025,NHLBI,40543583,restIRP
2025,NHLBI,40208391,restIRP
2025,NHLBI,40571836,restIRP
2025,NHLBI,39774793,restIRP
2025,NHLBI,40796313,restIRP
2025,NHLBI,38568107,restIRP
2025,NHLBI,40211922,restIRP
2025,NHLBI,40021912,restIRP
2025,NHLBI,40561208,restIRP
2025,NHLBI,40394087,restIRP
2025,NHLBI,40581580,restIRP
2025,NHLBI,38018436,restIRP
2025,NHLBI,40112106,restIRP
2025,NHLBI,39663455,restIRP
2025,NHLBI,39901180,restIRP
2025,NHLBI,39313548,restIRP
2025,NHLBI,39833141,restIRP
2025,NHLBI,40833853,restIRP
2025,NHLBI,39623050,restIRP
2025,NHLBI,40413746,restIRP
2025,NHLBI,40127783,restIRP
2025,NHLBI,39700389,restIRP
2025,NHLBI,40432300,restIRP
2025,NHLBI,40559451,restIRP
2025,NHLBI,40459058,restIRP
2025,NHLBI,40310613,restIRP
2025,NHLBI,40527531,restIRP
2025,NHLBI,40172966,restIRP
2025,NHLBI,40577485,restIRP
2025,NHLBI,40195022,restIRP
2025,NHLBI,38884788,restIRP
2025,NHLBI,39934414,restIRP
2025,NHLBI,39727307,restIRP
2025,NHLBI,40609070,restIRP
2025,NHLBI,39737163,restIRP
2025,NHLBI,40925453,restIRP
2025,NHLBI,39718832,restIRP
2025,NHLBI,40166762,restIRP
2025,NHLBI,40615687,restIRP
2025,NHLBI,39420195,restIRP
2025,NHLBI,40368142,restIRP
2025,NHLBI,38913957,restIRP
2025,NHLBI,39226462,restIRP
2025,NHLBI,39809269,restIRP
2025,NHLBI,39056328,restIRP
2025,NHLBI,39309233,restIRP
2025,NHLBI,39812506,restIRP
2025,NHLBI,40811855,restIRP
2025,NHLBI,40324064,restIRP
2025,NHLBI,40554366,restIRP
2025,NHLBI,39536761,restIRP
2025,NHLBI,39316766,restIRP
2025,NHLBI,40437193,restIRP
2025,NHLBI,40052805,restIRP
2025,NHLBI,39483118,restIRP
2025,NHLBI,39217183,restIRP
2025,NHLBI,39748008,restIRP
2025,NHLBI,40046891,restIRP
2025,NHLBI,38810185,restIRP
2025,NHLBI,39912461,restIRP
2025,NHLBI,40121366,restIRP
2025,NHLBI,38426210,restIRP
2025,NHLBI,39701291,restIRP
2025,NHLBI,39189784,restIRP
2025,NHLBI,39351218,restIRP
2025,NHLBI,40639887,restIRP
2025,NHLBI,39278416,restIRP
2025,NHLBI,39629586,restIRP
2025,NHLBI,39570246,restIRP
2025,NHLBI,40134738,restIRP
2025,NHLBI,40308862,restIRP
2025,NHLBI,40638800,restIRP
2025,NHLBI,40675176,restIRP
2025,NHLBI,40795835,restIRP
2025,NHLBI,39692016,restIRP
2025,NHLBI,39217504,restIRP
2025,NHLBI,40643267,restIRP
2025,NHLBI,40471075,restIRP
2025,NHLBI,39726566,restIRP
2025,NHLBI,39977349,restIRP
2025,NHLBI,39101496,restIRP
2025,NHLBI,39101510,restIRP
2025,NHLBI,39306531,restIRP
2025,NHLBI,39490932,restIRP
2025,NHLBI,38162017,restIRP
2025,NHLBI,39656122,restIRP
2025,NHLBI,39695262,restIRP
2025,NHLBI,40730049,restIRP
2025,NHLBI,40300917,restIRP
2025,NHLBI,39584396,restIRP
2025,NHLBI,40285369,restIRP
2025,NHLBI,40461772,restIRP
2025,NHLBI,40449486,restIRP
2025,NHLBI,39956713,restIRP
2025,NHLBI,38813699,restIRP
2025,NHLBI,39327206,restIRP
2025,NHLBI,40194602,restIRP
2025,NHLBI,40190270,restIRP
2025,NHLBI,40810443,restIRP
2025,NHLBI,40286355,restIRP
2025,NHLBI,39938183,restIRP
2025,NHLBI,40240092,restIRP
2025,NHLBI,39659429,restIRP
2025,NHLBI,40540754,restIRP
2025,NHLBI,40201908,restIRP
2025,NHLBI,40680733,restIRP
2025,NHLBI,39433547,restIRP
2025,NHLBI,40639723,restIRP
2025,NHLBI,40763310,restIRP
2025,NHLBI,39265169,restIRP
2025,NHLBI,40736792,restIRP
2025,NHLBI,40032846,restIRP
2025,NHLBI,40713943,restIRP
2025,NHLBI,40664214,restIRP
2025,NHLBI,39968781,restIRP
2025,NHLBI,40554551,restIRP
2025,NHLBI,39498108,restIRP
2025,NHLBI,39316850,restIRP
2025,NHLBI,39909293,restIRP
2025,NHLBI,39704229,restIRP
2025,NHLBI,40058171,restIRP
2025,NHLBI,39523816,restIRP
2025,NHLBI,39567364,restIRP
2025,NHLBI,39580110,restIRP
2025,NHLBI,40256048,restIRP
2025,NHLBI,40037339,restIRP
2025,NHLBI,40168094,restIRP
2025,NHLBI,40804232,restIRP
2025,NHLBI,39903122,restIRP
2025,NHLBI,38608424,restIRP
2025,NHLBI,40473601,restIRP
2025,NHLBI,38898728,restIRP
2025,NHLBI,41435977,restIRP
2025,NHLBI,40120999,restIRP
2025,NHLBI,40696992,restIRP
2025,NHLBI,40247156,restIRP
2025,NHLBI,40083824,restIRP
2025,NHLBI,39950742,restIRP
2025,NHLBI,40629956,restIRP
2025,NHLBI,40364525,restIRP
2025,NHLBI,40395905,restIRP
2025,NHLBI,40004969,restIRP
2025,NHLBI,39899636,restIRP
2025,NHLBI,39566848,restIRP
2025,NHLBI,40259527,restIRP
2025,NHLBI,40808652,restIRP
2025,NHLBI,40665907,restIRP
2025,NHLBI,40167409,restIRP
2025,NHLBI,39221990,restIRP
2025,NHLBI,39508149,restIRP
2025,NHLBI,38702190,restIRP
2025,NHLBI,38238005,restIRP
2025,NHLBI,38903584,restIRP
2025,NHLBI,40475811,restIRP
2025,NHLBI,40014342,restIRP
2025,NHLBI,39864447,restIRP
2025,NHLBI,40461740,restIRP
2025,NHLBI,39320089,restIRP
2025,NHLBI,40587456,restIRP
2025,NHLBI,39928851,restIRP
2025,NHLBI,40152873,restIRP
2025,NHLBI,39834269,restIRP
2025,NHLBI,38502828,restIRP
2025,NHLBI,40730904,restIRP
2025,NHLBI,39365501,restIRP
2025,NHLBI,39621326,restIRP
2025,NHLBI,40321651,restIRP
2025,NHLBI,40321655,restIRP
2025,NHLBI,40125448,restIRP
2025,NHLBI,39172920,restIRP
2025,NHLBI,39933019,restIRP
2025,NHLBI,39413185,restIRP
2025,NHLBI,39141701,restIRP
2025,NHLBI,38622654,restIRP
2025,NHLBI,40657853,restIRP
2025,NHLBI,40605679,restIRP
2025,NHLBI,40261094,restIRP
2025,NHLBI,40768568,restIRP
2025,NHLBI,40228864,restIRP
2025,NHLBI,40302251,restIRP
2025,NHLBI,40549483,restIRP
2025,NHLBI,40868996,restIRP
2025,NHLBI,39719802,restIRP
2025,NHLBI,40163145,restIRP
2025,NHLBI,38718559,restIRP
2025,NHLBI,39277686,restIRP
2025,NHLBI,39747824,restIRP
2025,NHLBI,39737471,restIRP
2025,NHLBI,40644302,restIRP
2025,NHLBI,39317061,restIRP
2025,NHLBI,40315330,restIRP
2025,NHLBI,40855364,restIRP
2025,NHLBI,39514271,restIRP
2025,NHLBI,39579553,restIRP
2025,NHLBI,40675912,restIRP
2025,NHLBI,40681653,restIRP
2025,NHLBI,39647513,restIRP
2025,NHLBI,40728386,restIRP
2025,NHLBI,38905589,restIRP
2025,NHLBI,40488375,restIRP
2025,NIA,38263287,restIRP
2025,NIA,39421964,restIRP
2025,NIA,40665589,restIRP
2025,NIA,38646966,restIRP
2025,NIA,39498678,restIRP
2025,NIA,40767334,restIRP
2025,NIA,40181198,restIRP
2025,NIA,39234425,restIRP
2025,NIA,39437659,restIRP
2025,NIA,39683645,restIRP
2025,NIA,40386943,restIRP
2025,NIA,40225241,restIRP
2025,NIA,40577079,restIRP
2025,NIA,39473295,restIRP
2025,NIA,40296368,restIRP
2025,NIA,40718790,restIRP
2025,NIA,39885512,restIRP
2025,NIA,39697833,restIRP
2025,NIA,39476324,restIRP
2025,NIA,40813794,restIRP
2025,NIA,40230486,restIRP
2025,NIA,38447686,restIRP
2025,NIA,39609257,restIRP
2025,NIA,39566360,restIRP
2025,NIA,40595038,restIRP
2025,NIA,40225238,restIRP
2025,NIA,39226894,restIRP
2025,NIA,39789091,restIRP
2025,NIA,38753665,restIRP
2025,NIA,40064424,restIRP
2025,NIA,40498559,restIRP
2025,NIA,38236596,restIRP
2025,NIA,40435724,restIRP
2025,NIA,40588577,restIRP
2025,NIA,39889254,restIRP
2025,NIA,39936291,restIRP
2025,NIA,40446030,restIRP
2025,NIA,39960780,restIRP
2025,NIA,40087516,restIRP
2025,NIA,40111762,restIRP
2025,NIA,39932386,restIRP
2025,NIA,40760763,restIRP
2025,NIA,40752406,restIRP
2025,NIA,39988983,restIRP
2025,NIA,40615423,restIRP
2025,NIA,39753893,restIRP
2025,NIA,39792484,restIRP
2025,NIA,40525821,restIRP
2025,NIA,39743381,restIRP
2025,NIA,38970772,restIRP
2025,NIA,38970753,restIRP
2025,NIA,38355974,restIRP
2025,NIA,40325006,restIRP
2025,NIA,39915640,restIRP
2025,NIA,39737971,restIRP
2025,NIA,40059508,restIRP
2025,NIA,39056667,restIRP
2025,NIA,38248467,restIRP
2025,NIA,38612393,restIRP
2025,NIA,38975316,restIRP
2025,NIA,40355300,restIRP
2025,NIA,40755411,restIRP
2025,NIA,38940866,restIRP
2025,NIA,38212353,restIRP
2025,NIA,39851443,restIRP
2025,NIA,39952253,restIRP
2025,NIA,39800750,restIRP
2025,NIA,40754866,restIRP
2025,NIA,40511807,restIRP
2025,NIA,40754867,restIRP
2025,NIA,39192157,restIRP
2025,NIA,38890024,restIRP
2025,NIA,38762101,restIRP
2025,NIA,39919773,restIRP
2025,NIA,40727970,restIRP
2025,NIA,40472098,restIRP
2025,NIA,39424993,restIRP
2025,NIA,40279862,restIRP
2025,NIA,40117561,restIRP
2025,NIA,39826027,restIRP
2025,NIA,40461807,restIRP
2025,NIA,38831121,restIRP
2025,NIA,38357003,restIRP
2025,NIA,40695287,restIRP
2025,NIA,40587126,restIRP
2025,NIA,40789203,restIRP
2025,NIA,40830661,restIRP
2025,NIA,40665048,restIRP
2025,NIA,40757626,restIRP
2025,NIA,40164724,restIRP
2025,NIA,40813726,restIRP
2025,NIA,39482741,restIRP
2025,NIA,40664633,restIRP
2025,NIA,40185750,restIRP
2025,NIA,39502421,restIRP
2025,NIA,40585810,restIRP
2025,NIA,39793940,restIRP
2025,NIA,40580248,restIRP
2025,NIA,40099655,restIRP
2025,NIA,40550835,restIRP
2025,NIA,40205073,restIRP
2025,NIA,40097742,restIRP
2025,NIA,39418098,restIRP
2025,NIA,40560588,restIRP
2025,NIA,39775037,restIRP
2025,NIA,40197620,restIRP
2025,NIA,39312153,restIRP
2025,NIA,40682891,restIRP
2025,NIA,39470220,restIRP
2025,NIA,39604627,restIRP
2025,NIA,40032827,restIRP
2025,NIA,39602533,restIRP
2025,NIA,40307451,restIRP
2025,NIA,39537647,restIRP
2025,NIA,40304905,restIRP
2025,NIA,39402191,restIRP
2025,NIA,39827266,restIRP
2025,NIA,40813599,restIRP
2025,NIA,40660002,restIRP
2025,NIA,40447588,restIRP
2025,NIA,40371596,restIRP
2025,NIA,39804141,restIRP
2025,NIA,39621510,restIRP
2025,NIA,40747253,restIRP
2025,NIA,38726888,restIRP
2025,NIA,38659245,restIRP
2025,NIA,38368618,restIRP
2025,NIA,40665431,restIRP
2025,NIA,40209641,restIRP
2025,NIA,40057214,restIRP
2025,NIA,40155162,restIRP
2025,NIA,40600308,restIRP
2025,NIA,39019039,restIRP
2025,NIA,40758680,restIRP
2025,NIA,38789058,restIRP
2025,NIA,39313624,restIRP
2025,NIA,40437670,restIRP
2025,NIA,40073079,restIRP
2025,NIA,40140574,restIRP
2025,NIA,39271127,restIRP
2025,NIA,39404430,restIRP
2025,NIA,39655046,restIRP
2025,NIA,39695079,restIRP
2025,NIA,39481386,restIRP
2025,NIA,39212801,restIRP
2025,NIA,40735771,restIRP
2025,NIA,40211598,restIRP
2025,NIA,39160432,restIRP
2025,NIA,39946581,restIRP
2025,NIA,40537477,restIRP
2025,NIA,38809392,restIRP
2025,NIA,39388067,restIRP
2025,NIA,39134149,restIRP
2025,NIA,39610286,restIRP
2025,NIA,39115027,restIRP
2025,NIA,38710337,restIRP
2025,NIA,39586964,restIRP
2025,NIA,39822062,restIRP
2025,NIA,40388863,restIRP
2025,NIA,39969743,restIRP
2025,NIA,38479650,restIRP
2025,NIA,38771439,restIRP
2025,NIA,39237306,restIRP
2025,NIA,40553937,restIRP
2025,NIA,38732605,restIRP
2025,NIA,38701144,restIRP
2025,NIA,39426959,restIRP
2025,NIA,40235832,restIRP
2025,NIA,38200273,restIRP
2025,NIA,40507169,restIRP
2025,NIA,40726398,restIRP
2025,NIA,40698014,restIRP
2025,NIA,40181193,restIRP
2025,NIA,39887814,restIRP
2025,NIA,40817353,restIRP
2025,NIA,40691366,restIRP
2025,NIA,38771450,restIRP
2025,NIA,38562403,restIRP
2025,NIA,40080299,restIRP
2025,NIA,40502707,restIRP
2025,NIA,40351099,restIRP
2025,NIA,38982295,restIRP
2025,NIA,39928358,restIRP
2025,NIA,39228408,restIRP
2025,NIA,40624639,restIRP
2025,NIA,40689531,restIRP
2025,NIA,40189712,restIRP
2025,NIA,40753283,restIRP
2025,NIA,39576693,restIRP
2025,NIA,38458177,restIRP
2025,NIA,40644302,restIRP
2025,NIA,39699073,restIRP
2025,NIA,40459184,restIRP
2025,NIA,38769282,restIRP
2025,NIA,40556345,restIRP
2025,NIA,40737092,restIRP
2025,NIA,40409308,restIRP
2025,NIA,38521581,restIRP
2025,NIA,39870632,restIRP
2025,NIA,38777831,restIRP
2025,NIA,40794835,restIRP
2025,NIA,40376061,restIRP
2025,NIA,39191349,restIRP
2025,NIA,40523461,restIRP
2025,NIA,40249843,restIRP
2025,NIA,41285406,restIRP
2025,NIA,40752578,restIRP
2025,NIA,40232843,restIRP
2025,NIA,40184251,restIRP
2025,NIA,40421800,restIRP
2025,NIA,39245194,restIRP
2025,NIA,39699162,restIRP
2025,NIA,39211330,restIRP
2025,NIA,40273386,restIRP
2025,NIA,39106540,restIRP
2025,NIA,40526703,restIRP
2025,NIA,40108161,restIRP
2025,NIA,40605679,restIRP
2025,NIA,40764514,restIRP
2025,NIA,39083004,restIRP
2025,NIA,39672986,restIRP
2025,NIA,39321023,restIRP
2025,NIA,39427026,restIRP
2025,NIA,40796170,restIRP
2025,NIA,38159613,restIRP
2025,NIA,38702256,restIRP
2025,NIA,40334167,restIRP
2025,NIA,38814663,restIRP
2025,NIA,39659093,restIRP
2025,NIA,40627315,restIRP
2025,NIA,39324538,restIRP
2025,NIA,39468148,restIRP
2025,NIA,40665096,restIRP
2025,NIA,39979638,restIRP
2025,NIA,39881190,restIRP
2025,NIA,39390312,restIRP
2025,NIA,40095189,restIRP
2025,NIA,40524167,restIRP
2025,NIA,40753727,restIRP
2025,NIA,39849049,restIRP
2025,NIA,40588649,restIRP
2025,NIA,39813858,restIRP
2025,NIA,39885114,restIRP
2025,NIA,40581184,restIRP
2025,NIA,40520284,restIRP
2025,NIA,39758037,restIRP
2025,NIA,39251807,restIRP
2025,NIA,39285016,restIRP
2025,NIA,39433889,restIRP
2025,NIA,39368996,restIRP
2025,NIA,40050429,restIRP
2025,NIA,40138616,restIRP
2025,NIA,40108173,restIRP
2025,NIAAA,39959811,restIRP
2025,NIAAA,38607723,restIRP
2025,NIAAA,40227291,restIRP
2025,NIAAA,40091149,restIRP
2025,NIAAA,39689357,restIRP
2025,NIAAA,39989768,restIRP
2025,NIAAA,40212474,restIRP
2025,NIAAA,40267994,restIRP
2025,NIAAA,40662672,restIRP
2025,NIAAA,40645301,restIRP
2025,NIAAA,40755007,restIRP
2025,NIAAA,39704175,restIRP
2025,NIAAA,39985484,restIRP
2025,NIAAA,40250452,restIRP
2025,NIAAA,40748348,restIRP
2025,NIAAA,40811890,restIRP
2025,NIAAA,39812388,restIRP
2025,NIAAA,40077792,restIRP
2025,NIAAA,39902731,restIRP
2025,NIAAA,40390292,restIRP
2025,NIAAA,39962224,restIRP
2025,NIAAA,39528761,restIRP
2025,NIAAA,40151157,restIRP
2025,NIAAA,38888899,restIRP
2025,NIAAA,39418486,restIRP
2025,NIAAA,39965212,restIRP
2025,NIAAA,39935334,restIRP
2025,NIAAA,39955416,restIRP
2025,NIAAA,39602444,restIRP
2025,NIAAA,39058584,restIRP
2025,NIAAA,40124989,restIRP
2025,NIAAA,38902331,restIRP
2025,NIAAA,39695122,restIRP
2025,NIAAA,40446956,restIRP
2025,NIAAA,40720784,restIRP
2025,NIAAA,40608428,restIRP
2025,NIAAA,40480300,restIRP
2025,NIAAA,39841973,restIRP
2025,NIAAA,40368157,restIRP
2025,NIAAA,39815058,restIRP
2025,NIAAA,40396328,restIRP
2025,NIAAA,39893986,restIRP
2025,NIAAA,40440069,restIRP
2025,NIAAA,40212045,restIRP
2025,NIAAA,39742140,restIRP
2025,NIAAA,37208937,restIRP
2025,NIAAA,40757754,restIRP
2025,NIAAA,40199574,restIRP
2025,NIAAA,40114621,restIRP
2025,NIAAA,40254130,restIRP
2025,NIAAA,40500404,restIRP
2025,NIAAA,40295347,restIRP
2025,NIAAA,39581559,restIRP
2025,NIAAA,40600918,restIRP
2025,NIAAA,40111699,restIRP
2025,NIAAA,40288176,restIRP
2025,NIAAA,39976844,restIRP
2025,NIAAA,39528410,restIRP
2025,NIAAA,40290195,restIRP
2025,NIAAA,38191458,restIRP
2025,NIAAA,38326610,restIRP
2025,NIAAA,39947496,restIRP
2025,NIAAA,40073228,restIRP
2025,NIAAA,39971400,restIRP
2025,NIAAA,39438478,restIRP
2025,NIAAA,39837662,restIRP
2025,NIAAA,40053578,restIRP
2025,NIAAA,38414237,restIRP
2025,NIAAA,38853684,restIRP
2025,NIAAA,39932641,restIRP
2025,NIAAA,39889929,restIRP
2025,NIAAA,39568506,restIRP
2025,NIAAA,39486390,restIRP
2025,NIAAA,40387129,restIRP
2025,NIAAA,39735429,restIRP
2025,NIAAA,40637545,restIRP
2025,NIAAA,39049203,restIRP
2025,NIAAA,38869515,restIRP
2025,NIAAA,38935607,restIRP
2025,NIAAA,40029642,restIRP
2025,NIAAA,39788040,restIRP
2025,NIAAA,39482950,restIRP
2025,NIAAA,39874032,restIRP
2025,NIAAA,39841454,restIRP
2025,NIAAA,39838511,restIRP
2025,NIAAA,40105821,restIRP
2025,NIAAA,40018886,restIRP
2025,NIAAA,39696904,restIRP
2025,NIAAA,40332609,restIRP
2025,NIAAA,39009645,restIRP
2025,NIAAA,39991938,restIRP
2025,NIAAA,39779270,restIRP
2025,NIAAA,39088267,restIRP
2025,NIAAA,40127280,restIRP
2025,NIAAA,39285225,restIRP
2025,NIAAA,39296815,restIRP
2025,NIAAA,38980723,restIRP
2025,NIAAA,40140344,restIRP
2025,NIAAA,39514164,restIRP
2025,NIAAA,39557891,restIRP
2025,NIAAA,39098249,restIRP
2025,NIAAA,39279363,restIRP
2025,NIAAA,40552638,restIRP
2025,NIAAA,39074369,restIRP
2025,NIAAA,39320894,restIRP
2025,NIAAA,39445596,restIRP
2025,NIAAA,39686721,restIRP
2025,NIAAA,40101961,restIRP
2025,NIAAA,40511818,restIRP
2025,NIAAA,39127232,restIRP
2025,NIAAA,39903462,restIRP
2025,NIAAA,39537024,restIRP
2025,NIAAA,40025869,restIRP
2025,NIAAA,39563872,restIRP
2025,NIAAA,39299947,restIRP
2025,NIAAA,39766484,restIRP
2025,NIAAA,39060161,restIRP
2025,NIAID,39841753,restIRP
2025,NIAID,39922680,restIRP
2025,NIAID,39662675,restIRP
2025,NIAID,39434874,restIRP
2025,NIAID,40346769,restIRP
2025,NIAID,38262838,restIRP
2025,NIAID,40529483,restIRP
2025,NIAID,40789457,restIRP
2025,NIAID,40534376,restIRP
2025,NIAID,40633596,restIRP
2025,NIAID,39700146,restIRP
2025,NIAID,39755945,restIRP
2025,NIAID,39174018,restIRP
2025,NIAID,40079583,restIRP
2025,NIAID,40118206,restIRP
2025,NIAID,39824796,restIRP
2025,NIAID,40407344,restIRP
2025,NIAID,39610407,restIRP
2025,NIAID,39326422,restIRP
2025,NIAID,39440808,restIRP
2025,NIAID,40613350,restIRP
2025,NIAID,39012778,restIRP
2025,NIAID,39514831,restIRP
2025,NIAID,39937058,restIRP
2025,NIAID,39413376,restIRP
2025,NIAID,39403922,restIRP
2025,NIAID,39778178,restIRP
2025,NIAID,40646133,restIRP
2025,NIAID,39489282,restIRP
2025,NIAID,40086141,restIRP
2025,NIAID,39288118,restIRP
2025,NIAID,39127186,restIRP
2025,NIAID,40504816,restIRP
2025,NIAID,40552830,restIRP
2025,NIAID,39399152,restIRP
2025,NIAID,40100819,restIRP
2025,NIAID,40262080,restIRP
2025,NIAID,40597749,restIRP
2025,NIAID,40088911,restIRP
2025,NIAID,40343955,restIRP
2025,NIAID,40439124,restIRP
2025,NIAID,39446892,restIRP
2025,NIAID,40405106,restIRP
2025,NIAID,39459907,restIRP
2025,NIAID,39844430,restIRP
2025,NIAID,40338627,restIRP
2025,NIAID,39242079,restIRP
2025,NIAID,39058091,restIRP
2025,NIAID,40653253,restIRP
2025,NIAID,40512168,restIRP
2025,NIAID,40399314,restIRP
2025,NIAID,39361499,restIRP
2025,NIAID,39719481,restIRP
2025,NIAID,39236707,restIRP
2025,NIAID,39312249,restIRP
2025,NIAID,39204210,restIRP
2025,NIAID,40570150,restIRP
2025,NIAID,40198660,restIRP
2025,NIAID,40446061,restIRP
2025,NIAID,40091227,restIRP
2025,NIAID,39384331,restIRP
2025,NIAID,40133855,restIRP
2025,NIAID,39475624,restIRP
2025,NIAID,40541223,restIRP
2025,NIAID,39223117,restIRP
2025,NIAID,39927767,restIRP
2025,NIAID,39381646,restIRP
2025,NIAID,40591906,restIRP
2025,NIAID,40169598,restIRP
2025,NIAID,39349826,restIRP
2025,NIAID,40082611,restIRP
2025,NIAID,38865960,restIRP
2025,NIAID,39298586,restIRP
2025,NIAID,40315330,restIRP
2025,NIAID,40014689,restIRP
2025,NIAID,40720370,restIRP
2025,NIAID,40106489,restIRP
2025,NIAID,39903116,restIRP
2025,NIAID,39567784,restIRP
2025,NIAID,39448454,restIRP
2025,NIAID,40543582,restIRP
2025,NIAID,40550330,restIRP
2025,NIAID,40299750,restIRP
2025,NIAID,39403920,restIRP
2025,NIAID,39753965,restIRP
2025,NIAID,39513745,restIRP
2025,NIAID,40202253,restIRP
2025,NIAID,40124996,restIRP
2025,NIAID,40479071,restIRP
2025,NIAID,39471249,restIRP
2025,NIAID,40178760,restIRP
2025,NIAID,38656309,restIRP
2025,NIAID,39413163,restIRP
2025,NIAID,40664855,restIRP
2025,NIAID,39496936,restIRP
2025,NIAID,39278553,restIRP
2025,NIAID,40739694,restIRP
2025,NIAID,40616579,restIRP
2025,NIAID,39792639,restIRP
2025,NIAID,40314722,restIRP
2025,NIAID,38507753,restIRP
2025,NIAID,39267745,restIRP
2025,NIAID,40239128,restIRP
2025,NIAID,38497932,restIRP
2025,NIAID,39292801,restIRP
2025,NIAID,40446018,restIRP
2025,NIAID,40440413,restIRP
2025,NIAID,39162568,restIRP
2025,NIAID,40689623,restIRP
2025,NIAID,40017746,restIRP
2025,NIAID,39142973,restIRP
2025,NIAID,40014668,restIRP
2025,NIAID,40653654,restIRP
2025,NIAID,39625876,restIRP
2025,NIAID,40020440,restIRP
2025,NIAID,39720921,restIRP
2025,NIAID,40590790,restIRP
2025,NIAID,39145656,restIRP
2025,NIAID,40066985,restIRP
2025,NIAID,39536119,restIRP
2025,NIAID,40662763,restIRP
2025,NIAID,39248571,restIRP
2025,NIAID,40626715,restIRP
2025,NIAID,40109847,restIRP
2025,NIAID,40000641,restIRP
2025,NIAID,39680709,restIRP
2025,NIAID,39561927,restIRP
2025,NIAID,38944392,restIRP
2025,NIAID,38961274,restIRP
2025,NIAID,39692471,restIRP
2025,NIAID,38347083,restIRP
2025,NIAID,40464735,restIRP
2025,NIAID,39315541,restIRP
2025,NIAID,39366250,restIRP
2025,NIAID,40701478,restIRP
2025,NIAID,39333175,restIRP
2025,NIAID,39190707,restIRP
2025,NIAID,39265537,restIRP
2025,NIAID,38128716,restIRP
2025,NIAID,39843955,restIRP
2025,NIAID,39662829,restIRP
2025,NIAID,40419535,restIRP
2025,NIAID,40597597,restIRP
2025,NIAID,40055440,restIRP
2025,NIAID,39374605,restIRP
2025,NIAID,40633528,restIRP
2025,NIAID,40680114,restIRP
2025,NIAID,40222009,restIRP
2025,NIAID,40209769,restIRP
2025,NIAID,39837813,restIRP
2025,NIAID,40305570,restIRP
2025,NIAID,40613712,restIRP
2025,NIAID,39264798,restIRP
2025,NIAID,40040712,restIRP
2025,NIAID,39265169,restIRP
2025,NIAID,40628257,restIRP
2025,NIAID,40446075,restIRP
2025,NIAID,40559528,restIRP
2025,NIAID,39194193,restIRP
2025,NIAID,39730005,restIRP
2025,NIAID,39497038,restIRP
2025,NIAID,39847577,restIRP
2025,NIAID,39181199,restIRP
2025,NIAID,39475272,restIRP
2025,NIAID,39207021,restIRP
2025,NIAID,40211068,restIRP
2025,NIAID,39090843,restIRP
2025,NIAID,40769975,restIRP
2025,NIAID,40359050,restIRP
2025,NIAID,38518792,restIRP
2025,NIAID,39537625,restIRP
2025,NIAID,39511195,restIRP
2025,NIAID,39998229,restIRP
2025,NIAID,40198217,restIRP
2025,NIAID,40478309,restIRP
2025,NIAID,39508614,restIRP
2025,NIAID,40639194,restIRP
2025,NIAID,40341020,restIRP
2025,NIAID,39468289,restIRP
2025,NIAID,40360769,restIRP
2025,NIAID,39358169,restIRP
2025,NIAID,39227084,restIRP
2025,NIAID,39227399,restIRP
2025,NIAID,39315872,restIRP
2025,NIAID,39348691,restIRP
2025,NIAID,39718991,restIRP
2025,NIAID,39559990,restIRP
2025,NIAID,40118946,restIRP
2025,NIAID,40108423,restIRP
2025,NIAID,40239067,restIRP
2025,NIAID,39381753,restIRP
2025,NIAID,39612338,restIRP
2025,NIAID,40422662,restIRP
2025,NIAID,39873484,restIRP
2025,NIAID,39983709,restIRP
2025,NIAID,40651914,restIRP
2025,NIAID,40620806,restIRP
2025,NIAID,39745947,restIRP
2025,NIAID,39565309,restIRP
2025,NIAID,40192851,restIRP
2025,NIAID,39235945,restIRP
2025,NIAID,39747435,restIRP
2025,NIAID,40197162,restIRP
2025,NIAID,39347571,restIRP
2025,NIAID,39909035,restIRP
2025,NIAID,38666553,restIRP
2025,NIAID,38666548,restIRP
2025,NIAID,38408357,restIRP
2025,NIAID,40768601,restIRP
2025,NIAID,39671482,restIRP
2025,NIAID,40432103,restIRP
2025,NIAID,40400169,restIRP
2025,NIAID,39297691,restIRP
2025,NIAID,39733933,restIRP
2025,NIAID,38507752,restIRP
2025,NIAID,40153382,restIRP
2025,NIAID,40552966,restIRP
2025,NIAID,39226907,restIRP
2025,NIAID,40706961,restIRP
2025,NIAID,39579814,restIRP
2025,NIAID,40154616,restIRP
2025,NIAID,40629110,restIRP
2025,NIAID,40199934,restIRP
2025,NIAID,40081330,restIRP
2025,NIAID,39333737,restIRP
2025,NIAID,40208198,restIRP
2025,NIAID,39672183,restIRP
2025,NIAID,40020675,restIRP
2025,NIAID,40503613,restIRP
2025,NIAID,40099532,restIRP
2025,NIAID,39264207,restIRP
2025,NIAID,38935047,restIRP
2025,NIAID,39250524,restIRP
2025,NIAID,40168442,restIRP
2025,NIAID,40155776,restIRP
2025,NIAID,39358723,restIRP
2025,NIAID,40728637,restIRP
2025,NIAID,39667634,restIRP
2025,NIAID,39455551,restIRP
2025,NIAID,39945753,restIRP
2025,NIAID,39134398,restIRP
2025,NIAID,39885625,restIRP
2025,NIAID,39392803,restIRP
2025,NIAID,39434090,restIRP
2025,NIAID,39477824,restIRP
2025,NIAID,40267138,restIRP
2025,NIAID,40562352,restIRP
2025,NIAID,40088241,restIRP
2025,NIAID,40632611,restIRP
2025,NIAID,40736016,restIRP
2025,NIAID,40102426,restIRP
2025,NIAID,40086800,restIRP
2025,NIAID,39515852,restIRP
2025,NIAID,39190356,restIRP
2025,NIAID,39633569,restIRP
2025,NIAID,39471070,restIRP
2025,NIAID,39163245,restIRP
2025,NIAID,40795048,restIRP
2025,NIAID,40697949,restIRP
2025,NIAID,40812454,restIRP
2025,NIAID,39732323,restIRP
2025,NIAID,40555833,restIRP
2025,NIAID,39414243,restIRP
2025,NIAID,38451675,restIRP
2025,NIAID,39380887,restIRP
2025,NIAID,39817492,restIRP
2025,NIAID,40257740,restIRP
2025,NIAID,40185484,restIRP
2025,NIAID,40541208,restIRP
2025,NIAID,39950033,restIRP
2025,NIAID,39302978,restIRP
2025,NIAID,39609515,restIRP
2025,NIAID,39809744,restIRP
2025,NIAID,40106432,restIRP
2025,NIAID,40581828,restIRP
2025,NIAID,40295889,restIRP
2025,NIAID,39814072,restIRP
2025,NIAID,40202317,restIRP
2025,NIAID,40447644,restIRP
2025,NIAID,40593471,restIRP
2025,NIAID,39110777,restIRP
2025,NIAID,39675002,restIRP
2025,NIAID,40461490,restIRP
2025,NIAID,40409326,restIRP
2025,NIAID,39348391,restIRP
2025,NIAID,39382324,restIRP
2025,NIAID,40073843,restIRP
2025,NIAID,40360698,restIRP
2025,NIAID,40133033,restIRP
2025,NIAID,40371642,restIRP
2025,NIAID,39454003,restIRP
2025,NIAID,39609397,restIRP
2025,NIAID,39662508,restIRP
2025,NIAID,39662506,restIRP
2025,NIAID,40154490,restIRP
2025,NIAID,39578117,restIRP
2025,NIAID,39325646,restIRP
2025,NIAID,39559357,restIRP
2025,NIAID,39959614,restIRP
2025,NIAID,39134710,restIRP
2025,NIAID,39512069,restIRP
2025,NIAID,39917335,restIRP
2025,NIAID,39854693,restIRP
2025,NIAID,39734035,restIRP
2025,NIAID,39454282,restIRP
2025,NIAID,40117367,restIRP
2025,NIAID,39141701,restIRP
2025,NIAID,39700296,restIRP
2025,NIAID,40258014,restIRP
2025,NIAID,40619428,restIRP
2025,NIAID,39066160,restIRP
2025,NIAID,39602262,restIRP
2025,NIAID,40350095,restIRP
2025,NIAID,41106971,restIRP
2025,NIAID,40483017,restIRP
2025,NIAID,40570046,restIRP
2025,NIAID,38936661,restIRP
2025,NIAID,39306792,restIRP
2025,NIAID,38768900,restIRP
2025,NIAID,40120806,restIRP
2025,NIAID,40483014,restIRP
2025,NIAID,40008472,restIRP
2025,NIAID,39111348,restIRP
2025,NIAID,39389714,restIRP
2025,NIAID,39954680,restIRP
2025,NIAID,40675171,restIRP
2025,NIAID,40263025,restIRP
2025,NIAID,38630576,restIRP
2025,NIAID,40597580,restIRP
2025,NIAID,40404548,restIRP
2025,NIAID,39996053,restIRP
2025,NIAID,39836961,restIRP
2025,NIAID,40209103,restIRP
2025,NIAID,39250146,restIRP
2025,NIAID,39189784,restIRP
2025,NIAID,40493675,restIRP
2025,NIAID,40664687,restIRP
2025,NIAID,40337867,restIRP
2025,NIAID,40461818,restIRP
2025,NIAID,40483362,restIRP
2025,NIAID,39792638,restIRP
2025,NIAID,40457355,restIRP
2025,NIAID,38872000,restIRP
2025,NIAID,39630890,restIRP
2025,NIAID,39221254,restIRP
2025,NIAID,39870872,restIRP
2025,NIAID,38904381,restIRP
2025,NIAID,40052805,restIRP
2025,NIAID,39374468,restIRP
2025,NIAID,40117345,restIRP
2025,NIAID,39091644,restIRP
2025,NIAID,38687064,restIRP
2025,NIAID,39961846,restIRP
2025,NIAID,39565991,restIRP
2025,NIAID,39240113,restIRP
2025,NIAID,39053480,restIRP
2025,NIAID,40675980,restIRP
2025,NIAID,40731088,restIRP
2025,NIAID,40133326,restIRP
2025,NIAID,38912755,restIRP
2025,NIAID,40139568,restIRP
2025,NIAID,39702459,restIRP
2025,NIAID,40232684,restIRP
2025,NIAID,39426387,restIRP
2025,NIAID,40730159,restIRP
2025,NIAID,40401961,restIRP
2025,NIAID,40072602,restIRP
2025,NIAID,40412376,restIRP
2025,NIAID,39917021,restIRP
2025,NIAID,40373766,restIRP
2025,NIAID,39096008,restIRP
2025,NIAID,39803811,restIRP
2025,NIAID,39034662,restIRP
2025,NIAID,40215916,restIRP
2025,NIAID,39188715,restIRP
2025,NIAID,39705273,restIRP
2025,NIAID,40261094,restIRP
2025,NIAID,40497015,restIRP
2025,NIAID,39121214,restIRP
2025,NIAID,39642242,restIRP
2025,NIAID,39706191,restIRP
2025,NIAID,39136237,restIRP
2025,NIAID,40848299,restIRP
2025,NIAID,39437780,restIRP
2025,NIAID,39872714,restIRP
2025,NIAID,40614187,restIRP
2025,NIAID,39194245,restIRP
2025,NIAID,40097964,restIRP
2025,NIAID,40573979,restIRP
2025,NIAID,39432797,restIRP
2025,NIAID,40802507,restIRP
2025,NIAID,40573440,restIRP
2025,NIAID,40192306,restIRP
2025,NIAID,40422661,restIRP
2025,NIAID,39707496,restIRP
2025,NIAID,39509453,restIRP
2025,NIAID,40562790,restIRP
2025,NIAID,38885315,restIRP
2025,NIAID,40007227,restIRP
2025,NIAID,39196283,restIRP
2025,NIAID,39550374,restIRP
2025,NIAID,39441221,restIRP
2025,NIAID,39364783,restIRP
2025,NIAID,40449486,restIRP
2025,NIAID,40446017,restIRP
2025,NIAID,40392549,restIRP
2025,NIAID,39352394,restIRP
2025,NIAID,39428079,restIRP
2025,NIAID,39812873,restIRP
2025,NIAID,39364398,restIRP
2025,NIAID,40547444,restIRP
2025,NIAID,39770369,restIRP
2025,NIAID,38793562,restIRP
2025,NIAID,39533045,restIRP
2025,NIAID,39599541,restIRP
2025,NIAID,40406372,restIRP
2025,NIAID,39510863,restIRP
2025,NIAID,40622878,restIRP
2025,NIAID,40720354,restIRP
2025,NIAID,39358175,restIRP
2025,NIAID,39910508,restIRP
2025,NIAID,39618842,restIRP
2025,NIAID,37702323,restIRP
2025,NIAID,39294191,restIRP
2025,NIAID,39924859,restIRP
2025,NIAID,40666024,restIRP
2025,NIAID,40510125,restIRP
2025,NIAID,40315437,restIRP
2025,NIAID,40540800,restIRP
2025,NIAID,39475850,restIRP
2025,NIAID,39369964,restIRP
2025,NIAID,39599507,restIRP
2025,NIAID,39396526,restIRP
2025,NIAID,40021638,restIRP
2025,NIAID,39132840,restIRP
2025,NIAID,40679848,restIRP
2025,NIAID,39160174,restIRP
2025,NIAID,38639491,restIRP
2025,NIAID,39369791,restIRP
2025,NIAID,39585614,restIRP
2025,NIAID,39592411,restIRP
2025,NIAID,40228023,restIRP
2025,NIAID,40328820,restIRP
2025,NIAID,40701746,restIRP
2025,NIAID,39126087,restIRP
2025,NIAID,39585625,restIRP
2025,NIAID,40053586,restIRP
2025,NIAID,40532696,restIRP
2025,NIAID,39863579,restIRP
2025,NIAID,40256048,restIRP
2025,NIAID,39778080,restIRP
2025,NIAID,40835030,restIRP
2025,NIAID,40410375,restIRP
2025,NIAID,39466844,restIRP
2025,NIAID,39799119,restIRP
2025,NIAID,40074901,restIRP
2025,NIAID,39840037,restIRP
2025,NIAID,40168094,restIRP
2025,NIAID,39980922,restIRP
2025,NIAID,40034696,restIRP
2025,NIAID,40044048,restIRP
2025,NIAID,39695262,restIRP
2025,NIAID,40258004,restIRP
2025,NIAID,39607906,restIRP
2025,NIAID,40742260,restIRP
2025,NIAID,39294460,restIRP
2025,NIAID,39739969,restIRP
2025,NIAID,40065479,restIRP
2025,NIAID,39252007,restIRP
2025,NIAID,40548708,restIRP
2025,NIAID,39296387,restIRP
2025,NIAID,39248566,restIRP
2025,NIAID,39923562,restIRP
2025,NIAID,40578342,restIRP
2025,NIAID,40037139,restIRP
2025,NIAID,39178263,restIRP
2025,NIAID,39565753,restIRP
2025,NIAID,39294134,restIRP
2025,NIAID,40062763,restIRP
2025,NIAID,38995021,restIRP
2025,NIAID,39353420,restIRP
2025,NIAID,40619727,restIRP
2025,NIAID,40885405,restIRP
2025,NIAID,39448894,restIRP
2025,NIAID,40746554,restIRP
2025,NIAID,39816271,restIRP
2025,NIAID,39120148,restIRP
2025,NIAID,40122279,restIRP
2025,NIAID,38609546,restIRP
2025,NIAID,40374902,restIRP
2025,NIAID,40294026,restIRP
2025,NIAID,39890932,restIRP
2025,NIAID,40494317,restIRP
2025,NIAID,40700517,restIRP
2025,NIAID,39747846,restIRP
2025,NIAID,39365051,restIRP
2025,NIAID,39993025,restIRP
2025,NIAID,40615050,restIRP
2025,NIAID,39900143,restIRP
2025,NIAID,39609576,restIRP
2025,NIAID,39928324,restIRP
2025,NIAID,39971742,restIRP
2025,NIAID,40482880,restIRP
2025,NIAID,40526718,restIRP
2025,NIAID,40823537,restIRP
2025,NIAID,39424470,restIRP
2025,NIAID,38417977,restIRP
2025,NIAID,39996757,restIRP
2025,NIAID,40700137,restIRP
2025,NIAID,39328414,restIRP
2025,NIAID,39980845,restIRP
2025,NIAID,40222878,restIRP
2025,NIAID,40527992,restIRP
2025,NIAID,39761797,restIRP
2025,NIAID,40393068,restIRP
2025,NIAID,38856871,restIRP
2025,NIAID,39663455,restIRP
2025,NIAID,39929974,restIRP
2025,NIAID,40776481,restIRP
2025,NIAID,39614093,restIRP
2025,NIAID,40763729,restIRP
2025,NIAID,39953674,restIRP
2025,NIAID,40624061,restIRP
2025,NIAID,40601626,restIRP
2025,NIAID,40267184,restIRP
2025,NIAID,40494346,restIRP
2025,NIAID,39198643,restIRP
2025,NIAID,40093008,restIRP
2025,NIAID,39195194,restIRP
2025,NIAID,40072542,restIRP
2025,NIAID,40333087,restIRP
2025,NIAID,39264172,restIRP
2025,NIAID,39580804,restIRP
2025,NIAID,39289377,restIRP
2025,NIAID,40263387,restIRP
2025,NIAID,39883776,restIRP
2025,NIAID,40750617,restIRP
2025,NIAID,40112805,restIRP
2025,NIAID,40816277,restIRP
2025,NIAID,40023164,restIRP
2025,NIAID,39947075,restIRP
2025,NIAID,39910294,restIRP
2025,NIAID,39471811,restIRP
2025,NIAID,39204036,restIRP
2025,NIAID,40467847,restIRP
2025,NIAID,40318633,restIRP
2025,NIAID,39826122,restIRP
2025,NIAID,40043137,restIRP
2025,NIAID,40152593,restIRP
2025,NIAID,40301359,restIRP
2025,NIAID,40678545,restIRP
2025,NIAID,39611147,restIRP
2025,NIAID,40824240,restIRP
2025,NIAID,39640534,restIRP
2025,NIAID,40707428,restIRP
2025,NIAID,40516049,restIRP
2025,NIAID,40802690,restIRP
2025,NIAID,39587133,restIRP
2025,NIAID,39039320,restIRP
2025,NIAID,40373114,restIRP
2025,NIAID,40267218,restIRP
2025,NIAID,40863730,restIRP
2025,NIAID,40675999,restIRP
2025,NIAID,40339576,restIRP
2025,NIAID,39527740,restIRP
2025,NIAID,40358686,restIRP
2025,NIAID,39898019,restIRP
2025,NIAID,40782819,restIRP
2025,NIAID,39669431,restIRP
2025,NIAID,38355766,restIRP
2025,NIAID,39742484,restIRP
2025,NIAID,39912921,restIRP
2025,NIAID,38529287,restIRP
2025,NIAID,39504969,restIRP
2025,NIAID,39532861,restIRP
2025,NIAID,39667379,restIRP
2025,NIAID,39227514,restIRP
2025,NIAID,39989458,restIRP
2025,NIAID,40485091,restIRP
2025,NIAID,40705419,restIRP
2025,NIAID,39266747,restIRP
2025,NIAID,39609400,restIRP
2025,NIAID,40458046,restIRP
2025,NIAID,40779451,restIRP
2025,NIAID,40373112,restIRP
2025,NIAID,40020046,restIRP
2025,NIAID,39383243,restIRP
2025,NIAID,40872867,restIRP
2025,NIAID,40410575,restIRP
2025,NIAID,39433884,restIRP
2025,NIAID,39232447,restIRP
2025,NIAID,39536761,restIRP
2025,NIAID,39718832,restIRP
2025,NIAID,40088889,restIRP
2025,NIAID,39479769,restIRP
2025,NIAID,40166762,restIRP
2025,NIAID,39850579,restIRP
2025,NIAID,39378227,restIRP
2025,NIAID,39968620,restIRP
2025,NIAID,39436665,restIRP
2025,NIAID,39972149,restIRP
2025,NIAID,39316766,restIRP
2025,NIAID,39533499,restIRP
2025,NIAID,40116472,restIRP
2025,NIAID,38824171,restIRP
2025,NIAID,40592451,restIRP
2025,NIAID,40546936,restIRP
2025,NIAID,40519070,restIRP
2025,NIAID,39265231,restIRP
2025,NIAID,39760816,restIRP
2025,NIAID,38170500,restIRP
2025,NIAID,40813536,restIRP
2025,NIAID,39625789,restIRP
2025,NIAID,38277395,restIRP
2025,NIAID,39883843,restIRP
2025,NIAID,39792559,restIRP
2025,NIAID,39147143,restIRP
2025,NIAID,39900911,restIRP
2025,NIAID,40604128,restIRP
2025,NIAID,40291761,restIRP
2025,NIAID,40244690,restIRP
2025,NIAID,40431651,restIRP
2025,NIAID,40005201,restIRP
2025,NIAID,40491485,restIRP
2025,NIAID,39852525,restIRP
2025,NIAID,40492736,restIRP
2025,NIAID,39379249,restIRP
2025,NIAID,39576068,restIRP
2025,NIAID,40747802,restIRP
2025,NIAID,40090425,restIRP
2025,NIAID,38761995,restIRP
2025,NIAID,39665712,restIRP
2025,NIAID,40327691,restIRP
2025,NIAID,38971157,restIRP
2025,NIAID,38429865,restIRP
2025,NIAID,40275545,restIRP
2025,NIAID,40498855,restIRP
2025,NIAMS,39695231,restIRP
2025,NIAMS,39833168,restIRP
2025,NIAMS,39048045,restIRP
2025,NIAMS,39567762,restIRP
2025,NIAMS,39972127,restIRP
2025,NIAMS,38900897,restIRP
2025,NIAMS,40228864,restIRP
2025,NIAMS,40446018,restIRP
2025,NIAMS,40000263,restIRP
2025,NIAMS,39662967,restIRP
2025,NIAMS,40499977,restIRP
2025,NIAMS,39605244,restIRP
2025,NIAMS,39664388,restIRP
2025,NIAMS,38949522,restIRP
2025,NIAMS,39936252,restIRP
2025,NIAMS,39448249,restIRP
2025,NIAMS,39814440,restIRP
2025,NIAMS,39721765,restIRP
2025,NIAMS,39039899,restIRP
2025,NIAMS,38965695,restIRP
2025,NIAMS,39197752,restIRP
2025,NIAMS,39667583,restIRP
2025,NIAMS,38937141,restIRP
2025,NIAMS,41397865,restIRP
2025,NIAMS,39002722,restIRP
2025,NIAMS,39551675,restIRP
2025,NIAMS,39265876,restIRP
2025,NIAMS,39294191,restIRP
2025,NIAMS,40168094,restIRP
2025,NIAMS,39402725,restIRP
2025,NIAMS,39094585,restIRP
2025,NIAMS,40286313,restIRP
2025,NIAMS,39467037,restIRP
2025,NIAMS,40536974,restIRP
2025,NIAMS,40424896,restIRP
2025,NIAMS,40579223,restIRP
2025,NIAMS,38240888,restIRP
2025,NIAMS,38488094,restIRP
2025,NIAMS,39370373,restIRP
2025,NIAMS,40693398,restIRP
2025,NIAMS,40689076,restIRP
2025,NIAMS,39490006,restIRP
2025,NIAMS,39919903,restIRP
2025,NIAMS,40107904,restIRP
2025,NIAMS,41309016,restIRP
2025,NIAMS,40181789,restIRP
2025,NIAMS,40394087,restIRP
2025,NIAMS,39906912,restIRP
2025,NIAMS,40581580,restIRP
2025,NIAMS,40391876,restIRP
2025,NIAMS,40637226,restIRP
2025,NIAMS,38956168,restIRP
2025,NIAMS,40219965,restIRP
2025,NIAMS,39090216,restIRP
2025,NIAMS,39292801,restIRP
2025,NIAMS,40088241,restIRP
2025,NIAMS,40203674,restIRP
2025,NIAMS,39145903,restIRP
2025,NIAMS,38658113,restIRP
2025,NIAMS,37786302,restIRP
2025,NIAMS,39237132,restIRP
2025,NIAMS,39919891,restIRP
2025,NIAMS,39068104,restIRP
2025,NIAMS,39425894,restIRP
2025,NIAMS,40112879,restIRP
2025,NIAMS,38937134,restIRP
2025,NIAMS,39928372,restIRP
2025,NIAMS,40312096,restIRP
2025,NIAMS,40730159,restIRP
2025,NIAMS,40532696,restIRP
2025,NIAMS,39813050,restIRP
2025,NIAMS,39173885,restIRP
2025,NIAMS,39168311,restIRP
2025,NIAMS,40683337,restIRP
2025,NIAMS,39099205,restIRP
2025,NIAMS,39508593,restIRP
2025,NIAMS,39662508,restIRP
2025,NIAMS,40314722,restIRP
2025,NIAMS,40011766,restIRP
2025,NIAMS,39009281,restIRP
2025,NIAMS,39939315,restIRP
2025,NIAMS,40594889,restIRP
2025,NIAMS,40492103,restIRP
2025,NIAMS,39060119,restIRP
2025,NIAMS,39778651,restIRP
2025,NIAMS,39602110,restIRP
2025,NIAMS,39779875,restIRP
2025,NIAMS,39577698,restIRP
2025,NIAMS,40202253,restIRP
2025,NIAMS,39976981,restIRP
2025,NIAMS,40116923,restIRP
2025,NIAMS,40124996,restIRP
2025,NIAMS,39287419,restIRP
2025,NIAMS,40178760,restIRP
2025,NIAMS,39839462,restIRP
2025,NIAMS,40103819,restIRP
2025,NIAMS,40742260,restIRP
2025,NIAMS,40322855,restIRP
2025,NIAMS,39605875,restIRP
2025,NIAMS,40584941,restIRP
2025,NIAMS,40586235,restIRP
2025,NIAMS,39370234,restIRP
2025,NIAMS,39504013,restIRP
2025,NIAMS,38177069,restIRP
2025,NIAMS,40332924,restIRP
2025,NIAMS,38907138,restIRP
2025,NIAMS,40546713,restIRP
2025,NIAMS,40532152,restIRP
2025,NIAMS,38865133,restIRP
2025,NIAMS,40306279,restIRP
2025,NIAMS,39708807,restIRP
2025,NIAMS,40457060,restIRP
2025,NIAMS,39480496,restIRP
2025,NIAMS,39405604,restIRP
2025,NIAMS,38445455,restIRP
2025,NIAMS,38609546,restIRP
2025,NIBIB,40556879,restIRP
2025,NIBIB,39383053,restIRP
2025,NIBIB,40030091,restIRP
2025,NIBIB,39960041,restIRP
2025,NIBIB,38497822,restIRP
2025,NIBIB,40633854,restIRP
2025,NIBIB,39471070,restIRP
2025,NIBIB,39072935,restIRP
2025,NIBIB,40712149,restIRP
2025,NIBIB,40758976,restIRP
2025,NIBIB,40840084,restIRP
2025,NIBIB,40009693,restIRP
2025,NIBIB,40220290,restIRP
2025,NIBIB,39792671,restIRP
2025,NIBIB,40268916,restIRP
2025,NIBIB,39888317,restIRP
2025,NIBIB,40758600,restIRP
2025,NIBIB,40354232,restIRP
2025,NIBIB,39658736,restIRP
2025,NIBIB,39982748,restIRP
2025,NIBIB,39747824,restIRP
2025,NIBIB,40754300,restIRP
2025,NIBIB,39423260,restIRP
2025,NICHD,39371976,restIRP
2025,NICHD,39990227,restIRP
2025,NICHD,39781603,restIRP
2025,NICHD,40557899,restIRP
2025,NICHD,40769975,restIRP
2025,NICHD,40267181,restIRP
2025,NICHD,40520262,restIRP
2025,NICHD,39522307,restIRP
2025,NICHD,40774606,restIRP
2025,NICHD,40138452,restIRP
2025,NICHD,40102394,restIRP
2025,NICHD,39705356,restIRP
2025,NICHD,40138451,restIRP
2025,NICHD,40808990,restIRP
2025,NICHD,40851209,restIRP
2025,NICHD,40637228,restIRP
2025,NICHD,40637226,restIRP
2025,NICHD,39898547,restIRP
2025,NICHD,40129681,restIRP
2025,NICHD,39850478,restIRP
2025,NICHD,39956805,restIRP
2025,NICHD,40247435,restIRP
2025,NICHD,39681621,restIRP
2025,NICHD,39806218,restIRP
2025,NICHD,39643085,restIRP
2025,NICHD,40489009,restIRP
2025,NICHD,38196343,restIRP
2025,NICHD,39103303,restIRP
2025,NICHD,39458453,restIRP
2025,NICHD,38466272,restIRP
2025,NICHD,40067578,restIRP
2025,NICHD,40528426,restIRP
2025,NICHD,37919617,restIRP
2025,NICHD,40467990,restIRP
2025,NICHD,39790833,restIRP
2025,NICHD,40878932,restIRP
2025,NICHD,40333988,restIRP
2025,NICHD,39523369,restIRP
2025,NICHD,40443300,restIRP
2025,NICHD,39163341,restIRP
2025,NICHD,40156863,restIRP
2025,NICHD,39992511,restIRP
2025,NICHD,39232119,restIRP
2025,NICHD,40071937,restIRP
2025,NICHD,40721534,restIRP
2025,NICHD,40382135,restIRP
2025,NICHD,40167600,restIRP
2025,NICHD,38752940,restIRP
2025,NICHD,39356418,restIRP
2025,NICHD,40613926,restIRP
2025,NICHD,40505103,restIRP
2025,NICHD,40147437,restIRP
2025,NICHD,39837662,restIRP
2025,NICHD,39313544,restIRP
2025,NICHD,39413207,restIRP
2025,NICHD,39488519,restIRP
2025,NICHD,39239479,restIRP
2025,NICHD,39316647,restIRP
2025,NICHD,40084072,restIRP
2025,NICHD,39580461,restIRP
2025,NICHD,39383236,restIRP
2025,NICHD,40306279,restIRP
2025,NICHD,39269494,restIRP
2025,NICHD,40015371,restIRP
2025,NICHD,39614093,restIRP
2025,NICHD,40199319,restIRP
2025,NICHD,39094580,restIRP
2025,NICHD,39513902,restIRP
2025,NICHD,39880094,restIRP
2025,NICHD,38776224,restIRP
2025,NICHD,39406740,restIRP
2025,NICHD,39592082,restIRP
2025,NICHD,39736516,restIRP
2025,NICHD,40089095,restIRP
2025,NICHD,40339952,restIRP
2025,NICHD,39952543,restIRP
2025,NICHD,39431882,restIRP
2025,NICHD,39730472,restIRP
2025,NICHD,40334767,restIRP
2025,NICHD,40623490,restIRP
2025,NICHD,40316040,restIRP
2025,NICHD,39345789,restIRP
2025,NICHD,40643048,restIRP
2025,NICHD,38749767,restIRP
2025,NICHD,40356495,restIRP
2025,NICHD,39347565,restIRP
2025,NICHD,39287057,restIRP
2025,NICHD,40253083,restIRP
2025,NICHD,40030437,restIRP
2025,NICHD,39451694,restIRP
2025,NICHD,40310720,restIRP
2025,NICHD,40422813,restIRP
2025,NICHD,39529545,restIRP
2025,NICHD,39725029,restIRP
2025,NICHD,40147771,restIRP
2025,NICHD,39587299,restIRP
2025,NICHD,40379692,restIRP
2025,NICHD,40749069,restIRP
2025,NICHD,38599324,restIRP
2025,NICHD,40817372,restIRP
2025,NICHD,40660675,restIRP
2025,NICHD,40007010,restIRP
2025,NICHD,40086599,restIRP
2025,NICHD,39848095,restIRP
2025,NICHD,40651552,restIRP
2025,NICHD,39332281,restIRP
2025,NICHD,40415454,restIRP
2025,NICHD,40018530,restIRP
2025,NICHD,41109501,restIRP
2025,NICHD,40774340,restIRP
2025,NICHD,39915864,restIRP
2025,NICHD,40812363,restIRP
2025,NICHD,39074807,restIRP
2025,NICHD,38772630,restIRP
2025,NICHD,39978337,restIRP
2025,NICHD,40550995,restIRP
2025,NICHD,40630000,restIRP
2025,NICHD,40711765,restIRP
2025,NICHD,39659139,restIRP
2025,NICHD,39517693,restIRP
2025,NICHD,40379758,restIRP
2025,NICHD,40053833,restIRP
2025,NICHD,40637224,restIRP
2025,NICHD,39602131,restIRP
2025,NICHD,40090582,restIRP
2025,NICHD,38386752,restIRP
2025,NICHD,40032846,restIRP
2025,NICHD,40007204,restIRP
2025,NICHD,39307280,restIRP
2025,NICHD,40669308,restIRP
2025,NICHD,40554514,restIRP
2025,NICHD,39307187,restIRP
2025,NICHD,40265228,restIRP
2025,NICHD,40193545,restIRP
2025,NICHD,40441930,restIRP
2025,NICHD,38346552,restIRP
2025,NICHD,39835418,restIRP
2025,NICHD,39788637,restIRP
2025,NICHD,40478623,restIRP
2025,NICHD,40349045,restIRP
2025,NICHD,40668606,restIRP
2025,NICHD,39919802,restIRP
2025,NICHD,39862860,restIRP
2025,NICHD,39528835,restIRP
2025,NICHD,39384042,restIRP
2025,NICHD,40267201,restIRP
2025,NICHD,39303207,restIRP
2025,NICHD,40193121,restIRP
2025,NICHD,40129188,restIRP
2025,NICHD,40015278,restIRP
2025,NICHD,39870620,restIRP
2025,NICHD,39737939,restIRP
2025,NICHD,39361759,restIRP
2025,NICHD,38865039,restIRP
2025,NICHD,40394751,restIRP
2025,NICHD,40221546,restIRP
2025,NICHD,40312437,restIRP
2025,NICHD,39413344,restIRP
2025,NICHD,40745191,restIRP
2025,NICHD,39891174,restIRP
2025,NICHD,39036555,restIRP
2025,NICHD,38368618,restIRP
2025,NICHD,39029330,restIRP
2025,NICHD,39126819,restIRP
2025,NICHD,40314284,restIRP
2025,NICHD,40599743,restIRP
2025,NICHD,38455403,restIRP
2025,NICHD,39141988,restIRP
2025,NICHD,39697173,restIRP
2025,NICHD,39490671,restIRP
2025,NICHD,39250136,restIRP
2025,NICHD,40670720,restIRP
2025,NICHD,38647221,restIRP
2025,NICHD,39204377,restIRP
2025,NICHD,40349932,restIRP
2025,NICHD,39725063,restIRP
2025,NICHD,39696455,restIRP
2025,NICHD,40064165,restIRP
2025,NICHD,40631482,restIRP
2025,NICHD,39244853,restIRP
2025,NICHD,39991440,restIRP
2025,NICHD,40014475,restIRP
2025,NICHD,39688135,restIRP
2025,NICHD,39271956,restIRP
2025,NICHD,39470160,restIRP
2025,NICHD,39591963,restIRP
2025,NICHD,39016173,restIRP
2025,NICHD,39317061,restIRP
2025,NICHD,38936506,restIRP
2025,NICHD,40047120,restIRP
2025,NICHD,38618951,restIRP
2025,NICHD,40116163,restIRP
2025,NICHD,40591860,restIRP
2025,NICHD,40613583,restIRP
2025,NICHD,39821896,restIRP
2025,NICHD,38413700,restIRP
2025,NICHD,39497636,restIRP
2025,NICHD,39481682,restIRP
2025,NICHD,41067538,restIRP
2025,NICHD,39827944,restIRP
2025,NICHD,40040328,restIRP
2025,NICHD,39089951,restIRP
2025,NICHD,39557187,restIRP
2025,NICHD,40632081,restIRP
2025,NICHD,39549739,restIRP
2025,NICHD,39577758,restIRP
2025,NICHD,40506970,restIRP
2025,NICHD,39375883,restIRP
2025,NICHD,39266282,restIRP
2025,NICHD,40804270,restIRP
2025,NICHD,39388502,restIRP
2025,NICHD,39275362,restIRP
2025,NICHD,39288098,restIRP
2025,NICHD,40813536,restIRP
2025,NICHD,38489251,restIRP
2025,NICHD,40591731,restIRP
2025,NICHD,39480424,restIRP
2025,NICHD,38265460,restIRP
2025,NICHD,39420153,restIRP
2025,NICHD,39509825,restIRP
2025,NICHD,39485370,restIRP
2025,NICHD,40097088,restIRP
2025,NICHD,38677871,restIRP
2025,NICHD,40176950,restIRP
2025,NICHD,40260920,restIRP
2025,NICHD,39830149,restIRP
2025,NICHD,39298586,restIRP
2025,NICHD,38745531,restIRP
2025,NICHD,40693846,restIRP
2025,NICHD,39031534,restIRP
2025,NICHD,39395592,restIRP
2025,NICHD,40214472,restIRP
2025,NICHD,38342373,restIRP
2025,NICHD,38593951,restIRP
2025,NICHD,40149685,restIRP
2025,NICHD,39577757,restIRP
2025,NIDA,40903506,restIRP
2025,NIDA,39438478,restIRP
2025,NIDA,40185362,restIRP
2025,NIDA,39953208,restIRP
2025,NIDA,40523512,restIRP
2025,NIDA,40866713,restIRP
2025,NIDA,39837667,restIRP
2025,NIDA,39972056,restIRP
2025,NIDA,39810555,restIRP
2025,NIDA,39892998,restIRP
2025,NIDA,38425927,restIRP
2025,NIDA,39048654,restIRP
2025,NIDA,38429498,restIRP
2025,NIDA,39576869,restIRP
2025,NIDA,40328781,restIRP
2025,NIDA,39527868,restIRP
2025,NIDA,39237617,restIRP
2025,NIDA,38869519,restIRP
2025,NIDA,39144557,restIRP
2025,NIDA,40616201,restIRP
2025,NIDA,39173589,restIRP
2025,NIDA,38642101,restIRP
2025,NIDA,38453754,restIRP
2025,NIDA,39607827,restIRP
2025,NIDA,39300270,restIRP
2025,NIDA,39933931,restIRP
2025,NIDA,40397043,restIRP
2025,NIDA,38651011,restIRP
2025,NIDA,39655511,restIRP
2025,NIDA,40800299,restIRP
2025,NIDA,40169911,restIRP
2025,NIDA,39726149,restIRP
2025,NIDA,40784438,restIRP
2025,NIDA,40467956,restIRP
2025,NIDA,39883932,restIRP
2025,NIDA,39505119,restIRP
2025,NIDA,40839514,restIRP
2025,NIDA,40377101,restIRP
2025,NIDA,39405600,restIRP
2025,NIDA,39636099,restIRP
2025,NIDA,40810153,restIRP
2025,NIDA,40381003,restIRP
2025,NIDA,40767848,restIRP
2025,NIDA,40381809,restIRP
2025,NIDA,39865839,restIRP
2025,NIDA,38965085,restIRP
2025,NIDA,39521025,restIRP
2025,NIDA,39141975,restIRP
2025,NIDA,40480424,restIRP
2025,NIDA,38180612,restIRP
2025,NIDA,41002437,restIRP
2025,NIDA,40141377,restIRP
2025,NIDA,38707245,restIRP
2025,NIDA,40280491,restIRP
2025,NIDA,40148576,restIRP
2025,NIDA,41155561,restIRP
2025,NIDA,40860865,restIRP
2025,NIDA,40806484,restIRP
2025,NIDA,41385595,restIRP
2025,NIDA,40086623,restIRP
2025,NIDA,39404797,restIRP
2025,NIDA,38299188,restIRP
2025,NIDA,40632856,restIRP
2025,NIDA,39747036,restIRP
2025,NIDA,39122558,restIRP
2025,NIDA,39414794,restIRP
2025,NIDA,40229506,restIRP
2025,NIDA,40676159,restIRP
2025,NIDA,38374344,restIRP
2025,NIDA,40048376,restIRP
2025,NIDA,37349476,restIRP
2025,NIDA,40780965,restIRP
2025,NIDA,40139339,restIRP
2025,NIDA,39232198,restIRP
2025,NIDA,40854475,restIRP
2025,NIDA,40124896,restIRP
2025,NIDA,39717702,restIRP
2025,NIDA,39253000,restIRP
2025,NIDA,39804153,restIRP
2025,NIDA,40748686,restIRP
2025,NIDA,39798870,restIRP
2025,NIDA,40150927,restIRP
2025,NIDA,40442044,restIRP
2025,NIDA,40132017,restIRP
2025,NIDA,40754867,restIRP
2025,NIDA,40025386,restIRP
2025,NIDA,39019902,restIRP
2025,NIDA,39486460,restIRP
2025,NIDA,40920924,restIRP
2025,NIDA,40490293,restIRP
2025,NIDA,39012004,restIRP
2025,NIDA,40839511,restIRP
2025,NIDA,39134892,restIRP
2025,NIDA,39059040,restIRP
2025,NIDA,40743445,restIRP
2025,NIDA,38849555,restIRP
2025,NIDA,38743008,restIRP
2025,NIDA,39671520,restIRP
2025,NIDA,39052830,restIRP
2025,NIDA,38976725,restIRP
2025,NIDA,39696769,restIRP
2025,NIDA,39764929,restIRP
2025,NIDA,38542425,restIRP
2025,NIDA,40032530,restIRP
2025,NIDA,40413193,restIRP
2025,NIDA,40616879,restIRP
2025,NIDA,39985484,restIRP
2025,NIDA,40801437,restIRP
2025,NIDA,38551493,restIRP
2025,NIDA,39032839,restIRP
2025,NIDA,38593134,restIRP
2025,NIDA,39701596,restIRP
2025,NIDA,40748348,restIRP
2025,NIDA,38935926,restIRP
2025,NIDA,38828724,restIRP
2025,NIDA,40114017,restIRP
2025,NIDA,39380341,restIRP
2025,NIDA,40317574,restIRP
2025,NIDA,39055947,restIRP
2025,NIDA,40135753,restIRP
2025,NIDA,39396023,restIRP
2025,NIDA,39665506,restIRP
2025,NIDA,40082646,restIRP
2025,NIDA,39197457,restIRP
2025,NIDA,39870525,restIRP
2025,NIDA,39285225,restIRP
2025,NIDA,40248088,restIRP
2025,NIDCD,40261937,restIRP
2025,NIDCD,40382390,restIRP
2025,NIDCD,40436241,restIRP
2025,NIDCD,40471101,restIRP
2025,NIDCD,39383236,restIRP
2025,NIDCD,38562617,restIRP
2025,NIDCD,39843411,restIRP
2025,NIDCD,40827380,restIRP
2025,NIDCD,39214300,restIRP
2025,NIDCD,39373109,restIRP
2025,NIDCD,40179197,restIRP
2025,NIDCD,40558515,restIRP
2025,NIDCD,40161561,restIRP
2025,NIDCD,40730889,restIRP
2025,NIDCD,40662098,restIRP
2025,NIDCD,40516095,restIRP
2025,NIDCD,40236500,restIRP
2025,NIDCD,39373584,restIRP
2025,NIDCD,39773557,restIRP
2025,NIDCD,40698602,restIRP
2025,NIDCD,39254120,restIRP
2025,NIDCD,39439049,restIRP
2025,NIDCD,38497822,restIRP
2025,NIDCD,40674144,restIRP
2025,NIDCD,39473327,restIRP
2025,NIDCD,40596438,restIRP
2025,NIDCD,40028281,restIRP
2025,NIDCD,40345476,restIRP
2025,NIDCD,39792984,restIRP
2025,NIDCD,40073458,restIRP
2025,NIDCD,40479071,restIRP
2025,NIDCD,40310935,restIRP
2025,NIDCD,39487665,restIRP
2025,NIDCD,40259544,restIRP
2025,NIDCD,40390292,restIRP
2025,NIDCD,39552289,restIRP
2025,NIDCD,39395171,restIRP
2025,NIDCD,40067393,restIRP
2025,NIDCD,40836064,restIRP
2025,NIDCD,39392349,restIRP
2025,NIDCD,39762343,restIRP
2025,NIDCR,40215323,restIRP
2025,NIDCR,40818959,restIRP
2025,NIDCR,40067393,restIRP
2025,NIDCR,40249828,restIRP
2025,NIDCR,40854873,restIRP
2025,NIDCR,40014568,restIRP
2025,NIDCR,38211552,restIRP
2025,NIDCR,39389981,restIRP
2025,NIDCR,39456133,restIRP
2025,NIDCR,39304745,restIRP
2025,NIDCR,37982164,restIRP
2025,NIDCR,40269164,restIRP
2025,NIDCR,39235580,restIRP
2025,NIDCR,38344753,restIRP
2025,NIDCR,39524452,restIRP
2025,NIDCR,40258827,restIRP
2025,NIDCR,38472139,restIRP
2025,NIDCR,40795062,restIRP
2025,NIDCR,41162286,restIRP
2025,NIDCR,40447495,restIRP
2025,NIDCR,40575439,restIRP
2025,NIDCR,39333175,restIRP
2025,NIDCR,38368463,restIRP
2025,NIDCR,39792671,restIRP
2025,NIDCR,38522572,restIRP
2025,NIDCR,40611650,restIRP
2025,NIDCR,40685942,restIRP
2025,NIDCR,40261094,restIRP
2025,NIDCR,39014254,restIRP
2025,NIDCR,39830149,restIRP
2025,NIDCR,40662098,restIRP
2025,NIDCR,39463386,restIRP
2025,NIDCR,39384002,restIRP
2025,NIDCR,40322855,restIRP
2025,NIDCR,40353516,restIRP
2025,NIDCR,39605875,restIRP
2025,NIDCR,40311075,restIRP
2025,NIDCR,39408739,restIRP
2025,NIDCR,40449070,restIRP
2025,NIDCR,39578541,restIRP
2025,NIDCR,40632834,restIRP
2025,NIDCR,40132590,restIRP
2025,NIDCR,39710366,restIRP
2025,NIDCR,40912667,restIRP
2025,NIDCR,39127957,restIRP
2025,NIDCR,40367355,restIRP
2025,NIDCR,39673171,restIRP
2025,NIDCR,40848713,restIRP
2025,NIDCR,40781626,restIRP
2025,NIDDK,40595649,restIRP
2025,NIDDK,39522307,restIRP
2025,NIDDK,40606290,restIRP
2025,NIDDK,39163976,restIRP
2025,NIDDK,39291827,restIRP
2025,NIDDK,39489490,restIRP
2025,NIDDK,40078405,restIRP
2025,NIDDK,39993185,restIRP
2025,NIDDK,38262796,restIRP
2025,NIDDK,40502713,restIRP
2025,NIDDK,40178020,restIRP
2025,NIDDK,40948956,restIRP
2025,NIDDK,40691164,restIRP
2025,NIDDK,40130511,restIRP
2025,NIDDK,40804232,restIRP
2025,NIDDK,40473601,restIRP
2025,NIDDK,40332447,restIRP
2025,NIDDK,39615166,restIRP
2025,NIDDK,39284834,restIRP
2025,NIDDK,40366684,restIRP
2025,NIDDK,39465986,restIRP
2025,NIDDK,40413664,restIRP
2025,NIDDK,39083133,restIRP
2025,NIDDK,39679202,restIRP
2025,NIDDK,39645350,restIRP
2025,NIDDK,40499748,restIRP
2025,NIDDK,39383594,restIRP
2025,NIDDK,40472712,restIRP
2025,NIDDK,40718365,restIRP
2025,NIDDK,39661299,restIRP
2025,NIDDK,38595979,restIRP
2025,NIDDK,40199041,restIRP
2025,NIDDK,39886589,restIRP
2025,NIDDK,39468349,restIRP
2025,NIDDK,40043099,restIRP
2025,NIDDK,39195256,restIRP
2025,NIDDK,39421658,restIRP
2025,NIDDK,37857844,restIRP
2025,NIDDK,40666472,restIRP
2025,NIDDK,39653498,restIRP
2025,NIDDK,39934472,restIRP
2025,NIDDK,38833181,restIRP
2025,NIDDK,39670314,restIRP
2025,NIDDK,38259147,restIRP
2025,NIDDK,39420956,restIRP
2025,NIDDK,39680577,restIRP
2025,NIDDK,39589936,restIRP
2025,NIDDK,40489785,restIRP
2025,NIDDK,40626619,restIRP
2025,NIDDK,40017746,restIRP
2025,NIDDK,39423260,restIRP
2025,NIDDK,39475615,restIRP
2025,NIDDK,39539265,restIRP
2025,NIDDK,39002674,restIRP
2025,NIDDK,40156187,restIRP
2025,NIDDK,40409557,restIRP
2025,NIDDK,40676153,restIRP
2025,NIDDK,39774116,restIRP
2025,NIDDK,39370853,restIRP
2025,NIDDK,40498074,restIRP
2025,NIDDK,40593686,restIRP
2025,NIDDK,40257401,restIRP
2025,NIDDK,40037468,restIRP
2025,NIDDK,39727171,restIRP
2025,NIDDK,39828754,restIRP
2025,NIDDK,40729386,restIRP
2025,NIDDK,40500445,restIRP
2025,NIDDK,39066328,restIRP
2025,NIDDK,40057424,restIRP
2025,NIDDK,39830149,restIRP
2025,NIDDK,39108358,restIRP
2025,NIDDK,39775826,restIRP
2025,NIDDK,39913566,restIRP
2025,NIDDK,39075062,restIRP
2025,NIDDK,38879012,restIRP
2025,NIDDK,38936797,restIRP
2025,NIDDK,39682740,restIRP
2025,NIDDK,39247431,restIRP
2025,NIDDK,40019772,restIRP
2025,NIDDK,39873525,restIRP
2025,NIDDK,40302251,restIRP
2025,NIDDK,39970125,restIRP
2025,NIDDK,39652711,restIRP
2025,NIDDK,40675912,restIRP
2025,NIDDK,40435301,restIRP
2025,NIDDK,40063619,restIRP
2025,NIDDK,40842493,restIRP
2025,NIDDK,40469440,restIRP
2025,NIDDK,39412150,restIRP
2025,NIDDK,40392709,restIRP
2025,NIDDK,38717947,restIRP
2025,NIDDK,39518072,restIRP
2025,NIDDK,39944153,restIRP
2025,NIDDK,40737210,restIRP
2025,NIDDK,39870098,restIRP
2025,NIDDK,40149351,restIRP
2025,NIDDK,40658617,restIRP
2025,NIDDK,39976443,restIRP
2025,NIDDK,40210867,restIRP
2025,NIDDK,40881937,restIRP
2025,NIDDK,40375576,restIRP
2025,NIDDK,40001881,restIRP
2025,NIDDK,40854263,restIRP
2025,NIDDK,39591903,restIRP
2025,NIDDK,41332134,restIRP
2025,NIDDK,39753961,restIRP
2025,NIDDK,38675871,restIRP
2025,NIDDK,39787208,restIRP
2025,NIDDK,39625789,restIRP
2025,NIDDK,39827213,restIRP
2025,NIDDK,40730165,restIRP
2025,NIDDK,39604728,restIRP
2025,NIDDK,39562646,restIRP
2025,NIDDK,39352391,restIRP
2025,NIDDK,40451383,restIRP
2025,NIDDK,40603781,restIRP
2025,NIDDK,38619432,restIRP
2025,NIDDK,38861678,restIRP
2025,NIDDK,38675820,restIRP
2025,NIDDK,39478672,restIRP
2025,NIDDK,40377525,restIRP
2025,NIDDK,40202373,restIRP
2025,NIDDK,39461664,restIRP
2025,NIDDK,40526437,restIRP
2025,NIDDK,38332723,restIRP
2025,NIDDK,38081412,restIRP
2025,NIDDK,39086170,restIRP
2025,NIDDK,40882878,restIRP
2025,NIDDK,39207053,restIRP
2025,NIDDK,39647513,restIRP
2025,NIDDK,40296143,restIRP
2025,NIDDK,39549538,restIRP
2025,NIDDK,40417743,restIRP
2025,NIDDK,39574782,restIRP
2025,NIDDK,39378335,restIRP
2025,NIDDK,39854091,restIRP
2025,NIDDK,39993205,restIRP
2025,NIDDK,39934227,restIRP
2025,NIDDK,40141297,restIRP
2025,NIDDK,39769443,restIRP
2025,NIDDK,40626725,restIRP
2025,NIDDK,39258538,restIRP
2025,NIDDK,39833141,restIRP
2025,NIDDK,40338016,restIRP
2025,NIDDK,39481848,restIRP
2025,NIDDK,39979591,restIRP
2025,NIDDK,40011812,restIRP
2025,NIDDK,40868996,restIRP
2025,NIDDK,40841451,restIRP
2025,NIDDK,40228864,restIRP
2025,NIDDK,40163145,restIRP
2025,NIDDK,40392570,restIRP
2025,NIDDK,40317185,restIRP
2025,NIDDK,39644896,restIRP
2025,NIDDK,40094227,restIRP
2025,NIDDK,39576013,restIRP
2025,NIDDK,40268049,restIRP
2025,NIDDK,39482541,restIRP
2025,NIDDK,40217216,restIRP
2025,NIDDK,39312664,restIRP
2025,NIDDK,39369312,restIRP
2025,NIDDK,37703285,restIRP
2025,NIDDK,39819800,restIRP
2025,NIDDK,40593910,restIRP
2025,NIDDK,39964485,restIRP
2025,NIDDK,38266981,restIRP
2025,NIDDK,39924079,restIRP
2025,NIDDK,38178904,restIRP
2025,NIDDK,39675563,restIRP
2025,NIDDK,39934899,restIRP
2025,NIDDK,39760880,restIRP
2025,NIDDK,39956091,restIRP
2025,NIDDK,40192595,restIRP
2025,NIDDK,40904883,restIRP
2025,NIDDK,39090843,restIRP
2025,NIDDK,40304400,restIRP
2025,NIDDK,39311428,restIRP
2025,NIDDK,40786969,restIRP
2025,NIDDK,40194304,restIRP
2025,NIDDK,38497932,restIRP
2025,NIDDK,39292801,restIRP
2025,NIDDK,40331908,restIRP
2025,NIDDK,37739799,restIRP
2025,NIDDK,40842824,restIRP
2025,NIDDK,40364525,restIRP
2025,NIDDK,39937959,restIRP
2025,NIDDK,39951255,restIRP
2025,NIDDK,39927416,restIRP
2025,NIDDK,39960325,restIRP
2025,NIDDK,41384847,restIRP
2025,NIDDK,39752519,restIRP
2025,NIDDK,40644553,restIRP
2025,NIDDK,39436694,restIRP
2025,NIDDK,39557854,restIRP
2025,NIDDK,39497416,restIRP
2025,NIDDK,40282349,restIRP
2025,NIDDK,40051047,restIRP
2025,NIDDK,39946193,restIRP
2025,NIDDK,40214475,restIRP
2025,NIDDK,38357530,restIRP
2025,NIDDK,39190003,restIRP
2025,NIDDK,40486178,restIRP
2025,NIDDK,40847773,restIRP
2025,NIDDK,40629149,restIRP
2025,NIDDK,40449730,restIRP
2025,NIDDK,40311647,restIRP
2025,NIDDK,40541257,restIRP
2025,NIDDK,40675492,restIRP
2025,NIDDK,40036831,restIRP
2025,NIDDK,41371217,restIRP
2025,NIDDK,39627618,restIRP
2025,NIDDK,40540570,restIRP
2025,NIDDK,40739345,restIRP
2025,NIDDK,40267365,restIRP
2025,NIDDK,40830340,restIRP
2025,NIDDK,40185744,restIRP
2025,NIDDK,40455990,restIRP
2025,NIDDK,39735932,restIRP
2025,NIDDK,40534127,restIRP
2025,NIDDK,40614690,restIRP
2025,NIDDK,40188315,restIRP
2025,NIDDK,40769125,restIRP
2025,NIDDK,39302833,restIRP
2025,NIDDK,39566372,restIRP
2025,NIDDK,40745921,restIRP
2025,NIDDK,40494165,restIRP
2025,NIDDK,39054361,restIRP
2025,NIDDK,40862086,restIRP
2025,NIDDK,39902402,restIRP
2025,NIDDK,39848955,restIRP
2025,NIDDK,40665364,restIRP
2025,NIDDK,39727035,restIRP
2025,NIDDK,38658523,restIRP
2025,NIDDK,40050622,restIRP
2025,NIDDK,39623050,restIRP
2025,NIDDK,39695231,restIRP
2025,NIDDK,39992511,restIRP
2025,NIDDK,40127783,restIRP
2025,NIDDK,39695229,restIRP
2025,NIDDK,40829092,restIRP
2025,NIDDK,40855364,restIRP
2025,NIDDK,40659526,restIRP
2025,NIDDK,40449486,restIRP
2025,NIDDK,40735107,restIRP
2025,NIDDK,40194602,restIRP
2025,NIDDK,40519170,restIRP
2025,NIDDK,39651750,restIRP
2025,NIDDK,39354283,restIRP
2025,NIDDK,40645259,restIRP
2025,NIDDK,40685563,restIRP
2025,NIDDK,40502929,restIRP
2025,NIDDK,39574922,restIRP
2025,NIDDK,39949307,restIRP
2025,NIDDK,39172920,restIRP
2025,NIDDK,39965119,restIRP
2025,NIDDK,39735930,restIRP
2025,NIDDK,40644302,restIRP
2025,NIDDK,39343891,restIRP
2025,NIDDK,40437897,restIRP
2025,NIDDK,39653808,restIRP
2025,NIDDK,39506113,restIRP
2025,NIDDK,40526805,restIRP
2025,NIDDK,40759263,restIRP
2025,NIDDK,40589069,restIRP
2025,NIDDK,40369503,restIRP
2025,NIDDK,41354562,restIRP
2025,NIDDK,39280066,restIRP
2025,NIDDK,38960274,restIRP
2025,NIDDK,40487278,restIRP
2025,NIDDK,38936661,restIRP
2025,NIDDK,39929837,restIRP
2025,NIDDK,40498956,restIRP
2025,NIDDK,40233175,restIRP
2025,NIDDK,40099468,restIRP
2025,NIDDK,39918735,restIRP
2025,NIDDK,40177566,restIRP
2025,NIDDK,40838369,restIRP
2025,NIDDK,40801437,restIRP
2025,NIDDK,38561682,restIRP
2025,NIDDK,39423761,restIRP
2025,NIDDK,40815832,restIRP
2025,NIDDK,39203815,restIRP
2025,NIEHS,38732119,restIRP
2025,NIEHS,40047063,restIRP
2025,NIEHS,39658136,restIRP
2025,NIEHS,40480636,restIRP
2025,NIEHS,40139877,restIRP
2025,NIEHS,39913660,restIRP
2025,NIEHS,40392938,restIRP
2025,NIEHS,40201037,restIRP
2025,NIEHS,38915291,restIRP
2025,NIEHS,40433968,restIRP
2025,NIEHS,39718546,restIRP
2025,NIEHS,40230349,restIRP
2025,NIEHS,40630379,restIRP
2025,NIEHS,40444264,restIRP
2025,NIEHS,40288678,restIRP
2025,NIEHS,40324196,restIRP
2025,NIEHS,39863868,restIRP
2025,NIEHS,40312753,restIRP
2025,NIEHS,38175185,restIRP
2025,NIEHS,37548119,restIRP
2025,NIEHS,40375342,restIRP
2025,NIEHS,40815501,restIRP
2025,NIEHS,40229387,restIRP
2025,NIEHS,40288743,restIRP
2025,NIEHS,39513960,restIRP
2025,NIEHS,39352804,restIRP
2025,NIEHS,40855130,restIRP
2025,NIEHS,39855262,restIRP
2025,NIEHS,41330098,restIRP
2025,NIEHS,39753771,restIRP
2025,NIEHS,40658085,restIRP
2025,NIEHS,39259185,restIRP
2025,NIEHS,40140843,restIRP
2025,NIEHS,40553458,restIRP
2025,NIEHS,39739403,restIRP
2025,NIEHS,40627176,restIRP
2025,NIEHS,40609572,restIRP
2025,NIEHS,39808082,restIRP
2025,NIEHS,40234955,restIRP
2025,NIEHS,39593160,restIRP
2025,NIEHS,40204946,restIRP
2025,NIEHS,39534433,restIRP
2025,NIEHS,40135625,restIRP
2025,NIEHS,40233982,restIRP
2025,NIEHS,40701095,restIRP
2025,NIEHS,39734228,restIRP
2025,NIEHS,40610393,restIRP
2025,NIEHS,40643189,restIRP
2025,NIEHS,40706372,restIRP
2025,NIEHS,38531166,restIRP
2025,NIEHS,40063901,restIRP
2025,NIEHS,40230727,restIRP
2025,NIEHS,40032041,restIRP
2025,NIEHS,40783167,restIRP
2025,NIEHS,39216750,restIRP
2025,NIEHS,38914782,restIRP
2025,NIEHS,39693780,restIRP
2025,NIEHS,39418282,restIRP
2025,NIEHS,40478623,restIRP
2025,NIEHS,40349045,restIRP
2025,NIEHS,40370528,restIRP
2025,NIEHS,38636272,restIRP
2025,NIEHS,40436194,restIRP
2025,NIEHS,40582234,restIRP
2025,NIEHS,39986429,restIRP
2025,NIEHS,39746796,restIRP
2025,NIEHS,40187397,restIRP
2025,NIEHS,40665754,restIRP
2025,NIEHS,39622868,restIRP
2025,NIEHS,39530281,restIRP
2025,NIEHS,39950732,restIRP
2025,NIEHS,40069139,restIRP
2025,NIEHS,39351871,restIRP
2025,NIEHS,40769718,restIRP
2025,NIEHS,39747099,restIRP
2025,NIEHS,40694689,restIRP
2025,NIEHS,40239996,restIRP
2025,NIEHS,39379399,restIRP
2025,NIEHS,39209150,restIRP
2025,NIEHS,39914164,restIRP
2025,NIEHS,39908363,restIRP
2025,NIEHS,39322334,restIRP
2025,NIEHS,40209952,restIRP
2025,NIEHS,40170386,restIRP
2025,NIEHS,40077848,restIRP
2025,NIEHS,39550253,restIRP
2025,NIEHS,40804313,restIRP
2025,NIEHS,39237618,restIRP
2025,NIEHS,39548322,restIRP
2025,NIEHS,39740999,restIRP
2025,NIEHS,40640339,restIRP
2025,NIEHS,40695223,restIRP
2025,NIEHS,38702190,restIRP
2025,NIEHS,38554236,restIRP
2025,NIEHS,39505148,restIRP
2025,NIEHS,39529136,restIRP
2025,NIEHS,38992882,restIRP
2025,NIEHS,39679859,restIRP
2025,NIEHS,39514366,restIRP
2025,NIEHS,38436279,restIRP
2025,NIEHS,39467037,restIRP
2025,NIEHS,38976028,restIRP
2025,NIEHS,39486855,restIRP
2025,NIEHS,39447473,restIRP
2025,NIEHS,39001720,restIRP
2025,NIEHS,40316721,restIRP
2025,NIEHS,39741923,restIRP
2025,NIEHS,39961893,restIRP
2025,NIEHS,40563523,restIRP
2025,NIEHS,40758820,restIRP
2025,NIEHS,38307001,restIRP
2025,NIEHS,40479714,restIRP
2025,NIEHS,39395806,restIRP
2025,NIEHS,39490932,restIRP
2025,NIEHS,40533460,restIRP
2025,NIEHS,39499901,restIRP
2025,NIEHS,39918905,restIRP
2025,NIEHS,40184040,restIRP
2025,NIEHS,39421658,restIRP
2025,NIEHS,39652567,restIRP
2025,NIEHS,39269018,restIRP
2025,NIEHS,40713320,restIRP
2025,NIEHS,39779857,restIRP
2025,NIEHS,40362718,restIRP
2025,NIEHS,39451245,restIRP
2025,NIEHS,40720792,restIRP
2025,NIEHS,39761597,restIRP
2025,NIEHS,40340613,restIRP
2025,NIEHS,39389664,restIRP
2025,NIEHS,40498852,restIRP
2025,NIEHS,40092777,restIRP
2025,NIEHS,40120483,restIRP
2025,NIEHS,39936180,restIRP
2025,NIEHS,40812234,restIRP
2025,NIEHS,38831020,restIRP
2025,NIEHS,40154786,restIRP
2025,NIEHS,39815820,restIRP
2025,NIEHS,39251873,restIRP
2025,NIEHS,40602104,restIRP
2025,NIEHS,40063068,restIRP
2025,NIEHS,39642224,restIRP
2025,NIEHS,40247682,restIRP
2025,NIEHS,39180722,restIRP
2025,NIEHS,40295478,restIRP
2025,NIEHS,39846368,restIRP
2025,NIEHS,39877361,restIRP
2025,NIEHS,40132438,restIRP
2025,NIEHS,40486524,restIRP
2025,NIEHS,40609167,restIRP
2025,NIEHS,39622099,restIRP
2025,NIEHS,38833534,restIRP
2025,NIEHS,39890953,restIRP
2025,NIEHS,38641471,restIRP
2025,NIEHS,40712028,restIRP
2025,NIEHS,38196035,restIRP
2025,NIEHS,39150943,restIRP
2025,NIEHS,40250951,restIRP
2025,NIEHS,40638383,restIRP
2025,NIEHS,40394004,restIRP
2025,NIEHS,40516284,restIRP
2025,NIEHS,40739345,restIRP
2025,NIEHS,39747162,restIRP
2025,NIEHS,41102541,restIRP
2025,NIEHS,40493036,restIRP
2025,NIEHS,40803503,restIRP
2025,NIEHS,40407141,restIRP
2025,NIEHS,40249812,restIRP
2025,NIEHS,40123536,restIRP
2025,NIEHS,38916490,restIRP
2025,NIEHS,38542422,restIRP
2025,NIEHS,39349521,restIRP
2025,NIEHS,39929811,restIRP
2025,NIEHS,39545416,restIRP
2025,NIEHS,39254333,restIRP
2025,NIEHS,40720341,restIRP
2025,NIEHS,40154872,restIRP
2025,NIEHS,40145898,restIRP
2025,NIEHS,39233027,restIRP
2025,NIEHS,39550829,restIRP
2025,NIEHS,40042851,restIRP
2025,NIEHS,40074608,restIRP
2025,NIEHS,40078097,restIRP
2025,NIEHS,39946581,restIRP
2025,NIEHS,39513996,restIRP
2025,NIEHS,40311081,restIRP
2025,NIEHS,39567274,restIRP
2025,NIEHS,40163237,restIRP
2025,NIEHS,39541091,restIRP
2025,NIEHS,41352534,restIRP
2025,NIEHS,40463626,restIRP
2025,NIEHS,39640959,restIRP
2025,NIEHS,39306486,restIRP
2025,NIEHS,39408379,restIRP
2025,NIEHS,40598710,restIRP
2025,NIEHS,40678530,restIRP
2025,NIEHS,39992653,restIRP
2025,NIEHS,39906125,restIRP
2025,NIEHS,39467215,restIRP
2025,NIEHS,40447021,restIRP
2025,NIEHS,39623697,restIRP
2025,NIEHS,39296604,restIRP
2025,NIEHS,39906529,restIRP
2025,NIEHS,39881571,restIRP
2025,NIEHS,39607069,restIRP
2025,NIEHS,40073916,restIRP
2025,NIEHS,39388314,restIRP
2025,NIEHS,39156920,restIRP
2025,NIEHS,39723542,restIRP
2025,NIEHS,38918629,restIRP
2025,NIEHS,40421654,restIRP
2025,NIEHS,40182494,restIRP
2025,NIEHS,39755678,restIRP
2025,NIEHS,40411437,restIRP
2025,NIEHS,40768360,restIRP
2025,NIEHS,39765229,restIRP
2025,NIEHS,39485845,restIRP
2025,NIEHS,40467597,restIRP
2025,NIEHS,38418906,restIRP
2025,NIEHS,39809942,restIRP
2025,NIEHS,40311894,restIRP
2025,NIEHS,40201567,restIRP
2025,NIEHS,40545244,restIRP
2025,NIEHS,40650434,restIRP
2025,NIEHS,40280418,restIRP
2025,NIEHS,40431677,restIRP
2025,NIEHS,39361429,restIRP
2025,NIEHS,38950862,restIRP
2025,NIEHS,38934092,restIRP
2025,NIEHS,40361112,restIRP
2025,NIEHS,38695074,restIRP
2025,NIEHS,38483583,restIRP
2025,NIEHS,38763473,restIRP
2025,NIEHS,40233920,restIRP
2025,NIEHS,40115130,restIRP
2025,NIEHS,39827338,restIRP
2025,NIEHS,38547186,restIRP
2025,NIEHS,40469771,restIRP
2025,NIEHS,39609633,restIRP
2025,NIEHS,39217195,restIRP
2025,NIEHS,40105262,restIRP
2025,NIEHS,39447833,restIRP
2025,NIEHS,39304112,restIRP
2025,NIEHS,40360056,restIRP
2025,NIEHS,39972627,restIRP
2025,NIEHS,40012886,restIRP
2025,NIEHS,40695986,restIRP
2025,NIEHS,40459968,restIRP
2025,NIEHS,39450425,restIRP
2025,NIEHS,39991966,restIRP
2025,NIEHS,39441587,restIRP
2025,NIEHS,39330600,restIRP
2025,NIEHS,40180188,restIRP
2025,NIEHS,39803375,restIRP
2025,NIEHS,39602390,restIRP
2025,NIEHS,39842615,restIRP
2025,NIEHS,40478799,restIRP
2025,NIEHS,40256199,restIRP
2025,NIEHS,40298430,restIRP
2025,NIEHS,40307163,restIRP
2025,NIEHS,39908456,restIRP
2025,NIEHS,38877155,restIRP
2025,NIEHS,40681575,restIRP
2025,NIEHS,40301431,restIRP
2025,NIEHS,40779322,restIRP
2025,NIEHS,39239089,restIRP
2025,NIEHS,40450914,restIRP
2025,NIEHS,40016017,restIRP
2025,NIEHS,40354079,restIRP
2025,NIEHS,39761023,restIRP
2025,NIEHS,39136588,restIRP
2025,NIEHS,40547869,restIRP
2025,NIEHS,39893674,restIRP
2025,NIEHS,39886939,restIRP
2025,NIEHS,40149543,restIRP
2025,NIEHS,38724241,restIRP
2025,NIEHS,40694534,restIRP
2025,NIEHS,40168617,restIRP
2025,NIEHS,39899356,restIRP
2025,NIEHS,40362489,restIRP
2025,NIEHS,39859349,restIRP
2025,NIEHS,40507787,restIRP
2025,NIEHS,40375494,restIRP
2025,NIEHS,38979646,restIRP
2025,NIEHS,39483698,restIRP
2025,NIEHS,40418784,restIRP
2025,NIEHS,40587837,restIRP
2025,NIEHS,40711969,restIRP
2025,NIEHS,39817434,restIRP
2025,NIEHS,39838547,restIRP
2025,NIEHS,39757731,restIRP
2025,NIEHS,39815689,restIRP
2025,NIEHS,39499193,restIRP
2025,NIEHS,40737496,restIRP
2025,NIEHS,39826153,restIRP
2025,NIEHS,40672902,restIRP
2025,NIEHS,40235170,restIRP
2025,NIEHS,39675048,restIRP
2025,NIEHS,40370040,restIRP
2025,NIEHS,40784533,restIRP
2025,NIEHS,39277660,restIRP
2025,NIEHS,39766862,restIRP
2025,NIEHS,39307280,restIRP
2025,NIEHS,40103748,restIRP
2025,NIEHS,39332281,restIRP
2025,NIEHS,40706956,restIRP
2025,NIEHS,39440183,restIRP
2025,NIEHS,39423189,restIRP
2025,NIEHS,39631396,restIRP
2025,NIEHS,39983027,restIRP
2025,NIEHS,40052686,restIRP
2025,NIEHS,39922495,restIRP
2025,NIEHS,40279246,restIRP
2025,NIEHS,39695109,restIRP
2025,NIEHS,40658711,restIRP
2025,NIEHS,39576259,restIRP
2025,NIEHS,39902375,restIRP
2025,NIEHS,39201357,restIRP
2025,NIEHS,40332109,restIRP
2025,NIEHS,40613270,restIRP
2025,NIEHS,39580622,restIRP
2025,NIEHS,39990868,restIRP
2025,NIEHS,39311618,restIRP
2025,NIEHS,40249845,restIRP
2025,NIEHS,40355727,restIRP
2025,NIEHS,39405708,restIRP
2025,NIEHS,40693864,restIRP
2025,NIEHS,40843971,restIRP
2025,NIEHS,40737281,restIRP
2025,NIEHS,40038674,restIRP
2025,NIEHS,40445755,restIRP
2025,NIEHS,40491865,restIRP
2025,NIEHS,38907685,restIRP
2025,NIEHS,39906194,restIRP
2025,NIEHS,39440996,restIRP
2025,NIEHS,39590983,restIRP
2025,NIEHS,38579692,restIRP
2025,NIEHS,40393008,restIRP
2025,NIEHS,40388119,restIRP
2025,NIEHS,40036775,restIRP
2025,NIEHS,39829241,restIRP
2025,NIMH,38652102,NIMH
2025,NIMH,40102056,NIMH
2025,NIMH,40065551,NIMH
2025,NIMH,40011781,NIMH
2025,NIMH,39024096,NIMH
2025,NIMH,40108161,NIMH
2025,NIMH,40312509,NIMH
2025,NIMH,39644712,NIMH
2025,NIMH,39979602,NIMH
2025,NIMH,39381142,NIMH
2025,NIMH,39198415,NIMH
2025,NIMH,40374560,NIMH
2025,NIMH,40162057,NIMH
2025,NIMH,39011872,NIMH
2025,NIMH,39730881,NIMH
2025,NIMH,39658838,NIMH
2025,NIMH,39422490,NIMH
2025,NIMH,39732084,NIMH
2025,NIMH,39552158,NIMH
2025,NIMH,40173320,NIMH
2025,NIMH,40079433,NIMH
2025,NIMH,39834697,NIMH
2025,NIMH,39656432,NIMH
2025,NIMH,40310720,NIMH
2025,NIMH,39376052,NIMH
2025,NIMH,39108178,NIMH
2025,NIMH,40547258,NIMH
2025,NIMH,39745023,NIMH
2025,NIMH,39258625,NIMH
2025,NIMH,38256240,NIMH
2025,NIMH,39285225,NIMH
2025,NIMH,39848764,NIMH
2025,NIMH,39948078,NIMH
2025,NIMH,39654356,NIMH
2025,NIMH,39834120,NIMH
2025,NIMH,39789842,NIMH
2025,NIMH,39441700,NIMH
2025,NIMH,40686931,NIMH
2025,NIMH,39239979,NIMH
2025,NIMH,39358515,NIMH
2025,NIMH,39755201,NIMH
2025,NIMH,39214044,NIMH
2025,NIMH,39667704,NIMH
2025,NIMH,39593222,NIMH
2025,NIMH,39843750,NIMH
2025,NIMH,40176400,NIMH
2025,NIMH,39674325,NIMH
2025,NIMH,40328099,NIMH
2025,NIMH,39955416,NIMH
2025,NIMH,40064429,NIMH
2025,NIMH,39054770,NIMH
2025,NIMH,39613748,NIMH
2025,NIMH,39739012,NIMH
2025,NIMH,40088452,NIMH
2025,NIMH,39400175,NIMH
2025,NIMH,39358023,NIMH
2025,NIMH,40721320,NIMH
2025,NIMH,38527093,NIMH
2025,NIMH,39348142,NIMH
2025,NIMH,38820560,NIMH
2025,NIMH,40669128,NIMH
2025,NIMH,39746804,NIMH
2025,NIMH,39349967,NIMH
2025,NIMH,40557566,NIMH
2025,NIMH,39636671,NIMH
2025,NIMH,39665712,NIMH
2025,NIMH,39317851,NIMH
2025,NIMH,40069095,NIMH
2025,NIMH,39945685,NIMH
2025,NIMH,39899847,NIMH
2025,NIMH,39615669,NIMH
2025,NIMH,39617360,NIMH
2025,NIMH,38982828,NIMH
2025,NIMH,40398609,NIMH
2025,NIMH,38874947,NIMH
2025,NIMH,39755291,NIMH
2025,NIMH,39321792,NIMH
2025,NIMH,39856216,NIMH
2025,NIMH,37768018,NIMH
2025,NIMH,40536230,NIMH
2025,NIMH,40525963,NIMH
2025,NIMH,40598550,NIMH
2025,NIMH,40407890,NIMH
2025,NIMH,39390064,NIMH
2025,NIMH,39271676,NIMH
2025,NIMH,39178859,NIMH
2025,NIMH,39572741,NIMH
2025,NIMH,40540570,NIMH
2025,NIMH,39513469,NIMH
2025,NIMH,40709916,NIMH
2025,NIMH,40054569,NIMH
2025,NIMH,40669703,NIMH
2025,NIMH,39299588,NIMH
2025,NIMH,40288397,NIMH
2025,NIMH,38558204,NIMH
2025,NIMH,37179505,NIMH
2025,NIMH,39891447,NIMH
2025,NIMH,39993533,NIMH
2025,NIMH,40311436,NIMH
2025,NIMH,39927786,NIMH
2025,NIMH,39907092,NIMH
2025,NIMH,39138481,NIMH
2025,NIMH,39800158,NIMH
2025,NIMH,39515580,NIMH
2025,NIMH,39912805,NIMH
2025,NIMH,40584527,NIMH
2025,NIMH,40213706,NIMH
2025,NIMH,40472930,NIMH
2025,NIMH,39710004,NIMH
2025,NIMH,39755366,NIMH
2025,NIMH,40098476,NIMH
2025,NIMH,39240791,NIMH
2025,NIMH,39485801,NIMH
2025,NIMH,40403705,NIMH
2025,NIMH,40675952,NIMH
2025,NIMH,39987026,NIMH
2025,NIMH,39661675,NIMH
2025,NIMH,40479619,NIMH
2025,NIMH,40059990,NIMH
2025,NIMH,40675262,NIMH
2025,NIMH,39932763,NIMH
2025,NIMH,40402559,NIMH
2025,NIMH,40100902,NIMH
2025,NIMH,39870620,NIMH
2025,NIMH,39653808,NIMH
2025,NIMH,39971401,NIMH
2025,NIMH,40946890,NIMH
2025,NIMH,39414794,NIMH
2025,NIMH,40173222,NIMH
2025,NIMH,40292611,NIMH
2025,NIMH,40339574,NIMH
2025,NIMH,40681989,NIMH
2025,NIMH,39904205,NIMH
2025,NIMH,39658135,NIMH
2025,NIMH,40266375,NIMH
2025,NIMH,39954247,NIMH
2025,NIMH,39510724,NIMH
2025,NIMH,40118942,NIMH
2025,NIMH,39623765,NIMH
2025,NIMH,40285555,NIMH
2025,NIMH,39438478,NIMH
2025,NIMH,39837662,NIMH
2025,NIMH,40633889,NIMH
2025,NIMH,40242473,NIMH
2025,NIMH,39957839,NIMH
2025,NIMH,39301427,NIMH
2025,NIMH,39640511,NIMH
2025,NIMH,39575179,NIMH
2025,NIMH,39458453,NIMH
2025,NIMH,40480991,NIMH
2025,NIMH,38605038,NIMH
2025,NIMH,38821194,NIMH
2025,NIMH,40531066,NIMH
2025,NIMH,40525490,NIMH
2025,NIMH,39257296,NIMH
2025,NIMH,40488421,NIMH
2025,NIMH,40103289,NIMH
2025,NIMH,40519070,NIMH
2025,NIMH,40307697,NIMH
2025,NIMH,40134451,NIMH
2025,NIMH,40480486,NIMH
2025,NIMH,40073228,NIMH
2025,NIMH,39661754,NIMH
2025,NIMHD,38923723,restIRP
2025,NIMHD,39808430,restIRP
2025,NIMHD,39498207,restIRP
2025,NIMHD,40795918,restIRP
2025,NIMHD,40148165,restIRP
2025,NIMHD,39467498,restIRP
2025,NIMHD,40845735,restIRP
2025,NIMHD,37725252,restIRP
2025,NIMHD,40587456,restIRP
2025,NIMHD,37339815,restIRP
2025,NIMHD,40819863,restIRP
2025,NIMHD,39544227,restIRP
2025,NIMHD,40147430,restIRP
2025,NIMHD,39571041,restIRP
2025,NIMHD,40151637,restIRP
2025,NIMHD,40244585,restIRP
2025,NIMHD,39539718,restIRP
2025,NIMHD,40344199,restIRP
2025,NIMHD,39392684,restIRP
2025,NIMHD,40547182,restIRP
2025,NIMHD,39827157,restIRP
2025,NIMHD,39017703,restIRP
2025,NIMHD,40293749,restIRP
2025,NIMHD,39752448,restIRP
2025,NIMHD,40112084,restIRP
2025,NIMHD,40073213,restIRP
2025,NIMHD,40319026,restIRP
2025,NIMHD,40436432,restIRP
2025,NIMHD,40775568,restIRP
2025,NIMHD,40079316,restIRP
2025,NIMHD,40290861,restIRP
2025,NIMHD,39565547,restIRP
2025,NIMHD,39688719,restIRP
2025,NIMHD,40007950,restIRP
2025,NIMHD,39704229,restIRP
2025,NIMHD,39585694,restIRP
2025,NIMHD,40204124,restIRP
2025,NIMHD,39254781,restIRP
2025,NIMHD,40547891,restIRP
2025,NIMHD,40074972,restIRP
2025,NIMHD,40140385,restIRP
2025,NIMHD,40231782,restIRP
2025,NIMHD,40012001,restIRP
2025,NIMHD,39347888,restIRP
2025,NIMHD,39269270,restIRP
2025,NIMHD,40603677,restIRP
2025,NIMHD,40387563,restIRP
2025,NIMHD,40377942,restIRP
2025,NINDS,40014701,restIRP
2025,NINDS,39653808,restIRP
2025,NINDS,40748686,restIRP
2025,NINDS,39147406,restIRP
2025,NINDS,38918393,restIRP
2025,NINDS,40152593,restIRP
2025,NINDS,38806670,restIRP
2025,NINDS,40415641,restIRP
2025,NINDS,40700020,restIRP
2025,NINDS,40515561,restIRP
2025,NINDS,39728609,restIRP
2025,NINDS,39485376,restIRP
2025,NINDS,40770100,restIRP
2025,NINDS,40595404,restIRP
2025,NINDS,38568173,restIRP
2025,NINDS,40448157,restIRP
2025,NINDS,40261937,restIRP
2025,NINDS,40800917,restIRP
2025,NINDS,40677920,restIRP
2025,NINDS,40010627,restIRP
2025,NINDS,40800291,restIRP
2025,NINDS,39842643,restIRP
2025,NINDS,40438148,restIRP
2025,NINDS,40031271,restIRP
2025,NINDS,40035187,restIRP
2025,NINDS,39622972,restIRP
2025,NINDS,40398421,restIRP
2025,NINDS,39810419,restIRP
2025,NINDS,40345438,restIRP
2025,NINDS,40109375,restIRP
2025,NINDS,40335772,restIRP
2025,NINDS,40800367,restIRP
2025,NINDS,39686865,restIRP
2025,NINDS,40800972,restIRP
2025,NINDS,40017060,restIRP
2025,NINDS,39604463,restIRP
2025,NINDS,39817492,restIRP
2025,NINDS,40257740,restIRP
2025,NINDS,39656385,restIRP
2025,NINDS,39805051,restIRP
2025,NINDS,39950033,restIRP
2025,NINDS,40880469,restIRP
2025,NINDS,40019452,restIRP
2025,NINDS,39386090,restIRP
2025,NINDS,37493285,restIRP
2025,NINDS,39599472,restIRP
2025,NINDS,40030091,restIRP
2025,NINDS,40700675,restIRP
2025,NINDS,39668975,restIRP
2025,NINDS,40436255,restIRP
2025,NINDS,40068096,restIRP
2025,NINDS,40822705,restIRP
2025,NINDS,39843509,restIRP
2025,NINDS,40585990,restIRP
2025,NINDS,40675800,restIRP
2025,NINDS,39861907,restIRP
2025,NINDS,38507752,restIRP
2025,NINDS,40423401,restIRP
2025,NINDS,40725122,restIRP
2025,NINDS,40357748,restIRP
2025,NINDS,40548384,restIRP
2025,NINDS,38589034,restIRP
2025,NINDS,39821441,restIRP
2025,NINDS,38539617,restIRP
2025,NINDS,40597877,restIRP
2025,NINDS,39500722,restIRP
2025,NINDS,39383053,restIRP
2025,NINDS,40254527,restIRP
2025,NINDS,40755455,restIRP
2025,NINDS,39292114,restIRP
2025,NINDS,40555833,restIRP
2025,NINDS,39299888,restIRP
2025,NINDS,39999394,restIRP
2025,NINDS,39819146,restIRP
2025,NINDS,39622133,restIRP
2025,NINDS,39410780,restIRP
2025,NINDS,39871344,restIRP
2025,NINDS,40202696,restIRP
2025,NINDS,39658905,restIRP
2025,NINDS,39830424,restIRP
2025,NINDS,40216817,restIRP
2025,NINDS,40424731,restIRP
2025,NINDS,40275598,restIRP
2025,NINDS,40496668,restIRP
2025,NINDS,40800843,restIRP
2025,NINDS,40800765,restIRP
2025,NINDS,40261176,restIRP
2025,NINDS,39332906,restIRP
2025,NINDS,39838609,restIRP
2025,NINDS,39932567,restIRP
2025,NINDS,39815369,restIRP
2025,NINDS,40109847,restIRP
2025,NINDS,39234802,restIRP
2025,NINDS,39591436,restIRP
2025,NINDS,39515028,restIRP
2025,NINDS,39445084,restIRP
2025,NINDS,39307583,restIRP
2025,NINDS,39880690,restIRP
2025,NINDS,40408628,restIRP
2025,NINDS,38518749,restIRP
2025,NINDS,39578541,restIRP
2025,NINDS,39774271,restIRP
2025,NINDS,40102394,restIRP
2025,NINDS,40878963,restIRP
2025,NINDS,39853809,restIRP
2025,NINDS,40023774,restIRP
2025,NINDS,39531736,restIRP
2025,NINDS,40814755,restIRP
2025,NINDS,40177858,restIRP
2025,NINDS,40849231,restIRP
2025,NINDS,39954331,restIRP
2025,NINDS,39967430,restIRP
2025,NINDS,39967429,restIRP
2025,NINDS,39177609,restIRP
2025,NINDS,39976996,restIRP
2025,NINDS,39923201,restIRP
2025,NINDS,40309777,restIRP
2025,NINDS,40660675,restIRP
2025,NINDS,40491337,restIRP
2025,NINDS,39318092,restIRP
2025,NINDS,40241304,restIRP
2025,NINDS,39670433,restIRP
2025,NINDS,40517164,restIRP
2025,NINDS,40400173,restIRP
2025,NINDS,40775105,restIRP
2025,NINDS,39693583,restIRP
2025,NINDS,40117367,restIRP
2025,NINDS,39837662,restIRP
2025,NINDS,40738983,restIRP
2025,NINDS,40032531,restIRP
2025,NINDS,40147933,restIRP
2025,NINDS,39357522,restIRP
2025,NINDS,40273107,restIRP
2025,NINDS,40749059,restIRP
2025,NINDS,40249800,restIRP
2025,NINDS,39766868,restIRP
2025,NINDS,40338069,restIRP
2025,NINDS,39501453,restIRP
2025,NINDS,39290793,restIRP
2025,NINDS,40147437,restIRP
2025,NINDS,39817338,restIRP
2025,NINDS,39419972,restIRP
2025,NINDS,40462884,restIRP
2025,NINDS,39965574,restIRP
2025,NINDS,40316419,restIRP
2025,NINDS,39415012,restIRP
2025,NINDS,39229346,restIRP
2025,NINDS,39689705,restIRP
2025,NINDS,40725219,restIRP
2025,NINDS,40879393,restIRP
2025,NINDS,40813536,restIRP
2025,NINDS,39078117,restIRP
2025,NINDS,39283294,restIRP
2025,NINDS,40830661,restIRP
2025,NINDS,39242198,restIRP
2025,NINDS,39384904,restIRP
2025,NINDS,40140376,restIRP
2025,NINDS,36456723,restIRP
2025,NINDS,39437787,restIRP
2025,NINDS,38253882,restIRP
2025,NINDS,39668204,restIRP
2025,NINDS,39358638,restIRP
2025,NINDS,39576693,restIRP
2025,NINDS,40562930,restIRP
2025,NINDS,40118863,restIRP
2025,NINDS,40635708,restIRP
2025,NINDS,38352048,restIRP
2025,NINDS,40337174,restIRP
2025,NINDS,39828017,restIRP
2025,NINDS,40154844,restIRP
2025,NINDS,39067674,restIRP
2025,NINDS,38658656,restIRP
2025,NINDS,39629928,restIRP
2025,NINDS,39329724,restIRP
2025,NINDS,39379554,restIRP
2025,NINDS,38553467,restIRP
2025,NINDS,39358449,restIRP
2025,NINDS,39395171,restIRP
2025,NINDS,39891909,restIRP
2025,NINDS,40280713,restIRP
2025,NINDS,40201450,restIRP
2025,NINDS,39149491,restIRP
2025,NINDS,39214704,restIRP
2025,NINDS,40403729,restIRP
2025,NINDS,39576005,restIRP
2025,NINDS,38631769,restIRP
2025,NINDS,39533837,restIRP
2025,NINDS,40674067,restIRP
2025,NINDS,39619151,restIRP
2025,NINDS,40845408,restIRP
2025,NINDS,38411987,restIRP
2025,NINDS,39352756,restIRP
2025,NINDS,39871006,restIRP
2025,NINDS,40316761,restIRP
2025,NINDS,39229896,restIRP
2025,NINDS,39351858,restIRP
2025,NINDS,39936291,restIRP
2025,NINDS,40446030,restIRP
2025,NINDS,40905179,restIRP
2025,NINDS,39974176,restIRP
2025,NINDS,39547991,restIRP
2025,NINDS,40891256,restIRP
2025,NINDS,39193713,restIRP
2025,NINDS,39806070,restIRP
2025,NINDS,39887533,restIRP
2025,NINDS,40408517,restIRP
2025,NINDS,40660753,restIRP
2025,NINDS,39239865,restIRP
2025,NINDS,40712116,restIRP
2025,NINDS,40757626,restIRP
2025,NINDS,39551018,restIRP
2025,NINDS,40224550,restIRP
2025,NINDS,40636050,restIRP
2025,NINDS,39772767,restIRP
2025,NINDS,40062407,restIRP
2025,NINDS,39772982,restIRP
2025,NINDS,40832632,restIRP
2025,NINDS,40203664,restIRP
2025,NINDS,40164724,restIRP
2025,NINDS,39496600,restIRP
2025,NINDS,39882790,restIRP
2025,NINDS,39740144,restIRP
2025,NINDS,39546740,restIRP
2025,NINDS,39963777,restIRP
2025,NINDS,40373252,restIRP
2025,NINDS,40455489,restIRP
2025,NINDS,39401577,restIRP
2025,NINDS,40136300,restIRP
2025,NINDS,40239554,restIRP
2025,NINDS,39500296,restIRP
2025,NINDS,40184574,restIRP
2025,NINDS,39569699,restIRP
2025,NINDS,40377976,restIRP
2025,NINDS,39603508,restIRP
2025,NINDS,40834329,restIRP
2025,NINDS,39087353,restIRP
2025,NINDS,40665623,restIRP
2025,NINDS,40084805,restIRP
2025,NINDS,40820756,restIRP
2025,NINDS,39375564,restIRP
2025,NINDS,40079430,restIRP
2025,NINDS,40075459,restIRP
2025,NINDS,38558141,restIRP
2025,NINDS,39591556,restIRP
2025,NINDS,40740433,restIRP
2025,NINDS,40200577,restIRP
2025,NINDS,39661063,restIRP
2025,NINDS,38837934,restIRP
2025,NINDS,40229636,restIRP
2025,NINDS,40113626,restIRP
2025,NINDS,39463282,restIRP
2025,NINDS,40057214,restIRP
2025,NINDS,40091830,restIRP
2025,NINDS,39580461,restIRP
2025,NINDS,40817372,restIRP
2025,NINDS,39402051,restIRP
2025,NINDS,40644302,restIRP
2025,NINDS,39753885,restIRP
2025,NINDS,39895643,restIRP
2025,NINR,38302539,restIRP
2025,NINR,39185749,restIRP
2025,NINR,37462904,restIRP
2025,NINR,38916815,restIRP
2025,NINR,39013794,restIRP
2025,NINR,40706081,restIRP
2025,NINR,40311378,restIRP
2025,NINR,40481030,restIRP
2025,NINR,40003445,restIRP
2025,NINR,40630285,restIRP
2025,NINR,40432717,restIRP
2025,NLM,40313982,restIRP
2025,NLM,38328448,restIRP
2025,NLM,40112800,restIRP
2025,NLM,39187833,restIRP
2025,NLM,40730155,restIRP
2025,NLM,39970912,restIRP
2025,NLM,40124498,restIRP
2025,NLM,40498454,restIRP
2025,NLM,39665547,restIRP
2025,NLM,40014690,restIRP
2025,NLM,39494517,restIRP
2025,NLM,40111106,restIRP
2025,NLM,39727156,restIRP
2025,NLM,40328315,restIRP
2025,NLM,39714180,restIRP
2025,NLM,40664650,restIRP
2025,NLM,40315827,restIRP
2025,NLM,40846711,restIRP
2025,NLM,40163416,restIRP
2025,NLM,39078665,restIRP
2025,NLM,40852407,restIRP
2025,NLM,40852408,restIRP
2025,NLM,39301479,restIRP
2025,NLM,40230578,restIRP
2025,NLM,38236824,restIRP
2025,NLM,40537483,restIRP
2025,NLM,40668583,restIRP
2025,NLM,40793942,restIRP
2025,NLM,40578543,restIRP
2025,NLM,40795541,restIRP
2025,NLM,39866344,restIRP
2025,NLM,38843691,restIRP
2025,NLM,38476630,restIRP
2025,NLM,38374344,restIRP
2025,NLM,39866345,restIRP
2025,NLM,38451496,restIRP
2025,NLM,39317240,restIRP
2025,NLM,40562718,restIRP
2025,NLM,39528494,restIRP
2025,NLM,40044729,restIRP
2025,NLM,39565753,restIRP
2025,NLM,40013775,restIRP
2025,NLM,40679470,restIRP
2025,NLM,40864661,restIRP
2025,NLM,39535534,restIRP
2025,NLM,39868043,restIRP
2025,NLM,40056383,restIRP
2025,NLM,39701099,restIRP
2025,NLM,40078405,restIRP
2025,NLM,40394004,restIRP
2025,NLM,40628728,restIRP
2025,NLM,39658189,restIRP
2025,NLM,39706706,restIRP
2025,NLM,40546820,restIRP
2025,NLM,39276351,restIRP
2025,NLM,39875389,restIRP
2025,NLM,40824067,restIRP
2025,NLM,40595444,restIRP
2025,NLM,40207939,restIRP
2025,NLM,40763732,restIRP
2025,NLM,40595555,restIRP
2025,NLM,40130805,restIRP
2025,NLM,39756261,restIRP
2025,NLM,40082611,restIRP
2025,NLM,39557832,restIRP
2025,NLM,40721871,restIRP
2025,NLM,40188094,restIRP
2025,NLM,40662797,restIRP
2025,NLM,40377097,restIRP
2025,NLM,40102561,restIRP
2025,NLM,39371090,restIRP
2025,NLM,39872195,restIRP
2025,NLM,39776621,restIRP
2025,NLM,38341654,restIRP
2025,NLM,39251610,restIRP
2025,NLM,39520405,restIRP
2025,NLM,40775042,restIRP
2025,NLM,39361955,restIRP
2025,NLM,39256622,restIRP
2025,NLM,39251804,restIRP
2025,NLM,40316710,restIRP
2025,NLM,40647379,restIRP
2025,NLM,39707454,restIRP
2025,NLM,39932272,restIRP
2025,NLM,39405354,restIRP
2025,NLM,39585979,restIRP
2025,NLM,40604283,restIRP
2025,NLM,39953358,restIRP
2025,NLM,39509507,restIRP
2025,NLM,40087543,restIRP
2025,NLM,40119730,restIRP
2025,NLM,39423260,restIRP
2025,NLM,40550995,restIRP
2025,NLM,39297389,restIRP
2025,NLM,40297478,restIRP
2025,NLM,40224922,restIRP
2025,NLM,40775948,restIRP
2025,NLM,39593914,restIRP
2025,NLM,39399286,restIRP
2025,NLM,39526195,restIRP
2025,NLM,39404758,restIRP
2025,NLM,39470745,restIRP
2025,NLM,39957787,restIRP
2025,NLM,39526381,restIRP
2025,NLM,39749515,restIRP
2025,NLM,40162776,restIRP
2025,NLM,39863618,restIRP
2025,NLM,39535044,restIRP
2025,NLM,39558165,restIRP
2025,NLM,39134728,restIRP
2025,NLM,39761599,restIRP
2025,NLM,39578691,restIRP
2025,NLM,39516046,restIRP
2025,NLM,40399973,restIRP
2025,NLM,39499629,restIRP
2025,NLM,39927782,restIRP
2025,NLM,39927781,restIRP
2025,NLM,39495551,restIRP
2025,NLM,39212696,restIRP
2025,NLM,40358234,restIRP
2025,NLM,39526373,restIRP
2025,NLM,39558184,restIRP
2025,NLM,40457770,restIRP
2025,NLM,40113983,restIRP
2025,NLM,40109503,restIRP
2025,NLM,39779690,restIRP
2025,NLM,40359413,restIRP
2025,NLM,39543045,restIRP
2025,NLM,40205052,restIRP
2025,NLM,39749501,restIRP
2025,NLM,39530225,restIRP
2025,NLM,40228037,restIRP
